,name,region,season,source,stat,val
0,2028-base,CZ,Y,nuclear,capacity_GW,4.099
1,2028-base,CZ,Y,solar,capacity_GW,7.0
2,2028-base,CZ,Y,onshore,capacity_GW,0.5
3,2028-base,CZ,Y,waste,capacity_GW,0.19575
4,2028-base,CZ,Y,gas_ccgt,capacity_GW,0.6174
5,2028-base,CZ,Y,gas_chp,capacity_GW,0.7644
6,2028-base,CZ,Y,biogas,capacity_GW,0.279
7,2028-base,CZ,Y,lig_sc,capacity_GW,0.4356
8,2028-base,CZ,Y,bio,capacity_GW,0.0
9,2028-base,CZ,Y,gas_eng_chp,capacity_GW,0.3313124999999999
10,2028-base,CZ,Y,lig,capacity_GW,0.9702
11,2028-base,CZ,Y,lig_ex,capacity_GW,1.6533000000000002
12,2028-base,CZ,Y,coal,capacity_GW,0.0
13,2028-base,CZ,Y,coal_ex,capacity_GW,0.11484
14,2028-base,CZ,Y,gas_peak,capacity_GW,0.096255
15,2028-base,CZ,Y,lig_old,capacity_GW,1.2011999999999998
16,2028-base,CZ,Y,b_CHP,capacity_GW,0.20925
17,2028-base,CZ,Y,lig_bp,capacity_GW,0.35838
18,2028-base,CZ,Y,coal_bp,capacity_GW,0.0
19,2028-base,CZ,Y,dsr,capacity_GW,0.0
20,2028-base,CZ,Y,h_ror,capacity_GW,0.415
21,2028-base,CZ,Y,h_dams,capacity_GW,0.609
22,2028-base,CZ,Y,li,capacity_GW,0.1
23,2028-base,CZ,Y,pump_open,capacity_GW,0.47
24,2028-base,CZ,Y,pump,capacity_GW,0.678
25,2028-base,CZ,Y,TOTAL,capacity_GW,21.0978875
26,2028-base,CZ,Y,h_ror,capacity_charging_GW,0.0
27,2028-base,CZ,Y,h_dams,capacity_charging_GW,0.0
28,2028-base,CZ,Y,li,capacity_charging_GW,1.25599
29,2028-base,CZ,Y,pump_open,capacity_charging_GW,0.44
30,2028-base,CZ,Y,pump,capacity_charging_GW,0.664
31,2028-base,CZ,Y,nuclear,capacity_paid_off_GW,0.0
32,2028-base,CZ,Y,solar,capacity_paid_off_GW,0.0
33,2028-base,CZ,Y,onshore,capacity_paid_off_GW,0.0
34,2028-base,CZ,Y,waste,capacity_paid_off_GW,0.0
35,2028-base,CZ,Y,gas_ccgt,capacity_paid_off_GW,0.0
36,2028-base,CZ,Y,gas_chp,capacity_paid_off_GW,0.0
37,2028-base,CZ,Y,biogas,capacity_paid_off_GW,0.0
38,2028-base,CZ,Y,lig_sc,capacity_paid_off_GW,0.0
39,2028-base,CZ,Y,bio,capacity_paid_off_GW,0.0
40,2028-base,CZ,Y,gas_eng_chp,capacity_paid_off_GW,0.0
41,2028-base,CZ,Y,lig,capacity_paid_off_GW,0.0
42,2028-base,CZ,Y,lig_ex,capacity_paid_off_GW,0.0
43,2028-base,CZ,Y,coal,capacity_paid_off_GW,0.0
44,2028-base,CZ,Y,coal_ex,capacity_paid_off_GW,0.0
45,2028-base,CZ,Y,gas_peak,capacity_paid_off_GW,0.0
46,2028-base,CZ,Y,lig_old,capacity_paid_off_GW,0.0
47,2028-base,CZ,Y,b_CHP,capacity_paid_off_GW,0.0
48,2028-base,CZ,Y,lig_bp,capacity_paid_off_GW,0.0
49,2028-base,CZ,Y,coal_bp,capacity_paid_off_GW,0.0
50,2028-base,CZ,Y,dsr,capacity_paid_off_GW,0.0
51,2028-base,CZ,Y,h_ror,capacity_paid_off_GW,0.0
52,2028-base,CZ,Y,h_dams,capacity_paid_off_GW,0.0
53,2028-base,CZ,Y,li,capacity_paid_off_GW,0.0
54,2028-base,CZ,Y,pump_open,capacity_paid_off_GW,0.0
55,2028-base,CZ,Y,pump,capacity_paid_off_GW,0.0
56,2028-base,CZ,Y,h_ror,capacity_charging_paid_off_GW,0.0
57,2028-base,CZ,Y,h_dams,capacity_charging_paid_off_GW,0.0
58,2028-base,CZ,Y,li,capacity_charging_paid_off_GW,0.0
59,2028-base,CZ,Y,pump_open,capacity_charging_paid_off_GW,0.0
60,2028-base,CZ,Y,pump,capacity_charging_paid_off_GW,0.0
61,2028-base,CZ,Y,TOTAL,load_TWh,67.306346938
62,2028-base,CZ,S,TOTAL,load_TWh,30.449230927
63,2028-base,CZ,W,TOTAL,load_TWh,36.857116011
64,2028-base,CZ,Y,TOTAL,import_TWh,14.38860804335674
65,2028-base,CZ,S,TOTAL,import_TWh,6.698907369725944
66,2028-base,CZ,W,TOTAL,import_TWh,7.689700673630798
67,2028-base,CZ,Y,TOTAL,export_TWh,3.548862156080142
68,2028-base,CZ,S,TOTAL,export_TWh,1.7136758442881557
69,2028-base,CZ,W,TOTAL,export_TWh,1.835186311791986
70,2028-base,CZ,Y,TOTAL,net_import_TWh,10.839745887276598
71,2028-base,CZ,S,TOTAL,net_import_TWh,4.985231525437788
72,2028-base,CZ,W,TOTAL,net_import_TWh,5.854514361838811
73,2028-base,CZ,Y,TOTAL,curtailment_TWh,0.0019098645858331
74,2028-base,CZ,S,TOTAL,curtailment_TWh,0.0017445117895748
75,2028-base,CZ,W,TOTAL,curtailment_TWh,0.0001653527962583
76,2028-base,CZ,Y,nuclear,production_TWh,28.59946136693848
77,2028-base,CZ,Y,solar,production_TWh,7.234982164081648
78,2028-base,CZ,Y,onshore,production_TWh,0.9852863804821038
79,2028-base,CZ,Y,waste,production_TWh,1.1431799999998489
80,2028-base,CZ,Y,gas_ccgt,production_TWh,4.701096208210768
81,2028-base,CZ,Y,gas_chp,production_TWh,3.197486372671145
82,2028-base,CZ,Y,biogas,production_TWh,0.8389403568664668
83,2028-base,CZ,Y,lig_sc,production_TWh,0.7961290078374885
84,2028-base,CZ,Y,bio,production_TWh,0.0
85,2028-base,CZ,Y,gas_eng_chp,production_TWh,1.547892000000082
86,2028-base,CZ,Y,lig,production_TWh,0.4639384739095275
87,2028-base,CZ,Y,lig_ex,production_TWh,3.386636578184884
88,2028-base,CZ,Y,coal,production_TWh,0.0
89,2028-base,CZ,Y,coal_ex,production_TWh,0.0331031386809523
90,2028-base,CZ,Y,gas_peak,production_TWh,0.0343215562630428
91,2028-base,CZ,Y,lig_old,production_TWh,0.0
92,2028-base,CZ,Y,b_CHP,production_TWh,4.4211548002850685e-20
93,2028-base,CZ,Y,lig_bp,production_TWh,1.674351360000015
94,2028-base,CZ,Y,coal_bp,production_TWh,0.0
95,2028-base,CZ,Y,dsr,production_TWh,0.0
96,2028-base,CZ,Y,eens,production_TWh,-5.1727511163335405e-19
97,2028-base,CZ,Y,h_ror,production_TWh,1.1870841839079247
98,2028-base,CZ,Y,h_dams,production_TWh,0.9952522857142858
99,2028-base,CZ,Y,li,production_TWh,0.0847618053972863
100,2028-base,CZ,Y,pump_open,production_TWh,0.3971742922582094
101,2028-base,CZ,Y,pump,production_TWh,0.5195484965494825
102,2028-base,CZ,Y,TOTAL,production_TWh,57.82062602795365
103,2028-base,CZ,S,nuclear,production_TWh,13.891069397825554
104,2028-base,CZ,S,solar,production_TWh,5.013587524685228
105,2028-base,CZ,S,onshore,production_TWh,0.3545079621748212
106,2028-base,CZ,S,waste,production_TWh,0.4178738592844915
107,2028-base,CZ,S,gas_ccgt,production_TWh,2.082335556252348
108,2028-base,CZ,S,gas_chp,production_TWh,0.6603491933992282
109,2028-base,CZ,S,biogas,production_TWh,0.1097063645868755
110,2028-base,CZ,S,lig_sc,production_TWh,0.0
111,2028-base,CZ,S,bio,production_TWh,0.0
112,2028-base,CZ,S,gas_eng_chp,production_TWh,0.6613757079000259
113,2028-base,CZ,S,lig,production_TWh,0.0
114,2028-base,CZ,S,lig_ex,production_TWh,1.0910343978744337
115,2028-base,CZ,S,coal,production_TWh,0.0
116,2028-base,CZ,S,coal_ex,production_TWh,4.102470744068602e-18
117,2028-base,CZ,S,gas_peak,production_TWh,0.0
118,2028-base,CZ,S,lig_old,production_TWh,0.0
119,2028-base,CZ,S,b_CHP,production_TWh,4.4211548002850685e-20
120,2028-base,CZ,S,lig_bp,production_TWh,0.3319526485835711
121,2028-base,CZ,S,coal_bp,production_TWh,0.0
122,2028-base,CZ,S,dsr,production_TWh,0.0
123,2028-base,CZ,S,eens,production_TWh,-6.87805368215778e-19
124,2028-base,CZ,S,h_ror,production_TWh,0.6068312958333334
125,2028-base,CZ,S,h_dams,production_TWh,0.4878960034268769
126,2028-base,CZ,S,li,production_TWh,0.0376706682965606
127,2028-base,CZ,S,pump_open,production_TWh,0.2574233583201489
128,2028-base,CZ,S,pump,production_TWh,0.348678052046732
129,2028-base,CZ,S,TOTAL,production_TWh,115.64125205590727
130,2028-base,CZ,W,nuclear,production_TWh,14.708391969112927
131,2028-base,CZ,W,solar,production_TWh,2.221394639396421
132,2028-base,CZ,W,onshore,production_TWh,0.6307784183072825
133,2028-base,CZ,W,waste,production_TWh,0.7253061407153569
134,2028-base,CZ,W,gas_ccgt,production_TWh,2.618760651958421
135,2028-base,CZ,W,gas_chp,production_TWh,2.5371371792719177
136,2028-base,CZ,W,biogas,production_TWh,0.7292339922795913
137,2028-base,CZ,W,lig_sc,production_TWh,0.7961290078374885
138,2028-base,CZ,W,bio,production_TWh,0.0
139,2028-base,CZ,W,gas_eng_chp,production_TWh,0.886516292100056
140,2028-base,CZ,W,lig,production_TWh,0.4639384739095275
141,2028-base,CZ,W,lig_ex,production_TWh,2.295602180310449
142,2028-base,CZ,W,coal,production_TWh,0.0
143,2028-base,CZ,W,coal_ex,production_TWh,0.0331031386809523
144,2028-base,CZ,W,gas_peak,production_TWh,0.0343215562630428
145,2028-base,CZ,W,lig_old,production_TWh,0.0
146,2028-base,CZ,W,b_CHP,production_TWh,0.0
147,2028-base,CZ,W,lig_bp,production_TWh,1.3423987114164442
148,2028-base,CZ,W,coal_bp,production_TWh,0.0
149,2028-base,CZ,W,dsr,production_TWh,0.0
150,2028-base,CZ,W,eens,production_TWh,1.7053025658242405e-19
151,2028-base,CZ,W,h_ror,production_TWh,0.5802528880745914
152,2028-base,CZ,W,h_dams,production_TWh,0.5073562822874088
153,2028-base,CZ,W,li,production_TWh,0.0470911371007257
154,2028-base,CZ,W,pump_open,production_TWh,0.1397509339380604
155,2028-base,CZ,W,pump,production_TWh,0.1708704445027504
156,2028-base,CZ,W,TOTAL,production_TWh,115.64125205590727
157,2028-base,CZ,Y,gas_chp,production_el_eq_TWh,3.571276799999862
158,2028-base,CZ,Y,gas_eng_chp,production_el_eq_TWh,1.547892000000082
159,2028-base,CZ,Y,lig_ex,production_el_eq_TWh,7.72421760000004
160,2028-base,CZ,Y,coal_ex,production_el_eq_TWh,0.066806747345238
161,2028-base,CZ,Y,b_CHP,production_el_eq_TWh,1.1052887000712672e-19
162,2028-base,CZ,Y,lig_bp,production_el_eq_TWh,1.674351360000015
163,2028-base,CZ,Y,coal_bp,production_el_eq_TWh,0.0
164,2028-base,CZ,Y,eens,production_el_eq_TWh,0.0
165,2028-base,CZ,S,gas_chp,production_el_eq_TWh,0.8626555981070226
166,2028-base,CZ,S,gas_eng_chp,production_el_eq_TWh,0.6613757079000259
167,2028-base,CZ,S,lig_ex,production_el_eq_TWh,2.721795303922174
168,2028-base,CZ,S,coal_ex,production_el_eq_TWh,1.0286628691704079e-17
169,2028-base,CZ,S,b_CHP,production_el_eq_TWh,1.1052887000712672e-19
170,2028-base,CZ,S,lig_bp,production_el_eq_TWh,0.3319526485835711
171,2028-base,CZ,S,coal_bp,production_el_eq_TWh,0.0
172,2028-base,CZ,S,eens,production_el_eq_TWh,0.0
173,2028-base,CZ,W,gas_chp,production_el_eq_TWh,2.70862120189284
174,2028-base,CZ,W,gas_eng_chp,production_el_eq_TWh,0.886516292100056
175,2028-base,CZ,W,lig_ex,production_el_eq_TWh,5.002422296077866
176,2028-base,CZ,W,coal_ex,production_el_eq_TWh,0.066806747345238
177,2028-base,CZ,W,b_CHP,production_el_eq_TWh,0.0
178,2028-base,CZ,W,lig_bp,production_el_eq_TWh,1.3423987114164442
179,2028-base,CZ,W,coal_bp,production_el_eq_TWh,0.0
180,2028-base,CZ,W,eens,production_el_eq_TWh,0.0
181,2028-base,CZ,Y,solar,production_used_TWh,7.234644523133391
182,2028-base,CZ,Y,onshore,production_used_TWh,0.9852849535555612
183,2028-base,CZ,S,solar,production_used_TWh,5.013249883736971
184,2028-base,CZ,S,onshore,production_used_TWh,0.3545065352482786
185,2028-base,CZ,W,solar,production_used_TWh,2.221394639396421
186,2028-base,CZ,W,onshore,production_used_TWh,0.6307784183072825
187,2028-base,CZ,Y,solar,production_excess_TWh,0.0003376409482567
188,2028-base,CZ,Y,onshore,production_excess_TWh,1.4269265425787136e-06
189,2028-base,CZ,S,solar,production_excess_TWh,0.0003376409482567
190,2028-base,CZ,S,onshore,production_excess_TWh,1.4269265425787136e-06
191,2028-base,CZ,W,solar,production_excess_TWh,0.0
192,2028-base,CZ,W,onshore,production_excess_TWh,0.0
193,2028-base,CZ,Y,h_ror,discharged_TWh,1.1870841839079247
194,2028-base,CZ,Y,h_dams,discharged_TWh,0.9952522857142858
195,2028-base,CZ,Y,li,discharged_TWh,0.0847618053972863
196,2028-base,CZ,Y,pump_open,discharged_TWh,0.3971742922582094
197,2028-base,CZ,Y,pump,discharged_TWh,0.5195484965494825
198,2028-base,CZ,Y,TOTAL,discharged_TWh,3.183821063827189
199,2028-base,CZ,S,h_ror,discharged_TWh,0.6068312958333334
200,2028-base,CZ,S,h_dams,discharged_TWh,0.4878960034268769
201,2028-base,CZ,S,li,discharged_TWh,0.0376706682965606
202,2028-base,CZ,S,pump_open,discharged_TWh,0.2574233583201489
203,2028-base,CZ,S,pump,discharged_TWh,0.348678052046732
204,2028-base,CZ,S,TOTAL,discharged_TWh,6.367642127654378
205,2028-base,CZ,W,h_ror,discharged_TWh,0.5802528880745914
206,2028-base,CZ,W,h_dams,discharged_TWh,0.5073562822874088
207,2028-base,CZ,W,li,discharged_TWh,0.0470911371007257
208,2028-base,CZ,W,pump_open,discharged_TWh,0.1397509339380604
209,2028-base,CZ,W,pump,discharged_TWh,0.1708704445027504
210,2028-base,CZ,W,TOTAL,discharged_TWh,6.367642127654378
211,2028-base,CZ,Y,h_ror,charged_TWh,0.0
212,2028-base,CZ,Y,h_dams,charged_TWh,0.0
213,2028-base,CZ,Y,li,charged_TWh,0.1186324694591247
214,2028-base,CZ,Y,pump_open,charged_TWh,0.5118875090887828
215,2028-base,CZ,Y,pump,charged_TWh,0.7215951340965034
216,2028-base,CZ,Y,TOTAL,charged_TWh,1.352115112644411
217,2028-base,CZ,S,h_ror,charged_TWh,0.0
218,2028-base,CZ,S,h_dams,charged_TWh,0.0
219,2028-base,CZ,S,li,charged_TWh,0.0610170836357573
220,2028-base,CZ,S,pump_open,charged_TWh,0.3396753247122521
221,2028-base,CZ,S,pump,charged_TWh,0.4858556687904324
222,2028-base,CZ,S,TOTAL,charged_TWh,2.704230225288822
223,2028-base,CZ,W,h_ror,charged_TWh,0.0
224,2028-base,CZ,W,h_dams,charged_TWh,0.0
225,2028-base,CZ,W,li,charged_TWh,0.0576153858233673
226,2028-base,CZ,W,pump_open,charged_TWh,0.1722121843765307
227,2028-base,CZ,W,pump,charged_TWh,0.2357394653060711
228,2028-base,CZ,W,TOTAL,charged_TWh,2.704230225288822
229,2028-base,CZ,Y,h_ror,inflow_TWh,1.19177
230,2028-base,CZ,Y,h_dams,inflow_TWh,0.9952522857142856
231,2028-base,CZ,Y,pump_open,inflow_TWh,0.0286152857142857
232,2028-base,CZ,S,h_ror,inflow_TWh,0.61016
233,2028-base,CZ,S,h_dams,inflow_TWh,0.488849
234,2028-base,CZ,S,pump_open,inflow_TWh,0.013893
235,2028-base,CZ,W,h_ror,inflow_TWh,0.58161
236,2028-base,CZ,W,h_dams,inflow_TWh,0.5064032857142857
237,2028-base,CZ,W,pump_open,inflow_TWh,0.0147222857142857
238,2028-base,CZ,Y,gas_chp,heat_production_PJ,2.6912910767667606
239,2028-base,CZ,Y,gas_eng_chp,heat_production_PJ,5.572411200000295
240,2028-base,CZ,Y,lig_ex,heat_production_PJ,43.72281669989679
241,2028-base,CZ,Y,coal_ex,heat_production_PJ,0.3397323753359998
242,2028-base,CZ,Y,b_CHP,heat_production_PJ,7.162270776461814e-19
243,2028-base,CZ,Y,lig_bp,heat_production_PJ,18.08299468800016
244,2028-base,CZ,Y,coal_bp,heat_production_PJ,0.0
245,2028-base,CZ,Y,eens,heat_production_PJ,1.862190401880075e-18
246,2028-base,CZ,S,gas_chp,heat_production_PJ,1.4566061138961208
247,2028-base,CZ,S,gas_eng_chp,heat_production_PJ,2.380952548440093
248,2028-base,CZ,S,lig_ex,heat_production_PJ,16.43806993296122
249,2028-base,CZ,S,coal_ex,heat_production_PJ,6.233631211216561e-17
250,2028-base,CZ,S,b_CHP,heat_production_PJ,7.162270776461814e-19
251,2028-base,CZ,S,lig_bp,heat_production_PJ,3.585088604702567
252,2028-base,CZ,S,coal_bp,heat_production_PJ,0.0
253,2028-base,CZ,S,eens,heat_production_PJ,2.4760993255768008e-18
254,2028-base,CZ,W,gas_chp,heat_production_PJ,1.2346849628706396
255,2028-base,CZ,W,gas_eng_chp,heat_production_PJ,3.1914586515602017
256,2028-base,CZ,W,lig_ex,heat_production_PJ,27.28474676693557
257,2028-base,CZ,W,coal_ex,heat_production_PJ,0.3397323753359998
258,2028-base,CZ,W,b_CHP,heat_production_PJ,0.0
259,2028-base,CZ,W,lig_bp,heat_production_PJ,14.497906083297591
260,2028-base,CZ,W,coal_bp,heat_production_PJ,0.0
261,2028-base,CZ,W,eens,heat_production_PJ,-6.139089236967268e-19
262,2028-base,CZ,Y,waste,production_hours,6694.0
263,2028-base,CZ,Y,gas_ccgt,production_hours,7846.0
264,2028-base,CZ,Y,gas_chp,production_hours,8157.0
265,2028-base,CZ,Y,biogas,production_hours,3321.0
266,2028-base,CZ,Y,lig_sc,production_hours,2198.0
267,2028-base,CZ,Y,bio,production_hours,0.0
268,2028-base,CZ,Y,gas_eng_chp,production_hours,5509.0
269,2028-base,CZ,Y,lig,production_hours,753.0
270,2028-base,CZ,Y,lig_ex,production_hours,8760.0
271,2028-base,CZ,Y,coal,production_hours,0.0
272,2028-base,CZ,Y,coal_ex,production_hours,799.0
273,2028-base,CZ,Y,gas_peak,production_hours,410.0
274,2028-base,CZ,Y,lig_old,production_hours,0.0
275,2028-base,CZ,Y,b_CHP,production_hours,0.0
276,2028-base,CZ,Y,lig_bp,production_hours,6410.0
277,2028-base,CZ,Y,coal_bp,production_hours,0.0
278,2028-base,CZ,Y,dsr,production_hours,0.0
279,2028-base,CZ,Y,eens,production_hours,0.0
280,2028-base,CZ,Y,h_ror,production_hours,8760.0
281,2028-base,CZ,Y,h_dams,production_hours,8760.0
282,2028-base,CZ,Y,li,production_hours,964.0
283,2028-base,CZ,Y,pump_open,production_hours,1350.0
284,2028-base,CZ,Y,pump,production_hours,1098.0
285,2028-base,CZ,S,waste,production_hours,2715.0
286,2028-base,CZ,S,gas_ccgt,production_hours,3571.0
287,2028-base,CZ,S,gas_chp,production_hours,3810.0
288,2028-base,CZ,S,biogas,production_hours,496.0
289,2028-base,CZ,S,lig_sc,production_hours,0.0
290,2028-base,CZ,S,bio,production_hours,0.0
291,2028-base,CZ,S,gas_eng_chp,production_hours,2461.0
292,2028-base,CZ,S,lig,production_hours,0.0
293,2028-base,CZ,S,lig_ex,production_hours,4368.0
294,2028-base,CZ,S,coal,production_hours,0.0
295,2028-base,CZ,S,coal_ex,production_hours,0.0
296,2028-base,CZ,S,gas_peak,production_hours,0.0
297,2028-base,CZ,S,lig_old,production_hours,0.0
298,2028-base,CZ,S,b_CHP,production_hours,0.0
299,2028-base,CZ,S,lig_bp,production_hours,2038.0
300,2028-base,CZ,S,coal_bp,production_hours,0.0
301,2028-base,CZ,S,dsr,production_hours,0.0
302,2028-base,CZ,S,eens,production_hours,0.0
303,2028-base,CZ,S,h_ror,production_hours,4368.0
304,2028-base,CZ,S,h_dams,production_hours,4368.0
305,2028-base,CZ,S,li,production_hours,429.0
306,2028-base,CZ,S,pump_open,production_hours,854.0
307,2028-base,CZ,S,pump,production_hours,738.0
308,2028-base,CZ,W,waste,production_hours,3979.0
309,2028-base,CZ,W,gas_ccgt,production_hours,4275.0
310,2028-base,CZ,W,gas_chp,production_hours,4347.0
311,2028-base,CZ,W,biogas,production_hours,2825.0
312,2028-base,CZ,W,lig_sc,production_hours,2198.0
313,2028-base,CZ,W,bio,production_hours,0.0
314,2028-base,CZ,W,gas_eng_chp,production_hours,3048.0
315,2028-base,CZ,W,lig,production_hours,753.0
316,2028-base,CZ,W,lig_ex,production_hours,4392.0
317,2028-base,CZ,W,coal,production_hours,0.0
318,2028-base,CZ,W,coal_ex,production_hours,799.0
319,2028-base,CZ,W,gas_peak,production_hours,410.0
320,2028-base,CZ,W,lig_old,production_hours,0.0
321,2028-base,CZ,W,b_CHP,production_hours,0.0
322,2028-base,CZ,W,lig_bp,production_hours,4372.0
323,2028-base,CZ,W,coal_bp,production_hours,0.0
324,2028-base,CZ,W,dsr,production_hours,0.0
325,2028-base,CZ,W,eens,production_hours,0.0
326,2028-base,CZ,W,h_ror,production_hours,4392.0
327,2028-base,CZ,W,h_dams,production_hours,4392.0
328,2028-base,CZ,W,li,production_hours,535.0
329,2028-base,CZ,W,pump_open,production_hours,496.0
330,2028-base,CZ,W,pump,production_hours,360.0
331,2028-base,CZ,Y,nuclear,capex_mn_EUR_per_yr,2738.469079112492
332,2028-base,CZ,Y,solar,capex_mn_EUR_per_yr,362.9795164565344
333,2028-base,CZ,Y,onshore,capex_mn_EUR_per_yr,68.82996852045387
334,2028-base,CZ,Y,waste,capex_mn_EUR_per_yr,228.2938717209026
335,2028-base,CZ,Y,gas_ccgt,capex_mn_EUR_per_yr,76.18061222457844
336,2028-base,CZ,Y,gas_chp,capex_mn_EUR_per_yr,138.841538451773
337,2028-base,CZ,Y,biogas,capex_mn_EUR_per_yr,16.217086196531145
338,2028-base,CZ,Y,lig_sc,capex_mn_EUR_per_yr,144.15255774515765
339,2028-base,CZ,Y,bio,capex_mn_EUR_per_yr,0.0
340,2028-base,CZ,Y,gas_eng_chp,capex_mn_EUR_per_yr,22.59441391073202
341,2028-base,CZ,Y,lig,capex_mn_EUR_per_yr,321.06706043239666
342,2028-base,CZ,Y,lig_ex,capex_mn_EUR_per_yr,547.1244805327576
343,2028-base,CZ,Y,coal,capex_mn_EUR_per_yr,0.0
344,2028-base,CZ,Y,coal_ex,capex_mn_EUR_per_yr,26.048184884115727
345,2028-base,CZ,Y,gas_peak,capex_mn_EUR_per_yr,7.893982066856129
346,2028-base,CZ,Y,lig_old,capex_mn_EUR_per_yr,397.5115986305863
347,2028-base,CZ,Y,b_CHP,capex_mn_EUR_per_yr,109.81713302115293
348,2028-base,CZ,Y,lig_bp,capex_mn_EUR_per_yr,118.59824069033428
349,2028-base,CZ,Y,coal_bp,capex_mn_EUR_per_yr,0.0
350,2028-base,CZ,Y,dsr,capex_mn_EUR_per_yr,0.0
351,2028-base,CZ,Y,h_ror,capex_mn_EUR_per_yr,84.30517292657983
352,2028-base,CZ,Y,h_dams,capex_mn_EUR_per_yr,123.71530195731836
353,2028-base,CZ,Y,li,capex_mn_EUR_per_yr,4.011568788183623
354,2028-base,CZ,Y,pump_open,capex_mn_EUR_per_yr,95.4781476517892
355,2028-base,CZ,Y,pump,capex_mn_EUR_per_yr,137.73230661258106
356,2028-base,CZ,S,nuclear,capex_mn_EUR_per_yr,2738.469079112492
357,2028-base,CZ,S,solar,capex_mn_EUR_per_yr,362.9795164565344
358,2028-base,CZ,S,onshore,capex_mn_EUR_per_yr,68.82996852045387
359,2028-base,CZ,S,waste,capex_mn_EUR_per_yr,228.2938717209026
360,2028-base,CZ,S,gas_ccgt,capex_mn_EUR_per_yr,76.18061222457844
361,2028-base,CZ,S,gas_chp,capex_mn_EUR_per_yr,138.841538451773
362,2028-base,CZ,S,biogas,capex_mn_EUR_per_yr,16.217086196531145
363,2028-base,CZ,S,lig_sc,capex_mn_EUR_per_yr,144.15255774515765
364,2028-base,CZ,S,bio,capex_mn_EUR_per_yr,0.0
365,2028-base,CZ,S,gas_eng_chp,capex_mn_EUR_per_yr,22.59441391073202
366,2028-base,CZ,S,lig,capex_mn_EUR_per_yr,321.06706043239666
367,2028-base,CZ,S,lig_ex,capex_mn_EUR_per_yr,547.1244805327576
368,2028-base,CZ,S,coal,capex_mn_EUR_per_yr,0.0
369,2028-base,CZ,S,coal_ex,capex_mn_EUR_per_yr,26.048184884115727
370,2028-base,CZ,S,gas_peak,capex_mn_EUR_per_yr,7.893982066856129
371,2028-base,CZ,S,lig_old,capex_mn_EUR_per_yr,397.5115986305863
372,2028-base,CZ,S,b_CHP,capex_mn_EUR_per_yr,109.81713302115293
373,2028-base,CZ,S,lig_bp,capex_mn_EUR_per_yr,118.59824069033428
374,2028-base,CZ,S,coal_bp,capex_mn_EUR_per_yr,0.0
375,2028-base,CZ,S,dsr,capex_mn_EUR_per_yr,0.0
376,2028-base,CZ,S,h_ror,capex_mn_EUR_per_yr,84.30517292657983
377,2028-base,CZ,S,h_dams,capex_mn_EUR_per_yr,123.71530195731836
378,2028-base,CZ,S,li,capex_mn_EUR_per_yr,4.011568788183623
379,2028-base,CZ,S,pump_open,capex_mn_EUR_per_yr,95.4781476517892
380,2028-base,CZ,S,pump,capex_mn_EUR_per_yr,137.73230661258106
381,2028-base,CZ,W,nuclear,capex_mn_EUR_per_yr,2738.469079112492
382,2028-base,CZ,W,solar,capex_mn_EUR_per_yr,362.9795164565344
383,2028-base,CZ,W,onshore,capex_mn_EUR_per_yr,68.82996852045387
384,2028-base,CZ,W,waste,capex_mn_EUR_per_yr,228.2938717209026
385,2028-base,CZ,W,gas_ccgt,capex_mn_EUR_per_yr,76.18061222457844
386,2028-base,CZ,W,gas_chp,capex_mn_EUR_per_yr,138.841538451773
387,2028-base,CZ,W,biogas,capex_mn_EUR_per_yr,16.217086196531145
388,2028-base,CZ,W,lig_sc,capex_mn_EUR_per_yr,144.15255774515765
389,2028-base,CZ,W,bio,capex_mn_EUR_per_yr,0.0
390,2028-base,CZ,W,gas_eng_chp,capex_mn_EUR_per_yr,22.59441391073202
391,2028-base,CZ,W,lig,capex_mn_EUR_per_yr,321.06706043239666
392,2028-base,CZ,W,lig_ex,capex_mn_EUR_per_yr,547.1244805327576
393,2028-base,CZ,W,coal,capex_mn_EUR_per_yr,0.0
394,2028-base,CZ,W,coal_ex,capex_mn_EUR_per_yr,26.048184884115727
395,2028-base,CZ,W,gas_peak,capex_mn_EUR_per_yr,7.893982066856129
396,2028-base,CZ,W,lig_old,capex_mn_EUR_per_yr,397.5115986305863
397,2028-base,CZ,W,b_CHP,capex_mn_EUR_per_yr,109.81713302115293
398,2028-base,CZ,W,lig_bp,capex_mn_EUR_per_yr,118.59824069033428
399,2028-base,CZ,W,coal_bp,capex_mn_EUR_per_yr,0.0
400,2028-base,CZ,W,dsr,capex_mn_EUR_per_yr,0.0
401,2028-base,CZ,W,h_ror,capex_mn_EUR_per_yr,84.30517292657983
402,2028-base,CZ,W,h_dams,capex_mn_EUR_per_yr,123.71530195731836
403,2028-base,CZ,W,li,capex_mn_EUR_per_yr,4.011568788183623
404,2028-base,CZ,W,pump_open,capex_mn_EUR_per_yr,95.4781476517892
405,2028-base,CZ,W,pump,capex_mn_EUR_per_yr,137.73230661258106
406,2028-base,CZ,Y,nuclear,opex_mn_EUR,586.5749526359082
407,2028-base,CZ,Y,solar,opex_mn_EUR,0.0
408,2028-base,CZ,Y,onshore,opex_mn_EUR,0.0
409,2028-base,CZ,Y,waste,opex_mn_EUR,45.80454463451879
410,2028-base,CZ,Y,gas_ccgt,opex_mn_EUR,401.2064319141817
411,2028-base,CZ,Y,gas_chp,opex_mn_EUR,278.4623129582396
412,2028-base,CZ,Y,biogas,opex_mn_EUR,82.72917178922908
413,2028-base,CZ,Y,lig_sc,opex_mn_EUR,83.67556534739259
414,2028-base,CZ,Y,bio,opex_mn_EUR,0.0
415,2028-base,CZ,Y,gas_eng_chp,opex_mn_EUR,167.56790840000886
416,2028-base,CZ,Y,lig,opex_mn_EUR,52.9392927815914
417,2028-base,CZ,Y,lig_ex,opex_mn_EUR,376.50926193993456
418,2028-base,CZ,Y,coal,opex_mn_EUR,0.0
419,2028-base,CZ,Y,coal_ex,opex_mn_EUR,3.832780098510383
420,2028-base,CZ,Y,gas_peak,opex_mn_EUR,4.165361160168861
421,2028-base,CZ,Y,lig_old,opex_mn_EUR,0.0
422,2028-base,CZ,Y,b_CHP,opex_mn_EUR,6.710658000936395e-18
423,2028-base,CZ,Y,lig_bp,opex_mn_EUR,367.6549267237485
424,2028-base,CZ,Y,coal_bp,opex_mn_EUR,0.0
425,2028-base,CZ,Y,dsr,opex_mn_EUR,0.0
426,2028-base,CZ,Y,h_ror,opex_mn_EUR,2.3741683678158494
427,2028-base,CZ,Y,h_dams,opex_mn_EUR,2.985756857142857
428,2028-base,CZ,Y,li,opex_mn_EUR,0.4238090269864318
429,2028-base,CZ,Y,pump_open,opex_mn_EUR,1.5886971690328378
430,2028-base,CZ,Y,pump,opex_mn_EUR,2.07819398619793
431,2028-base,CZ,S,nuclear,opex_mn_EUR,284.9058333494021
432,2028-base,CZ,S,solar,opex_mn_EUR,0.0
433,2028-base,CZ,S,onshore,opex_mn_EUR,0.0
434,2028-base,CZ,S,waste,opex_mn_EUR,17.383107136017614
435,2028-base,CZ,S,gas_ccgt,opex_mn_EUR,180.00400634850357
436,2028-base,CZ,S,gas_chp,opex_mn_EUR,57.978385153883394
437,2028-base,CZ,S,biogas,opex_mn_EUR,10.903725287014735
438,2028-base,CZ,S,lig_sc,opex_mn_EUR,0.0
439,2028-base,CZ,S,bio,opex_mn_EUR,0.0
440,2028-base,CZ,S,gas_eng_chp,opex_mn_EUR,71.59759468966612
441,2028-base,CZ,S,lig,opex_mn_EUR,0.0
442,2028-base,CZ,S,lig_ex,opex_mn_EUR,121.35499552288633
443,2028-base,CZ,S,coal,opex_mn_EUR,0.0
444,2028-base,CZ,S,coal_ex,opex_mn_EUR,4.61052876369101e-16
445,2028-base,CZ,S,gas_peak,opex_mn_EUR,0.0
446,2028-base,CZ,S,lig_old,opex_mn_EUR,0.0
447,2028-base,CZ,S,b_CHP,opex_mn_EUR,6.710658000936395e-18
448,2028-base,CZ,S,lig_bp,opex_mn_EUR,74.1348429118531
449,2028-base,CZ,S,coal_bp,opex_mn_EUR,0.0
450,2028-base,CZ,S,dsr,opex_mn_EUR,0.0
451,2028-base,CZ,S,h_ror,opex_mn_EUR,
452,2028-base,CZ,S,h_dams,opex_mn_EUR,1.4636880102806311
453,2028-base,CZ,S,li,opex_mn_EUR,0.1883533414828032
454,2028-base,CZ,S,pump_open,opex_mn_EUR,1.0296934332805958
455,2028-base,CZ,S,pump,opex_mn_EUR,1.394712208186928
456,2028-base,CZ,W,nuclear,opex_mn_EUR,301.6691192865061
457,2028-base,CZ,W,solar,opex_mn_EUR,0.0
458,2028-base,CZ,W,onshore,opex_mn_EUR,0.0
459,2028-base,CZ,W,waste,opex_mn_EUR,28.421437498501163
460,2028-base,CZ,W,gas_ccgt,opex_mn_EUR,221.20242556567817
461,2028-base,CZ,W,gas_chp,opex_mn_EUR,220.4839278043563
462,2028-base,CZ,W,biogas,opex_mn_EUR,71.82544650221433
463,2028-base,CZ,W,lig_sc,opex_mn_EUR,83.67556534739259
464,2028-base,CZ,W,bio,opex_mn_EUR,0.0
465,2028-base,CZ,W,gas_eng_chp,opex_mn_EUR,95.97031371034272
466,2028-base,CZ,W,lig,opex_mn_EUR,52.9392927815914
467,2028-base,CZ,W,lig_ex,opex_mn_EUR,255.1542664170482
468,2028-base,CZ,W,coal,opex_mn_EUR,0.0
469,2028-base,CZ,W,coal_ex,opex_mn_EUR,3.832780098510383
470,2028-base,CZ,W,gas_peak,opex_mn_EUR,4.165361160168861
471,2028-base,CZ,W,lig_old,opex_mn_EUR,0.0
472,2028-base,CZ,W,b_CHP,opex_mn_EUR,0.0
473,2028-base,CZ,W,lig_bp,opex_mn_EUR,293.5200838118955
474,2028-base,CZ,W,coal_bp,opex_mn_EUR,0.0
475,2028-base,CZ,W,dsr,opex_mn_EUR,0.0
476,2028-base,CZ,W,h_ror,opex_mn_EUR,1.1605057761491828
477,2028-base,CZ,W,h_dams,opex_mn_EUR,1.5220688468622263
478,2028-base,CZ,W,li,opex_mn_EUR,0.2354556855036286
479,2028-base,CZ,W,pump_open,opex_mn_EUR,0.5590037357522417
480,2028-base,CZ,W,pump,opex_mn_EUR,0.6834817780110019
481,2028-base,CZ,Y,h_ror,wholesale_expenses_mn_EUR,0.0
482,2028-base,CZ,Y,h_dams,wholesale_expenses_mn_EUR,0.0
483,2028-base,CZ,Y,li,wholesale_expenses_mn_EUR,6.553720996860646
484,2028-base,CZ,Y,pump_open,wholesale_expenses_mn_EUR,26.012989263566208
485,2028-base,CZ,Y,pump,wholesale_expenses_mn_EUR,35.90121832278076
486,2028-base,CZ,Y,IMPORT_EXPORT,wholesale_expenses_mn_EUR,1017.8321547179778
487,2028-base,CZ,S,h_ror,wholesale_expenses_mn_EUR,0.0
488,2028-base,CZ,S,h_dams,wholesale_expenses_mn_EUR,0.0
489,2028-base,CZ,S,li,wholesale_expenses_mn_EUR,2.241077549720444
490,2028-base,CZ,S,pump_open,wholesale_expenses_mn_EUR,14.660593765767842
491,2028-base,CZ,S,pump,wholesale_expenses_mn_EUR,20.65202819672168
492,2028-base,CZ,S,IMPORT_EXPORT,wholesale_expenses_mn_EUR,419.320763130246
493,2028-base,CZ,W,h_ror,wholesale_expenses_mn_EUR,0.0
494,2028-base,CZ,W,h_dams,wholesale_expenses_mn_EUR,0.0
495,2028-base,CZ,W,li,wholesale_expenses_mn_EUR,4.312643447140203
496,2028-base,CZ,W,pump_open,wholesale_expenses_mn_EUR,11.352395497798364
497,2028-base,CZ,W,pump,wholesale_expenses_mn_EUR,15.249190126059078
498,2028-base,CZ,W,IMPORT_EXPORT,wholesale_expenses_mn_EUR,598.5113915877319
499,2028-base,CZ,Y,nuclear,wholesale_revenues_mn_EUR,2613.6333529831577
500,2028-base,CZ,Y,solar,wholesale_revenues_mn_EUR,470.85575144937945
501,2028-base,CZ,Y,onshore,wholesale_revenues_mn_EUR,88.67170100171694
502,2028-base,CZ,Y,waste,wholesale_revenues_mn_EUR,116.19265276958944
503,2028-base,CZ,Y,gas_ccgt,wholesale_revenues_mn_EUR,456.7285838695972
504,2028-base,CZ,Y,gas_chp,wholesale_revenues_mn_EUR,329.10530786694244
505,2028-base,CZ,Y,biogas,wholesale_revenues_mn_EUR,91.5932768882846
506,2028-base,CZ,Y,lig_sc,wholesale_revenues_mn_EUR,88.1266112198804
507,2028-base,CZ,Y,bio,wholesale_revenues_mn_EUR,0.0
508,2028-base,CZ,Y,gas_eng_chp,wholesale_revenues_mn_EUR,161.90042188505436
509,2028-base,CZ,Y,lig,wholesale_revenues_mn_EUR,54.41242225754831
510,2028-base,CZ,Y,lig_ex,wholesale_revenues_mn_EUR,326.89687021375846
511,2028-base,CZ,Y,coal,wholesale_revenues_mn_EUR,0.0
512,2028-base,CZ,Y,coal_ex,wholesale_revenues_mn_EUR,3.692310750057169
513,2028-base,CZ,Y,gas_peak,wholesale_revenues_mn_EUR,4.35187607308181
514,2028-base,CZ,Y,lig_old,wholesale_revenues_mn_EUR,0.0
515,2028-base,CZ,Y,b_CHP,wholesale_revenues_mn_EUR,2.9908948593900386e-19
516,2028-base,CZ,Y,lig_bp,wholesale_revenues_mn_EUR,166.9078841672932
517,2028-base,CZ,Y,coal_bp,wholesale_revenues_mn_EUR,0.0
518,2028-base,CZ,Y,dsr,wholesale_revenues_mn_EUR,0.0
519,2028-base,CZ,Y,h_ror,wholesale_revenues_mn_EUR,108.5174417347858
520,2028-base,CZ,Y,h_dams,wholesale_revenues_mn_EUR,101.86605692548989
521,2028-base,CZ,Y,li,wholesale_revenues_mn_EUR,9.081762951794849
522,2028-base,CZ,Y,pump_open,wholesale_revenues_mn_EUR,41.77798520038404
523,2028-base,CZ,Y,pump,wholesale_revenues_mn_EUR,53.93783261918585
524,2028-base,CZ,Y,IMPORT_EXPORT,wholesale_revenues_mn_EUR,16.412588657076896
525,2028-base,CZ,S,nuclear,wholesale_revenues_mn_EUR,1145.210620887105
526,2028-base,CZ,S,solar,wholesale_revenues_mn_EUR,295.7721738020432
527,2028-base,CZ,S,onshore,wholesale_revenues_mn_EUR,27.521284901456184
528,2028-base,CZ,S,waste,wholesale_revenues_mn_EUR,40.27005056854283
529,2028-base,CZ,S,gas_ccgt,wholesale_revenues_mn_EUR,189.78116811871217
530,2028-base,CZ,S,gas_chp,wholesale_revenues_mn_EUR,61.26827962406935
531,2028-base,CZ,S,biogas,wholesale_revenues_mn_EUR,11.040951733897838
532,2028-base,CZ,S,lig_sc,wholesale_revenues_mn_EUR,0.0
533,2028-base,CZ,S,bio,wholesale_revenues_mn_EUR,0.0
534,2028-base,CZ,S,gas_eng_chp,wholesale_revenues_mn_EUR,64.20294417165842
535,2028-base,CZ,S,lig,wholesale_revenues_mn_EUR,0.0
536,2028-base,CZ,S,lig_ex,wholesale_revenues_mn_EUR,88.48444505918214
537,2028-base,CZ,S,coal,wholesale_revenues_mn_EUR,0.0
538,2028-base,CZ,S,coal_ex,wholesale_revenues_mn_EUR,3.486441961482343e-16
539,2028-base,CZ,S,gas_peak,wholesale_revenues_mn_EUR,0.0
540,2028-base,CZ,S,lig_old,wholesale_revenues_mn_EUR,0.0
541,2028-base,CZ,S,b_CHP,wholesale_revenues_mn_EUR,2.9908948593900386e-19
542,2028-base,CZ,S,lig_bp,wholesale_revenues_mn_EUR,29.109548730279045
543,2028-base,CZ,S,coal_bp,wholesale_revenues_mn_EUR,0.0
544,2028-base,CZ,S,dsr,wholesale_revenues_mn_EUR,0.0
545,2028-base,CZ,S,h_ror,wholesale_revenues_mn_EUR,50.34503333244124
546,2028-base,CZ,S,h_dams,wholesale_revenues_mn_EUR,45.23767707183483
547,2028-base,CZ,S,li,wholesale_revenues_mn_EUR,3.691167565975599
548,2028-base,CZ,S,pump_open,wholesale_revenues_mn_EUR,25.237551546907536
549,2028-base,CZ,S,pump,wholesale_revenues_mn_EUR,33.944371900347946
550,2028-base,CZ,S,IMPORT_EXPORT,wholesale_revenues_mn_EUR,2.060685049246304
551,2028-base,CZ,W,nuclear,wholesale_revenues_mn_EUR,1468.4227320960526
552,2028-base,CZ,W,solar,wholesale_revenues_mn_EUR,175.0835776473363
553,2028-base,CZ,W,onshore,wholesale_revenues_mn_EUR,61.15041610026075
554,2028-base,CZ,W,waste,wholesale_revenues_mn_EUR,75.92260220104659
555,2028-base,CZ,W,gas_ccgt,wholesale_revenues_mn_EUR,266.947415750885
556,2028-base,CZ,W,gas_chp,wholesale_revenues_mn_EUR,267.83702824287315
557,2028-base,CZ,W,biogas,wholesale_revenues_mn_EUR,80.55232515438675
558,2028-base,CZ,W,lig_sc,wholesale_revenues_mn_EUR,88.1266112198804
559,2028-base,CZ,W,bio,wholesale_revenues_mn_EUR,0.0
560,2028-base,CZ,W,gas_eng_chp,wholesale_revenues_mn_EUR,97.69747771339595
561,2028-base,CZ,W,lig,wholesale_revenues_mn_EUR,54.41242225754831
562,2028-base,CZ,W,lig_ex,wholesale_revenues_mn_EUR,238.4124251545764
563,2028-base,CZ,W,coal,wholesale_revenues_mn_EUR,0.0
564,2028-base,CZ,W,coal_ex,wholesale_revenues_mn_EUR,3.692310750057169
565,2028-base,CZ,W,gas_peak,wholesale_revenues_mn_EUR,4.35187607308181
566,2028-base,CZ,W,lig_old,wholesale_revenues_mn_EUR,0.0
567,2028-base,CZ,W,b_CHP,wholesale_revenues_mn_EUR,0.0
568,2028-base,CZ,W,lig_bp,wholesale_revenues_mn_EUR,137.79833543701417
569,2028-base,CZ,W,coal_bp,wholesale_revenues_mn_EUR,0.0
570,2028-base,CZ,W,dsr,wholesale_revenues_mn_EUR,0.0
571,2028-base,CZ,W,h_ror,wholesale_revenues_mn_EUR,58.17240840234457
572,2028-base,CZ,W,h_dams,wholesale_revenues_mn_EUR,56.62837985365504
573,2028-base,CZ,W,li,wholesale_revenues_mn_EUR,5.390595385819251
574,2028-base,CZ,W,pump_open,wholesale_revenues_mn_EUR,16.54043365347649
575,2028-base,CZ,W,pump,wholesale_revenues_mn_EUR,19.993460718837905
576,2028-base,CZ,W,IMPORT_EXPORT,wholesale_revenues_mn_EUR,14.351903607830591
577,2028-base,CZ,Y,TOTAL,avg_consumer_price_EUR_per_MWh,92.42590223181114
578,2028-base,CZ,S,TOTAL,avg_consumer_price_EUR_per_MWh,81.79997999638444
579,2028-base,CZ,W,TOTAL,avg_consumer_price_EUR_per_MWh,101.20442846979157
580,2028-base,CZ,Y,TOTAL,avg_producer_price_EUR_per_MWh,91.02049482323444
581,2028-base,CZ,S,TOTAL,avg_producer_price_EUR_per_MWh,79.33200292749743
582,2028-base,CZ,W,TOTAL,avg_producer_price_EUR_per_MWh,100.60308141069883
583,2028-base,CZ,Y,nuclear,capacity_factor,0.7964817503918005
584,2028-base,CZ,Y,solar,capacity_factor,0.1179873151350562
585,2028-base,CZ,Y,onshore,capacity_factor,0.2249512284205716
586,2028-base,CZ,Y,waste,capacity_factor,0.6666666666665784
587,2028-base,CZ,Y,gas_ccgt,capacity_factor,0.8692173927581802
588,2028-base,CZ,Y,gas_chp,capacity_factor,0.5333333333333128
589,2028-base,CZ,Y,biogas,capacity_factor,0.3432596671357533
590,2028-base,CZ,Y,lig_sc,capacity_factor,0.2086370680228731
591,2028-base,CZ,Y,gas_eng_chp,capacity_factor,0.5333333333333616
592,2028-base,CZ,Y,lig,capacity_factor,0.0545877272762015
593,2028-base,CZ,Y,lig_ex,capacity_factor,0.5333333333333361
594,2028-base,CZ,Y,coal_ex,capacity_factor,0.0664084031796055
595,2028-base,CZ,Y,gas_peak,capacity_factor,0.0407042322453543
596,2028-base,CZ,Y,lig_old,capacity_factor,0.0
597,2028-base,CZ,Y,b_CHP,capacity_factor,6.029845120217709e-20
598,2028-base,CZ,Y,lig_bp,capacity_factor,0.5333333333333382
599,2028-base,CZ,Y,h_ror,capacity_factor,0.3265346822654796
600,2028-base,CZ,Y,h_dams,capacity_factor,0.1865571011903423
601,2028-base,CZ,Y,li,capacity_factor,0.0967600518233862
602,2028-base,CZ,Y,pump_open,capacity_factor,0.0964670874036261
603,2028-base,CZ,Y,pump,capacity_factor,0.087476680094133
604,2028-base,CZ,Y,TOTAL,capacity_factor,0.3128525585977665
605,2028-base,CZ,S,nuclear,capacity_factor,0.7758452989642761
606,2028-base,CZ,S,solar,capacity_factor,0.163971334533138
607,2028-base,CZ,S,onshore,capacity_factor,0.1623204955012917
608,2028-base,CZ,S,waste,capacity_factor,0.4887207781713185
609,2028-base,CZ,S,gas_ccgt,capacity_factor,0.7721496163503322
610,2028-base,CZ,S,gas_chp,capacity_factor,0.258365271436473
611,2028-base,CZ,S,biogas,capacity_factor,0.0900212399947446
612,2028-base,CZ,S,lig_sc,capacity_factor,0.0
613,2028-base,CZ,S,gas_eng_chp,capacity_factor,0.4570121940500727
614,2028-base,CZ,S,lig,capacity_factor,0.0
615,2028-base,CZ,S,lig_ex,capacity_factor,0.3768956846992791
616,2028-base,CZ,S,coal_ex,capacity_factor,2.0506769515015802e-17
617,2028-base,CZ,S,gas_peak,capacity_factor,0.0
618,2028-base,CZ,S,lig_old,capacity_factor,0.0
619,2028-base,CZ,S,b_CHP,capacity_factor,1.2092821257579472e-19
620,2028-base,CZ,S,lig_bp,capacity_factor,0.2120555987543579
621,2028-base,CZ,S,h_ror,capacity_factor,0.3347628402805361
622,2028-base,CZ,S,h_dams,capacity_factor,0.1834118275572145
623,2028-base,CZ,S,li,capacity_factor,0.0862423724738109
624,2028-base,CZ,S,pump_open,capacity_factor,0.1253913170836981
625,2028-base,CZ,S,pump,capacity_factor,0.1177368161740561
626,2028-base,CZ,S,TOTAL,capacity_factor,1.254848174595437
627,2028-base,CZ,W,nuclear,capacity_factor,0.8170054343251856
628,2028-base,CZ,W,solar,capacity_factor,0.0722545745314995
629,2028-base,CZ,W,onshore,capacity_factor,0.2872397168976696
630,2028-base,CZ,W,waste,capacity_factor,0.8436401732574923
631,2028-base,CZ,W,gas_ccgt,capacity_factor,0.9657547441583356
632,2028-base,CZ,W,gas_chp,capacity_factor,0.806798837514869
633,2028-base,CZ,W,biogas,capacity_factor,0.595114277735008
634,2028-base,CZ,W,lig_sc,capacity_factor,0.4161340427778617
635,2028-base,CZ,W,gas_eng_chp,capacity_factor,0.6092374172107309
636,2028-base,CZ,W,lig,capacity_factor,0.1088771609607298
637,2028-base,CZ,W,lig_ex,capacity_factor,0.688916131428409
638,2028-base,CZ,W,coal_ex,capacity_factor,0.1324539189101421
639,2028-base,CZ,W,gas_peak,capacity_factor,0.0811860369921001
640,2028-base,CZ,W,lig_old,capacity_factor,0.0
641,2028-base,CZ,W,b_CHP,capacity_factor,0.0
642,2028-base,CZ,W,lig_bp,capacity_factor,0.8528554518763678
643,2028-base,CZ,W,h_ror,capacity_factor,0.3183514868625274
644,2028-base,CZ,W,h_dams,capacity_factor,0.1896851875358574
645,2028-base,CZ,W,li,capacity_factor,0.1072202575153135
646,2028-base,CZ,W,pump_open,capacity_factor,0.0677009136234451
647,2028-base,CZ,W,pump,capacity_factor,0.0573818999490728
648,2028-base,CZ,W,TOTAL,capacity_factor,1.2479910807451886
649,2028-base,CZ,Y,li,capacity_factor_charging,0.010782346471428
650,2028-base,CZ,Y,pump_open,capacity_factor_charging,0.132806016264213
651,2028-base,CZ,Y,pump,capacity_factor_charging,0.1240570387881153
652,2028-base,CZ,S,li,capacity_factor_charging,0.0111219934505639
653,2028-base,CZ,S,pump_open,capacity_factor_charging,0.1767374941268378
654,2028-base,CZ,S,pump,capacity_factor_charging,0.1675161045247033
655,2028-base,CZ,W,li,capacity_factor_charging,0.0104445554867137
656,2028-base,CZ,W,pump_open,capacity_factor_charging,0.0891146011221491
657,2028-base,CZ,W,pump,capacity_factor_charging,0.0808354542850607
658,2028-base,CZ,Y,nuclear,emissions_MtCO2,0.0
659,2028-base,CZ,Y,solar,emissions_MtCO2,0.0
660,2028-base,CZ,Y,onshore,emissions_MtCO2,0.0
661,2028-base,CZ,Y,waste,emissions_MtCO2,0.0
662,2028-base,CZ,Y,gas_ccgt,emissions_MtCO2,1.8468592246542304
663,2028-base,CZ,Y,gas_chp,emissions_MtCO2,1.4030015999999457
664,2028-base,CZ,Y,biogas,emissions_MtCO2,0.0
665,2028-base,CZ,Y,lig_sc,emissions_MtCO2,0.7405851235697568
666,2028-base,CZ,Y,bio,emissions_MtCO2,0.0
667,2028-base,CZ,Y,gas_eng_chp,emissions_MtCO2,0.75674720000004
668,2028-base,CZ,Y,lig,emissions_MtCO2,0.4639384739095275
669,2028-base,CZ,Y,lig_ex,emissions_MtCO2,7.72421760000004
670,2028-base,CZ,Y,coal,emissions_MtCO2,0.0
671,2028-base,CZ,Y,coal_ex,emissions_MtCO2,0.0565185082540714
672,2028-base,CZ,Y,gas_peak,emissions_MtCO2,0.0188768559446735
673,2028-base,CZ,Y,lig_old,emissions_MtCO2,0.0
674,2028-base,CZ,Y,b_CHP,emissions_MtCO2,0.0
675,2028-base,CZ,Y,lig_bp,emissions_MtCO2,3.34870272000003
676,2028-base,CZ,Y,coal_bp,emissions_MtCO2,0.0
677,2028-base,CZ,Y,dsr,emissions_MtCO2,0.0
678,2028-base,CZ,Y,eens,emissions_MtCO2,0.0
679,2028-base,CZ,Y,h_ror,emissions_MtCO2,0.0
680,2028-base,CZ,Y,h_dams,emissions_MtCO2,0.0
681,2028-base,CZ,Y,li,emissions_MtCO2,0.0
682,2028-base,CZ,Y,pump_open,emissions_MtCO2,0.0
683,2028-base,CZ,Y,pump,emissions_MtCO2,0.0
684,2028-base,CZ,Y,TOTAL,emissions_MtCO2,16.359447306332317
685,2028-base,CZ,S,nuclear,emissions_MtCO2,0.0
686,2028-base,CZ,S,solar,emissions_MtCO2,0.0
687,2028-base,CZ,S,onshore,emissions_MtCO2,0.0
688,2028-base,CZ,S,waste,emissions_MtCO2,0.0
689,2028-base,CZ,S,gas_ccgt,emissions_MtCO2,0.8180603970991366
690,2028-base,CZ,S,gas_chp,emissions_MtCO2,0.3389004135420446
691,2028-base,CZ,S,biogas,emissions_MtCO2,0.0
692,2028-base,CZ,S,lig_sc,emissions_MtCO2,0.0
693,2028-base,CZ,S,bio,emissions_MtCO2,0.0
694,2028-base,CZ,S,gas_eng_chp,emissions_MtCO2,0.323339234973346
695,2028-base,CZ,S,lig,emissions_MtCO2,0.0
696,2028-base,CZ,S,lig_ex,emissions_MtCO2,2.721795303922174
697,2028-base,CZ,S,coal,emissions_MtCO2,0.0
698,2028-base,CZ,S,coal_ex,emissions_MtCO2,8.702487873181651e-18
699,2028-base,CZ,S,gas_peak,emissions_MtCO2,0.0
700,2028-base,CZ,S,lig_old,emissions_MtCO2,0.0
701,2028-base,CZ,S,b_CHP,emissions_MtCO2,0.0
702,2028-base,CZ,S,lig_bp,emissions_MtCO2,0.6639052971671422
703,2028-base,CZ,S,coal_bp,emissions_MtCO2,0.0
704,2028-base,CZ,S,dsr,emissions_MtCO2,0.0
705,2028-base,CZ,S,eens,emissions_MtCO2,0.0
706,2028-base,CZ,S,h_ror,emissions_MtCO2,0.0
707,2028-base,CZ,S,h_dams,emissions_MtCO2,0.0
708,2028-base,CZ,S,li,emissions_MtCO2,0.0
709,2028-base,CZ,S,pump_open,emissions_MtCO2,0.0
710,2028-base,CZ,S,pump,emissions_MtCO2,0.0
711,2028-base,CZ,S,TOTAL,emissions_MtCO2,32.718894612664634
712,2028-base,CZ,W,nuclear,emissions_MtCO2,0.0
713,2028-base,CZ,W,solar,emissions_MtCO2,0.0
714,2028-base,CZ,W,onshore,emissions_MtCO2,0.0
715,2028-base,CZ,W,waste,emissions_MtCO2,0.0
716,2028-base,CZ,W,gas_ccgt,emissions_MtCO2,1.028798827555094
717,2028-base,CZ,W,gas_chp,emissions_MtCO2,1.064101186457901
718,2028-base,CZ,W,biogas,emissions_MtCO2,0.0
719,2028-base,CZ,W,lig_sc,emissions_MtCO2,0.7405851235697568
720,2028-base,CZ,W,bio,emissions_MtCO2,0.0
721,2028-base,CZ,W,gas_eng_chp,emissions_MtCO2,0.433407965026694
722,2028-base,CZ,W,lig,emissions_MtCO2,0.4639384739095275
723,2028-base,CZ,W,lig_ex,emissions_MtCO2,5.002422296077866
724,2028-base,CZ,W,coal,emissions_MtCO2,0.0
725,2028-base,CZ,W,coal_ex,emissions_MtCO2,0.0565185082540714
726,2028-base,CZ,W,gas_peak,emissions_MtCO2,0.0188768559446735
727,2028-base,CZ,W,lig_old,emissions_MtCO2,0.0
728,2028-base,CZ,W,b_CHP,emissions_MtCO2,0.0
729,2028-base,CZ,W,lig_bp,emissions_MtCO2,2.6847974228328884
730,2028-base,CZ,W,coal_bp,emissions_MtCO2,0.0
731,2028-base,CZ,W,dsr,emissions_MtCO2,0.0
732,2028-base,CZ,W,eens,emissions_MtCO2,0.0
733,2028-base,CZ,W,h_ror,emissions_MtCO2,0.0
734,2028-base,CZ,W,h_dams,emissions_MtCO2,0.0
735,2028-base,CZ,W,li,emissions_MtCO2,0.0
736,2028-base,CZ,W,pump_open,emissions_MtCO2,0.0
737,2028-base,CZ,W,pump,emissions_MtCO2,0.0
738,2028-base,CZ,W,TOTAL,emissions_MtCO2,32.718894612664634
739,2028-base,CZ,Y,nuclear,power_share_high_value,0.974468817970178
740,2028-base,CZ,Y,solar,power_share_high_value,0.86537014988304
741,2028-base,CZ,Y,onshore,power_share_high_value,0.979391758191212
742,2028-base,CZ,S,nuclear,power_share_high_value,0.9552808718901492
743,2028-base,CZ,S,solar,power_share_high_value,0.8337016594318253
744,2028-base,CZ,S,onshore,power_share_high_value,0.9540531000559832
745,2028-base,CZ,W,nuclear,power_share_high_value,0.992590519591888
746,2028-base,CZ,W,solar,power_share_high_value,0.9368445047032004
747,2028-base,CZ,W,onshore,power_share_high_value,0.993632505494948
748,2028-base,CZ,Y,nuclear,power_share_low_value,0.0245908437857071
749,2028-base,CZ,Y,solar,power_share_low_value,0.1288968637397311
750,2028-base,CZ,Y,onshore,power_share_low_value,0.0199767660252134
751,2028-base,CZ,S,nuclear,power_share_low_value,0.0430382489866638
752,2028-base,CZ,S,solar,power_share_low_value,0.1588578618370675
753,2028-base,CZ,S,onshore,power_share_low_value,0.0446979635023042
754,2028-base,CZ,W,nuclear,power_share_low_value,0.0071685323328697
755,2028-base,CZ,W,solar,power_share_low_value,0.0612762421608757
756,2028-base,CZ,W,onshore,power_share_low_value,0.0060830418809363
757,2028-base,CZ,Y,nuclear,power_share_zero_value,0.0009403382441145
758,2028-base,CZ,Y,solar,power_share_zero_value,0.005732986377229
759,2028-base,CZ,Y,onshore,power_share_zero_value,0.0006314757835744
760,2028-base,CZ,S,nuclear,power_share_zero_value,0.0016808791231867
761,2028-base,CZ,S,solar,power_share_zero_value,0.0074404787311072
762,2028-base,CZ,S,onshore,power_share_zero_value,0.0012489364417123
763,2028-base,CZ,W,nuclear,power_share_zero_value,0.0002409480752421
764,2028-base,CZ,W,solar,power_share_zero_value,0.001879253135924
765,2028-base,CZ,W,onshore,power_share_zero_value,0.0002844526241154
766,2028-base-plus,CZ,Y,nuclear,capacity_GW,4.099
767,2028-base-plus,CZ,Y,solar,capacity_GW,7.0
768,2028-base-plus,CZ,Y,onshore,capacity_GW,0.5
769,2028-base-plus,CZ,Y,waste,capacity_GW,0.19575
770,2028-base-plus,CZ,Y,gas_ccgt,capacity_GW,0.6174
771,2028-base-plus,CZ,Y,gas_chp,capacity_GW,0.7644
772,2028-base-plus,CZ,Y,biogas,capacity_GW,0.279
773,2028-base-plus,CZ,Y,lig_sc,capacity_GW,0.4356
774,2028-base-plus,CZ,Y,bio,capacity_GW,0.0
775,2028-base-plus,CZ,Y,gas_eng_chp,capacity_GW,0.3313124999999999
776,2028-base-plus,CZ,Y,lig,capacity_GW,0.9702
777,2028-base-plus,CZ,Y,lig_ex,capacity_GW,1.6533000000000002
778,2028-base-plus,CZ,Y,coal,capacity_GW,0.0
779,2028-base-plus,CZ,Y,coal_ex,capacity_GW,0.11484
780,2028-base-plus,CZ,Y,gas_peak,capacity_GW,0.096255
781,2028-base-plus,CZ,Y,lig_old,capacity_GW,1.2011999999999998
782,2028-base-plus,CZ,Y,b_CHP,capacity_GW,0.20925
783,2028-base-plus,CZ,Y,lig_bp,capacity_GW,0.35838
784,2028-base-plus,CZ,Y,coal_bp,capacity_GW,0.0
785,2028-base-plus,CZ,Y,dsr,capacity_GW,0.0
786,2028-base-plus,CZ,Y,h_ror,capacity_GW,0.415
787,2028-base-plus,CZ,Y,h_dams,capacity_GW,0.609
788,2028-base-plus,CZ,Y,li,capacity_GW,0.1
789,2028-base-plus,CZ,Y,pump_open,capacity_GW,0.47
790,2028-base-plus,CZ,Y,pump,capacity_GW,0.678
791,2028-base-plus,CZ,Y,TOTAL,capacity_GW,21.0978875
792,2028-base-plus,CZ,Y,h_ror,capacity_charging_GW,0.0
793,2028-base-plus,CZ,Y,h_dams,capacity_charging_GW,0.0
794,2028-base-plus,CZ,Y,li,capacity_charging_GW,1.25599
795,2028-base-plus,CZ,Y,pump_open,capacity_charging_GW,0.44
796,2028-base-plus,CZ,Y,pump,capacity_charging_GW,0.664
797,2028-base-plus,CZ,Y,nuclear,capacity_paid_off_GW,0.0
798,2028-base-plus,CZ,Y,solar,capacity_paid_off_GW,0.0
799,2028-base-plus,CZ,Y,onshore,capacity_paid_off_GW,0.0
800,2028-base-plus,CZ,Y,waste,capacity_paid_off_GW,0.0
801,2028-base-plus,CZ,Y,gas_ccgt,capacity_paid_off_GW,0.0
802,2028-base-plus,CZ,Y,gas_chp,capacity_paid_off_GW,0.0
803,2028-base-plus,CZ,Y,biogas,capacity_paid_off_GW,0.0
804,2028-base-plus,CZ,Y,lig_sc,capacity_paid_off_GW,0.0
805,2028-base-plus,CZ,Y,bio,capacity_paid_off_GW,0.0
806,2028-base-plus,CZ,Y,gas_eng_chp,capacity_paid_off_GW,0.0
807,2028-base-plus,CZ,Y,lig,capacity_paid_off_GW,0.0
808,2028-base-plus,CZ,Y,lig_ex,capacity_paid_off_GW,0.0
809,2028-base-plus,CZ,Y,coal,capacity_paid_off_GW,0.0
810,2028-base-plus,CZ,Y,coal_ex,capacity_paid_off_GW,0.0
811,2028-base-plus,CZ,Y,gas_peak,capacity_paid_off_GW,0.0
812,2028-base-plus,CZ,Y,lig_old,capacity_paid_off_GW,0.0
813,2028-base-plus,CZ,Y,b_CHP,capacity_paid_off_GW,0.0
814,2028-base-plus,CZ,Y,lig_bp,capacity_paid_off_GW,0.0
815,2028-base-plus,CZ,Y,coal_bp,capacity_paid_off_GW,0.0
816,2028-base-plus,CZ,Y,dsr,capacity_paid_off_GW,0.0
817,2028-base-plus,CZ,Y,h_ror,capacity_paid_off_GW,0.0
818,2028-base-plus,CZ,Y,h_dams,capacity_paid_off_GW,0.0
819,2028-base-plus,CZ,Y,li,capacity_paid_off_GW,0.0
820,2028-base-plus,CZ,Y,pump_open,capacity_paid_off_GW,0.0
821,2028-base-plus,CZ,Y,pump,capacity_paid_off_GW,0.0
822,2028-base-plus,CZ,Y,h_ror,capacity_charging_paid_off_GW,0.0
823,2028-base-plus,CZ,Y,h_dams,capacity_charging_paid_off_GW,0.0
824,2028-base-plus,CZ,Y,li,capacity_charging_paid_off_GW,0.0
825,2028-base-plus,CZ,Y,pump_open,capacity_charging_paid_off_GW,0.0
826,2028-base-plus,CZ,Y,pump,capacity_charging_paid_off_GW,0.0
827,2028-base-plus,CZ,Y,TOTAL,load_TWh,67.306346938
828,2028-base-plus,CZ,S,TOTAL,load_TWh,30.449230927
829,2028-base-plus,CZ,W,TOTAL,load_TWh,36.857116011
830,2028-base-plus,CZ,Y,TOTAL,import_TWh,16.298148559058095
831,2028-base-plus,CZ,S,TOTAL,import_TWh,7.444943239679913
832,2028-base-plus,CZ,W,TOTAL,import_TWh,8.853205319378182
833,2028-base-plus,CZ,Y,TOTAL,export_TWh,4.914842874374656
834,2028-base-plus,CZ,S,TOTAL,export_TWh,2.326764136963608
835,2028-base-plus,CZ,W,TOTAL,export_TWh,2.588078737411048
836,2028-base-plus,CZ,Y,TOTAL,net_import_TWh,11.38330568468344
837,2028-base-plus,CZ,S,TOTAL,net_import_TWh,5.118179102716304
838,2028-base-plus,CZ,W,TOTAL,net_import_TWh,6.265126581967135
839,2028-base-plus,CZ,Y,TOTAL,curtailment_TWh,0.0019200172454613
840,2028-base-plus,CZ,S,TOTAL,curtailment_TWh,0.0017573215920602
841,2028-base-plus,CZ,W,TOTAL,curtailment_TWh,0.0001626956534011
842,2028-base-plus,CZ,Y,nuclear,production_TWh,28.59946136693848
843,2028-base-plus,CZ,Y,solar,production_TWh,7.234982164081648
844,2028-base-plus,CZ,Y,onshore,production_TWh,0.9852863804821038
845,2028-base-plus,CZ,Y,waste,production_TWh,1.1431799999998524
846,2028-base-plus,CZ,Y,gas_ccgt,production_TWh,4.527336427593086
847,2028-base-plus,CZ,Y,gas_chp,production_TWh,3.1618877834781536
848,2028-base-plus,CZ,Y,biogas,production_TWh,0.7022484285328421
849,2028-base-plus,CZ,Y,lig_sc,production_TWh,0.660972649352367
850,2028-base-plus,CZ,Y,bio,production_TWh,0.0
851,2028-base-plus,CZ,Y,gas_eng_chp,production_TWh,1.547892000000102
852,2028-base-plus,CZ,Y,lig,production_TWh,0.4228592696190356
853,2028-base-plus,CZ,Y,lig_ex,production_TWh,3.359854177586098
854,2028-base-plus,CZ,Y,coal,production_TWh,0.0
855,2028-base-plus,CZ,Y,coal_ex,production_TWh,0.02491378844669
856,2028-base-plus,CZ,Y,gas_peak,production_TWh,0.033254697910898
857,2028-base-plus,CZ,Y,lig_old,production_TWh,0.0286805452386839
858,2028-base-plus,CZ,Y,b_CHP,production_TWh,-1.1842378929334994e-20
859,2028-base-plus,CZ,Y,lig_bp,production_TWh,1.6743513600000166
860,2028-base-plus,CZ,Y,coal_bp,production_TWh,0.0
861,2028-base-plus,CZ,Y,dsr,production_TWh,0.0
862,2028-base-plus,CZ,Y,eens,production_TWh,3.2684965844964623e-19
863,2028-base-plus,CZ,Y,h_ror,production_TWh,1.1870593770507816
864,2028-base-plus,CZ,Y,h_dams,production_TWh,0.9952522857142858
865,2028-base-plus,CZ,Y,li,production_TWh,0.0790345860899944
866,2028-base-plus,CZ,Y,pump_open,production_TWh,0.4139453332421597
867,2028-base-plus,CZ,Y,pump,production_TWh,0.5399155883913996
868,2028-base-plus,CZ,Y,TOTAL,production_TWh,57.32236820974868
869,2028-base-plus,CZ,S,nuclear,production_TWh,13.891069397825554
870,2028-base-plus,CZ,S,solar,production_TWh,5.013587524685228
871,2028-base-plus,CZ,S,onshore,production_TWh,0.3545079621748212
872,2028-base-plus,CZ,S,waste,production_TWh,0.4371658275100037
873,2028-base-plus,CZ,S,gas_ccgt,production_TWh,1.9306142547832583
874,2028-base-plus,CZ,S,gas_chp,production_TWh,0.7091438625300622
875,2028-base-plus,CZ,S,biogas,production_TWh,0.0566842475036268
876,2028-base-plus,CZ,S,lig_sc,production_TWh,0.0
877,2028-base-plus,CZ,S,bio,production_TWh,0.0
878,2028-base-plus,CZ,S,gas_eng_chp,production_TWh,0.6892763412050995
879,2028-base-plus,CZ,S,lig,production_TWh,0.0
880,2028-base-plus,CZ,S,lig_ex,production_TWh,1.0713081115767251
881,2028-base-plus,CZ,S,coal,production_TWh,0.0
882,2028-base-plus,CZ,S,coal_ex,production_TWh,1.793274523585019e-19
883,2028-base-plus,CZ,S,gas_peak,production_TWh,0.0
884,2028-base-plus,CZ,S,lig_old,production_TWh,0.0
885,2028-base-plus,CZ,S,b_CHP,production_TWh,-1.1842378929334994e-20
886,2028-base-plus,CZ,S,lig_bp,production_TWh,0.3344008541088508
887,2028-base-plus,CZ,S,coal_bp,production_TWh,0.0
888,2028-base-plus,CZ,S,dsr,production_TWh,0.0
889,2028-base-plus,CZ,S,eens,production_TWh,2.131628207280302e-19
890,2028-base-plus,CZ,S,h_ror,production_TWh,0.6068312958333334
891,2028-base-plus,CZ,S,h_dams,production_TWh,0.4888770716603446
892,2028-base-plus,CZ,S,li,production_TWh,0.0356677733535893
893,2028-base-plus,CZ,S,pump_open,production_TWh,0.2676383850914592
894,2028-base-plus,CZ,S,pump,production_TWh,0.3636937526328643
895,2028-base-plus,CZ,S,TOTAL,production_TWh,114.64473641949736
896,2028-base-plus,CZ,W,nuclear,production_TWh,14.708391969112927
897,2028-base-plus,CZ,W,solar,production_TWh,2.221394639396421
898,2028-base-plus,CZ,W,onshore,production_TWh,0.6307784183072825
899,2028-base-plus,CZ,W,waste,production_TWh,0.7060141724898485
900,2028-base-plus,CZ,W,gas_ccgt,production_TWh,2.596722172809828
901,2028-base-plus,CZ,W,gas_chp,production_TWh,2.452743920948091
902,2028-base-plus,CZ,W,biogas,production_TWh,0.6455641810292152
903,2028-base-plus,CZ,W,lig_sc,production_TWh,0.660972649352367
904,2028-base-plus,CZ,W,bio,production_TWh,0.0
905,2028-base-plus,CZ,W,gas_eng_chp,production_TWh,0.8586156587950025
906,2028-base-plus,CZ,W,lig,production_TWh,0.4228592696190356
907,2028-base-plus,CZ,W,lig_ex,production_TWh,2.2885460660093733
908,2028-base-plus,CZ,W,coal,production_TWh,0.0
909,2028-base-plus,CZ,W,coal_ex,production_TWh,0.02491378844669
910,2028-base-plus,CZ,W,gas_peak,production_TWh,0.033254697910898
911,2028-base-plus,CZ,W,lig_old,production_TWh,0.0286805452386839
912,2028-base-plus,CZ,W,b_CHP,production_TWh,0.0
913,2028-base-plus,CZ,W,lig_bp,production_TWh,1.3399505058911658
914,2028-base-plus,CZ,W,coal_bp,production_TWh,0.0
915,2028-base-plus,CZ,W,dsr,production_TWh,0.0
916,2028-base-plus,CZ,W,eens,production_TWh,1.1368683772161602e-19
917,2028-base-plus,CZ,W,h_ror,production_TWh,0.5802280812174485
918,2028-base-plus,CZ,W,h_dams,production_TWh,0.5063752140539411
919,2028-base-plus,CZ,W,li,production_TWh,0.0433668127364051
920,2028-base-plus,CZ,W,pump_open,production_TWh,0.1463069481507004
921,2028-base-plus,CZ,W,pump,production_TWh,0.1762218357585352
922,2028-base-plus,CZ,W,TOTAL,production_TWh,114.64473641949736
923,2028-base-plus,CZ,Y,gas_chp,production_el_eq_TWh,3.5712767999998936
924,2028-base-plus,CZ,Y,gas_eng_chp,production_el_eq_TWh,1.547892000000102
925,2028-base-plus,CZ,Y,lig_ex,production_el_eq_TWh,7.681788870632593
926,2028-base-plus,CZ,Y,coal_ex,production_el_eq_TWh,0.0488361621703264
927,2028-base-plus,CZ,Y,b_CHP,production_el_eq_TWh,-2.960594732333749e-20
928,2028-base-plus,CZ,Y,lig_bp,production_el_eq_TWh,1.6743513600000166
929,2028-base-plus,CZ,Y,coal_bp,production_el_eq_TWh,0.0
930,2028-base-plus,CZ,Y,eens,production_el_eq_TWh,0.0
931,2028-base-plus,CZ,S,gas_chp,production_el_eq_TWh,0.932693254933458
932,2028-base-plus,CZ,S,gas_eng_chp,production_el_eq_TWh,0.6892763412050995
933,2028-base-plus,CZ,S,lig_ex,production_el_eq_TWh,2.674307865741566
934,2028-base-plus,CZ,S,coal_ex,production_el_eq_TWh,3.4681252578767e-19
935,2028-base-plus,CZ,S,b_CHP,production_el_eq_TWh,-2.960594732333749e-20
936,2028-base-plus,CZ,S,lig_bp,production_el_eq_TWh,0.3344008541088508
937,2028-base-plus,CZ,S,coal_bp,production_el_eq_TWh,0.0
938,2028-base-plus,CZ,S,eens,production_el_eq_TWh,0.0
939,2028-base-plus,CZ,W,gas_chp,production_el_eq_TWh,2.638583545066436
940,2028-base-plus,CZ,W,gas_eng_chp,production_el_eq_TWh,0.8586156587950025
941,2028-base-plus,CZ,W,lig_ex,production_el_eq_TWh,5.0074810048910265
942,2028-base-plus,CZ,W,coal_ex,production_el_eq_TWh,0.0488361621703264
943,2028-base-plus,CZ,W,b_CHP,production_el_eq_TWh,0.0
944,2028-base-plus,CZ,W,lig_bp,production_el_eq_TWh,1.3399505058911658
945,2028-base-plus,CZ,W,coal_bp,production_el_eq_TWh,0.0
946,2028-base-plus,CZ,W,eens,production_el_eq_TWh,0.0
947,2028-base-plus,CZ,Y,solar,production_used_TWh,7.234644523133391
948,2028-base-plus,CZ,Y,onshore,production_used_TWh,0.9852849535555612
949,2028-base-plus,CZ,S,solar,production_used_TWh,5.013249883736971
950,2028-base-plus,CZ,S,onshore,production_used_TWh,0.3545065352482786
951,2028-base-plus,CZ,W,solar,production_used_TWh,2.221394639396421
952,2028-base-plus,CZ,W,onshore,production_used_TWh,0.6307784183072825
953,2028-base-plus,CZ,Y,solar,production_excess_TWh,0.0003376409482567
954,2028-base-plus,CZ,Y,onshore,production_excess_TWh,1.4269265425787136e-06
955,2028-base-plus,CZ,S,solar,production_excess_TWh,0.0003376409482567
956,2028-base-plus,CZ,S,onshore,production_excess_TWh,1.4269265425787136e-06
957,2028-base-plus,CZ,W,solar,production_excess_TWh,0.0
958,2028-base-plus,CZ,W,onshore,production_excess_TWh,0.0
959,2028-base-plus,CZ,Y,h_ror,discharged_TWh,1.1870593770507816
960,2028-base-plus,CZ,Y,h_dams,discharged_TWh,0.9952522857142858
961,2028-base-plus,CZ,Y,li,discharged_TWh,0.0790345860899944
962,2028-base-plus,CZ,Y,pump_open,discharged_TWh,0.4139453332421597
963,2028-base-plus,CZ,Y,pump,discharged_TWh,0.5399155883913996
964,2028-base-plus,CZ,Y,TOTAL,discharged_TWh,3.215207170488621
965,2028-base-plus,CZ,S,h_ror,discharged_TWh,0.6068312958333334
966,2028-base-plus,CZ,S,h_dams,discharged_TWh,0.4888770716603446
967,2028-base-plus,CZ,S,li,discharged_TWh,0.0356677733535893
968,2028-base-plus,CZ,S,pump_open,discharged_TWh,0.2676383850914592
969,2028-base-plus,CZ,S,pump,discharged_TWh,0.3636937526328643
970,2028-base-plus,CZ,S,TOTAL,discharged_TWh,6.430414340977242
971,2028-base-plus,CZ,W,h_ror,discharged_TWh,0.5802280812174485
972,2028-base-plus,CZ,W,h_dams,discharged_TWh,0.5063752140539411
973,2028-base-plus,CZ,W,li,discharged_TWh,0.0433668127364051
974,2028-base-plus,CZ,W,pump_open,discharged_TWh,0.1463069481507004
975,2028-base-plus,CZ,W,pump,discharged_TWh,0.1762218357585352
976,2028-base-plus,CZ,W,TOTAL,discharged_TWh,6.430414340977242
977,2028-base-plus,CZ,Y,h_ror,charged_TWh,0.0
978,2028-base-plus,CZ,Y,h_dams,charged_TWh,0.0
979,2028-base-plus,CZ,Y,li,charged_TWh,0.112343555965447
980,2028-base-plus,CZ,Y,pump_open,charged_TWh,0.5351806215664917
981,2028-base-plus,CZ,Y,pump,charged_TWh,0.7498827616547216
982,2028-base-plus,CZ,Y,TOTAL,charged_TWh,1.3974069391866604
983,2028-base-plus,CZ,S,h_ror,charged_TWh,0.0
984,2028-base-plus,CZ,S,h_dams,charged_TWh,0.0
985,2028-base-plus,CZ,S,li,charged_TWh,0.0589561326684759
986,2028-base-plus,CZ,S,pump_open,charged_TWh,0.3522790273335039
987,2028-base-plus,CZ,S,pump,charged_TWh,0.5064223565970857
988,2028-base-plus,CZ,S,TOTAL,charged_TWh,2.7948138783733207
989,2028-base-plus,CZ,W,h_ror,charged_TWh,0.0
990,2028-base-plus,CZ,W,h_dams,charged_TWh,0.0
991,2028-base-plus,CZ,W,li,charged_TWh,0.0533874232969711
992,2028-base-plus,CZ,W,pump_open,charged_TWh,0.1829015942329876
993,2028-base-plus,CZ,W,pump,charged_TWh,0.2434604050576359
994,2028-base-plus,CZ,W,TOTAL,charged_TWh,2.7948138783733207
995,2028-base-plus,CZ,Y,h_ror,inflow_TWh,1.19177
996,2028-base-plus,CZ,Y,h_dams,inflow_TWh,0.9952522857142856
997,2028-base-plus,CZ,Y,pump_open,inflow_TWh,0.0286152857142857
998,2028-base-plus,CZ,S,h_ror,inflow_TWh,0.61016
999,2028-base-plus,CZ,S,h_dams,inflow_TWh,0.488849
1000,2028-base-plus,CZ,S,pump_open,inflow_TWh,0.013893
1001,2028-base-plus,CZ,W,h_ror,inflow_TWh,0.58161
1002,2028-base-plus,CZ,W,h_dams,inflow_TWh,0.5064032857142857
1003,2028-base-plus,CZ,W,pump_open,inflow_TWh,0.0147222857142857
1004,2028-base-plus,CZ,Y,gas_chp,heat_production_PJ,2.947600918956534
1005,2028-base-plus,CZ,Y,gas_eng_chp,heat_production_PJ,5.572411200000367
1006,2028-base-plus,CZ,Y,lig_ex,heat_production_PJ,43.565101705908674
1007,2028-base-plus,CZ,Y,coal_ex,heat_production_PJ,0.2411375271342544
1008,2028-base-plus,CZ,Y,b_CHP,heat_production_PJ,-1.918465386552269e-19
1009,2028-base-plus,CZ,Y,lig_bp,heat_production_PJ,18.082994688000174
1010,2028-base-plus,CZ,Y,coal_bp,heat_production_PJ,0.0
1011,2028-base-plus,CZ,Y,eens,heat_production_PJ,-1.1766587704187264e-18
1012,2028-base-plus,CZ,S,gas_chp,heat_production_PJ,1.6095556253044507
1013,2028-base-plus,CZ,S,gas_eng_chp,heat_production_PJ,2.4813948283383582
1014,2028-base-plus,CZ,S,lig_ex,heat_production_PJ,16.158237521981604
1015,2028-base-plus,CZ,S,coal_ex,heat_production_PJ,1.6882495401660073e-18
1016,2028-base-plus,CZ,S,b_CHP,heat_production_PJ,-1.918465386552269e-19
1017,2028-base-plus,CZ,S,lig_bp,heat_production_PJ,3.611529224375588
1018,2028-base-plus,CZ,S,coal_bp,heat_production_PJ,0.0
1019,2028-base-plus,CZ,S,eens,heat_production_PJ,-7.673861546209087e-19
1020,2028-base-plus,CZ,W,gas_chp,heat_production_PJ,1.338045293652083
1021,2028-base-plus,CZ,W,gas_eng_chp,heat_production_PJ,3.091016371662009
1022,2028-base-plus,CZ,W,lig_ex,heat_production_PJ,27.406864183927063
1023,2028-base-plus,CZ,W,coal_ex,heat_production_PJ,0.2411375271342545
1024,2028-base-plus,CZ,W,b_CHP,heat_production_PJ,0.0
1025,2028-base-plus,CZ,W,lig_bp,heat_production_PJ,14.47146546362459
1026,2028-base-plus,CZ,W,coal_bp,heat_production_PJ,0.0
1027,2028-base-plus,CZ,W,eens,heat_production_PJ,-4.0927261579781783e-19
1028,2028-base-plus,CZ,Y,waste,production_hours,6682.0
1029,2028-base-plus,CZ,Y,gas_ccgt,production_hours,7574.0
1030,2028-base-plus,CZ,Y,gas_chp,production_hours,8234.0
1031,2028-base-plus,CZ,Y,biogas,production_hours,2721.0
1032,2028-base-plus,CZ,Y,lig_sc,production_hours,1765.0
1033,2028-base-plus,CZ,Y,bio,production_hours,0.0
1034,2028-base-plus,CZ,Y,gas_eng_chp,production_hours,5389.0
1035,2028-base-plus,CZ,Y,lig,production_hours,607.0
1036,2028-base-plus,CZ,Y,lig_ex,production_hours,8760.0
1037,2028-base-plus,CZ,Y,coal,production_hours,0.0
1038,2028-base-plus,CZ,Y,coal_ex,production_hours,560.0
1039,2028-base-plus,CZ,Y,gas_peak,production_hours,390.0
1040,2028-base-plus,CZ,Y,lig_old,production_hours,95.0
1041,2028-base-plus,CZ,Y,b_CHP,production_hours,0.0
1042,2028-base-plus,CZ,Y,lig_bp,production_hours,6417.0
1043,2028-base-plus,CZ,Y,coal_bp,production_hours,0.0
1044,2028-base-plus,CZ,Y,dsr,production_hours,0.0
1045,2028-base-plus,CZ,Y,eens,production_hours,0.0
1046,2028-base-plus,CZ,Y,h_ror,production_hours,8760.0
1047,2028-base-plus,CZ,Y,h_dams,production_hours,8760.0
1048,2028-base-plus,CZ,Y,li,production_hours,886.0
1049,2028-base-plus,CZ,Y,pump_open,production_hours,1343.0
1050,2028-base-plus,CZ,Y,pump,production_hours,1062.0
1051,2028-base-plus,CZ,S,waste,production_hours,2804.0
1052,2028-base-plus,CZ,S,gas_ccgt,production_hours,3342.0
1053,2028-base-plus,CZ,S,gas_chp,production_hours,3902.0
1054,2028-base-plus,CZ,S,biogas,production_hours,239.0
1055,2028-base-plus,CZ,S,lig_sc,production_hours,0.0
1056,2028-base-plus,CZ,S,bio,production_hours,0.0
1057,2028-base-plus,CZ,S,gas_eng_chp,production_hours,2428.0
1058,2028-base-plus,CZ,S,lig,production_hours,0.0
1059,2028-base-plus,CZ,S,lig_ex,production_hours,4368.0
1060,2028-base-plus,CZ,S,coal,production_hours,0.0
1061,2028-base-plus,CZ,S,coal_ex,production_hours,0.0
1062,2028-base-plus,CZ,S,gas_peak,production_hours,0.0
1063,2028-base-plus,CZ,S,lig_old,production_hours,0.0
1064,2028-base-plus,CZ,S,b_CHP,production_hours,0.0
1065,2028-base-plus,CZ,S,lig_bp,production_hours,2032.0
1066,2028-base-plus,CZ,S,coal_bp,production_hours,0.0
1067,2028-base-plus,CZ,S,dsr,production_hours,0.0
1068,2028-base-plus,CZ,S,eens,production_hours,0.0
1069,2028-base-plus,CZ,S,h_ror,production_hours,4368.0
1070,2028-base-plus,CZ,S,h_dams,production_hours,4368.0
1071,2028-base-plus,CZ,S,li,production_hours,399.0
1072,2028-base-plus,CZ,S,pump_open,production_hours,834.0
1073,2028-base-plus,CZ,S,pump,production_hours,711.0
1074,2028-base-plus,CZ,W,waste,production_hours,3878.0
1075,2028-base-plus,CZ,W,gas_ccgt,production_hours,4232.0
1076,2028-base-plus,CZ,W,gas_chp,production_hours,4332.0
1077,2028-base-plus,CZ,W,biogas,production_hours,2482.0
1078,2028-base-plus,CZ,W,lig_sc,production_hours,1765.0
1079,2028-base-plus,CZ,W,bio,production_hours,0.0
1080,2028-base-plus,CZ,W,gas_eng_chp,production_hours,2961.0
1081,2028-base-plus,CZ,W,lig,production_hours,607.0
1082,2028-base-plus,CZ,W,lig_ex,production_hours,4392.0
1083,2028-base-plus,CZ,W,coal,production_hours,0.0
1084,2028-base-plus,CZ,W,coal_ex,production_hours,560.0
1085,2028-base-plus,CZ,W,gas_peak,production_hours,390.0
1086,2028-base-plus,CZ,W,lig_old,production_hours,95.0
1087,2028-base-plus,CZ,W,b_CHP,production_hours,0.0
1088,2028-base-plus,CZ,W,lig_bp,production_hours,4385.0
1089,2028-base-plus,CZ,W,coal_bp,production_hours,0.0
1090,2028-base-plus,CZ,W,dsr,production_hours,0.0
1091,2028-base-plus,CZ,W,eens,production_hours,0.0
1092,2028-base-plus,CZ,W,h_ror,production_hours,4392.0
1093,2028-base-plus,CZ,W,h_dams,production_hours,4392.0
1094,2028-base-plus,CZ,W,li,production_hours,487.0
1095,2028-base-plus,CZ,W,pump_open,production_hours,509.0
1096,2028-base-plus,CZ,W,pump,production_hours,351.0
1097,2028-base-plus,CZ,Y,nuclear,capex_mn_EUR_per_yr,2738.469079112492
1098,2028-base-plus,CZ,Y,solar,capex_mn_EUR_per_yr,362.9795164565344
1099,2028-base-plus,CZ,Y,onshore,capex_mn_EUR_per_yr,68.82996852045387
1100,2028-base-plus,CZ,Y,waste,capex_mn_EUR_per_yr,228.2938717209026
1101,2028-base-plus,CZ,Y,gas_ccgt,capex_mn_EUR_per_yr,76.18061222457844
1102,2028-base-plus,CZ,Y,gas_chp,capex_mn_EUR_per_yr,138.841538451773
1103,2028-base-plus,CZ,Y,biogas,capex_mn_EUR_per_yr,16.217086196531145
1104,2028-base-plus,CZ,Y,lig_sc,capex_mn_EUR_per_yr,144.15255774515765
1105,2028-base-plus,CZ,Y,bio,capex_mn_EUR_per_yr,0.0
1106,2028-base-plus,CZ,Y,gas_eng_chp,capex_mn_EUR_per_yr,22.59441391073202
1107,2028-base-plus,CZ,Y,lig,capex_mn_EUR_per_yr,321.06706043239666
1108,2028-base-plus,CZ,Y,lig_ex,capex_mn_EUR_per_yr,547.1244805327576
1109,2028-base-plus,CZ,Y,coal,capex_mn_EUR_per_yr,0.0
1110,2028-base-plus,CZ,Y,coal_ex,capex_mn_EUR_per_yr,26.048184884115727
1111,2028-base-plus,CZ,Y,gas_peak,capex_mn_EUR_per_yr,7.893982066856129
1112,2028-base-plus,CZ,Y,lig_old,capex_mn_EUR_per_yr,397.5115986305863
1113,2028-base-plus,CZ,Y,b_CHP,capex_mn_EUR_per_yr,109.81713302115293
1114,2028-base-plus,CZ,Y,lig_bp,capex_mn_EUR_per_yr,118.59824069033428
1115,2028-base-plus,CZ,Y,coal_bp,capex_mn_EUR_per_yr,0.0
1116,2028-base-plus,CZ,Y,dsr,capex_mn_EUR_per_yr,0.0
1117,2028-base-plus,CZ,Y,h_ror,capex_mn_EUR_per_yr,84.30517292657983
1118,2028-base-plus,CZ,Y,h_dams,capex_mn_EUR_per_yr,123.71530195731836
1119,2028-base-plus,CZ,Y,li,capex_mn_EUR_per_yr,4.011568788183623
1120,2028-base-plus,CZ,Y,pump_open,capex_mn_EUR_per_yr,95.4781476517892
1121,2028-base-plus,CZ,Y,pump,capex_mn_EUR_per_yr,137.73230661258106
1122,2028-base-plus,CZ,S,nuclear,capex_mn_EUR_per_yr,2738.469079112492
1123,2028-base-plus,CZ,S,solar,capex_mn_EUR_per_yr,362.9795164565344
1124,2028-base-plus,CZ,S,onshore,capex_mn_EUR_per_yr,68.82996852045387
1125,2028-base-plus,CZ,S,waste,capex_mn_EUR_per_yr,228.2938717209026
1126,2028-base-plus,CZ,S,gas_ccgt,capex_mn_EUR_per_yr,76.18061222457844
1127,2028-base-plus,CZ,S,gas_chp,capex_mn_EUR_per_yr,138.841538451773
1128,2028-base-plus,CZ,S,biogas,capex_mn_EUR_per_yr,16.217086196531145
1129,2028-base-plus,CZ,S,lig_sc,capex_mn_EUR_per_yr,144.15255774515765
1130,2028-base-plus,CZ,S,bio,capex_mn_EUR_per_yr,0.0
1131,2028-base-plus,CZ,S,gas_eng_chp,capex_mn_EUR_per_yr,22.59441391073202
1132,2028-base-plus,CZ,S,lig,capex_mn_EUR_per_yr,321.06706043239666
1133,2028-base-plus,CZ,S,lig_ex,capex_mn_EUR_per_yr,547.1244805327576
1134,2028-base-plus,CZ,S,coal,capex_mn_EUR_per_yr,0.0
1135,2028-base-plus,CZ,S,coal_ex,capex_mn_EUR_per_yr,26.048184884115727
1136,2028-base-plus,CZ,S,gas_peak,capex_mn_EUR_per_yr,7.893982066856129
1137,2028-base-plus,CZ,S,lig_old,capex_mn_EUR_per_yr,397.5115986305863
1138,2028-base-plus,CZ,S,b_CHP,capex_mn_EUR_per_yr,109.81713302115293
1139,2028-base-plus,CZ,S,lig_bp,capex_mn_EUR_per_yr,118.59824069033428
1140,2028-base-plus,CZ,S,coal_bp,capex_mn_EUR_per_yr,0.0
1141,2028-base-plus,CZ,S,dsr,capex_mn_EUR_per_yr,0.0
1142,2028-base-plus,CZ,S,h_ror,capex_mn_EUR_per_yr,84.30517292657983
1143,2028-base-plus,CZ,S,h_dams,capex_mn_EUR_per_yr,123.71530195731836
1144,2028-base-plus,CZ,S,li,capex_mn_EUR_per_yr,4.011568788183623
1145,2028-base-plus,CZ,S,pump_open,capex_mn_EUR_per_yr,95.4781476517892
1146,2028-base-plus,CZ,S,pump,capex_mn_EUR_per_yr,137.73230661258106
1147,2028-base-plus,CZ,W,nuclear,capex_mn_EUR_per_yr,2738.469079112492
1148,2028-base-plus,CZ,W,solar,capex_mn_EUR_per_yr,362.9795164565344
1149,2028-base-plus,CZ,W,onshore,capex_mn_EUR_per_yr,68.82996852045387
1150,2028-base-plus,CZ,W,waste,capex_mn_EUR_per_yr,228.2938717209026
1151,2028-base-plus,CZ,W,gas_ccgt,capex_mn_EUR_per_yr,76.18061222457844
1152,2028-base-plus,CZ,W,gas_chp,capex_mn_EUR_per_yr,138.841538451773
1153,2028-base-plus,CZ,W,biogas,capex_mn_EUR_per_yr,16.217086196531145
1154,2028-base-plus,CZ,W,lig_sc,capex_mn_EUR_per_yr,144.15255774515765
1155,2028-base-plus,CZ,W,bio,capex_mn_EUR_per_yr,0.0
1156,2028-base-plus,CZ,W,gas_eng_chp,capex_mn_EUR_per_yr,22.59441391073202
1157,2028-base-plus,CZ,W,lig,capex_mn_EUR_per_yr,321.06706043239666
1158,2028-base-plus,CZ,W,lig_ex,capex_mn_EUR_per_yr,547.1244805327576
1159,2028-base-plus,CZ,W,coal,capex_mn_EUR_per_yr,0.0
1160,2028-base-plus,CZ,W,coal_ex,capex_mn_EUR_per_yr,26.048184884115727
1161,2028-base-plus,CZ,W,gas_peak,capex_mn_EUR_per_yr,7.893982066856129
1162,2028-base-plus,CZ,W,lig_old,capex_mn_EUR_per_yr,397.5115986305863
1163,2028-base-plus,CZ,W,b_CHP,capex_mn_EUR_per_yr,109.81713302115293
1164,2028-base-plus,CZ,W,lig_bp,capex_mn_EUR_per_yr,118.59824069033428
1165,2028-base-plus,CZ,W,coal_bp,capex_mn_EUR_per_yr,0.0
1166,2028-base-plus,CZ,W,dsr,capex_mn_EUR_per_yr,0.0
1167,2028-base-plus,CZ,W,h_ror,capex_mn_EUR_per_yr,84.30517292657983
1168,2028-base-plus,CZ,W,h_dams,capex_mn_EUR_per_yr,123.71530195731836
1169,2028-base-plus,CZ,W,li,capex_mn_EUR_per_yr,4.011568788183623
1170,2028-base-plus,CZ,W,pump_open,capex_mn_EUR_per_yr,95.4781476517892
1171,2028-base-plus,CZ,W,pump,capex_mn_EUR_per_yr,137.73230661258106
1172,2028-base-plus,CZ,Y,nuclear,opex_mn_EUR,586.5749526359082
1173,2028-base-plus,CZ,Y,solar,opex_mn_EUR,0.0
1174,2028-base-plus,CZ,Y,onshore,opex_mn_EUR,0.0
1175,2028-base-plus,CZ,Y,waste,opex_mn_EUR,45.98076932728105
1176,2028-base-plus,CZ,Y,gas_ccgt,opex_mn_EUR,387.0775630914882
1177,2028-base-plus,CZ,Y,gas_chp,opex_mn_EUR,275.7050290663751
1178,2028-base-plus,CZ,Y,biogas,opex_mn_EUR,69.23754671923612
1179,2028-base-plus,CZ,Y,lig_sc,opex_mn_EUR,69.72028856473325
1180,2028-base-plus,CZ,Y,bio,opex_mn_EUR,0.0
1181,2028-base-plus,CZ,Y,gas_eng_chp,opex_mn_EUR,167.56790840001102
1182,2028-base-plus,CZ,Y,lig,opex_mn_EUR,48.326249763873385
1183,2028-base-plus,CZ,Y,lig_ex,opex_mn_EUR,373.9028599543709
1184,2028-base-plus,CZ,Y,coal,opex_mn_EUR,0.0
1185,2028-base-plus,CZ,Y,coal_ex,opex_mn_EUR,2.940840222888024
1186,2028-base-plus,CZ,Y,gas_peak,opex_mn_EUR,4.02333142539687
1187,2028-base-plus,CZ,Y,lig_old,opex_mn_EUR,3.7006540341513343
1188,2028-base-plus,CZ,Y,b_CHP,opex_mn_EUR,-1.797497678822247e-18
1189,2028-base-plus,CZ,Y,lig_bp,opex_mn_EUR,367.52733474980937
1190,2028-base-plus,CZ,Y,coal_bp,opex_mn_EUR,0.0
1191,2028-base-plus,CZ,Y,dsr,opex_mn_EUR,0.0
1192,2028-base-plus,CZ,Y,h_ror,opex_mn_EUR,2.374118754101563
1193,2028-base-plus,CZ,Y,h_dams,opex_mn_EUR,2.985756857142857
1194,2028-base-plus,CZ,Y,li,opex_mn_EUR,0.3951729304499723
1195,2028-base-plus,CZ,Y,pump_open,opex_mn_EUR,1.655781332968639
1196,2028-base-plus,CZ,Y,pump,opex_mn_EUR,2.1596623535655985
1197,2028-base-plus,CZ,S,nuclear,opex_mn_EUR,284.9058333494021
1198,2028-base-plus,CZ,S,solar,opex_mn_EUR,0.0
1199,2028-base-plus,CZ,S,onshore,opex_mn_EUR,0.0
1200,2028-base-plus,CZ,S,waste,opex_mn_EUR,18.26357685726561
1201,2028-base-plus,CZ,S,gas_ccgt,opex_mn_EUR,167.53312735744677
1202,2028-base-plus,CZ,S,gas_chp,opex_mn_EUR,62.31916532945956
1203,2028-base-plus,CZ,S,biogas,opex_mn_EUR,5.62634036927637
1204,2028-base-plus,CZ,S,lig_sc,opex_mn_EUR,0.0
1205,2028-base-plus,CZ,S,bio,opex_mn_EUR,0.0
1206,2028-base-plus,CZ,S,gas_eng_chp,opex_mn_EUR,74.61799324845872
1207,2028-base-plus,CZ,S,lig,opex_mn_EUR,0.0
1208,2028-base-plus,CZ,S,lig_ex,opex_mn_EUR,119.42049059220771
1209,2028-base-plus,CZ,S,coal,opex_mn_EUR,0.0
1210,2028-base-plus,CZ,S,coal_ex,opex_mn_EUR,2.91797783777491e-17
1211,2028-base-plus,CZ,S,gas_peak,opex_mn_EUR,0.0
1212,2028-base-plus,CZ,S,lig_old,opex_mn_EUR,0.0
1213,2028-base-plus,CZ,S,b_CHP,opex_mn_EUR,-1.797497678822247e-18
1214,2028-base-plus,CZ,S,lig_bp,opex_mn_EUR,74.54749960630741
1215,2028-base-plus,CZ,S,coal_bp,opex_mn_EUR,0.0
1216,2028-base-plus,CZ,S,dsr,opex_mn_EUR,0.0
1217,2028-base-plus,CZ,S,h_ror,opex_mn_EUR,
1218,2028-base-plus,CZ,S,h_dams,opex_mn_EUR,1.466631214981034
1219,2028-base-plus,CZ,S,li,opex_mn_EUR,0.1783388667679467
1220,2028-base-plus,CZ,S,pump_open,opex_mn_EUR,1.070553540365837
1221,2028-base-plus,CZ,S,pump,opex_mn_EUR,1.4547750105314572
1222,2028-base-plus,CZ,W,nuclear,opex_mn_EUR,301.6691192865061
1223,2028-base-plus,CZ,W,solar,opex_mn_EUR,0.0
1224,2028-base-plus,CZ,W,onshore,opex_mn_EUR,0.0
1225,2028-base-plus,CZ,W,waste,opex_mn_EUR,27.71719247001544
1226,2028-base-plus,CZ,W,gas_ccgt,opex_mn_EUR,219.54443573404143
1227,2028-base-plus,CZ,W,gas_chp,opex_mn_EUR,213.3858637369155
1228,2028-base-plus,CZ,W,biogas,opex_mn_EUR,63.61120634995976
1229,2028-base-plus,CZ,W,lig_sc,opex_mn_EUR,69.72028856473325
1230,2028-base-plus,CZ,W,bio,opex_mn_EUR,0.0
1231,2028-base-plus,CZ,W,gas_eng_chp,opex_mn_EUR,92.94991515155232
1232,2028-base-plus,CZ,W,lig,opex_mn_EUR,48.326249763873385
1233,2028-base-plus,CZ,W,lig_ex,opex_mn_EUR,254.48236936216324
1234,2028-base-plus,CZ,W,coal,opex_mn_EUR,0.0
1235,2028-base-plus,CZ,W,coal_ex,opex_mn_EUR,2.940840222888024
1236,2028-base-plus,CZ,W,gas_peak,opex_mn_EUR,4.02333142539687
1237,2028-base-plus,CZ,W,lig_old,opex_mn_EUR,3.7006540341513343
1238,2028-base-plus,CZ,W,b_CHP,opex_mn_EUR,0.0
1239,2028-base-plus,CZ,W,lig_bp,opex_mn_EUR,292.97983514350204
1240,2028-base-plus,CZ,W,coal_bp,opex_mn_EUR,0.0
1241,2028-base-plus,CZ,W,dsr,opex_mn_EUR,0.0
1242,2028-base-plus,CZ,W,h_ror,opex_mn_EUR,1.160456162434897
1243,2028-base-plus,CZ,W,h_dams,opex_mn_EUR,1.519125642161823
1244,2028-base-plus,CZ,W,li,opex_mn_EUR,0.2168340636820257
1245,2028-base-plus,CZ,W,pump_open,opex_mn_EUR,0.5852277926028018
1246,2028-base-plus,CZ,W,pump,opex_mn_EUR,0.704887343034141
1247,2028-base-plus,CZ,Y,h_ror,wholesale_expenses_mn_EUR,0.0
1248,2028-base-plus,CZ,Y,h_dams,wholesale_expenses_mn_EUR,0.0
1249,2028-base-plus,CZ,Y,li,wholesale_expenses_mn_EUR,5.799413219818733
1250,2028-base-plus,CZ,Y,pump_open,wholesale_expenses_mn_EUR,24.53369113561759
1251,2028-base-plus,CZ,Y,pump,wholesale_expenses_mn_EUR,33.40777390000373
1252,2028-base-plus,CZ,Y,IMPORT_EXPORT,wholesale_expenses_mn_EUR,1037.6660496105671
1253,2028-base-plus,CZ,S,h_ror,wholesale_expenses_mn_EUR,0.0
1254,2028-base-plus,CZ,S,h_dams,wholesale_expenses_mn_EUR,0.0
1255,2028-base-plus,CZ,S,li,wholesale_expenses_mn_EUR,1.9434877911734028
1256,2028-base-plus,CZ,S,pump_open,wholesale_expenses_mn_EUR,13.002665718851016
1257,2028-base-plus,CZ,S,pump,wholesale_expenses_mn_EUR,18.550965323466823
1258,2028-base-plus,CZ,S,IMPORT_EXPORT,wholesale_expenses_mn_EUR,412.0068384489691
1259,2028-base-plus,CZ,W,h_ror,wholesale_expenses_mn_EUR,0.0
1260,2028-base-plus,CZ,W,h_dams,wholesale_expenses_mn_EUR,0.0
1261,2028-base-plus,CZ,W,li,wholesale_expenses_mn_EUR,3.8559254286453313
1262,2028-base-plus,CZ,W,pump_open,wholesale_expenses_mn_EUR,11.531025416766576
1263,2028-base-plus,CZ,W,pump,wholesale_expenses_mn_EUR,14.856808576536904
1264,2028-base-plus,CZ,W,IMPORT_EXPORT,wholesale_expenses_mn_EUR,625.6592111615981
1265,2028-base-plus,CZ,Y,nuclear,wholesale_revenues_mn_EUR,2552.023294823645
1266,2028-base-plus,CZ,Y,solar,wholesale_revenues_mn_EUR,441.6033278777092
1267,2028-base-plus,CZ,Y,onshore,wholesale_revenues_mn_EUR,86.17850462852135
1268,2028-base-plus,CZ,Y,waste,wholesale_revenues_mn_EUR,114.9827446258088
1269,2028-base-plus,CZ,Y,gas_ccgt,wholesale_revenues_mn_EUR,436.8396420057436
1270,2028-base-plus,CZ,Y,gas_chp,wholesale_revenues_mn_EUR,321.5059079418712
1271,2028-base-plus,CZ,Y,biogas,wholesale_revenues_mn_EUR,77.23839293534719
1272,2028-base-plus,CZ,Y,lig_sc,wholesale_revenues_mn_EUR,73.74243217996708
1273,2028-base-plus,CZ,Y,bio,wholesale_revenues_mn_EUR,0.0
1274,2028-base-plus,CZ,Y,gas_eng_chp,wholesale_revenues_mn_EUR,160.30997774650348
1275,2028-base-plus,CZ,Y,lig,wholesale_revenues_mn_EUR,50.17884683647969
1276,2028-base-plus,CZ,Y,lig_ex,wholesale_revenues_mn_EUR,317.9958053400515
1277,2028-base-plus,CZ,Y,coal,wholesale_revenues_mn_EUR,0.0
1278,2028-base-plus,CZ,Y,coal_ex,wholesale_revenues_mn_EUR,2.8779310833084555
1279,2028-base-plus,CZ,Y,gas_peak,wholesale_revenues_mn_EUR,4.237696581360437
1280,2028-base-plus,CZ,Y,lig_old,wholesale_revenues_mn_EUR,3.711848485516647
1281,2028-base-plus,CZ,Y,b_CHP,wholesale_revenues_mn_EUR,-5.9791418103217905e-19
1282,2028-base-plus,CZ,Y,lig_bp,wholesale_revenues_mn_EUR,164.4367831083954
1283,2028-base-plus,CZ,Y,coal_bp,wholesale_revenues_mn_EUR,0.0
1284,2028-base-plus,CZ,Y,dsr,wholesale_revenues_mn_EUR,0.0
1285,2028-base-plus,CZ,Y,h_ror,wholesale_revenues_mn_EUR,105.93310593358956
1286,2028-base-plus,CZ,Y,h_dams,wholesale_revenues_mn_EUR,100.4598702621494
1287,2028-base-plus,CZ,Y,li,wholesale_revenues_mn_EUR,8.331980084467116
1288,2028-base-plus,CZ,Y,pump_open,wholesale_revenues_mn_EUR,42.821552013760254
1289,2028-base-plus,CZ,Y,pump,wholesale_revenues_mn_EUR,54.89278496181561
1290,2028-base-plus,CZ,Y,IMPORT_EXPORT,wholesale_revenues_mn_EUR,23.719507872479927
1291,2028-base-plus,CZ,S,nuclear,wholesale_revenues_mn_EUR,1108.1615852508835
1292,2028-base-plus,CZ,S,solar,wholesale_revenues_mn_EUR,273.3945105689529
1293,2028-base-plus,CZ,S,onshore,wholesale_revenues_mn_EUR,26.159176998592795
1294,2028-base-plus,CZ,S,waste,wholesale_revenues_mn_EUR,41.76940356973893
1295,2028-base-plus,CZ,S,gas_ccgt,wholesale_revenues_mn_EUR,175.4212385098666
1296,2028-base-plus,CZ,S,gas_chp,wholesale_revenues_mn_EUR,64.81412926290929
1297,2028-base-plus,CZ,S,biogas,wholesale_revenues_mn_EUR,5.707135352758959
1298,2028-base-plus,CZ,S,lig_sc,wholesale_revenues_mn_EUR,0.0
1299,2028-base-plus,CZ,S,bio,wholesale_revenues_mn_EUR,0.0
1300,2028-base-plus,CZ,S,gas_eng_chp,wholesale_revenues_mn_EUR,66.46282696069265
1301,2028-base-plus,CZ,S,lig,wholesale_revenues_mn_EUR,0.0
1302,2028-base-plus,CZ,S,lig_ex,wholesale_revenues_mn_EUR,83.37286202465903
1303,2028-base-plus,CZ,S,coal,wholesale_revenues_mn_EUR,0.0
1304,2028-base-plus,CZ,S,coal_ex,wholesale_revenues_mn_EUR,2.819684525261544e-17
1305,2028-base-plus,CZ,S,gas_peak,wholesale_revenues_mn_EUR,0.0
1306,2028-base-plus,CZ,S,lig_old,wholesale_revenues_mn_EUR,0.0
1307,2028-base-plus,CZ,S,b_CHP,wholesale_revenues_mn_EUR,-5.9791418103217905e-19
1308,2028-base-plus,CZ,S,lig_bp,wholesale_revenues_mn_EUR,28.963633226109444
1309,2028-base-plus,CZ,S,coal_bp,wholesale_revenues_mn_EUR,0.0
1310,2028-base-plus,CZ,S,dsr,wholesale_revenues_mn_EUR,0.0
1311,2028-base-plus,CZ,S,h_ror,wholesale_revenues_mn_EUR,48.74684211264013
1312,2028-base-plus,CZ,S,h_dams,wholesale_revenues_mn_EUR,44.605763991863874
1313,2028-base-plus,CZ,S,li,wholesale_revenues_mn_EUR,3.448326985411929
1314,2028-base-plus,CZ,S,pump_open,wholesale_revenues_mn_EUR,25.629030866724857
1315,2028-base-plus,CZ,S,pump,wholesale_revenues_mn_EUR,34.50794669973654
1316,2028-base-plus,CZ,S,IMPORT_EXPORT,wholesale_revenues_mn_EUR,3.798630818449555
1317,2028-base-plus,CZ,W,nuclear,wholesale_revenues_mn_EUR,1443.861709572761
1318,2028-base-plus,CZ,W,solar,wholesale_revenues_mn_EUR,168.20881730875624
1319,2028-base-plus,CZ,W,onshore,wholesale_revenues_mn_EUR,60.01932762992856
1320,2028-base-plus,CZ,W,waste,wholesale_revenues_mn_EUR,73.21334105606986
1321,2028-base-plus,CZ,W,gas_ccgt,wholesale_revenues_mn_EUR,261.418403495877
1322,2028-base-plus,CZ,W,gas_chp,wholesale_revenues_mn_EUR,256.6917786789619
1323,2028-base-plus,CZ,W,biogas,wholesale_revenues_mn_EUR,71.53125758258824
1324,2028-base-plus,CZ,W,lig_sc,wholesale_revenues_mn_EUR,73.74243217996708
1325,2028-base-plus,CZ,W,bio,wholesale_revenues_mn_EUR,0.0
1326,2028-base-plus,CZ,W,gas_eng_chp,wholesale_revenues_mn_EUR,93.8471507858108
1327,2028-base-plus,CZ,W,lig,wholesale_revenues_mn_EUR,50.17884683647969
1328,2028-base-plus,CZ,W,lig_ex,wholesale_revenues_mn_EUR,234.6229433153925
1329,2028-base-plus,CZ,W,coal,wholesale_revenues_mn_EUR,0.0
1330,2028-base-plus,CZ,W,coal_ex,wholesale_revenues_mn_EUR,2.8779310833084555
1331,2028-base-plus,CZ,W,gas_peak,wholesale_revenues_mn_EUR,4.237696581360437
1332,2028-base-plus,CZ,W,lig_old,wholesale_revenues_mn_EUR,3.711848485516647
1333,2028-base-plus,CZ,W,b_CHP,wholesale_revenues_mn_EUR,0.0
1334,2028-base-plus,CZ,W,lig_bp,wholesale_revenues_mn_EUR,135.47314988228592
1335,2028-base-plus,CZ,W,coal_bp,wholesale_revenues_mn_EUR,0.0
1336,2028-base-plus,CZ,W,dsr,wholesale_revenues_mn_EUR,0.0
1337,2028-base-plus,CZ,W,h_ror,wholesale_revenues_mn_EUR,57.186263820949456
1338,2028-base-plus,CZ,W,h_dams,wholesale_revenues_mn_EUR,55.85410627028552
1339,2028-base-plus,CZ,W,li,wholesale_revenues_mn_EUR,4.883653099055188
1340,2028-base-plus,CZ,W,pump_open,wholesale_revenues_mn_EUR,17.192521147035396
1341,2028-base-plus,CZ,W,pump,wholesale_revenues_mn_EUR,20.384838262079068
1342,2028-base-plus,CZ,W,IMPORT_EXPORT,wholesale_revenues_mn_EUR,19.92087705403037
1343,2028-base-plus,CZ,Y,TOTAL,avg_consumer_price_EUR_per_MWh,90.18505555373362
1344,2028-base-plus,CZ,S,TOTAL,avg_consumer_price_EUR_per_MWh,79.0088775044207
1345,2028-base-plus,CZ,W,TOTAL,avg_consumer_price_EUR_per_MWh,99.41817151981286
1346,2028-base-plus,CZ,Y,TOTAL,avg_producer_price_EUR_per_MWh,88.85816671681687
1347,2028-base-plus,CZ,S,TOTAL,avg_producer_price_EUR_per_MWh,76.53728333734163
1348,2028-base-plus,CZ,W,TOTAL,avg_producer_price_EUR_per_MWh,99.04442262425232
1349,2028-base-plus,CZ,Y,nuclear,capacity_factor,0.7964817503918005
1350,2028-base-plus,CZ,Y,solar,capacity_factor,0.1179873151350562
1351,2028-base-plus,CZ,Y,onshore,capacity_factor,0.2249512284205716
1352,2028-base-plus,CZ,Y,waste,capacity_factor,0.6666666666665807
1353,2028-base-plus,CZ,Y,gas_ccgt,capacity_factor,0.8370897746909426
1354,2028-base-plus,CZ,Y,gas_chp,capacity_factor,0.5333333333333176
1355,2028-base-plus,CZ,Y,biogas,capacity_factor,0.2873309882542192
1356,2028-base-plus,CZ,Y,lig_sc,capacity_factor,0.1732173984952175
1357,2028-base-plus,CZ,Y,gas_eng_chp,capacity_factor,0.5333333333333685
1358,2028-base-plus,CZ,Y,lig,capacity_factor,0.0497542837774628
1359,2028-base-plus,CZ,Y,lig_ex,capacity_factor,0.5304037608077461
1360,2028-base-plus,CZ,Y,coal_ex,capacity_factor,0.0485449700221455
1361,2028-base-plus,CZ,Y,gas_peak,capacity_factor,0.0394389734731186
1362,2028-base-plus,CZ,Y,lig_old,capacity_factor,0.002725636733765
1363,2028-base-plus,CZ,Y,b_CHP,capacity_factor,-1.6151370857726e-20
1364,2028-base-plus,CZ,Y,lig_bp,capacity_factor,0.5333333333333387
1365,2028-base-plus,CZ,Y,h_ror,capacity_factor,0.3265278585714864
1366,2028-base-plus,CZ,Y,h_dams,capacity_factor,0.1865571011903423
1367,2028-base-plus,CZ,Y,li,capacity_factor,0.0902221302397197
1368,2028-base-plus,CZ,Y,pump_open,capacity_factor,0.1005404967556008
1369,2028-base-plus,CZ,Y,pump,capacity_factor,0.0909058990974326
1370,2028-base-plus,CZ,Y,TOTAL,capacity_factor,0.3101566135003993
1371,2028-base-plus,CZ,S,nuclear,capacity_factor,0.7758452989642761
1372,2028-base-plus,CZ,S,solar,capacity_factor,0.163971334533138
1373,2028-base-plus,CZ,S,onshore,capacity_factor,0.1623204955012917
1374,2028-base-plus,CZ,S,waste,capacity_factor,0.5112835336874749
1375,2028-base-plus,CZ,S,gas_ccgt,capacity_factor,0.7158899302638244
1376,2028-base-plus,CZ,S,gas_chp,capacity_factor,0.2793415431449557
1377,2028-base-plus,CZ,S,biogas,capacity_factor,0.0465131286380805
1378,2028-base-plus,CZ,S,lig_sc,capacity_factor,0.0
1379,2028-base-plus,CZ,S,gas_eng_chp,capacity_factor,0.4762915983127792
1380,2028-base-plus,CZ,S,lig,capacity_factor,0.0
1381,2028-base-plus,CZ,S,lig_ex,capacity_factor,0.3703199475371554
1382,2028-base-plus,CZ,S,coal_ex,capacity_factor,6.913834205937539e-19
1383,2028-base-plus,CZ,S,gas_peak,capacity_factor,0.0
1384,2028-base-plus,CZ,S,lig_old,capacity_factor,0.0
1385,2028-base-plus,CZ,S,b_CHP,capacity_factor,-3.239148551137357e-20
1386,2028-base-plus,CZ,S,lig_bp,capacity_factor,0.2136195437650458
1387,2028-base-plus,CZ,S,h_ror,capacity_factor,0.3347628402805361
1388,2028-base-plus,CZ,S,h_dams,capacity_factor,0.1837806346726546
1389,2028-base-plus,CZ,S,li,capacity_factor,0.0816569902783638
1390,2028-base-plus,CZ,S,pump_open,capacity_factor,0.1303670724668085
1391,2028-base-plus,CZ,S,pump,capacity_factor,0.1228071117354102
1392,2028-base-plus,CZ,S,TOTAL,capacity_factor,1.2440347684356674
1393,2028-base-plus,CZ,W,nuclear,capacity_factor,0.8170054343251856
1394,2028-base-plus,CZ,W,solar,capacity_factor,0.0722545745314995
1395,2028-base-plus,CZ,W,onshore,capacity_factor,0.2872397168976696
1396,2028-base-plus,CZ,W,waste,capacity_factor,0.8212007114873304
1397,2028-base-plus,CZ,W,gas_ccgt,capacity_factor,0.9576273248862188
1398,2028-base-plus,CZ,W,gas_chp,capacity_factor,0.7859371902419615
1399,2028-base-plus,CZ,W,biogas,capacity_factor,0.5268329032822916
1400,2028-base-plus,CZ,W,lig_sc,capacity_factor,0.3454882538292591
1401,2028-base-plus,CZ,W,gas_eng_chp,capacity_factor,0.5900633648839
1402,2028-base-plus,CZ,W,lig,capacity_factor,0.0992366862228084
1403,2028-base-plus,CZ,W,lig_ex,capacity_factor,0.6896127991424319
1404,2028-base-plus,CZ,W,coal_ex,capacity_factor,0.0968246669840608
1405,2028-base-plus,CZ,W,gas_peak,capacity_factor,0.0786624334299906
1406,2028-base-plus,CZ,W,lig_old,capacity_factor,0.0054363792777281
1407,2028-base-plus,CZ,W,b_CHP,capacity_factor,0.0
1408,2028-base-plus,CZ,W,lig_bp,capacity_factor,0.8513000530132802
1409,2028-base-plus,CZ,W,h_ror,capacity_factor,0.3183378767624863
1410,2028-base-plus,CZ,W,h_dams,capacity_factor,0.1893183957598459
1411,2028-base-plus,CZ,W,li,capacity_factor,0.0987404661575709
1412,2028-base-plus,CZ,W,pump_open,capacity_factor,0.0708769077969133
1413,2028-base-plus,CZ,W,pump,capacity_factor,0.0591790100257827
1414,2028-base-plus,CZ,W,TOTAL,capacity_factor,1.2372367642365656
1415,2028-base-plus,CZ,Y,li,capacity_factor_charging,0.0102107555357691
1416,2028-base-plus,CZ,Y,pump_open,capacity_factor_charging,0.1388492687750341
1417,2028-base-plus,CZ,Y,pump,capacity_factor_charging,0.1289202635292405
1418,2028-base-plus,CZ,S,li,capacity_factor_charging,0.0107463300823034
1419,2028-base-plus,CZ,S,pump_open,capacity_factor_charging,0.1832953647048284
1420,2028-base-plus,CZ,S,pump,capacity_factor_charging,0.174607205124442
1421,2028-base-plus,CZ,W,li,capacity_factor_charging,0.0096781076261011
1422,2028-base-plus,CZ,W,pump_open,capacity_factor_charging,0.0946460476863862
1423,2028-base-plus,CZ,W,pump,capacity_factor_charging,0.083482977352592
1424,2028-base-plus,CZ,Y,nuclear,emissions_MtCO2,0.0
1425,2028-base-plus,CZ,Y,solar,emissions_MtCO2,0.0
1426,2028-base-plus,CZ,Y,onshore,emissions_MtCO2,0.0
1427,2028-base-plus,CZ,Y,waste,emissions_MtCO2,0.0
1428,2028-base-plus,CZ,Y,gas_ccgt,emissions_MtCO2,1.7785964536972838
1429,2028-base-plus,CZ,Y,gas_chp,emissions_MtCO2,1.403001599999958
1430,2028-base-plus,CZ,Y,biogas,emissions_MtCO2,0.0
1431,2028-base-plus,CZ,Y,lig_sc,emissions_MtCO2,0.6148582784673182
1432,2028-base-plus,CZ,Y,bio,emissions_MtCO2,0.0
1433,2028-base-plus,CZ,Y,gas_eng_chp,emissions_MtCO2,0.7567472000000498
1434,2028-base-plus,CZ,Y,lig,emissions_MtCO2,0.4228592696190356
1435,2028-base-plus,CZ,Y,lig_ex,emissions_MtCO2,7.681788870632593
1436,2028-base-plus,CZ,Y,coal,emissions_MtCO2,0.0
1437,2028-base-plus,CZ,Y,coal_ex,emissions_MtCO2,0.0413153931960961
1438,2028-base-plus,CZ,Y,gas_peak,emissions_MtCO2,0.0182900838509939
1439,2028-base-plus,CZ,Y,lig_old,emissions_MtCO2,0.0318672724874265
1440,2028-base-plus,CZ,Y,b_CHP,emissions_MtCO2,-0.0
1441,2028-base-plus,CZ,Y,lig_bp,emissions_MtCO2,3.348702720000033
1442,2028-base-plus,CZ,Y,coal_bp,emissions_MtCO2,0.0
1443,2028-base-plus,CZ,Y,dsr,emissions_MtCO2,0.0
1444,2028-base-plus,CZ,Y,eens,emissions_MtCO2,0.0
1445,2028-base-plus,CZ,Y,h_ror,emissions_MtCO2,0.0
1446,2028-base-plus,CZ,Y,h_dams,emissions_MtCO2,0.0
1447,2028-base-plus,CZ,Y,li,emissions_MtCO2,0.0
1448,2028-base-plus,CZ,Y,pump_open,emissions_MtCO2,0.0
1449,2028-base-plus,CZ,Y,pump,emissions_MtCO2,0.0
1450,2028-base-plus,CZ,Y,TOTAL,emissions_MtCO2,16.09802714195079
1451,2028-base-plus,CZ,S,nuclear,emissions_MtCO2,0.0
1452,2028-base-plus,CZ,S,solar,emissions_MtCO2,0.0
1453,2028-base-plus,CZ,S,onshore,emissions_MtCO2,0.0
1454,2028-base-plus,CZ,S,waste,emissions_MtCO2,0.0
1455,2028-base-plus,CZ,S,gas_ccgt,emissions_MtCO2,0.7584556000934229
1456,2028-base-plus,CZ,S,gas_chp,emissions_MtCO2,0.3664152072952871
1457,2028-base-plus,CZ,S,biogas,emissions_MtCO2,0.0
1458,2028-base-plus,CZ,S,lig_sc,emissions_MtCO2,0.0
1459,2028-base-plus,CZ,S,bio,emissions_MtCO2,0.0
1460,2028-base-plus,CZ,S,gas_eng_chp,emissions_MtCO2,0.3369795445891597
1461,2028-base-plus,CZ,S,lig,emissions_MtCO2,0.0
1462,2028-base-plus,CZ,S,lig_ex,emissions_MtCO2,2.674307865741566
1463,2028-base-plus,CZ,S,coal,emissions_MtCO2,0.0
1464,2028-base-plus,CZ,S,coal_ex,emissions_MtCO2,2.934033968163688e-19
1465,2028-base-plus,CZ,S,gas_peak,emissions_MtCO2,0.0
1466,2028-base-plus,CZ,S,lig_old,emissions_MtCO2,0.0
1467,2028-base-plus,CZ,S,b_CHP,emissions_MtCO2,-0.0
1468,2028-base-plus,CZ,S,lig_bp,emissions_MtCO2,0.6688017082177016
1469,2028-base-plus,CZ,S,coal_bp,emissions_MtCO2,0.0
1470,2028-base-plus,CZ,S,dsr,emissions_MtCO2,0.0
1471,2028-base-plus,CZ,S,eens,emissions_MtCO2,0.0
1472,2028-base-plus,CZ,S,h_ror,emissions_MtCO2,0.0
1473,2028-base-plus,CZ,S,h_dams,emissions_MtCO2,0.0
1474,2028-base-plus,CZ,S,li,emissions_MtCO2,0.0
1475,2028-base-plus,CZ,S,pump_open,emissions_MtCO2,0.0
1476,2028-base-plus,CZ,S,pump,emissions_MtCO2,0.0
1477,2028-base-plus,CZ,S,TOTAL,emissions_MtCO2,32.19605428390158
1478,2028-base-plus,CZ,W,nuclear,emissions_MtCO2,0.0
1479,2028-base-plus,CZ,W,solar,emissions_MtCO2,0.0
1480,2028-base-plus,CZ,W,onshore,emissions_MtCO2,0.0
1481,2028-base-plus,CZ,W,waste,emissions_MtCO2,0.0
1482,2028-base-plus,CZ,W,gas_ccgt,emissions_MtCO2,1.020140853603861
1483,2028-base-plus,CZ,W,gas_chp,emissions_MtCO2,1.0365863927046712
1484,2028-base-plus,CZ,W,biogas,emissions_MtCO2,0.0
1485,2028-base-plus,CZ,W,lig_sc,emissions_MtCO2,0.6148582784673182
1486,2028-base-plus,CZ,W,bio,emissions_MtCO2,0.0
1487,2028-base-plus,CZ,W,gas_eng_chp,emissions_MtCO2,0.41976765541089
1488,2028-base-plus,CZ,W,lig,emissions_MtCO2,0.4228592696190356
1489,2028-base-plus,CZ,W,lig_ex,emissions_MtCO2,5.0074810048910265
1490,2028-base-plus,CZ,W,coal,emissions_MtCO2,0.0
1491,2028-base-plus,CZ,W,coal_ex,emissions_MtCO2,0.0413153931960961
1492,2028-base-plus,CZ,W,gas_peak,emissions_MtCO2,0.0182900838509939
1493,2028-base-plus,CZ,W,lig_old,emissions_MtCO2,0.0318672724874265
1494,2028-base-plus,CZ,W,b_CHP,emissions_MtCO2,0.0
1495,2028-base-plus,CZ,W,lig_bp,emissions_MtCO2,2.679901011782332
1496,2028-base-plus,CZ,W,coal_bp,emissions_MtCO2,0.0
1497,2028-base-plus,CZ,W,dsr,emissions_MtCO2,0.0
1498,2028-base-plus,CZ,W,eens,emissions_MtCO2,0.0
1499,2028-base-plus,CZ,W,h_ror,emissions_MtCO2,0.0
1500,2028-base-plus,CZ,W,h_dams,emissions_MtCO2,0.0
1501,2028-base-plus,CZ,W,li,emissions_MtCO2,0.0
1502,2028-base-plus,CZ,W,pump_open,emissions_MtCO2,0.0
1503,2028-base-plus,CZ,W,pump,emissions_MtCO2,0.0
1504,2028-base-plus,CZ,W,TOTAL,emissions_MtCO2,32.19605428390158
1505,2028-base-plus,CZ,Y,nuclear,power_share_high_value,0.974468817970178
1506,2028-base-plus,CZ,Y,solar,power_share_high_value,0.86537014988304
1507,2028-base-plus,CZ,Y,onshore,power_share_high_value,0.979391758191212
1508,2028-base-plus,CZ,S,nuclear,power_share_high_value,0.9552808718901492
1509,2028-base-plus,CZ,S,solar,power_share_high_value,0.8337016594318253
1510,2028-base-plus,CZ,S,onshore,power_share_high_value,0.9540531000559832
1511,2028-base-plus,CZ,W,nuclear,power_share_high_value,0.992590519591888
1512,2028-base-plus,CZ,W,solar,power_share_high_value,0.9368445047032004
1513,2028-base-plus,CZ,W,onshore,power_share_high_value,0.993632505494948
1514,2028-base-plus,CZ,Y,nuclear,power_share_low_value,0.0245908437857071
1515,2028-base-plus,CZ,Y,solar,power_share_low_value,0.1288968637397311
1516,2028-base-plus,CZ,Y,onshore,power_share_low_value,0.0199767660252134
1517,2028-base-plus,CZ,S,nuclear,power_share_low_value,0.0430382489866638
1518,2028-base-plus,CZ,S,solar,power_share_low_value,0.1588578618370675
1519,2028-base-plus,CZ,S,onshore,power_share_low_value,0.0446979635023042
1520,2028-base-plus,CZ,W,nuclear,power_share_low_value,0.0071685323328697
1521,2028-base-plus,CZ,W,solar,power_share_low_value,0.0612762421608757
1522,2028-base-plus,CZ,W,onshore,power_share_low_value,0.0060830418809363
1523,2028-base-plus,CZ,Y,nuclear,power_share_zero_value,0.0009403382441145
1524,2028-base-plus,CZ,Y,solar,power_share_zero_value,0.005732986377229
1525,2028-base-plus,CZ,Y,onshore,power_share_zero_value,0.0006314757835744
1526,2028-base-plus,CZ,S,nuclear,power_share_zero_value,0.0016808791231867
1527,2028-base-plus,CZ,S,solar,power_share_zero_value,0.0074404787311072
1528,2028-base-plus,CZ,S,onshore,power_share_zero_value,0.0012489364417123
1529,2028-base-plus,CZ,W,nuclear,power_share_zero_value,0.0002409480752421
1530,2028-base-plus,CZ,W,solar,power_share_zero_value,0.001879253135924
1531,2028-base-plus,CZ,W,onshore,power_share_zero_value,0.0002844526241154
1532,2028-ex-seven,CZ,Y,nuclear,capacity_GW,4.099
1533,2028-ex-seven,CZ,Y,solar,capacity_GW,7.0
1534,2028-ex-seven,CZ,Y,onshore,capacity_GW,0.5
1535,2028-ex-seven,CZ,Y,waste,capacity_GW,0.19575
1536,2028-ex-seven,CZ,Y,gas_ccgt,capacity_GW,0.6174
1537,2028-ex-seven,CZ,Y,gas_chp,capacity_GW,0.7644
1538,2028-ex-seven,CZ,Y,biogas,capacity_GW,0.279
1539,2028-ex-seven,CZ,Y,lig_sc,capacity_GW,0.4356
1540,2028-ex-seven,CZ,Y,bio,capacity_GW,0.0
1541,2028-ex-seven,CZ,Y,gas_eng_chp,capacity_GW,0.3313124999999999
1542,2028-ex-seven,CZ,Y,lig,capacity_GW,0.9702
1543,2028-ex-seven,CZ,Y,lig_ex,capacity_GW,1.38666
1544,2028-ex-seven,CZ,Y,coal,capacity_GW,0.0
1545,2028-ex-seven,CZ,Y,coal_ex,capacity_GW,0.11484
1546,2028-ex-seven,CZ,Y,gas_peak,capacity_GW,0.096255
1547,2028-ex-seven,CZ,Y,lig_old,capacity_GW,0.0
1548,2028-ex-seven,CZ,Y,b_CHP,capacity_GW,0.20925
1549,2028-ex-seven,CZ,Y,lig_bp,capacity_GW,0.35838
1550,2028-ex-seven,CZ,Y,coal_bp,capacity_GW,0.0
1551,2028-ex-seven,CZ,Y,dsr,capacity_GW,0.0
1552,2028-ex-seven,CZ,Y,h_ror,capacity_GW,0.415
1553,2028-ex-seven,CZ,Y,h_dams,capacity_GW,0.609
1554,2028-ex-seven,CZ,Y,li,capacity_GW,0.1
1555,2028-ex-seven,CZ,Y,pump_open,capacity_GW,0.47
1556,2028-ex-seven,CZ,Y,pump,capacity_GW,0.678
1557,2028-ex-seven,CZ,Y,TOTAL,capacity_GW,19.6300475
1558,2028-ex-seven,CZ,Y,h_ror,capacity_charging_GW,0.0
1559,2028-ex-seven,CZ,Y,h_dams,capacity_charging_GW,0.0
1560,2028-ex-seven,CZ,Y,li,capacity_charging_GW,1.25599
1561,2028-ex-seven,CZ,Y,pump_open,capacity_charging_GW,0.44
1562,2028-ex-seven,CZ,Y,pump,capacity_charging_GW,0.664
1563,2028-ex-seven,CZ,Y,nuclear,capacity_paid_off_GW,0.0
1564,2028-ex-seven,CZ,Y,solar,capacity_paid_off_GW,0.0
1565,2028-ex-seven,CZ,Y,onshore,capacity_paid_off_GW,0.0
1566,2028-ex-seven,CZ,Y,waste,capacity_paid_off_GW,0.0
1567,2028-ex-seven,CZ,Y,gas_ccgt,capacity_paid_off_GW,0.0
1568,2028-ex-seven,CZ,Y,gas_chp,capacity_paid_off_GW,0.0
1569,2028-ex-seven,CZ,Y,biogas,capacity_paid_off_GW,0.0
1570,2028-ex-seven,CZ,Y,lig_sc,capacity_paid_off_GW,0.0
1571,2028-ex-seven,CZ,Y,bio,capacity_paid_off_GW,0.0
1572,2028-ex-seven,CZ,Y,gas_eng_chp,capacity_paid_off_GW,0.0
1573,2028-ex-seven,CZ,Y,lig,capacity_paid_off_GW,0.0
1574,2028-ex-seven,CZ,Y,lig_ex,capacity_paid_off_GW,0.0
1575,2028-ex-seven,CZ,Y,coal,capacity_paid_off_GW,0.0
1576,2028-ex-seven,CZ,Y,coal_ex,capacity_paid_off_GW,0.0
1577,2028-ex-seven,CZ,Y,gas_peak,capacity_paid_off_GW,0.0
1578,2028-ex-seven,CZ,Y,lig_old,capacity_paid_off_GW,0.0
1579,2028-ex-seven,CZ,Y,b_CHP,capacity_paid_off_GW,0.0
1580,2028-ex-seven,CZ,Y,lig_bp,capacity_paid_off_GW,0.0
1581,2028-ex-seven,CZ,Y,coal_bp,capacity_paid_off_GW,0.0
1582,2028-ex-seven,CZ,Y,dsr,capacity_paid_off_GW,0.0
1583,2028-ex-seven,CZ,Y,h_ror,capacity_paid_off_GW,0.0
1584,2028-ex-seven,CZ,Y,h_dams,capacity_paid_off_GW,0.0
1585,2028-ex-seven,CZ,Y,li,capacity_paid_off_GW,0.0
1586,2028-ex-seven,CZ,Y,pump_open,capacity_paid_off_GW,0.0
1587,2028-ex-seven,CZ,Y,pump,capacity_paid_off_GW,0.0
1588,2028-ex-seven,CZ,Y,h_ror,capacity_charging_paid_off_GW,0.0
1589,2028-ex-seven,CZ,Y,h_dams,capacity_charging_paid_off_GW,0.0
1590,2028-ex-seven,CZ,Y,li,capacity_charging_paid_off_GW,0.0
1591,2028-ex-seven,CZ,Y,pump_open,capacity_charging_paid_off_GW,0.0
1592,2028-ex-seven,CZ,Y,pump,capacity_charging_paid_off_GW,0.0
1593,2028-ex-seven,CZ,Y,TOTAL,load_TWh,67.306346938
1594,2028-ex-seven,CZ,S,TOTAL,load_TWh,30.449230927
1595,2028-ex-seven,CZ,W,TOTAL,load_TWh,36.857116011
1596,2028-ex-seven,CZ,Y,TOTAL,import_TWh,14.909396714688494
1597,2028-ex-seven,CZ,S,TOTAL,import_TWh,6.815086762901949
1598,2028-ex-seven,CZ,W,TOTAL,import_TWh,8.094309951786546
1599,2028-ex-seven,CZ,Y,TOTAL,export_TWh,3.3681191492081184
1600,2028-ex-seven,CZ,S,TOTAL,export_TWh,1.6808852342767813
1601,2028-ex-seven,CZ,W,TOTAL,export_TWh,1.6872339149313371
1602,2028-ex-seven,CZ,Y,TOTAL,net_import_TWh,11.541277565480376
1603,2028-ex-seven,CZ,S,TOTAL,net_import_TWh,5.134201528625168
1604,2028-ex-seven,CZ,W,TOTAL,net_import_TWh,6.407076036855209
1605,2028-ex-seven,CZ,Y,TOTAL,curtailment_TWh,0.0026748434998789
1606,2028-ex-seven,CZ,S,TOTAL,curtailment_TWh,0.0024904137512394
1607,2028-ex-seven,CZ,W,TOTAL,curtailment_TWh,0.0001844297486395
1608,2028-ex-seven,CZ,Y,nuclear,production_TWh,28.59946136693848
1609,2028-ex-seven,CZ,Y,solar,production_TWh,7.234982164081648
1610,2028-ex-seven,CZ,Y,onshore,production_TWh,0.9852863804821038
1611,2028-ex-seven,CZ,Y,waste,production_TWh,1.1431799999998484
1612,2028-ex-seven,CZ,Y,gas_ccgt,production_TWh,4.707928822449028
1613,2028-ex-seven,CZ,Y,gas_chp,production_TWh,2.88429224287205
1614,2028-ex-seven,CZ,Y,biogas,production_TWh,0.8698171528141061
1615,2028-ex-seven,CZ,Y,lig_sc,production_TWh,0.8410517390790015
1616,2028-ex-seven,CZ,Y,bio,production_TWh,0.0
1617,2028-ex-seven,CZ,Y,gas_eng_chp,production_TWh,1.5478920000000884
1618,2028-ex-seven,CZ,Y,lig,production_TWh,0.5382890969151464
1619,2028-ex-seven,CZ,Y,lig_ex,production_TWh,2.645696072879278
1620,2028-ex-seven,CZ,Y,coal,production_TWh,0.0
1621,2028-ex-seven,CZ,Y,coal_ex,production_TWh,0.2218457616760568
1622,2028-ex-seven,CZ,Y,gas_peak,production_TWh,0.0404831759507023
1623,2028-ex-seven,CZ,Y,lig_old,production_TWh,0.0
1624,2028-ex-seven,CZ,Y,b_CHP,production_TWh,6.743166666666791e-05
1625,2028-ex-seven,CZ,Y,lig_bp,production_TWh,1.6743513600000133
1626,2028-ex-seven,CZ,Y,coal_bp,production_TWh,0.0
1627,2028-ex-seven,CZ,Y,dsr,production_TWh,0.0
1628,2028-ex-seven,CZ,Y,eens,production_TWh,-7.97399479779414e-18
1629,2028-ex-seven,CZ,Y,h_ror,production_TWh,1.1870688152923154
1630,2028-ex-seven,CZ,Y,h_dams,production_TWh,0.9952522857142858
1631,2028-ex-seven,CZ,Y,li,production_TWh,0.0843399624830325
1632,2028-ex-seven,CZ,Y,pump_open,production_TWh,0.3969601781299283
1633,2028-ex-seven,CZ,Y,pump,production_TWh,0.5180867430260515
1634,2028-ex-seven,CZ,Y,TOTAL,production_TWh,57.11633275244983
1635,2028-ex-seven,CZ,S,nuclear,production_TWh,13.891069397825554
1636,2028-ex-seven,CZ,S,solar,production_TWh,5.013587524685228
1637,2028-ex-seven,CZ,S,onshore,production_TWh,0.3545079621748212
1638,2028-ex-seven,CZ,S,waste,production_TWh,0.4164505587697411
1639,2028-ex-seven,CZ,S,gas_ccgt,production_TWh,2.088123355588163
1640,2028-ex-seven,CZ,S,gas_chp,production_TWh,0.5719415950044614
1641,2028-ex-seven,CZ,S,biogas,production_TWh,0.1211633008391434
1642,2028-ex-seven,CZ,S,lig_sc,production_TWh,0.0
1643,2028-ex-seven,CZ,S,bio,production_TWh,0.0
1644,2028-ex-seven,CZ,S,gas_eng_chp,production_TWh,0.616089415943682
1645,2028-ex-seven,CZ,S,lig,production_TWh,0.0
1646,2028-ex-seven,CZ,S,lig_ex,production_TWh,1.0187800808558998
1647,2028-ex-seven,CZ,S,coal,production_TWh,0.0
1648,2028-ex-seven,CZ,S,coal_ex,production_TWh,0.0794568667786382
1649,2028-ex-seven,CZ,S,gas_peak,production_TWh,0.0
1650,2028-ex-seven,CZ,S,lig_old,production_TWh,0.0
1651,2028-ex-seven,CZ,S,b_CHP,production_TWh,5.901610064837643e-19
1652,2028-ex-seven,CZ,S,lig_bp,production_TWh,0.2946383681707732
1653,2028-ex-seven,CZ,S,coal_bp,production_TWh,0.0
1654,2028-ex-seven,CZ,S,dsr,production_TWh,0.0
1655,2028-ex-seven,CZ,S,eens,production_TWh,-7.632934284629289e-18
1656,2028-ex-seven,CZ,S,h_ror,production_TWh,0.606839935836772
1657,2028-ex-seven,CZ,S,h_dams,production_TWh,0.4877292485541414
1658,2028-ex-seven,CZ,S,li,production_TWh,0.0376218683314466
1659,2028-ex-seven,CZ,S,pump_open,production_TWh,0.2583734196762542
1660,2028-ex-seven,CZ,S,pump,production_TWh,0.3496922020873021
1661,2028-ex-seven,CZ,S,TOTAL,production_TWh,114.23266550489966
1662,2028-ex-seven,CZ,W,nuclear,production_TWh,14.708391969112927
1663,2028-ex-seven,CZ,W,solar,production_TWh,2.221394639396421
1664,2028-ex-seven,CZ,W,onshore,production_TWh,0.6307784183072825
1665,2028-ex-seven,CZ,W,waste,production_TWh,0.7267294412301073
1666,2028-ex-seven,CZ,W,gas_ccgt,production_TWh,2.619805466860865
1667,2028-ex-seven,CZ,W,gas_chp,production_TWh,2.3123506478675893
1668,2028-ex-seven,CZ,W,biogas,production_TWh,0.7486538519749627
1669,2028-ex-seven,CZ,W,lig_sc,production_TWh,0.8410517390790015
1670,2028-ex-seven,CZ,W,bio,production_TWh,0.0
1671,2028-ex-seven,CZ,W,gas_eng_chp,production_TWh,0.9318025840564064
1672,2028-ex-seven,CZ,W,lig,production_TWh,0.5382890969151464
1673,2028-ex-seven,CZ,W,lig_ex,production_TWh,1.6269159920233782
1674,2028-ex-seven,CZ,W,coal,production_TWh,0.0
1675,2028-ex-seven,CZ,W,coal_ex,production_TWh,0.1423888948974186
1676,2028-ex-seven,CZ,W,gas_peak,production_TWh,0.0404831759507023
1677,2028-ex-seven,CZ,W,lig_old,production_TWh,0.0
1678,2028-ex-seven,CZ,W,b_CHP,production_TWh,6.743166666666733e-05
1679,2028-ex-seven,CZ,W,lig_bp,production_TWh,1.3797129918292408
1680,2028-ex-seven,CZ,W,coal_bp,production_TWh,0.0
1681,2028-ex-seven,CZ,W,dsr,production_TWh,0.0
1682,2028-ex-seven,CZ,W,eens,production_TWh,-3.410605131648481e-19
1683,2028-ex-seven,CZ,W,h_ror,production_TWh,0.5802288794555438
1684,2028-ex-seven,CZ,W,h_dams,production_TWh,0.5075230371601444
1685,2028-ex-seven,CZ,W,li,production_TWh,0.0467180941515859
1686,2028-ex-seven,CZ,W,pump_open,production_TWh,0.1385867584536741
1687,2028-ex-seven,CZ,W,pump,production_TWh,0.1683945409387494
1688,2028-ex-seven,CZ,W,TOTAL,production_TWh,114.23266550489966
1689,2028-ex-seven,CZ,Y,gas_chp,production_el_eq_TWh,3.571276799999912
1690,2028-ex-seven,CZ,Y,gas_eng_chp,production_el_eq_TWh,1.5478920000000884
1691,2028-ex-seven,CZ,Y,lig_ex,production_el_eq_TWh,6.478475519999701
1692,2028-ex-seven,CZ,Y,coal_ex,production_el_eq_TWh,0.5365324799999727
1693,2028-ex-seven,CZ,Y,b_CHP,production_el_eq_TWh,0.0001685791666666
1694,2028-ex-seven,CZ,Y,lig_bp,production_el_eq_TWh,1.6743513600000133
1695,2028-ex-seven,CZ,Y,coal_bp,production_el_eq_TWh,0.0
1696,2028-ex-seven,CZ,Y,eens,production_el_eq_TWh,0.0
1697,2028-ex-seven,CZ,S,gas_chp,production_el_eq_TWh,0.8313245372902599
1698,2028-ex-seven,CZ,S,gas_eng_chp,production_el_eq_TWh,0.616089415943682
1699,2028-ex-seven,CZ,S,lig_ex,production_el_eq_TWh,2.545945453445943
1700,2028-ex-seven,CZ,S,coal_ex,production_el_eq_TWh,0.1984367066787384
1701,2028-ex-seven,CZ,S,b_CHP,production_el_eq_TWh,1.4754025162094105e-18
1702,2028-ex-seven,CZ,S,lig_bp,production_el_eq_TWh,0.2946383681707732
1703,2028-ex-seven,CZ,S,coal_bp,production_el_eq_TWh,0.0
1704,2028-ex-seven,CZ,S,eens,production_el_eq_TWh,0.0
1705,2028-ex-seven,CZ,W,gas_chp,production_el_eq_TWh,2.739952262709652
1706,2028-ex-seven,CZ,W,gas_eng_chp,production_el_eq_TWh,0.9318025840564064
1707,2028-ex-seven,CZ,W,lig_ex,production_el_eq_TWh,3.932530066553758
1708,2028-ex-seven,CZ,W,coal_ex,production_el_eq_TWh,0.3380957733212341
1709,2028-ex-seven,CZ,W,b_CHP,production_el_eq_TWh,0.0001685791666666
1710,2028-ex-seven,CZ,W,lig_bp,production_el_eq_TWh,1.3797129918292408
1711,2028-ex-seven,CZ,W,coal_bp,production_el_eq_TWh,0.0
1712,2028-ex-seven,CZ,W,eens,production_el_eq_TWh,0.0
1713,2028-ex-seven,CZ,Y,solar,production_used_TWh,7.234226785336998
1714,2028-ex-seven,CZ,Y,onshore,production_used_TWh,0.9852823372880152
1715,2028-ex-seven,CZ,S,solar,production_used_TWh,5.0128321459405765
1716,2028-ex-seven,CZ,S,onshore,production_used_TWh,0.3545039189807324
1717,2028-ex-seven,CZ,W,solar,production_used_TWh,2.221394639396421
1718,2028-ex-seven,CZ,W,onshore,production_used_TWh,0.6307784183072825
1719,2028-ex-seven,CZ,Y,solar,production_excess_TWh,0.0007553787446516
1720,2028-ex-seven,CZ,Y,onshore,production_excess_TWh,4.043194088730501e-06
1721,2028-ex-seven,CZ,S,solar,production_excess_TWh,0.0007553787446516
1722,2028-ex-seven,CZ,S,onshore,production_excess_TWh,4.043194088730501e-06
1723,2028-ex-seven,CZ,W,solar,production_excess_TWh,0.0
1724,2028-ex-seven,CZ,W,onshore,production_excess_TWh,0.0
1725,2028-ex-seven,CZ,Y,h_ror,discharged_TWh,1.1870688152923154
1726,2028-ex-seven,CZ,Y,h_dams,discharged_TWh,0.9952522857142858
1727,2028-ex-seven,CZ,Y,li,discharged_TWh,0.0843399624830325
1728,2028-ex-seven,CZ,Y,pump_open,discharged_TWh,0.3969601781299283
1729,2028-ex-seven,CZ,Y,pump,discharged_TWh,0.5180867430260515
1730,2028-ex-seven,CZ,Y,TOTAL,discharged_TWh,3.1817079846456138
1731,2028-ex-seven,CZ,S,h_ror,discharged_TWh,0.606839935836772
1732,2028-ex-seven,CZ,S,h_dams,discharged_TWh,0.4877292485541414
1733,2028-ex-seven,CZ,S,li,discharged_TWh,0.0376218683314466
1734,2028-ex-seven,CZ,S,pump_open,discharged_TWh,0.2583734196762542
1735,2028-ex-seven,CZ,S,pump,discharged_TWh,0.3496922020873021
1736,2028-ex-seven,CZ,S,TOTAL,discharged_TWh,6.363415969291228
1737,2028-ex-seven,CZ,W,h_ror,discharged_TWh,0.5802288794555438
1738,2028-ex-seven,CZ,W,h_dams,discharged_TWh,0.5075230371601444
1739,2028-ex-seven,CZ,W,li,discharged_TWh,0.0467180941515859
1740,2028-ex-seven,CZ,W,pump_open,discharged_TWh,0.1385867584536741
1741,2028-ex-seven,CZ,W,pump,discharged_TWh,0.1683945409387494
1742,2028-ex-seven,CZ,W,TOTAL,discharged_TWh,6.363415969291228
1743,2028-ex-seven,CZ,Y,h_ror,charged_TWh,0.0
1744,2028-ex-seven,CZ,Y,h_dams,charged_TWh,0.0
1745,2028-ex-seven,CZ,Y,li,charged_TWh,0.1174334872057561
1746,2028-ex-seven,CZ,Y,pump_open,charged_TWh,0.5115901283550592
1747,2028-ex-seven,CZ,Y,pump,charged_TWh,0.719564920869516
1748,2028-ex-seven,CZ,Y,TOTAL,charged_TWh,1.3485885364303314
1749,2028-ex-seven,CZ,S,h_ror,charged_TWh,0.0
1750,2028-ex-seven,CZ,S,h_dams,charged_TWh,0.0
1751,2028-ex-seven,CZ,S,li,charged_TWh,0.0601670699948432
1752,2028-ex-seven,CZ,S,pump_open,charged_TWh,0.3417645335421985
1753,2028-ex-seven,CZ,S,pump,charged_TWh,0.4866136854589079
1754,2028-ex-seven,CZ,S,TOTAL,charged_TWh,2.6971770728606628
1755,2028-ex-seven,CZ,W,h_ror,charged_TWh,0.0
1756,2028-ex-seven,CZ,W,h_dams,charged_TWh,0.0
1757,2028-ex-seven,CZ,W,li,charged_TWh,0.0572664172109129
1758,2028-ex-seven,CZ,W,pump_open,charged_TWh,0.1698255948128608
1759,2028-ex-seven,CZ,W,pump,charged_TWh,0.232951235410608
1760,2028-ex-seven,CZ,W,TOTAL,charged_TWh,2.6971770728606628
1761,2028-ex-seven,CZ,Y,h_ror,inflow_TWh,1.19177
1762,2028-ex-seven,CZ,Y,h_dams,inflow_TWh,0.9952522857142856
1763,2028-ex-seven,CZ,Y,pump_open,inflow_TWh,0.0286152857142857
1764,2028-ex-seven,CZ,S,h_ror,inflow_TWh,0.61016
1765,2028-ex-seven,CZ,S,h_dams,inflow_TWh,0.488849
1766,2028-ex-seven,CZ,S,pump_open,inflow_TWh,0.013893
1767,2028-ex-seven,CZ,W,h_ror,inflow_TWh,0.58161
1768,2028-ex-seven,CZ,W,h_dams,inflow_TWh,0.5064032857142857
1769,2028-ex-seven,CZ,W,pump_open,inflow_TWh,0.0147222857142857
1770,2028-ex-seven,CZ,Y,gas_chp,heat_production_PJ,4.9462888113206045
1771,2028-ex-seven,CZ,Y,gas_eng_chp,heat_production_PJ,5.572411200000318
1772,2028-ex-seven,CZ,Y,lig_ex,heat_production_PJ,38.63441682697386
1773,2028-ex-seven,CZ,Y,coal_ex,heat_production_PJ,3.172042120705071
1774,2028-ex-seven,CZ,Y,b_CHP,heat_production_PJ,0.001092393
1775,2028-ex-seven,CZ,Y,lig_bp,heat_production_PJ,18.08299468800014
1776,2028-ex-seven,CZ,Y,coal_bp,heat_production_PJ,0.0
1777,2028-ex-seven,CZ,Y,eens,heat_production_PJ,2.8706381272058905e-17
1778,2028-ex-seven,CZ,S,gas_chp,heat_production_PJ,1.8675571844577483
1779,2028-ex-seven,CZ,S,gas_eng_chp,heat_production_PJ,2.217921897397256
1780,2028-ex-seven,CZ,S,lig_ex,heat_production_PJ,15.393826955707638
1781,2028-ex-seven,CZ,S,coal_ex,heat_production_PJ,1.19931678619301
1782,2028-ex-seven,CZ,S,b_CHP,heat_production_PJ,9.56060830503698e-18
1783,2028-ex-seven,CZ,S,lig_bp,heat_production_PJ,3.18209437624435
1784,2028-ex-seven,CZ,S,coal_bp,heat_production_PJ,0.0
1785,2028-ex-seven,CZ,S,eens,heat_production_PJ,2.7478563424665447e-17
1786,2028-ex-seven,CZ,W,gas_chp,heat_production_PJ,3.078731626862856
1787,2028-ex-seven,CZ,W,gas_eng_chp,heat_production_PJ,3.3544893026030627
1788,2028-ex-seven,CZ,W,lig_ex,heat_production_PJ,23.240589871266227
1789,2028-ex-seven,CZ,W,coal_ex,heat_production_PJ,1.972725334512061
1790,2028-ex-seven,CZ,W,b_CHP,heat_production_PJ,0.001092393
1791,2028-ex-seven,CZ,W,lig_bp,heat_production_PJ,14.900900311755793
1792,2028-ex-seven,CZ,W,coal_bp,heat_production_PJ,0.0
1793,2028-ex-seven,CZ,W,eens,heat_production_PJ,1.2278178473934533e-18
1794,2028-ex-seven,CZ,Y,waste,production_hours,6683.0
1795,2028-ex-seven,CZ,Y,gas_ccgt,production_hours,7849.0
1796,2028-ex-seven,CZ,Y,gas_chp,production_hours,8020.0
1797,2028-ex-seven,CZ,Y,biogas,production_hours,3389.0
1798,2028-ex-seven,CZ,Y,lig_sc,production_hours,2293.0
1799,2028-ex-seven,CZ,Y,bio,production_hours,0.0
1800,2028-ex-seven,CZ,Y,gas_eng_chp,production_hours,5438.0
1801,2028-ex-seven,CZ,Y,lig,production_hours,881.0
1802,2028-ex-seven,CZ,Y,lig_ex,production_hours,8760.0
1803,2028-ex-seven,CZ,Y,coal,production_hours,0.0
1804,2028-ex-seven,CZ,Y,coal_ex,production_hours,8698.0
1805,2028-ex-seven,CZ,Y,gas_peak,production_hours,484.0
1806,2028-ex-seven,CZ,Y,lig_old,production_hours,0.0
1807,2028-ex-seven,CZ,Y,b_CHP,production_hours,5.0
1808,2028-ex-seven,CZ,Y,lig_bp,production_hours,6238.0
1809,2028-ex-seven,CZ,Y,coal_bp,production_hours,0.0
1810,2028-ex-seven,CZ,Y,dsr,production_hours,0.0
1811,2028-ex-seven,CZ,Y,eens,production_hours,0.0
1812,2028-ex-seven,CZ,Y,h_ror,production_hours,8760.0
1813,2028-ex-seven,CZ,Y,h_dams,production_hours,8760.0
1814,2028-ex-seven,CZ,Y,li,production_hours,974.0
1815,2028-ex-seven,CZ,Y,pump_open,production_hours,1302.0
1816,2028-ex-seven,CZ,Y,pump,production_hours,1078.0
1817,2028-ex-seven,CZ,S,waste,production_hours,2718.0
1818,2028-ex-seven,CZ,S,gas_ccgt,production_hours,3573.0
1819,2028-ex-seven,CZ,S,gas_chp,production_hours,3646.0
1820,2028-ex-seven,CZ,S,biogas,production_hours,536.0
1821,2028-ex-seven,CZ,S,lig_sc,production_hours,0.0
1822,2028-ex-seven,CZ,S,bio,production_hours,0.0
1823,2028-ex-seven,CZ,S,gas_eng_chp,production_hours,2261.0
1824,2028-ex-seven,CZ,S,lig,production_hours,0.0
1825,2028-ex-seven,CZ,S,lig_ex,production_hours,4368.0
1826,2028-ex-seven,CZ,S,coal,production_hours,0.0
1827,2028-ex-seven,CZ,S,coal_ex,production_hours,4368.0
1828,2028-ex-seven,CZ,S,gas_peak,production_hours,0.0
1829,2028-ex-seven,CZ,S,lig_old,production_hours,0.0
1830,2028-ex-seven,CZ,S,b_CHP,production_hours,0.0
1831,2028-ex-seven,CZ,S,lig_bp,production_hours,1868.0
1832,2028-ex-seven,CZ,S,coal_bp,production_hours,0.0
1833,2028-ex-seven,CZ,S,dsr,production_hours,0.0
1834,2028-ex-seven,CZ,S,eens,production_hours,0.0
1835,2028-ex-seven,CZ,S,h_ror,production_hours,4368.0
1836,2028-ex-seven,CZ,S,h_dams,production_hours,4368.0
1837,2028-ex-seven,CZ,S,li,production_hours,430.0
1838,2028-ex-seven,CZ,S,pump_open,production_hours,830.0
1839,2028-ex-seven,CZ,S,pump,production_hours,731.0
1840,2028-ex-seven,CZ,W,waste,production_hours,3965.0
1841,2028-ex-seven,CZ,W,gas_ccgt,production_hours,4276.0
1842,2028-ex-seven,CZ,W,gas_chp,production_hours,4374.0
1843,2028-ex-seven,CZ,W,biogas,production_hours,2853.0
1844,2028-ex-seven,CZ,W,lig_sc,production_hours,2293.0
1845,2028-ex-seven,CZ,W,bio,production_hours,0.0
1846,2028-ex-seven,CZ,W,gas_eng_chp,production_hours,3177.0
1847,2028-ex-seven,CZ,W,lig,production_hours,881.0
1848,2028-ex-seven,CZ,W,lig_ex,production_hours,4392.0
1849,2028-ex-seven,CZ,W,coal,production_hours,0.0
1850,2028-ex-seven,CZ,W,coal_ex,production_hours,4330.0
1851,2028-ex-seven,CZ,W,gas_peak,production_hours,484.0
1852,2028-ex-seven,CZ,W,lig_old,production_hours,0.0
1853,2028-ex-seven,CZ,W,b_CHP,production_hours,5.0
1854,2028-ex-seven,CZ,W,lig_bp,production_hours,4370.0
1855,2028-ex-seven,CZ,W,coal_bp,production_hours,0.0
1856,2028-ex-seven,CZ,W,dsr,production_hours,0.0
1857,2028-ex-seven,CZ,W,eens,production_hours,0.0
1858,2028-ex-seven,CZ,W,h_ror,production_hours,4392.0
1859,2028-ex-seven,CZ,W,h_dams,production_hours,4392.0
1860,2028-ex-seven,CZ,W,li,production_hours,544.0
1861,2028-ex-seven,CZ,W,pump_open,production_hours,472.0
1862,2028-ex-seven,CZ,W,pump,production_hours,347.0
1863,2028-ex-seven,CZ,Y,nuclear,capex_mn_EUR_per_yr,2738.469079112492
1864,2028-ex-seven,CZ,Y,solar,capex_mn_EUR_per_yr,362.9795164565344
1865,2028-ex-seven,CZ,Y,onshore,capex_mn_EUR_per_yr,68.82996852045387
1866,2028-ex-seven,CZ,Y,waste,capex_mn_EUR_per_yr,228.2938717209026
1867,2028-ex-seven,CZ,Y,gas_ccgt,capex_mn_EUR_per_yr,76.18061222457844
1868,2028-ex-seven,CZ,Y,gas_chp,capex_mn_EUR_per_yr,138.841538451773
1869,2028-ex-seven,CZ,Y,biogas,capex_mn_EUR_per_yr,16.217086196531145
1870,2028-ex-seven,CZ,Y,lig_sc,capex_mn_EUR_per_yr,144.15255774515765
1871,2028-ex-seven,CZ,Y,bio,capex_mn_EUR_per_yr,0.0
1872,2028-ex-seven,CZ,Y,gas_eng_chp,capex_mn_EUR_per_yr,22.59441391073202
1873,2028-ex-seven,CZ,Y,lig,capex_mn_EUR_per_yr,321.06706043239666
1874,2028-ex-seven,CZ,Y,lig_ex,capex_mn_EUR_per_yr,458.8856421554186
1875,2028-ex-seven,CZ,Y,coal,capex_mn_EUR_per_yr,0.0
1876,2028-ex-seven,CZ,Y,coal_ex,capex_mn_EUR_per_yr,26.048184884115727
1877,2028-ex-seven,CZ,Y,gas_peak,capex_mn_EUR_per_yr,7.893982066856129
1878,2028-ex-seven,CZ,Y,lig_old,capex_mn_EUR_per_yr,0.0
1879,2028-ex-seven,CZ,Y,b_CHP,capex_mn_EUR_per_yr,109.81713302115293
1880,2028-ex-seven,CZ,Y,lig_bp,capex_mn_EUR_per_yr,118.59824069033428
1881,2028-ex-seven,CZ,Y,coal_bp,capex_mn_EUR_per_yr,0.0
1882,2028-ex-seven,CZ,Y,dsr,capex_mn_EUR_per_yr,0.0
1883,2028-ex-seven,CZ,Y,h_ror,capex_mn_EUR_per_yr,84.30517292657983
1884,2028-ex-seven,CZ,Y,h_dams,capex_mn_EUR_per_yr,123.71530195731836
1885,2028-ex-seven,CZ,Y,li,capex_mn_EUR_per_yr,4.011568788183623
1886,2028-ex-seven,CZ,Y,pump_open,capex_mn_EUR_per_yr,95.4781476517892
1887,2028-ex-seven,CZ,Y,pump,capex_mn_EUR_per_yr,137.73230661258106
1888,2028-ex-seven,CZ,S,nuclear,capex_mn_EUR_per_yr,2738.469079112492
1889,2028-ex-seven,CZ,S,solar,capex_mn_EUR_per_yr,362.9795164565344
1890,2028-ex-seven,CZ,S,onshore,capex_mn_EUR_per_yr,68.82996852045387
1891,2028-ex-seven,CZ,S,waste,capex_mn_EUR_per_yr,228.2938717209026
1892,2028-ex-seven,CZ,S,gas_ccgt,capex_mn_EUR_per_yr,76.18061222457844
1893,2028-ex-seven,CZ,S,gas_chp,capex_mn_EUR_per_yr,138.841538451773
1894,2028-ex-seven,CZ,S,biogas,capex_mn_EUR_per_yr,16.217086196531145
1895,2028-ex-seven,CZ,S,lig_sc,capex_mn_EUR_per_yr,144.15255774515765
1896,2028-ex-seven,CZ,S,bio,capex_mn_EUR_per_yr,0.0
1897,2028-ex-seven,CZ,S,gas_eng_chp,capex_mn_EUR_per_yr,22.59441391073202
1898,2028-ex-seven,CZ,S,lig,capex_mn_EUR_per_yr,321.06706043239666
1899,2028-ex-seven,CZ,S,lig_ex,capex_mn_EUR_per_yr,458.8856421554186
1900,2028-ex-seven,CZ,S,coal,capex_mn_EUR_per_yr,0.0
1901,2028-ex-seven,CZ,S,coal_ex,capex_mn_EUR_per_yr,26.048184884115727
1902,2028-ex-seven,CZ,S,gas_peak,capex_mn_EUR_per_yr,7.893982066856129
1903,2028-ex-seven,CZ,S,lig_old,capex_mn_EUR_per_yr,0.0
1904,2028-ex-seven,CZ,S,b_CHP,capex_mn_EUR_per_yr,109.81713302115293
1905,2028-ex-seven,CZ,S,lig_bp,capex_mn_EUR_per_yr,118.59824069033428
1906,2028-ex-seven,CZ,S,coal_bp,capex_mn_EUR_per_yr,0.0
1907,2028-ex-seven,CZ,S,dsr,capex_mn_EUR_per_yr,0.0
1908,2028-ex-seven,CZ,S,h_ror,capex_mn_EUR_per_yr,84.30517292657983
1909,2028-ex-seven,CZ,S,h_dams,capex_mn_EUR_per_yr,123.71530195731836
1910,2028-ex-seven,CZ,S,li,capex_mn_EUR_per_yr,4.011568788183623
1911,2028-ex-seven,CZ,S,pump_open,capex_mn_EUR_per_yr,95.4781476517892
1912,2028-ex-seven,CZ,S,pump,capex_mn_EUR_per_yr,137.73230661258106
1913,2028-ex-seven,CZ,W,nuclear,capex_mn_EUR_per_yr,2738.469079112492
1914,2028-ex-seven,CZ,W,solar,capex_mn_EUR_per_yr,362.9795164565344
1915,2028-ex-seven,CZ,W,onshore,capex_mn_EUR_per_yr,68.82996852045387
1916,2028-ex-seven,CZ,W,waste,capex_mn_EUR_per_yr,228.2938717209026
1917,2028-ex-seven,CZ,W,gas_ccgt,capex_mn_EUR_per_yr,76.18061222457844
1918,2028-ex-seven,CZ,W,gas_chp,capex_mn_EUR_per_yr,138.841538451773
1919,2028-ex-seven,CZ,W,biogas,capex_mn_EUR_per_yr,16.217086196531145
1920,2028-ex-seven,CZ,W,lig_sc,capex_mn_EUR_per_yr,144.15255774515765
1921,2028-ex-seven,CZ,W,bio,capex_mn_EUR_per_yr,0.0
1922,2028-ex-seven,CZ,W,gas_eng_chp,capex_mn_EUR_per_yr,22.59441391073202
1923,2028-ex-seven,CZ,W,lig,capex_mn_EUR_per_yr,321.06706043239666
1924,2028-ex-seven,CZ,W,lig_ex,capex_mn_EUR_per_yr,458.8856421554186
1925,2028-ex-seven,CZ,W,coal,capex_mn_EUR_per_yr,0.0
1926,2028-ex-seven,CZ,W,coal_ex,capex_mn_EUR_per_yr,26.048184884115727
1927,2028-ex-seven,CZ,W,gas_peak,capex_mn_EUR_per_yr,7.893982066856129
1928,2028-ex-seven,CZ,W,lig_old,capex_mn_EUR_per_yr,0.0
1929,2028-ex-seven,CZ,W,b_CHP,capex_mn_EUR_per_yr,109.81713302115293
1930,2028-ex-seven,CZ,W,lig_bp,capex_mn_EUR_per_yr,118.59824069033428
1931,2028-ex-seven,CZ,W,coal_bp,capex_mn_EUR_per_yr,0.0
1932,2028-ex-seven,CZ,W,dsr,capex_mn_EUR_per_yr,0.0
1933,2028-ex-seven,CZ,W,h_ror,capex_mn_EUR_per_yr,84.30517292657983
1934,2028-ex-seven,CZ,W,h_dams,capex_mn_EUR_per_yr,123.71530195731836
1935,2028-ex-seven,CZ,W,li,capex_mn_EUR_per_yr,4.011568788183623
1936,2028-ex-seven,CZ,W,pump_open,capex_mn_EUR_per_yr,95.4781476517892
1937,2028-ex-seven,CZ,W,pump,capex_mn_EUR_per_yr,137.73230661258106
1938,2028-ex-seven,CZ,Y,nuclear,opex_mn_EUR,586.5749526359082
1939,2028-ex-seven,CZ,Y,solar,opex_mn_EUR,0.0
1940,2028-ex-seven,CZ,Y,onshore,opex_mn_EUR,0.0
1941,2028-ex-seven,CZ,Y,waste,opex_mn_EUR,45.78014823847325
1942,2028-ex-seven,CZ,Y,gas_ccgt,opex_mn_EUR,401.8022010331747
1943,2028-ex-seven,CZ,Y,gas_chp,opex_mn_EUR,250.88159952482897
1944,2028-ex-seven,CZ,Y,biogas,opex_mn_EUR,85.74725434033036
1945,2028-ex-seven,CZ,Y,lig_sc,opex_mn_EUR,88.31461898350216
1946,2028-ex-seven,CZ,Y,bio,opex_mn_EUR,0.0
1947,2028-ex-seven,CZ,Y,gas_eng_chp,opex_mn_EUR,167.56790840000957
1948,2028-ex-seven,CZ,Y,lig,opex_mn_EUR,61.402132786120426
1949,2028-ex-seven,CZ,Y,lig_ex,opex_mn_EUR,294.41976670253104
1950,2028-ex-seven,CZ,Y,coal,opex_mn_EUR,0.0
1951,2028-ex-seven,CZ,Y,coal_ex,opex_mn_EUR,24.95734183892502
1952,2028-ex-seven,CZ,Y,gas_peak,opex_mn_EUR,4.915320324240105
1953,2028-ex-seven,CZ,Y,lig_old,opex_mn_EUR,0.0
1954,2028-ex-seven,CZ,Y,b_CHP,opex_mn_EUR,0.0231702863456792
1955,2028-ex-seven,CZ,Y,lig_bp,opex_mn_EUR,367.6637646015248
1956,2028-ex-seven,CZ,Y,coal_bp,opex_mn_EUR,0.0
1957,2028-ex-seven,CZ,Y,dsr,opex_mn_EUR,0.0
1958,2028-ex-seven,CZ,Y,h_ror,opex_mn_EUR,2.374137630584631
1959,2028-ex-seven,CZ,Y,h_dams,opex_mn_EUR,2.985756857142857
1960,2028-ex-seven,CZ,Y,li,opex_mn_EUR,0.4216998124151629
1961,2028-ex-seven,CZ,Y,pump_open,opex_mn_EUR,1.5878407125197131
1962,2028-ex-seven,CZ,Y,pump,opex_mn_EUR,2.072346972104206
1963,2028-ex-seven,CZ,S,nuclear,opex_mn_EUR,284.9058333494021
1964,2028-ex-seven,CZ,S,solar,opex_mn_EUR,0.0
1965,2028-ex-seven,CZ,S,onshore,opex_mn_EUR,0.0
1966,2028-ex-seven,CZ,S,waste,opex_mn_EUR,17.327156423807892
1967,2028-ex-seven,CZ,S,gas_ccgt,opex_mn_EUR,180.5135146715648
1968,2028-ex-seven,CZ,S,gas_chp,opex_mn_EUR,50.05246235679304
1969,2028-ex-seven,CZ,S,biogas,opex_mn_EUR,12.034214181195926
1970,2028-ex-seven,CZ,S,lig_sc,opex_mn_EUR,0.0
1971,2028-ex-seven,CZ,S,bio,opex_mn_EUR,0.0
1972,2028-ex-seven,CZ,S,gas_eng_chp,opex_mn_EUR,66.69510199488104
1973,2028-ex-seven,CZ,S,lig,opex_mn_EUR,0.0
1974,2028-ex-seven,CZ,S,lig_ex,opex_mn_EUR,113.29733541578344
1975,2028-ex-seven,CZ,S,coal,opex_mn_EUR,0.0
1976,2028-ex-seven,CZ,S,coal_ex,opex_mn_EUR,8.92969609314904
1977,2028-ex-seven,CZ,S,gas_peak,opex_mn_EUR,0.0
1978,2028-ex-seven,CZ,S,lig_old,opex_mn_EUR,0.0
1979,2028-ex-seven,CZ,S,b_CHP,opex_mn_EUR,8.957769765821344e-17
1980,2028-ex-seven,CZ,S,lig_bp,opex_mn_EUR,66.16597654360302
1981,2028-ex-seven,CZ,S,coal_bp,opex_mn_EUR,0.0
1982,2028-ex-seven,CZ,S,dsr,opex_mn_EUR,0.0
1983,2028-ex-seven,CZ,S,h_ror,opex_mn_EUR,
1984,2028-ex-seven,CZ,S,h_dams,opex_mn_EUR,1.4631877456624245
1985,2028-ex-seven,CZ,S,li,opex_mn_EUR,0.1881093416572332
1986,2028-ex-seven,CZ,S,pump_open,opex_mn_EUR,1.0334936787050168
1987,2028-ex-seven,CZ,S,pump,opex_mn_EUR,1.3987688083492085
1988,2028-ex-seven,CZ,W,nuclear,opex_mn_EUR,301.6691192865061
1989,2028-ex-seven,CZ,W,solar,opex_mn_EUR,0.0
1990,2028-ex-seven,CZ,W,onshore,opex_mn_EUR,0.0
1991,2028-ex-seven,CZ,W,waste,opex_mn_EUR,28.45299181466536
1992,2028-ex-seven,CZ,W,gas_ccgt,opex_mn_EUR,221.2886863616099
1993,2028-ex-seven,CZ,W,gas_chp,opex_mn_EUR,200.829137168036
1994,2028-ex-seven,CZ,W,biogas,opex_mn_EUR,73.71304015913444
1995,2028-ex-seven,CZ,W,lig_sc,opex_mn_EUR,88.31461898350216
1996,2028-ex-seven,CZ,W,bio,opex_mn_EUR,0.0
1997,2028-ex-seven,CZ,W,gas_eng_chp,opex_mn_EUR,100.87280640512851
1998,2028-ex-seven,CZ,W,lig,opex_mn_EUR,61.402132786120426
1999,2028-ex-seven,CZ,W,lig_ex,opex_mn_EUR,181.1224312867476
2000,2028-ex-seven,CZ,W,coal,opex_mn_EUR,0.0
2001,2028-ex-seven,CZ,W,coal_ex,opex_mn_EUR,16.02764574577598
2002,2028-ex-seven,CZ,W,gas_peak,opex_mn_EUR,4.915320324240105
2003,2028-ex-seven,CZ,W,lig_old,opex_mn_EUR,0.0
2004,2028-ex-seven,CZ,W,b_CHP,opex_mn_EUR,0.0231702863456791
2005,2028-ex-seven,CZ,W,lig_bp,opex_mn_EUR,301.4977880579218
2006,2028-ex-seven,CZ,W,coal_bp,opex_mn_EUR,0.0
2007,2028-ex-seven,CZ,W,dsr,opex_mn_EUR,0.0
2008,2028-ex-seven,CZ,W,h_ror,opex_mn_EUR,1.1604577589110876
2009,2028-ex-seven,CZ,W,h_dams,opex_mn_EUR,1.522569111480433
2010,2028-ex-seven,CZ,W,li,opex_mn_EUR,0.2335904707579295
2011,2028-ex-seven,CZ,W,pump_open,opex_mn_EUR,0.5543470338146966
2012,2028-ex-seven,CZ,W,pump,opex_mn_EUR,0.6735781637549976
2013,2028-ex-seven,CZ,Y,h_ror,wholesale_expenses_mn_EUR,0.0
2014,2028-ex-seven,CZ,Y,h_dams,wholesale_expenses_mn_EUR,0.0
2015,2028-ex-seven,CZ,Y,li,wholesale_expenses_mn_EUR,6.525739799933638
2016,2028-ex-seven,CZ,Y,pump_open,wholesale_expenses_mn_EUR,25.93264357229124
2017,2028-ex-seven,CZ,Y,pump,wholesale_expenses_mn_EUR,35.72507341875967
2018,2028-ex-seven,CZ,Y,IMPORT_EXPORT,wholesale_expenses_mn_EUR,1090.9020322970107
2019,2028-ex-seven,CZ,S,h_ror,wholesale_expenses_mn_EUR,0.0
2020,2028-ex-seven,CZ,S,h_dams,wholesale_expenses_mn_EUR,0.0
2021,2028-ex-seven,CZ,S,li,wholesale_expenses_mn_EUR,2.237254194815196
2022,2028-ex-seven,CZ,S,pump_open,wholesale_expenses_mn_EUR,14.7982031606998
2023,2028-ex-seven,CZ,S,pump,wholesale_expenses_mn_EUR,20.69824986629889
2024,2028-ex-seven,CZ,S,IMPORT_EXPORT,wholesale_expenses_mn_EUR,433.89521217852536
2025,2028-ex-seven,CZ,W,h_ror,wholesale_expenses_mn_EUR,0.0
2026,2028-ex-seven,CZ,W,h_dams,wholesale_expenses_mn_EUR,0.0
2027,2028-ex-seven,CZ,W,li,wholesale_expenses_mn_EUR,4.288485605118442
2028,2028-ex-seven,CZ,W,pump_open,wholesale_expenses_mn_EUR,11.134440411591438
2029,2028-ex-seven,CZ,W,pump,wholesale_expenses_mn_EUR,15.02682355246078
2030,2028-ex-seven,CZ,W,IMPORT_EXPORT,wholesale_expenses_mn_EUR,657.0068201184852
2031,2028-ex-seven,CZ,Y,nuclear,wholesale_revenues_mn_EUR,2623.9988510903254
2032,2028-ex-seven,CZ,Y,solar,wholesale_revenues_mn_EUR,471.8308929617545
2033,2028-ex-seven,CZ,Y,onshore,wholesale_revenues_mn_EUR,89.04865128436998
2034,2028-ex-seven,CZ,Y,waste,wholesale_revenues_mn_EUR,116.77165040774923
2035,2028-ex-seven,CZ,Y,gas_ccgt,wholesale_revenues_mn_EUR,459.33774940980015
2036,2028-ex-seven,CZ,Y,gas_chp,wholesale_revenues_mn_EUR,299.99169099494924
2037,2028-ex-seven,CZ,Y,biogas,wholesale_revenues_mn_EUR,95.20807423988867
2038,2028-ex-seven,CZ,Y,lig_sc,wholesale_revenues_mn_EUR,93.37635938530228
2039,2028-ex-seven,CZ,Y,bio,wholesale_revenues_mn_EUR,0.0
2040,2028-ex-seven,CZ,Y,gas_eng_chp,wholesale_revenues_mn_EUR,162.78598007242778
2041,2028-ex-seven,CZ,Y,lig,wholesale_revenues_mn_EUR,63.4879522893686
2042,2028-ex-seven,CZ,Y,lig_ex,wholesale_revenues_mn_EUR,250.6042276909388
2043,2028-ex-seven,CZ,Y,coal,wholesale_revenues_mn_EUR,0.0
2044,2028-ex-seven,CZ,Y,coal_ex,wholesale_revenues_mn_EUR,21.18100408116248
2045,2028-ex-seven,CZ,Y,gas_peak,wholesale_revenues_mn_EUR,5.146717595859984
2046,2028-ex-seven,CZ,Y,lig_old,wholesale_revenues_mn_EUR,0.0
2047,2028-ex-seven,CZ,Y,b_CHP,wholesale_revenues_mn_EUR,0.006913304017767
2048,2028-ex-seven,CZ,Y,lig_bp,wholesale_revenues_mn_EUR,168.00396448593085
2049,2028-ex-seven,CZ,Y,coal_bp,wholesale_revenues_mn_EUR,0.0
2050,2028-ex-seven,CZ,Y,dsr,wholesale_revenues_mn_EUR,0.0
2051,2028-ex-seven,CZ,Y,h_ror,wholesale_revenues_mn_EUR,108.94553316464606
2052,2028-ex-seven,CZ,Y,h_dams,wholesale_revenues_mn_EUR,102.33706739140734
2053,2028-ex-seven,CZ,Y,li,wholesale_revenues_mn_EUR,9.075047524617087
2054,2028-ex-seven,CZ,Y,pump_open,wholesale_revenues_mn_EUR,41.84204846771616
2055,2028-ex-seven,CZ,Y,pump,wholesale_revenues_mn_EUR,53.920573220185744
2056,2028-ex-seven,CZ,Y,IMPORT_EXPORT,wholesale_revenues_mn_EUR,11.26276991172879
2057,2028-ex-seven,CZ,S,nuclear,wholesale_revenues_mn_EUR,1147.3015428480078
2058,2028-ex-seven,CZ,S,solar,wholesale_revenues_mn_EUR,296.0303700215352
2059,2028-ex-seven,CZ,S,onshore,wholesale_revenues_mn_EUR,27.549485329848995
2060,2028-ex-seven,CZ,S,waste,wholesale_revenues_mn_EUR,40.25231181448912
2061,2028-ex-seven,CZ,S,gas_ccgt,wholesale_revenues_mn_EUR,190.7064601347092
2062,2028-ex-seven,CZ,S,gas_chp,wholesale_revenues_mn_EUR,52.73453246595035
2063,2028-ex-seven,CZ,S,biogas,wholesale_revenues_mn_EUR,12.21931836551654
2064,2028-ex-seven,CZ,S,lig_sc,wholesale_revenues_mn_EUR,0.0
2065,2028-ex-seven,CZ,S,bio,wholesale_revenues_mn_EUR,0.0
2066,2028-ex-seven,CZ,S,gas_eng_chp,wholesale_revenues_mn_EUR,60.017123296539935
2067,2028-ex-seven,CZ,S,lig,wholesale_revenues_mn_EUR,0.0
2068,2028-ex-seven,CZ,S,lig_ex,wholesale_revenues_mn_EUR,82.69515719525916
2069,2028-ex-seven,CZ,S,coal,wholesale_revenues_mn_EUR,0.0
2070,2028-ex-seven,CZ,S,coal_ex,wholesale_revenues_mn_EUR,6.519439486050686
2071,2028-ex-seven,CZ,S,gas_peak,wholesale_revenues_mn_EUR,0.0
2072,2028-ex-seven,CZ,S,lig_old,wholesale_revenues_mn_EUR,0.0
2073,2028-ex-seven,CZ,S,b_CHP,wholesale_revenues_mn_EUR,4.373828432144933e-17
2074,2028-ex-seven,CZ,S,lig_bp,wholesale_revenues_mn_EUR,25.95184484331593
2075,2028-ex-seven,CZ,S,coal_bp,wholesale_revenues_mn_EUR,0.0
2076,2028-ex-seven,CZ,S,dsr,wholesale_revenues_mn_EUR,0.0
2077,2028-ex-seven,CZ,S,h_ror,wholesale_revenues_mn_EUR,50.43901321225065
2078,2028-ex-seven,CZ,S,h_dams,wholesale_revenues_mn_EUR,45.3323641278997
2079,2028-ex-seven,CZ,S,li,wholesale_revenues_mn_EUR,3.691138737394062
2080,2028-ex-seven,CZ,S,pump_open,wholesale_revenues_mn_EUR,25.38404551912424
2081,2028-ex-seven,CZ,S,pump,wholesale_revenues_mn_EUR,34.109490720306304
2082,2028-ex-seven,CZ,S,IMPORT_EXPORT,wholesale_revenues_mn_EUR,1.7308261672042118
2083,2028-ex-seven,CZ,W,nuclear,wholesale_revenues_mn_EUR,1476.697308242318
2084,2028-ex-seven,CZ,W,solar,wholesale_revenues_mn_EUR,175.80052294021928
2085,2028-ex-seven,CZ,W,onshore,wholesale_revenues_mn_EUR,61.49916595452098
2086,2028-ex-seven,CZ,W,waste,wholesale_revenues_mn_EUR,76.51933859326014
2087,2028-ex-seven,CZ,W,gas_ccgt,wholesale_revenues_mn_EUR,268.6312892750909
2088,2028-ex-seven,CZ,W,gas_chp,wholesale_revenues_mn_EUR,247.2571585289988
2089,2028-ex-seven,CZ,W,biogas,wholesale_revenues_mn_EUR,82.98875587437213
2090,2028-ex-seven,CZ,W,lig_sc,wholesale_revenues_mn_EUR,93.37635938530228
2091,2028-ex-seven,CZ,W,bio,wholesale_revenues_mn_EUR,0.0
2092,2028-ex-seven,CZ,W,gas_eng_chp,wholesale_revenues_mn_EUR,102.76885677588784
2093,2028-ex-seven,CZ,W,lig,wholesale_revenues_mn_EUR,63.4879522893686
2094,2028-ex-seven,CZ,W,lig_ex,wholesale_revenues_mn_EUR,167.90907049567969
2095,2028-ex-seven,CZ,W,coal,wholesale_revenues_mn_EUR,0.0
2096,2028-ex-seven,CZ,W,coal_ex,wholesale_revenues_mn_EUR,14.66156459511179
2097,2028-ex-seven,CZ,W,gas_peak,wholesale_revenues_mn_EUR,5.146717595859984
2098,2028-ex-seven,CZ,W,lig_old,wholesale_revenues_mn_EUR,0.0
2099,2028-ex-seven,CZ,W,b_CHP,wholesale_revenues_mn_EUR,0.006913304017767
2100,2028-ex-seven,CZ,W,lig_bp,wholesale_revenues_mn_EUR,142.05211964261494
2101,2028-ex-seven,CZ,W,coal_bp,wholesale_revenues_mn_EUR,0.0
2102,2028-ex-seven,CZ,W,dsr,wholesale_revenues_mn_EUR,0.0
2103,2028-ex-seven,CZ,W,h_ror,wholesale_revenues_mn_EUR,58.5065199523954
2104,2028-ex-seven,CZ,W,h_dams,wholesale_revenues_mn_EUR,57.00470326350765
2105,2028-ex-seven,CZ,W,li,wholesale_revenues_mn_EUR,5.3839087872230245
2106,2028-ex-seven,CZ,W,pump_open,wholesale_revenues_mn_EUR,16.45800294859191
2107,2028-ex-seven,CZ,W,pump,wholesale_revenues_mn_EUR,19.81108249987945
2108,2028-ex-seven,CZ,W,IMPORT_EXPORT,wholesale_revenues_mn_EUR,9.531943744524575
2109,2028-ex-seven,CZ,Y,TOTAL,avg_consumer_price_EUR_per_MWh,92.83074115000508
2110,2028-ex-seven,CZ,S,TOTAL,avg_consumer_price_EUR_per_MWh,81.94932312210763
2111,2028-ex-seven,CZ,W,TOTAL,avg_consumer_price_EUR_per_MWh,101.82034332739156
2112,2028-ex-seven,CZ,Y,TOTAL,avg_producer_price_EUR_per_MWh,91.23602324997096
2113,2028-ex-seven,CZ,S,TOTAL,avg_producer_price_EUR_per_MWh,79.37516520757914
2114,2028-ex-seven,CZ,W,TOTAL,avg_producer_price_EUR_per_MWh,101.0832284203834
2115,2028-ex-seven,CZ,Y,nuclear,capacity_factor,0.7964817503918005
2116,2028-ex-seven,CZ,Y,solar,capacity_factor,0.1179873151350562
2117,2028-ex-seven,CZ,Y,onshore,capacity_factor,0.2249512284205716
2118,2028-ex-seven,CZ,Y,waste,capacity_factor,0.6666666666665783
2119,2028-ex-seven,CZ,Y,gas_ccgt,capacity_factor,0.8704807208992913
2120,2028-ex-seven,CZ,Y,gas_chp,capacity_factor,0.5333333333333202
2121,2028-ex-seven,CZ,Y,biogas,capacity_factor,0.3558931739309119
2122,2028-ex-seven,CZ,Y,lig_sc,capacity_factor,0.220409716477509
2123,2028-ex-seven,CZ,Y,gas_eng_chp,capacity_factor,0.5333333333333639
2124,2028-ex-seven,CZ,Y,lig,capacity_factor,0.0633359379974315
2125,2028-ex-seven,CZ,Y,lig_ex,capacity_factor,0.5333333333333087
2126,2028-ex-seven,CZ,Y,coal_ex,capacity_factor,0.5333333333333062
2127,2028-ex-seven,CZ,Y,gas_peak,capacity_factor,0.0480117097050551
2128,2028-ex-seven,CZ,Y,b_CHP,capacity_factor,9.196748916639104e-05
2129,2028-ex-seven,CZ,Y,lig_bp,capacity_factor,0.5333333333333377
2130,2028-ex-seven,CZ,Y,h_ror,capacity_factor,0.3265304547759024
2131,2028-ex-seven,CZ,Y,h_dams,capacity_factor,0.1865571011903423
2132,2028-ex-seven,CZ,Y,li,capacity_factor,0.096278495985197
2133,2028-ex-seven,CZ,Y,pump_open,capacity_factor,0.0964150826119518
2134,2028-ex-seven,CZ,Y,pump,capacity_factor,0.0872305638101001
2135,2028-ex-seven,CZ,Y,TOTAL,capacity_factor,0.3321504601372153
2136,2028-ex-seven,CZ,S,nuclear,capacity_factor,0.7758452989642761
2137,2028-ex-seven,CZ,S,solar,capacity_factor,0.163971334533138
2138,2028-ex-seven,CZ,S,onshore,capacity_factor,0.1623204955012917
2139,2028-ex-seven,CZ,S,waste,capacity_factor,0.4870561692954929
2140,2028-ex-seven,CZ,S,gas_ccgt,capacity_factor,0.7742957867997794
2141,2028-ex-seven,CZ,S,gas_chp,capacity_factor,0.2489816216345375
2142,2028-ex-seven,CZ,S,biogas,capacity_factor,0.0994224047480728
2143,2028-ex-seven,CZ,S,lig_sc,capacity_factor,0.0
2144,2028-ex-seven,CZ,S,gas_eng_chp,capacity_factor,0.4257192581285597
2145,2028-ex-seven,CZ,S,lig,capacity_factor,0.0
2146,2028-ex-seven,CZ,S,lig_ex,capacity_factor,0.4203358935220247
2147,2028-ex-seven,CZ,S,coal_ex,capacity_factor,0.395590812999936
2148,2028-ex-seven,CZ,S,gas_peak,capacity_factor,0.0
2149,2028-ex-seven,CZ,S,b_CHP,capacity_factor,1.6142188832974586e-18
2150,2028-ex-seven,CZ,S,lig_bp,capacity_factor,0.1882187590460831
2151,2028-ex-seven,CZ,S,h_ror,capacity_factor,0.3347676066004523
2152,2028-ex-seven,CZ,S,h_dams,capacity_factor,0.1833491403948936
2153,2028-ex-seven,CZ,S,li,capacity_factor,0.0861306509419566
2154,2028-ex-seven,CZ,S,pump_open,capacity_factor,0.1258540934437369
2155,2028-ex-seven,CZ,S,pump,capacity_factor,0.1180792604323013
2156,2028-ex-seven,CZ,S,TOTAL,capacity_factor,1.332251845605314
2157,2028-ex-seven,CZ,W,nuclear,capacity_factor,0.8170054343251856
2158,2028-ex-seven,CZ,W,solar,capacity_factor,0.0722545745314995
2159,2028-ex-seven,CZ,W,onshore,capacity_factor,0.2872397168976696
2160,2028-ex-seven,CZ,W,waste,capacity_factor,0.8452956859099527
2161,2028-ex-seven,CZ,W,gas_ccgt,capacity_factor,0.9661400542660188
2162,2028-ex-seven,CZ,W,gas_chp,capacity_factor,0.8161312105419456
2163,2028-ex-seven,CZ,W,biogas,capacity_factor,0.61096246350073
2164,2028-ex-seven,CZ,W,lig_sc,capacity_factor,0.439615008274813
2165,2028-ex-seven,CZ,W,gas_eng_chp,capacity_factor,0.6403593534824039
2166,2028-ex-seven,CZ,W,lig,capacity_factor,0.1263257779730191
2167,2028-ex-seven,CZ,W,lig_ex,capacity_factor,0.6457133007958973
2168,2028-ex-seven,CZ,W,coal_ex,capacity_factor,0.6703231622987343
2169,2028-ex-seven,CZ,W,gas_peak,capacity_factor,0.0957610603406838
2170,2028-ex-seven,CZ,W,b_CHP,capacity_factor,0.0001834324237471
2171,2028-ex-seven,CZ,W,lig_bp,capacity_factor,0.8765620356299517
2172,2028-ex-seven,CZ,W,h_ror,capacity_factor,0.3183383147099567
2173,2028-ex-seven,CZ,W,h_dams,capacity_factor,0.1897475321453786
2174,2028-ex-seven,CZ,W,li,capacity_factor,0.106370888323283
2175,2028-ex-seven,CZ,W,pump_open,capacity_factor,0.0671369406918159
2176,2028-ex-seven,CZ,W,pump,capacity_factor,0.0565504393005885
2177,2028-ex-seven,CZ,W,TOTAL,capacity_factor,1.3249717808752302
2178,2028-ex-seven,CZ,Y,li,capacity_factor_charging,0.0106733725781267
2179,2028-ex-seven,CZ,Y,pump_open,capacity_factor_charging,0.1327288626907065
2180,2028-ex-seven,CZ,Y,pump,capacity_factor_charging,0.1237080033953478
2181,2028-ex-seven,CZ,S,li,capacity_factor_charging,0.0109670557579732
2182,2028-ex-seven,CZ,S,pump_open,capacity_factor_charging,0.1778245366832118
2183,2028-ex-seven,CZ,S,pump,capacity_factor_charging,0.1677774578599107
2184,2028-ex-seven,CZ,W,li,capacity_factor_charging,0.0103812942243996
2185,2028-ex-seven,CZ,W,pump_open,capacity_factor_charging,0.0878796131462477
2186,2028-ex-seven,CZ,W,pump,capacity_factor_charging,0.079879365621848
2187,2028-ex-seven,CZ,Y,nuclear,emissions_MtCO2,0.0
2188,2028-ex-seven,CZ,Y,solar,emissions_MtCO2,0.0
2189,2028-ex-seven,CZ,Y,onshore,emissions_MtCO2,0.0
2190,2028-ex-seven,CZ,Y,waste,emissions_MtCO2,0.0
2191,2028-ex-seven,CZ,Y,gas_ccgt,emissions_MtCO2,1.8495434659621184
2192,2028-ex-seven,CZ,Y,gas_chp,emissions_MtCO2,1.4030015999999652
2193,2028-ex-seven,CZ,Y,biogas,emissions_MtCO2,0.0
2194,2028-ex-seven,CZ,Y,lig_sc,emissions_MtCO2,0.7823737107711644
2195,2028-ex-seven,CZ,Y,bio,emissions_MtCO2,0.0
2196,2028-ex-seven,CZ,Y,gas_eng_chp,emissions_MtCO2,0.7567472000000433
2197,2028-ex-seven,CZ,Y,lig,emissions_MtCO2,0.5382890969151464
2198,2028-ex-seven,CZ,Y,lig_ex,emissions_MtCO2,6.478475519999701
2199,2028-ex-seven,CZ,Y,coal,emissions_MtCO2,0.0
2200,2028-ex-seven,CZ,Y,coal_ex,emissions_MtCO2,0.4539064780799769
2201,2028-ex-seven,CZ,Y,gas_peak,emissions_MtCO2,0.0222657467728862
2202,2028-ex-seven,CZ,Y,lig_old,emissions_MtCO2,0.0
2203,2028-ex-seven,CZ,Y,b_CHP,emissions_MtCO2,0.0
2204,2028-ex-seven,CZ,Y,lig_bp,emissions_MtCO2,3.3487027200000266
2205,2028-ex-seven,CZ,Y,coal_bp,emissions_MtCO2,0.0
2206,2028-ex-seven,CZ,Y,dsr,emissions_MtCO2,0.0
2207,2028-ex-seven,CZ,Y,eens,emissions_MtCO2,0.0
2208,2028-ex-seven,CZ,Y,h_ror,emissions_MtCO2,0.0
2209,2028-ex-seven,CZ,Y,h_dams,emissions_MtCO2,0.0
2210,2028-ex-seven,CZ,Y,li,emissions_MtCO2,0.0
2211,2028-ex-seven,CZ,Y,pump_open,emissions_MtCO2,0.0
2212,2028-ex-seven,CZ,Y,pump,emissions_MtCO2,0.0
2213,2028-ex-seven,CZ,Y,TOTAL,emissions_MtCO2,15.633305538501029
2214,2028-ex-seven,CZ,S,nuclear,emissions_MtCO2,0.0
2215,2028-ex-seven,CZ,S,solar,emissions_MtCO2,0.0
2216,2028-ex-seven,CZ,S,onshore,emissions_MtCO2,0.0
2217,2028-ex-seven,CZ,S,waste,emissions_MtCO2,0.0
2218,2028-ex-seven,CZ,S,gas_ccgt,emissions_MtCO2,0.8203341754096354
2219,2028-ex-seven,CZ,S,gas_chp,emissions_MtCO2,0.3265917825068878
2220,2028-ex-seven,CZ,S,biogas,emissions_MtCO2,0.0
2221,2028-ex-seven,CZ,S,lig_sc,emissions_MtCO2,0.0
2222,2028-ex-seven,CZ,S,bio,emissions_MtCO2,0.0
2223,2028-ex-seven,CZ,S,gas_eng_chp,emissions_MtCO2,0.3011992700169112
2224,2028-ex-seven,CZ,S,lig,emissions_MtCO2,0.0
2225,2028-ex-seven,CZ,S,lig_ex,emissions_MtCO2,2.545945453445943
2226,2028-ex-seven,CZ,S,coal,emissions_MtCO2,0.0
2227,2028-ex-seven,CZ,S,coal_ex,emissions_MtCO2,0.1678774538502127
2228,2028-ex-seven,CZ,S,gas_peak,emissions_MtCO2,0.0
2229,2028-ex-seven,CZ,S,lig_old,emissions_MtCO2,0.0
2230,2028-ex-seven,CZ,S,b_CHP,emissions_MtCO2,0.0
2231,2028-ex-seven,CZ,S,lig_bp,emissions_MtCO2,0.5892767363415464
2232,2028-ex-seven,CZ,S,coal_bp,emissions_MtCO2,0.0
2233,2028-ex-seven,CZ,S,dsr,emissions_MtCO2,0.0
2234,2028-ex-seven,CZ,S,eens,emissions_MtCO2,0.0
2235,2028-ex-seven,CZ,S,h_ror,emissions_MtCO2,0.0
2236,2028-ex-seven,CZ,S,h_dams,emissions_MtCO2,0.0
2237,2028-ex-seven,CZ,S,li,emissions_MtCO2,0.0
2238,2028-ex-seven,CZ,S,pump_open,emissions_MtCO2,0.0
2239,2028-ex-seven,CZ,S,pump,emissions_MtCO2,0.0
2240,2028-ex-seven,CZ,S,TOTAL,emissions_MtCO2,31.266611077002054
2241,2028-ex-seven,CZ,W,nuclear,emissions_MtCO2,0.0
2242,2028-ex-seven,CZ,W,solar,emissions_MtCO2,0.0
2243,2028-ex-seven,CZ,W,onshore,emissions_MtCO2,0.0
2244,2028-ex-seven,CZ,W,waste,emissions_MtCO2,0.0
2245,2028-ex-seven,CZ,W,gas_ccgt,emissions_MtCO2,1.0292092905524826
2246,2028-ex-seven,CZ,W,gas_chp,emissions_MtCO2,1.0764098174930776
2247,2028-ex-seven,CZ,W,biogas,emissions_MtCO2,0.0
2248,2028-ex-seven,CZ,W,lig_sc,emissions_MtCO2,0.7823737107711644
2249,2028-ex-seven,CZ,W,bio,emissions_MtCO2,0.0
2250,2028-ex-seven,CZ,W,gas_eng_chp,emissions_MtCO2,0.4555479299831319
2251,2028-ex-seven,CZ,W,lig,emissions_MtCO2,0.5382890969151464
2252,2028-ex-seven,CZ,W,lig_ex,emissions_MtCO2,3.932530066553758
2253,2028-ex-seven,CZ,W,coal,emissions_MtCO2,0.0
2254,2028-ex-seven,CZ,W,coal_ex,emissions_MtCO2,0.2860290242297641
2255,2028-ex-seven,CZ,W,gas_peak,emissions_MtCO2,0.0222657467728862
2256,2028-ex-seven,CZ,W,lig_old,emissions_MtCO2,0.0
2257,2028-ex-seven,CZ,W,b_CHP,emissions_MtCO2,0.0
2258,2028-ex-seven,CZ,W,lig_bp,emissions_MtCO2,2.7594259836584816
2259,2028-ex-seven,CZ,W,coal_bp,emissions_MtCO2,0.0
2260,2028-ex-seven,CZ,W,dsr,emissions_MtCO2,0.0
2261,2028-ex-seven,CZ,W,eens,emissions_MtCO2,0.0
2262,2028-ex-seven,CZ,W,h_ror,emissions_MtCO2,0.0
2263,2028-ex-seven,CZ,W,h_dams,emissions_MtCO2,0.0
2264,2028-ex-seven,CZ,W,li,emissions_MtCO2,0.0
2265,2028-ex-seven,CZ,W,pump_open,emissions_MtCO2,0.0
2266,2028-ex-seven,CZ,W,pump,emissions_MtCO2,0.0
2267,2028-ex-seven,CZ,W,TOTAL,emissions_MtCO2,31.266611077002054
2268,2028-ex-seven,CZ,Y,nuclear,power_share_high_value,0.974468817970178
2269,2028-ex-seven,CZ,Y,solar,power_share_high_value,0.86537014988304
2270,2028-ex-seven,CZ,Y,onshore,power_share_high_value,0.979391758191212
2271,2028-ex-seven,CZ,S,nuclear,power_share_high_value,0.9552808718901492
2272,2028-ex-seven,CZ,S,solar,power_share_high_value,0.8337016594318253
2273,2028-ex-seven,CZ,S,onshore,power_share_high_value,0.9540531000559832
2274,2028-ex-seven,CZ,W,nuclear,power_share_high_value,0.992590519591888
2275,2028-ex-seven,CZ,W,solar,power_share_high_value,0.9368445047032004
2276,2028-ex-seven,CZ,W,onshore,power_share_high_value,0.993632505494948
2277,2028-ex-seven,CZ,Y,nuclear,power_share_low_value,0.0244671393006705
2278,2028-ex-seven,CZ,Y,solar,power_share_low_value,0.1281751043688397
2279,2028-ex-seven,CZ,Y,onshore,power_share_low_value,0.0199435730792504
2280,2028-ex-seven,CZ,S,nuclear,power_share_low_value,0.0427835614936134
2281,2028-ex-seven,CZ,S,solar,power_share_low_value,0.1578163090269396
2282,2028-ex-seven,CZ,S,onshore,power_share_low_value,0.0446057101227616
2283,2028-ex-seven,CZ,W,nuclear,power_share_low_value,0.0071685323328697
2284,2028-ex-seven,CZ,W,solar,power_share_low_value,0.0612762421608757
2285,2028-ex-seven,CZ,W,onshore,power_share_low_value,0.0060830418809363
2286,2028-ex-seven,CZ,Y,nuclear,power_share_zero_value,0.0010640427291511
2287,2028-ex-seven,CZ,Y,solar,power_share_zero_value,0.0064547457481204
2288,2028-ex-seven,CZ,Y,onshore,power_share_zero_value,0.0006646687295374
2289,2028-ex-seven,CZ,S,nuclear,power_share_zero_value,0.0019355666162371
2290,2028-ex-seven,CZ,S,solar,power_share_zero_value,0.008482031541235
2291,2028-ex-seven,CZ,S,onshore,power_share_zero_value,0.0013411898212549
2292,2028-ex-seven,CZ,W,nuclear,power_share_zero_value,0.0002409480752421
2293,2028-ex-seven,CZ,W,solar,power_share_zero_value,0.001879253135924
2294,2028-ex-seven,CZ,W,onshore,power_share_zero_value,0.0002844526241154
2295,2028-ex-seven-suas,CZ,Y,nuclear,capacity_GW,4.099
2296,2028-ex-seven-suas,CZ,Y,solar,capacity_GW,7.0
2297,2028-ex-seven-suas,CZ,Y,onshore,capacity_GW,0.5
2298,2028-ex-seven-suas,CZ,Y,waste,capacity_GW,0.19575
2299,2028-ex-seven-suas,CZ,Y,gas_ccgt,capacity_GW,0.6174
2300,2028-ex-seven-suas,CZ,Y,gas_chp,capacity_GW,0.7644
2301,2028-ex-seven-suas,CZ,Y,biogas,capacity_GW,0.279
2302,2028-ex-seven-suas,CZ,Y,lig_sc,capacity_GW,0.4356
2303,2028-ex-seven-suas,CZ,Y,bio,capacity_GW,0.0
2304,2028-ex-seven-suas,CZ,Y,gas_eng_chp,capacity_GW,0.3313124999999999
2305,2028-ex-seven-suas,CZ,Y,lig,capacity_GW,0.8632799999999999
2306,2028-ex-seven-suas,CZ,Y,lig_ex,capacity_GW,1.15368
2307,2028-ex-seven-suas,CZ,Y,coal,capacity_GW,0.0
2308,2028-ex-seven-suas,CZ,Y,coal_ex,capacity_GW,0.11484
2309,2028-ex-seven-suas,CZ,Y,gas_peak,capacity_GW,0.096255
2310,2028-ex-seven-suas,CZ,Y,lig_old,capacity_GW,0.0
2311,2028-ex-seven-suas,CZ,Y,b_CHP,capacity_GW,0.20925
2312,2028-ex-seven-suas,CZ,Y,lig_bp,capacity_GW,0.3497999999999999
2313,2028-ex-seven-suas,CZ,Y,coal_bp,capacity_GW,0.0
2314,2028-ex-seven-suas,CZ,Y,dsr,capacity_GW,0.0
2315,2028-ex-seven-suas,CZ,Y,h_ror,capacity_GW,0.415
2316,2028-ex-seven-suas,CZ,Y,h_dams,capacity_GW,0.609
2317,2028-ex-seven-suas,CZ,Y,li,capacity_GW,0.1
2318,2028-ex-seven-suas,CZ,Y,pump_open,capacity_GW,0.47
2319,2028-ex-seven-suas,CZ,Y,pump,capacity_GW,0.678
2320,2028-ex-seven-suas,CZ,Y,TOTAL,capacity_GW,19.2815675
2321,2028-ex-seven-suas,CZ,Y,h_ror,capacity_charging_GW,0.0
2322,2028-ex-seven-suas,CZ,Y,h_dams,capacity_charging_GW,0.0
2323,2028-ex-seven-suas,CZ,Y,li,capacity_charging_GW,1.25599
2324,2028-ex-seven-suas,CZ,Y,pump_open,capacity_charging_GW,0.44
2325,2028-ex-seven-suas,CZ,Y,pump,capacity_charging_GW,0.664
2326,2028-ex-seven-suas,CZ,Y,nuclear,capacity_paid_off_GW,0.0
2327,2028-ex-seven-suas,CZ,Y,solar,capacity_paid_off_GW,0.0
2328,2028-ex-seven-suas,CZ,Y,onshore,capacity_paid_off_GW,0.0
2329,2028-ex-seven-suas,CZ,Y,waste,capacity_paid_off_GW,0.0
2330,2028-ex-seven-suas,CZ,Y,gas_ccgt,capacity_paid_off_GW,0.0
2331,2028-ex-seven-suas,CZ,Y,gas_chp,capacity_paid_off_GW,0.0
2332,2028-ex-seven-suas,CZ,Y,biogas,capacity_paid_off_GW,0.0
2333,2028-ex-seven-suas,CZ,Y,lig_sc,capacity_paid_off_GW,0.0
2334,2028-ex-seven-suas,CZ,Y,bio,capacity_paid_off_GW,0.0
2335,2028-ex-seven-suas,CZ,Y,gas_eng_chp,capacity_paid_off_GW,0.0
2336,2028-ex-seven-suas,CZ,Y,lig,capacity_paid_off_GW,0.0
2337,2028-ex-seven-suas,CZ,Y,lig_ex,capacity_paid_off_GW,0.0
2338,2028-ex-seven-suas,CZ,Y,coal,capacity_paid_off_GW,0.0
2339,2028-ex-seven-suas,CZ,Y,coal_ex,capacity_paid_off_GW,0.0
2340,2028-ex-seven-suas,CZ,Y,gas_peak,capacity_paid_off_GW,0.0
2341,2028-ex-seven-suas,CZ,Y,lig_old,capacity_paid_off_GW,0.0
2342,2028-ex-seven-suas,CZ,Y,b_CHP,capacity_paid_off_GW,0.0
2343,2028-ex-seven-suas,CZ,Y,lig_bp,capacity_paid_off_GW,0.0
2344,2028-ex-seven-suas,CZ,Y,coal_bp,capacity_paid_off_GW,0.0
2345,2028-ex-seven-suas,CZ,Y,dsr,capacity_paid_off_GW,0.0
2346,2028-ex-seven-suas,CZ,Y,h_ror,capacity_paid_off_GW,0.0
2347,2028-ex-seven-suas,CZ,Y,h_dams,capacity_paid_off_GW,0.0
2348,2028-ex-seven-suas,CZ,Y,li,capacity_paid_off_GW,0.0
2349,2028-ex-seven-suas,CZ,Y,pump_open,capacity_paid_off_GW,0.0
2350,2028-ex-seven-suas,CZ,Y,pump,capacity_paid_off_GW,0.0
2351,2028-ex-seven-suas,CZ,Y,h_ror,capacity_charging_paid_off_GW,0.0
2352,2028-ex-seven-suas,CZ,Y,h_dams,capacity_charging_paid_off_GW,0.0
2353,2028-ex-seven-suas,CZ,Y,li,capacity_charging_paid_off_GW,0.0
2354,2028-ex-seven-suas,CZ,Y,pump_open,capacity_charging_paid_off_GW,0.0
2355,2028-ex-seven-suas,CZ,Y,pump,capacity_charging_paid_off_GW,0.0
2356,2028-ex-seven-suas,CZ,Y,TOTAL,load_TWh,67.306346938
2357,2028-ex-seven-suas,CZ,S,TOTAL,load_TWh,30.449230927
2358,2028-ex-seven-suas,CZ,W,TOTAL,load_TWh,36.857116011
2359,2028-ex-seven-suas,CZ,Y,TOTAL,import_TWh,15.806773667766238
2360,2028-ex-seven-suas,CZ,S,TOTAL,import_TWh,7.163770947750544
2361,2028-ex-seven-suas,CZ,W,TOTAL,import_TWh,8.643002720015696
2362,2028-ex-seven-suas,CZ,Y,TOTAL,export_TWh,3.0910665671090407
2363,2028-ex-seven-suas,CZ,S,TOTAL,export_TWh,1.6502106420071765
2364,2028-ex-seven-suas,CZ,W,TOTAL,export_TWh,1.440855925101865
2365,2028-ex-seven-suas,CZ,Y,TOTAL,net_import_TWh,12.715707100657198
2366,2028-ex-seven-suas,CZ,S,TOTAL,net_import_TWh,5.513560305743368
2367,2028-ex-seven-suas,CZ,W,TOTAL,net_import_TWh,7.202146794913831
2368,2028-ex-seven-suas,CZ,Y,TOTAL,curtailment_TWh,0.0023552029678803
2369,2028-ex-seven-suas,CZ,S,TOTAL,curtailment_TWh,0.0017257680206317
2370,2028-ex-seven-suas,CZ,W,TOTAL,curtailment_TWh,0.0006294349472485
2371,2028-ex-seven-suas,CZ,Y,nuclear,production_TWh,28.59946136693848
2372,2028-ex-seven-suas,CZ,Y,solar,production_TWh,7.234982164081648
2373,2028-ex-seven-suas,CZ,Y,onshore,production_TWh,0.9852863804821038
2374,2028-ex-seven-suas,CZ,Y,waste,production_TWh,1.1431799999998482
2375,2028-ex-seven-suas,CZ,Y,gas_ccgt,production_TWh,4.708601614650357
2376,2028-ex-seven-suas,CZ,Y,gas_chp,production_TWh,2.005524833765361
2377,2028-ex-seven-suas,CZ,Y,biogas,production_TWh,0.9297662227085124
2378,2028-ex-seven-suas,CZ,Y,lig_sc,production_TWh,0.9661032351681872
2379,2028-ex-seven-suas,CZ,Y,bio,production_TWh,0.0
2380,2028-ex-seven-suas,CZ,Y,gas_eng_chp,production_TWh,1.547892000000089
2381,2028-ex-seven-suas,CZ,Y,lig,production_TWh,0.5926268695805166
2382,2028-ex-seven-suas,CZ,Y,lig_ex,production_TWh,2.1571319113575647
2383,2028-ex-seven-suas,CZ,Y,coal,production_TWh,0.0
2384,2028-ex-seven-suas,CZ,Y,coal_ex,production_TWh,0.2147531084642878
2385,2028-ex-seven-suas,CZ,Y,gas_peak,production_TWh,0.045797026213779
2386,2028-ex-seven-suas,CZ,Y,lig_old,production_TWh,0.0
2387,2028-ex-seven-suas,CZ,Y,b_CHP,production_TWh,0.0050128700960093
2388,2028-ex-seven-suas,CZ,Y,lig_bp,production_TWh,1.6342656000000644
2389,2028-ex-seven-suas,CZ,Y,coal_bp,production_TWh,0.0
2390,2028-ex-seven-suas,CZ,Y,dsr,production_TWh,0.0
2391,2028-ex-seven-suas,CZ,Y,eens,production_TWh,5.329062625208934e-19
2392,2028-ex-seven-suas,CZ,Y,h_ror,production_TWh,1.1870500150866017
2393,2028-ex-seven-suas,CZ,Y,h_dams,production_TWh,0.9952522857142858
2394,2028-ex-seven-suas,CZ,Y,li,production_TWh,0.0864312655706698
2395,2028-ex-seven-suas,CZ,Y,pump_open,production_TWh,0.4089390511468819
2396,2028-ex-seven-suas,CZ,Y,pump,production_TWh,0.531684982607621
2397,2028-ex-seven-suas,CZ,Y,TOTAL,production_TWh,55.97974280363286
2398,2028-ex-seven-suas,CZ,S,nuclear,production_TWh,13.891069397825554
2399,2028-ex-seven-suas,CZ,S,solar,production_TWh,5.013587524685228
2400,2028-ex-seven-suas,CZ,S,onshore,production_TWh,0.3545079621748212
2401,2028-ex-seven-suas,CZ,S,waste,production_TWh,0.4173196596035085
2402,2028-ex-seven-suas,CZ,S,gas_ccgt,production_TWh,2.0889054112995487
2403,2028-ex-seven-suas,CZ,S,gas_chp,production_TWh,0.2282654779959483
2404,2028-ex-seven-suas,CZ,S,biogas,production_TWh,0.1594607404958305
2405,2028-ex-seven-suas,CZ,S,lig_sc,production_TWh,0.0
2406,2028-ex-seven-suas,CZ,S,bio,production_TWh,0.0
2407,2028-ex-seven-suas,CZ,S,gas_eng_chp,production_TWh,0.5215209938176996
2408,2028-ex-seven-suas,CZ,S,lig,production_TWh,0.0
2409,2028-ex-seven-suas,CZ,S,lig_ex,production_TWh,0.9723702201811996
2410,2028-ex-seven-suas,CZ,S,coal,production_TWh,0.0
2411,2028-ex-seven-suas,CZ,S,coal_ex,production_TWh,0.095545373584914
2412,2028-ex-seven-suas,CZ,S,gas_peak,production_TWh,0.0
2413,2028-ex-seven-suas,CZ,S,lig_old,production_TWh,0.0
2414,2028-ex-seven-suas,CZ,S,b_CHP,production_TWh,4.567056050471434e-19
2415,2028-ex-seven-suas,CZ,S,lig_bp,production_TWh,0.3539937500812138
2416,2028-ex-seven-suas,CZ,S,coal_bp,production_TWh,0.0
2417,2028-ex-seven-suas,CZ,S,dsr,production_TWh,0.0
2418,2028-ex-seven-suas,CZ,S,eens,production_TWh,5.684333993088984e-19
2419,2028-ex-seven-suas,CZ,S,h_ror,production_TWh,0.606839935836772
2420,2028-ex-seven-suas,CZ,S,h_dams,production_TWh,0.4881638260076422
2421,2028-ex-seven-suas,CZ,S,li,production_TWh,0.0386332113029895
2422,2028-ex-seven-suas,CZ,S,pump_open,production_TWh,0.2698952988657926
2423,2028-ex-seven-suas,CZ,S,pump,production_TWh,0.3638677862517614
2424,2028-ex-seven-suas,CZ,S,TOTAL,production_TWh,111.95948560726572
2425,2028-ex-seven-suas,CZ,W,nuclear,production_TWh,14.708391969112927
2426,2028-ex-seven-suas,CZ,W,solar,production_TWh,2.221394639396421
2427,2028-ex-seven-suas,CZ,W,onshore,production_TWh,0.6307784183072825
2428,2028-ex-seven-suas,CZ,W,waste,production_TWh,0.7258603403963397
2429,2028-ex-seven-suas,CZ,W,gas_ccgt,production_TWh,2.6196962033508084
2430,2028-ex-seven-suas,CZ,W,gas_chp,production_TWh,1.7772593557694127
2431,2028-ex-seven-suas,CZ,W,biogas,production_TWh,0.7703054822126818
2432,2028-ex-seven-suas,CZ,W,lig_sc,production_TWh,0.9661032351681872
2433,2028-ex-seven-suas,CZ,W,bio,production_TWh,0.0
2434,2028-ex-seven-suas,CZ,W,gas_eng_chp,production_TWh,1.0263710061823896
2435,2028-ex-seven-suas,CZ,W,lig,production_TWh,0.5926268695805166
2436,2028-ex-seven-suas,CZ,W,lig_ex,production_TWh,1.1847616911763656
2437,2028-ex-seven-suas,CZ,W,coal,production_TWh,0.0
2438,2028-ex-seven-suas,CZ,W,coal_ex,production_TWh,0.1192077348793737
2439,2028-ex-seven-suas,CZ,W,gas_peak,production_TWh,0.045797026213779
2440,2028-ex-seven-suas,CZ,W,lig_old,production_TWh,0.0
2441,2028-ex-seven-suas,CZ,W,b_CHP,production_TWh,0.0050128700960093
2442,2028-ex-seven-suas,CZ,W,lig_bp,production_TWh,1.28027184991885
2443,2028-ex-seven-suas,CZ,W,coal_bp,production_TWh,0.0
2444,2028-ex-seven-suas,CZ,W,dsr,production_TWh,0.0
2445,2028-ex-seven-suas,CZ,W,eens,production_TWh,-3.552713678800501e-20
2446,2028-ex-seven-suas,CZ,W,h_ror,production_TWh,0.5802100792498295
2447,2028-ex-seven-suas,CZ,W,h_dams,production_TWh,0.5070884597066435
2448,2028-ex-seven-suas,CZ,W,li,production_TWh,0.0477980542676803
2449,2028-ex-seven-suas,CZ,W,pump_open,production_TWh,0.1390437522810891
2450,2028-ex-seven-suas,CZ,W,pump,production_TWh,0.1678171963558595
2451,2028-ex-seven-suas,CZ,W,TOTAL,production_TWh,111.95948560726572
2452,2028-ex-seven-suas,CZ,Y,gas_chp,production_el_eq_TWh,3.5712767999999766
2453,2028-ex-seven-suas,CZ,Y,gas_eng_chp,production_el_eq_TWh,1.547892000000089
2454,2028-ex-seven-suas,CZ,Y,lig_ex,production_el_eq_TWh,5.389992959999863
2455,2028-ex-seven-suas,CZ,Y,coal_ex,production_el_eq_TWh,0.5365324800000053
2456,2028-ex-seven-suas,CZ,Y,b_CHP,production_el_eq_TWh,0.0125321752400234
2457,2028-ex-seven-suas,CZ,Y,lig_bp,production_el_eq_TWh,1.6342656000000644
2458,2028-ex-seven-suas,CZ,Y,coal_bp,production_el_eq_TWh,0.0
2459,2028-ex-seven-suas,CZ,Y,eens,production_el_eq_TWh,0.0003800756
2460,2028-ex-seven-suas,CZ,S,gas_chp,production_el_eq_TWh,0.5083941651647542
2461,2028-ex-seven-suas,CZ,S,gas_eng_chp,production_el_eq_TWh,0.5215209938176996
2462,2028-ex-seven-suas,CZ,S,lig_ex,production_el_eq_TWh,2.4305635460899166
2463,2028-ex-seven-suas,CZ,S,coal_ex,production_el_eq_TWh,0.2388582553908565
2464,2028-ex-seven-suas,CZ,S,b_CHP,production_el_eq_TWh,1.1417640126178577e-18
2465,2028-ex-seven-suas,CZ,S,lig_bp,production_el_eq_TWh,0.3539937500812138
2466,2028-ex-seven-suas,CZ,S,coal_bp,production_el_eq_TWh,0.0
2467,2028-ex-seven-suas,CZ,S,eens,production_el_eq_TWh,0.0
2468,2028-ex-seven-suas,CZ,W,gas_chp,production_el_eq_TWh,3.0628826348352227
2469,2028-ex-seven-suas,CZ,W,gas_eng_chp,production_el_eq_TWh,1.0263710061823896
2470,2028-ex-seven-suas,CZ,W,lig_ex,production_el_eq_TWh,2.9594294139099464
2471,2028-ex-seven-suas,CZ,W,coal_ex,production_el_eq_TWh,0.2976742246091488
2472,2028-ex-seven-suas,CZ,W,b_CHP,production_el_eq_TWh,0.0125321752400234
2473,2028-ex-seven-suas,CZ,W,lig_bp,production_el_eq_TWh,1.28027184991885
2474,2028-ex-seven-suas,CZ,W,coal_bp,production_el_eq_TWh,0.0
2475,2028-ex-seven-suas,CZ,W,eens,production_el_eq_TWh,0.0003800756
2476,2028-ex-seven-suas,CZ,Y,solar,production_used_TWh,7.234644523133391
2477,2028-ex-seven-suas,CZ,Y,onshore,production_used_TWh,0.9852849535555612
2478,2028-ex-seven-suas,CZ,S,solar,production_used_TWh,5.013249883736971
2479,2028-ex-seven-suas,CZ,S,onshore,production_used_TWh,0.3545065352482786
2480,2028-ex-seven-suas,CZ,W,solar,production_used_TWh,2.221394639396421
2481,2028-ex-seven-suas,CZ,W,onshore,production_used_TWh,0.6307784183072825
2482,2028-ex-seven-suas,CZ,Y,solar,production_excess_TWh,0.0003376409482567
2483,2028-ex-seven-suas,CZ,Y,onshore,production_excess_TWh,1.4269265425787136e-06
2484,2028-ex-seven-suas,CZ,S,solar,production_excess_TWh,0.0003376409482567
2485,2028-ex-seven-suas,CZ,S,onshore,production_excess_TWh,1.4269265425787136e-06
2486,2028-ex-seven-suas,CZ,W,solar,production_excess_TWh,0.0
2487,2028-ex-seven-suas,CZ,W,onshore,production_excess_TWh,0.0
2488,2028-ex-seven-suas,CZ,Y,h_ror,discharged_TWh,1.1870500150866017
2489,2028-ex-seven-suas,CZ,Y,h_dams,discharged_TWh,0.9952522857142858
2490,2028-ex-seven-suas,CZ,Y,li,discharged_TWh,0.0864312655706698
2491,2028-ex-seven-suas,CZ,Y,pump_open,discharged_TWh,0.4089390511468819
2492,2028-ex-seven-suas,CZ,Y,pump,discharged_TWh,0.531684982607621
2493,2028-ex-seven-suas,CZ,Y,TOTAL,discharged_TWh,3.20935760012606
2494,2028-ex-seven-suas,CZ,S,h_ror,discharged_TWh,0.606839935836772
2495,2028-ex-seven-suas,CZ,S,h_dams,discharged_TWh,0.4881638260076422
2496,2028-ex-seven-suas,CZ,S,li,discharged_TWh,0.0386332113029895
2497,2028-ex-seven-suas,CZ,S,pump_open,discharged_TWh,0.2698952988657926
2498,2028-ex-seven-suas,CZ,S,pump,discharged_TWh,0.3638677862517614
2499,2028-ex-seven-suas,CZ,S,TOTAL,discharged_TWh,6.41871520025212
2500,2028-ex-seven-suas,CZ,W,h_ror,discharged_TWh,0.5802100792498295
2501,2028-ex-seven-suas,CZ,W,h_dams,discharged_TWh,0.5070884597066435
2502,2028-ex-seven-suas,CZ,W,li,discharged_TWh,0.0477980542676803
2503,2028-ex-seven-suas,CZ,W,pump_open,discharged_TWh,0.1390437522810891
2504,2028-ex-seven-suas,CZ,W,pump,discharged_TWh,0.1678171963558595
2505,2028-ex-seven-suas,CZ,W,TOTAL,discharged_TWh,6.41871520025212
2506,2028-ex-seven-suas,CZ,Y,h_ror,charged_TWh,0.0
2507,2028-ex-seven-suas,CZ,Y,h_dams,charged_TWh,0.0
2508,2028-ex-seven-suas,CZ,Y,li,charged_TWh,0.1200689465996658
2509,2028-ex-seven-suas,CZ,Y,pump_open,charged_TWh,0.5282274519897168
2510,2028-ex-seven-suas,CZ,Y,pump,charged_TWh,0.738451364732807
2511,2028-ex-seven-suas,CZ,Y,TOTAL,charged_TWh,1.3867477633221896
2512,2028-ex-seven-suas,CZ,S,h_ror,charged_TWh,0.0
2513,2028-ex-seven-suas,CZ,S,h_dams,charged_TWh,0.0
2514,2028-ex-seven-suas,CZ,S,li,charged_TWh,0.0617462958899362
2515,2028-ex-seven-suas,CZ,S,pump_open,charged_TWh,0.3576589681709324
2516,2028-ex-seven-suas,CZ,S,pump,charged_TWh,0.5071449166722916
2517,2028-ex-seven-suas,CZ,S,TOTAL,charged_TWh,2.7734955266443797
2518,2028-ex-seven-suas,CZ,W,h_ror,charged_TWh,0.0
2519,2028-ex-seven-suas,CZ,W,h_dams,charged_TWh,0.0
2520,2028-ex-seven-suas,CZ,W,li,charged_TWh,0.0583226507097296
2521,2028-ex-seven-suas,CZ,W,pump_open,charged_TWh,0.1705684838187844
2522,2028-ex-seven-suas,CZ,W,pump,charged_TWh,0.2313064480605154
2523,2028-ex-seven-suas,CZ,W,TOTAL,charged_TWh,2.7734955266443797
2524,2028-ex-seven-suas,CZ,Y,h_ror,inflow_TWh,1.19177
2525,2028-ex-seven-suas,CZ,Y,h_dams,inflow_TWh,0.9952522857142856
2526,2028-ex-seven-suas,CZ,Y,pump_open,inflow_TWh,0.0286152857142857
2527,2028-ex-seven-suas,CZ,S,h_ror,inflow_TWh,0.61016
2528,2028-ex-seven-suas,CZ,S,h_dams,inflow_TWh,0.488849
2529,2028-ex-seven-suas,CZ,S,pump_open,inflow_TWh,0.013893
2530,2028-ex-seven-suas,CZ,W,h_ror,inflow_TWh,0.58161
2531,2028-ex-seven-suas,CZ,W,h_dams,inflow_TWh,0.5064032857142857
2532,2028-ex-seven-suas,CZ,W,pump_open,inflow_TWh,0.0147222857142857
2533,2028-ex-seven-suas,CZ,Y,gas_chp,heat_production_PJ,11.273414156889237
2534,2028-ex-seven-suas,CZ,Y,gas_eng_chp,heat_production_PJ,5.572411200000321
2535,2028-ex-seven-suas,CZ,Y,lig_ex,heat_production_PJ,32.58723937031437
2536,2028-ex-seven-suas,CZ,Y,coal_ex,heat_production_PJ,3.243536065080032
2537,2028-ex-seven-suas,CZ,Y,b_CHP,heat_production_PJ,0.0812084955553516
2538,2028-ex-seven-suas,CZ,Y,lig_bp,heat_production_PJ,17.650068480000694
2539,2028-ex-seven-suas,CZ,Y,coal_bp,heat_production_PJ,0.0
2540,2028-ex-seven-suas,CZ,Y,eens,heat_production_PJ,0.00136827216
2541,2028-ex-seven-suas,CZ,S,gas_chp,heat_production_PJ,2.016926547615403
2542,2028-ex-seven-suas,CZ,S,gas_eng_chp,heat_production_PJ,1.8774755777437184
2543,2028-ex-seven-suas,CZ,S,lig_ex,heat_production_PJ,14.698588725159867
2544,2028-ex-seven-suas,CZ,S,coal_ex,heat_production_PJ,1.4445938486039005
2545,2028-ex-seven-suas,CZ,S,b_CHP,heat_production_PJ,7.398630801763723e-18
2546,2028-ex-seven-suas,CZ,S,lig_bp,heat_production_PJ,3.82313250087711
2547,2028-ex-seven-suas,CZ,S,coal_bp,heat_production_PJ,0.0
2548,2028-ex-seven-suas,CZ,S,eens,heat_production_PJ,-2.0463602375120344e-18
2549,2028-ex-seven-suas,CZ,W,gas_chp,heat_production_PJ,9.256487609273831
2550,2028-ex-seven-suas,CZ,W,gas_eng_chp,heat_production_PJ,3.6949356222566023
2551,2028-ex-seven-suas,CZ,W,lig_ex,heat_production_PJ,17.888650645154495
2552,2028-ex-seven-suas,CZ,W,coal_ex,heat_production_PJ,1.7989422164761308
2553,2028-ex-seven-suas,CZ,W,b_CHP,heat_production_PJ,0.0812084955553516
2554,2028-ex-seven-suas,CZ,W,lig_bp,heat_production_PJ,13.826935979123585
2555,2028-ex-seven-suas,CZ,W,coal_bp,heat_production_PJ,0.0
2556,2028-ex-seven-suas,CZ,W,eens,heat_production_PJ,0.00136827216
2557,2028-ex-seven-suas,CZ,Y,waste,production_hours,6631.0
2558,2028-ex-seven-suas,CZ,Y,gas_ccgt,production_hours,7853.0
2559,2028-ex-seven-suas,CZ,Y,gas_chp,production_hours,7117.0
2560,2028-ex-seven-suas,CZ,Y,biogas,production_hours,3616.0
2561,2028-ex-seven-suas,CZ,Y,lig_sc,production_hours,2563.0
2562,2028-ex-seven-suas,CZ,Y,bio,production_hours,0.0
2563,2028-ex-seven-suas,CZ,Y,gas_eng_chp,production_hours,5751.0
2564,2028-ex-seven-suas,CZ,Y,lig,production_hours,948.0
2565,2028-ex-seven-suas,CZ,Y,lig_ex,production_hours,8704.0
2566,2028-ex-seven-suas,CZ,Y,coal,production_hours,0.0
2567,2028-ex-seven-suas,CZ,Y,coal_ex,production_hours,8090.0
2568,2028-ex-seven-suas,CZ,Y,gas_peak,production_hours,564.0
2569,2028-ex-seven-suas,CZ,Y,lig_old,production_hours,0.0
2570,2028-ex-seven-suas,CZ,Y,b_CHP,production_hours,219.0
2571,2028-ex-seven-suas,CZ,Y,lig_bp,production_hours,7126.0
2572,2028-ex-seven-suas,CZ,Y,coal_bp,production_hours,0.0
2573,2028-ex-seven-suas,CZ,Y,dsr,production_hours,0.0
2574,2028-ex-seven-suas,CZ,Y,eens,production_hours,0.0
2575,2028-ex-seven-suas,CZ,Y,h_ror,production_hours,8760.0
2576,2028-ex-seven-suas,CZ,Y,h_dams,production_hours,8760.0
2577,2028-ex-seven-suas,CZ,Y,li,production_hours,998.0
2578,2028-ex-seven-suas,CZ,Y,pump_open,production_hours,1346.0
2579,2028-ex-seven-suas,CZ,Y,pump,production_hours,1139.0
2580,2028-ex-seven-suas,CZ,S,waste,production_hours,2685.0
2581,2028-ex-seven-suas,CZ,S,gas_ccgt,production_hours,3576.0
2582,2028-ex-seven-suas,CZ,S,gas_chp,production_hours,2743.0
2583,2028-ex-seven-suas,CZ,S,biogas,production_hours,662.0
2584,2028-ex-seven-suas,CZ,S,lig_sc,production_hours,0.0
2585,2028-ex-seven-suas,CZ,S,bio,production_hours,0.0
2586,2028-ex-seven-suas,CZ,S,gas_eng_chp,production_hours,2080.0
2587,2028-ex-seven-suas,CZ,S,lig,production_hours,0.0
2588,2028-ex-seven-suas,CZ,S,lig_ex,production_hours,4368.0
2589,2028-ex-seven-suas,CZ,S,coal,production_hours,0.0
2590,2028-ex-seven-suas,CZ,S,coal_ex,production_hours,4368.0
2591,2028-ex-seven-suas,CZ,S,gas_peak,production_hours,0.0
2592,2028-ex-seven-suas,CZ,S,lig_old,production_hours,0.0
2593,2028-ex-seven-suas,CZ,S,b_CHP,production_hours,0.0
2594,2028-ex-seven-suas,CZ,S,lig_bp,production_hours,2756.0
2595,2028-ex-seven-suas,CZ,S,coal_bp,production_hours,0.0
2596,2028-ex-seven-suas,CZ,S,dsr,production_hours,0.0
2597,2028-ex-seven-suas,CZ,S,eens,production_hours,0.0
2598,2028-ex-seven-suas,CZ,S,h_ror,production_hours,4368.0
2599,2028-ex-seven-suas,CZ,S,h_dams,production_hours,4368.0
2600,2028-ex-seven-suas,CZ,S,li,production_hours,446.0
2601,2028-ex-seven-suas,CZ,S,pump_open,production_hours,873.0
2602,2028-ex-seven-suas,CZ,S,pump,production_hours,782.0
2603,2028-ex-seven-suas,CZ,W,waste,production_hours,3946.0
2604,2028-ex-seven-suas,CZ,W,gas_ccgt,production_hours,4277.0
2605,2028-ex-seven-suas,CZ,W,gas_chp,production_hours,4374.0
2606,2028-ex-seven-suas,CZ,W,biogas,production_hours,2954.0
2607,2028-ex-seven-suas,CZ,W,lig_sc,production_hours,2563.0
2608,2028-ex-seven-suas,CZ,W,bio,production_hours,0.0
2609,2028-ex-seven-suas,CZ,W,gas_eng_chp,production_hours,3671.0
2610,2028-ex-seven-suas,CZ,W,lig,production_hours,948.0
2611,2028-ex-seven-suas,CZ,W,lig_ex,production_hours,4336.0
2612,2028-ex-seven-suas,CZ,W,coal,production_hours,0.0
2613,2028-ex-seven-suas,CZ,W,coal_ex,production_hours,3722.0
2614,2028-ex-seven-suas,CZ,W,gas_peak,production_hours,564.0
2615,2028-ex-seven-suas,CZ,W,lig_old,production_hours,0.0
2616,2028-ex-seven-suas,CZ,W,b_CHP,production_hours,219.0
2617,2028-ex-seven-suas,CZ,W,lig_bp,production_hours,4370.0
2618,2028-ex-seven-suas,CZ,W,coal_bp,production_hours,0.0
2619,2028-ex-seven-suas,CZ,W,dsr,production_hours,0.0
2620,2028-ex-seven-suas,CZ,W,eens,production_hours,0.0
2621,2028-ex-seven-suas,CZ,W,h_ror,production_hours,4392.0
2622,2028-ex-seven-suas,CZ,W,h_dams,production_hours,4392.0
2623,2028-ex-seven-suas,CZ,W,li,production_hours,552.0
2624,2028-ex-seven-suas,CZ,W,pump_open,production_hours,473.0
2625,2028-ex-seven-suas,CZ,W,pump,production_hours,357.0
2626,2028-ex-seven-suas,CZ,Y,nuclear,capex_mn_EUR_per_yr,2738.469079112492
2627,2028-ex-seven-suas,CZ,Y,solar,capex_mn_EUR_per_yr,362.9795164565344
2628,2028-ex-seven-suas,CZ,Y,onshore,capex_mn_EUR_per_yr,68.82996852045387
2629,2028-ex-seven-suas,CZ,Y,waste,capex_mn_EUR_per_yr,228.2938717209026
2630,2028-ex-seven-suas,CZ,Y,gas_ccgt,capex_mn_EUR_per_yr,76.18061222457844
2631,2028-ex-seven-suas,CZ,Y,gas_chp,capex_mn_EUR_per_yr,138.841538451773
2632,2028-ex-seven-suas,CZ,Y,biogas,capex_mn_EUR_per_yr,16.217086196531145
2633,2028-ex-seven-suas,CZ,Y,lig_sc,capex_mn_EUR_per_yr,144.15255774515765
2634,2028-ex-seven-suas,CZ,Y,bio,capex_mn_EUR_per_yr,0.0
2635,2028-ex-seven-suas,CZ,Y,gas_eng_chp,capex_mn_EUR_per_yr,22.59441391073202
2636,2028-ex-seven-suas,CZ,Y,lig,capex_mn_EUR_per_yr,285.68415989494883
2637,2028-ex-seven-suas,CZ,Y,lig_ex,capex_mn_EUR_per_yr,381.78586505838734
2638,2028-ex-seven-suas,CZ,Y,coal,capex_mn_EUR_per_yr,0.0
2639,2028-ex-seven-suas,CZ,Y,coal_ex,capex_mn_EUR_per_yr,26.048184884115727
2640,2028-ex-seven-suas,CZ,Y,gas_peak,capex_mn_EUR_per_yr,7.893982066856129
2641,2028-ex-seven-suas,CZ,Y,lig_old,capex_mn_EUR_per_yr,0.0
2642,2028-ex-seven-suas,CZ,Y,b_CHP,capex_mn_EUR_per_yr,109.81713302115293
2643,2028-ex-seven-suas,CZ,Y,lig_bp,capex_mn_EUR_per_yr,115.75887212868724
2644,2028-ex-seven-suas,CZ,Y,coal_bp,capex_mn_EUR_per_yr,0.0
2645,2028-ex-seven-suas,CZ,Y,dsr,capex_mn_EUR_per_yr,0.0
2646,2028-ex-seven-suas,CZ,Y,h_ror,capex_mn_EUR_per_yr,84.30517292657983
2647,2028-ex-seven-suas,CZ,Y,h_dams,capex_mn_EUR_per_yr,123.71530195731836
2648,2028-ex-seven-suas,CZ,Y,li,capex_mn_EUR_per_yr,4.011568788183623
2649,2028-ex-seven-suas,CZ,Y,pump_open,capex_mn_EUR_per_yr,95.4781476517892
2650,2028-ex-seven-suas,CZ,Y,pump,capex_mn_EUR_per_yr,137.73230661258106
2651,2028-ex-seven-suas,CZ,S,nuclear,capex_mn_EUR_per_yr,2738.469079112492
2652,2028-ex-seven-suas,CZ,S,solar,capex_mn_EUR_per_yr,362.9795164565344
2653,2028-ex-seven-suas,CZ,S,onshore,capex_mn_EUR_per_yr,68.82996852045387
2654,2028-ex-seven-suas,CZ,S,waste,capex_mn_EUR_per_yr,228.2938717209026
2655,2028-ex-seven-suas,CZ,S,gas_ccgt,capex_mn_EUR_per_yr,76.18061222457844
2656,2028-ex-seven-suas,CZ,S,gas_chp,capex_mn_EUR_per_yr,138.841538451773
2657,2028-ex-seven-suas,CZ,S,biogas,capex_mn_EUR_per_yr,16.217086196531145
2658,2028-ex-seven-suas,CZ,S,lig_sc,capex_mn_EUR_per_yr,144.15255774515765
2659,2028-ex-seven-suas,CZ,S,bio,capex_mn_EUR_per_yr,0.0
2660,2028-ex-seven-suas,CZ,S,gas_eng_chp,capex_mn_EUR_per_yr,22.59441391073202
2661,2028-ex-seven-suas,CZ,S,lig,capex_mn_EUR_per_yr,285.68415989494883
2662,2028-ex-seven-suas,CZ,S,lig_ex,capex_mn_EUR_per_yr,381.78586505838734
2663,2028-ex-seven-suas,CZ,S,coal,capex_mn_EUR_per_yr,0.0
2664,2028-ex-seven-suas,CZ,S,coal_ex,capex_mn_EUR_per_yr,26.048184884115727
2665,2028-ex-seven-suas,CZ,S,gas_peak,capex_mn_EUR_per_yr,7.893982066856129
2666,2028-ex-seven-suas,CZ,S,lig_old,capex_mn_EUR_per_yr,0.0
2667,2028-ex-seven-suas,CZ,S,b_CHP,capex_mn_EUR_per_yr,109.81713302115293
2668,2028-ex-seven-suas,CZ,S,lig_bp,capex_mn_EUR_per_yr,115.75887212868724
2669,2028-ex-seven-suas,CZ,S,coal_bp,capex_mn_EUR_per_yr,0.0
2670,2028-ex-seven-suas,CZ,S,dsr,capex_mn_EUR_per_yr,0.0
2671,2028-ex-seven-suas,CZ,S,h_ror,capex_mn_EUR_per_yr,84.30517292657983
2672,2028-ex-seven-suas,CZ,S,h_dams,capex_mn_EUR_per_yr,123.71530195731836
2673,2028-ex-seven-suas,CZ,S,li,capex_mn_EUR_per_yr,4.011568788183623
2674,2028-ex-seven-suas,CZ,S,pump_open,capex_mn_EUR_per_yr,95.4781476517892
2675,2028-ex-seven-suas,CZ,S,pump,capex_mn_EUR_per_yr,137.73230661258106
2676,2028-ex-seven-suas,CZ,W,nuclear,capex_mn_EUR_per_yr,2738.469079112492
2677,2028-ex-seven-suas,CZ,W,solar,capex_mn_EUR_per_yr,362.9795164565344
2678,2028-ex-seven-suas,CZ,W,onshore,capex_mn_EUR_per_yr,68.82996852045387
2679,2028-ex-seven-suas,CZ,W,waste,capex_mn_EUR_per_yr,228.2938717209026
2680,2028-ex-seven-suas,CZ,W,gas_ccgt,capex_mn_EUR_per_yr,76.18061222457844
2681,2028-ex-seven-suas,CZ,W,gas_chp,capex_mn_EUR_per_yr,138.841538451773
2682,2028-ex-seven-suas,CZ,W,biogas,capex_mn_EUR_per_yr,16.217086196531145
2683,2028-ex-seven-suas,CZ,W,lig_sc,capex_mn_EUR_per_yr,144.15255774515765
2684,2028-ex-seven-suas,CZ,W,bio,capex_mn_EUR_per_yr,0.0
2685,2028-ex-seven-suas,CZ,W,gas_eng_chp,capex_mn_EUR_per_yr,22.59441391073202
2686,2028-ex-seven-suas,CZ,W,lig,capex_mn_EUR_per_yr,285.68415989494883
2687,2028-ex-seven-suas,CZ,W,lig_ex,capex_mn_EUR_per_yr,381.78586505838734
2688,2028-ex-seven-suas,CZ,W,coal,capex_mn_EUR_per_yr,0.0
2689,2028-ex-seven-suas,CZ,W,coal_ex,capex_mn_EUR_per_yr,26.048184884115727
2690,2028-ex-seven-suas,CZ,W,gas_peak,capex_mn_EUR_per_yr,7.893982066856129
2691,2028-ex-seven-suas,CZ,W,lig_old,capex_mn_EUR_per_yr,0.0
2692,2028-ex-seven-suas,CZ,W,b_CHP,capex_mn_EUR_per_yr,109.81713302115293
2693,2028-ex-seven-suas,CZ,W,lig_bp,capex_mn_EUR_per_yr,115.75887212868724
2694,2028-ex-seven-suas,CZ,W,coal_bp,capex_mn_EUR_per_yr,0.0
2695,2028-ex-seven-suas,CZ,W,dsr,capex_mn_EUR_per_yr,0.0
2696,2028-ex-seven-suas,CZ,W,h_ror,capex_mn_EUR_per_yr,84.30517292657983
2697,2028-ex-seven-suas,CZ,W,h_dams,capex_mn_EUR_per_yr,123.71530195731836
2698,2028-ex-seven-suas,CZ,W,li,capex_mn_EUR_per_yr,4.011568788183623
2699,2028-ex-seven-suas,CZ,W,pump_open,capex_mn_EUR_per_yr,95.4781476517892
2700,2028-ex-seven-suas,CZ,W,pump,capex_mn_EUR_per_yr,137.73230661258106
2701,2028-ex-seven-suas,CZ,Y,nuclear,opex_mn_EUR,586.5749526359082
2702,2028-ex-seven-suas,CZ,Y,solar,opex_mn_EUR,0.0
2703,2028-ex-seven-suas,CZ,Y,onshore,opex_mn_EUR,0.0
2704,2028-ex-seven-suas,CZ,Y,waste,opex_mn_EUR,45.79554402021402
2705,2028-ex-seven-suas,CZ,Y,gas_ccgt,opex_mn_EUR,401.8311980470995
2706,2028-ex-seven-suas,CZ,Y,gas_chp,opex_mn_EUR,174.2556470810862
2707,2028-ex-seven-suas,CZ,Y,biogas,opex_mn_EUR,91.69216339129748
2708,2028-ex-seven-suas,CZ,Y,lig_sc,opex_mn_EUR,101.25452645192271
2709,2028-ex-seven-suas,CZ,Y,bio,opex_mn_EUR,0.0
2710,2028-ex-seven-suas,CZ,Y,gas_eng_chp,opex_mn_EUR,167.56790840000963
2711,2028-ex-seven-suas,CZ,Y,lig,opex_mn_EUR,67.31380298154976
2712,2028-ex-seven-suas,CZ,Y,lig_ex,opex_mn_EUR,240.91508851505776
2713,2028-ex-seven-suas,CZ,Y,coal,opex_mn_EUR,0.0
2714,2028-ex-seven-suas,CZ,Y,coal_ex,opex_mn_EUR,24.22701365809724
2715,2028-ex-seven-suas,CZ,Y,gas_peak,opex_mn_EUR,5.562966013870176
2716,2028-ex-seven-suas,CZ,Y,lig_old,opex_mn_EUR,0.0
2717,2028-ex-seven-suas,CZ,Y,b_CHP,opex_mn_EUR,0.9061677811653914
2718,2028-ex-seven-suas,CZ,Y,lig_bp,opex_mn_EUR,359.92728324300606
2719,2028-ex-seven-suas,CZ,Y,coal_bp,opex_mn_EUR,0.0
2720,2028-ex-seven-suas,CZ,Y,dsr,opex_mn_EUR,0.0
2721,2028-ex-seven-suas,CZ,Y,h_ror,opex_mn_EUR,2.374100030173203
2722,2028-ex-seven-suas,CZ,Y,h_dams,opex_mn_EUR,2.985756857142857
2723,2028-ex-seven-suas,CZ,Y,li,opex_mn_EUR,0.4321563278533493
2724,2028-ex-seven-suas,CZ,Y,pump_open,opex_mn_EUR,1.6357562045875276
2725,2028-ex-seven-suas,CZ,Y,pump,opex_mn_EUR,2.126739930430484
2726,2028-ex-seven-suas,CZ,S,nuclear,opex_mn_EUR,284.9058333494021
2727,2028-ex-seven-suas,CZ,S,solar,opex_mn_EUR,0.0
2728,2028-ex-seven-suas,CZ,S,onshore,opex_mn_EUR,0.0
2729,2028-ex-seven-suas,CZ,S,waste,opex_mn_EUR,17.373760603424465
2730,2028-ex-seven-suas,CZ,S,gas_ccgt,opex_mn_EUR,180.5489459175508
2731,2028-ex-seven-suas,CZ,S,gas_chp,opex_mn_EUR,20.438694019421888
2732,2028-ex-seven-suas,CZ,S,biogas,opex_mn_EUR,15.847096834097233
2733,2028-ex-seven-suas,CZ,S,lig_sc,opex_mn_EUR,0.0
2734,2028-ex-seven-suas,CZ,S,bio,opex_mn_EUR,0.0
2735,2028-ex-seven-suas,CZ,S,gas_eng_chp,opex_mn_EUR,56.45754491962052
2736,2028-ex-seven-suas,CZ,S,lig,opex_mn_EUR,0.0
2737,2028-ex-seven-suas,CZ,S,lig_ex,opex_mn_EUR,108.39886412384168
2738,2028-ex-seven-suas,CZ,S,coal,opex_mn_EUR,0.0
2739,2028-ex-seven-suas,CZ,S,coal_ex,opex_mn_EUR,10.765613278857794
2740,2028-ex-seven-suas,CZ,S,gas_peak,opex_mn_EUR,0.0
2741,2028-ex-seven-suas,CZ,S,lig_old,opex_mn_EUR,0.0
2742,2028-ex-seven-suas,CZ,S,b_CHP,opex_mn_EUR,9.845339700335681e-17
2743,2028-ex-seven-suas,CZ,S,lig_bp,opex_mn_EUR,79.42002081576413
2744,2028-ex-seven-suas,CZ,S,coal_bp,opex_mn_EUR,0.0
2745,2028-ex-seven-suas,CZ,S,dsr,opex_mn_EUR,0.0
2746,2028-ex-seven-suas,CZ,S,h_ror,opex_mn_EUR,
2747,2028-ex-seven-suas,CZ,S,h_dams,opex_mn_EUR,1.4644914780229268
2748,2028-ex-seven-suas,CZ,S,li,opex_mn_EUR,0.1931660565149476
2749,2028-ex-seven-suas,CZ,S,pump_open,opex_mn_EUR,1.0795811954631709
2750,2028-ex-seven-suas,CZ,S,pump,opex_mn_EUR,1.455471145007046
2751,2028-ex-seven-suas,CZ,W,nuclear,opex_mn_EUR,301.6691192865061
2752,2028-ex-seven-suas,CZ,W,solar,opex_mn_EUR,0.0
2753,2028-ex-seven-suas,CZ,W,onshore,opex_mn_EUR,0.0
2754,2028-ex-seven-suas,CZ,W,waste,opex_mn_EUR,28.421783416789555
2755,2028-ex-seven-suas,CZ,W,gas_ccgt,opex_mn_EUR,221.2822521295487
2756,2028-ex-seven-suas,CZ,W,gas_chp,opex_mn_EUR,153.81695306166435
2757,2028-ex-seven-suas,CZ,W,biogas,opex_mn_EUR,75.84506655720024
2758,2028-ex-seven-suas,CZ,W,lig_sc,opex_mn_EUR,101.25452645192271
2759,2028-ex-seven-suas,CZ,W,bio,opex_mn_EUR,0.0
2760,2028-ex-seven-suas,CZ,W,gas_eng_chp,opex_mn_EUR,111.11036348038914
2761,2028-ex-seven-suas,CZ,W,lig,opex_mn_EUR,67.31380298154976
2762,2028-ex-seven-suas,CZ,W,lig_ex,opex_mn_EUR,132.51622439121607
2763,2028-ex-seven-suas,CZ,W,coal,opex_mn_EUR,0.0
2764,2028-ex-seven-suas,CZ,W,coal_ex,opex_mn_EUR,13.46140037923944
2765,2028-ex-seven-suas,CZ,W,gas_peak,opex_mn_EUR,5.562966013870176
2766,2028-ex-seven-suas,CZ,W,lig_old,opex_mn_EUR,0.0
2767,2028-ex-seven-suas,CZ,W,b_CHP,opex_mn_EUR,0.9061677811653914
2768,2028-ex-seven-suas,CZ,W,lig_bp,opex_mn_EUR,280.5072624272418
2769,2028-ex-seven-suas,CZ,W,coal_bp,opex_mn_EUR,0.0
2770,2028-ex-seven-suas,CZ,W,dsr,opex_mn_EUR,0.0
2771,2028-ex-seven-suas,CZ,W,h_ror,opex_mn_EUR,1.160420158499659
2772,2028-ex-seven-suas,CZ,W,h_dams,opex_mn_EUR,1.5212653791199306
2773,2028-ex-seven-suas,CZ,W,li,opex_mn_EUR,0.2389902713384016
2774,2028-ex-seven-suas,CZ,W,pump_open,opex_mn_EUR,0.5561750091243566
2775,2028-ex-seven-suas,CZ,W,pump,opex_mn_EUR,0.671268785423438
2776,2028-ex-seven-suas,CZ,Y,h_ror,wholesale_expenses_mn_EUR,0.0
2777,2028-ex-seven-suas,CZ,Y,h_dams,wholesale_expenses_mn_EUR,0.0
2778,2028-ex-seven-suas,CZ,Y,li,wholesale_expenses_mn_EUR,6.777697816448608
2779,2028-ex-seven-suas,CZ,Y,pump_open,wholesale_expenses_mn_EUR,27.134118413421096
2780,2028-ex-seven-suas,CZ,Y,pump,wholesale_expenses_mn_EUR,37.06011862469136
2781,2028-ex-seven-suas,CZ,Y,IMPORT_EXPORT,wholesale_expenses_mn_EUR,1215.8498375992626
2782,2028-ex-seven-suas,CZ,S,h_ror,wholesale_expenses_mn_EUR,0.0
2783,2028-ex-seven-suas,CZ,S,h_dams,wholesale_expenses_mn_EUR,0.0
2784,2028-ex-seven-suas,CZ,S,li,wholesale_expenses_mn_EUR,2.32852450228045
2785,2028-ex-seven-suas,CZ,S,pump_open,wholesale_expenses_mn_EUR,15.905316586194193
2786,2028-ex-seven-suas,CZ,S,pump,wholesale_expenses_mn_EUR,22.151497787381984
2787,2028-ex-seven-suas,CZ,S,IMPORT_EXPORT,wholesale_expenses_mn_EUR,471.65682615935503
2788,2028-ex-seven-suas,CZ,W,h_ror,wholesale_expenses_mn_EUR,0.0
2789,2028-ex-seven-suas,CZ,W,h_dams,wholesale_expenses_mn_EUR,0.0
2790,2028-ex-seven-suas,CZ,W,li,wholesale_expenses_mn_EUR,4.449173314168159
2791,2028-ex-seven-suas,CZ,W,pump_open,wholesale_expenses_mn_EUR,11.228801827226906
2792,2028-ex-seven-suas,CZ,W,pump,wholesale_expenses_mn_EUR,14.908620837309378
2793,2028-ex-seven-suas,CZ,W,IMPORT_EXPORT,wholesale_expenses_mn_EUR,744.1930114399078
2794,2028-ex-seven-suas,CZ,Y,nuclear,wholesale_revenues_mn_EUR,2639.2618477508
2795,2028-ex-seven-suas,CZ,Y,solar,wholesale_revenues_mn_EUR,474.0885652884095
2796,2028-ex-seven-suas,CZ,Y,onshore,wholesale_revenues_mn_EUR,89.55451500569473
2797,2028-ex-seven-suas,CZ,Y,waste,wholesale_revenues_mn_EUR,117.68547627137237
2798,2028-ex-seven-suas,CZ,Y,gas_ccgt,wholesale_revenues_mn_EUR,462.2828587612796
2799,2028-ex-seven-suas,CZ,Y,gas_chp,wholesale_revenues_mn_EUR,210.9265751744277
2800,2028-ex-seven-suas,CZ,Y,biogas,wholesale_revenues_mn_EUR,102.15876039852544
2801,2028-ex-seven-suas,CZ,Y,lig_sc,wholesale_revenues_mn_EUR,107.34422028502335
2802,2028-ex-seven-suas,CZ,Y,bio,wholesale_revenues_mn_EUR,0.0
2803,2028-ex-seven-suas,CZ,Y,gas_eng_chp,wholesale_revenues_mn_EUR,162.10571520667528
2804,2028-ex-seven-suas,CZ,Y,lig,wholesale_revenues_mn_EUR,69.57796761040342
2805,2028-ex-seven-suas,CZ,Y,lig_ex,wholesale_revenues_mn_EUR,201.439996202075
2806,2028-ex-seven-suas,CZ,Y,coal,wholesale_revenues_mn_EUR,0.0
2807,2028-ex-seven-suas,CZ,Y,coal_ex,wholesale_revenues_mn_EUR,20.21260121266929
2808,2028-ex-seven-suas,CZ,Y,gas_peak,wholesale_revenues_mn_EUR,5.83325323607801
2809,2028-ex-seven-suas,CZ,Y,lig_old,wholesale_revenues_mn_EUR,0.0
2810,2028-ex-seven-suas,CZ,Y,b_CHP,wholesale_revenues_mn_EUR,0.5553481432347803
2811,2028-ex-seven-suas,CZ,Y,lig_bp,wholesale_revenues_mn_EUR,164.57558495755873
2812,2028-ex-seven-suas,CZ,Y,coal_bp,wholesale_revenues_mn_EUR,0.0
2813,2028-ex-seven-suas,CZ,Y,dsr,wholesale_revenues_mn_EUR,0.0
2814,2028-ex-seven-suas,CZ,Y,h_ror,wholesale_revenues_mn_EUR,109.57675780591914
2815,2028-ex-seven-suas,CZ,Y,h_dams,wholesale_revenues_mn_EUR,103.1523801244293
2816,2028-ex-seven-suas,CZ,Y,li,wholesale_revenues_mn_EUR,9.375318001155383
2817,2028-ex-seven-suas,CZ,Y,pump_open,wholesale_revenues_mn_EUR,43.31691982538068
2818,2028-ex-seven-suas,CZ,Y,pump,wholesale_revenues_mn_EUR,55.55048769472823
2819,2028-ex-seven-suas,CZ,Y,IMPORT_EXPORT,wholesale_revenues_mn_EUR,5.237361964262814
2820,2028-ex-seven-suas,CZ,S,nuclear,wholesale_revenues_mn_EUR,1150.468615913592
2821,2028-ex-seven-suas,CZ,S,solar,wholesale_revenues_mn_EUR,296.59350299963774
2822,2028-ex-seven-suas,CZ,S,onshore,wholesale_revenues_mn_EUR,27.598132443922765
2823,2028-ex-seven-suas,CZ,S,waste,wholesale_revenues_mn_EUR,40.5327529337104
2824,2028-ex-seven-suas,CZ,S,gas_ccgt,wholesale_revenues_mn_EUR,191.39457488926465
2825,2028-ex-seven-suas,CZ,S,gas_chp,wholesale_revenues_mn_EUR,20.552601822141103
2826,2028-ex-seven-suas,CZ,S,biogas,wholesale_revenues_mn_EUR,16.174746232123486
2827,2028-ex-seven-suas,CZ,S,lig_sc,wholesale_revenues_mn_EUR,0.0
2828,2028-ex-seven-suas,CZ,S,bio,wholesale_revenues_mn_EUR,0.0
2829,2028-ex-seven-suas,CZ,S,gas_eng_chp,wholesale_revenues_mn_EUR,49.97522964714223
2830,2028-ex-seven-suas,CZ,S,lig,wholesale_revenues_mn_EUR,0.0
2831,2028-ex-seven-suas,CZ,S,lig_ex,wholesale_revenues_mn_EUR,78.28616752118636
2832,2028-ex-seven-suas,CZ,S,coal,wholesale_revenues_mn_EUR,0.0
2833,2028-ex-seven-suas,CZ,S,coal_ex,wholesale_revenues_mn_EUR,7.867735473958056
2834,2028-ex-seven-suas,CZ,S,gas_peak,wholesale_revenues_mn_EUR,0.0
2835,2028-ex-seven-suas,CZ,S,lig_old,wholesale_revenues_mn_EUR,0.0
2836,2028-ex-seven-suas,CZ,S,b_CHP,wholesale_revenues_mn_EUR,3.468821773841856e-17
2837,2028-ex-seven-suas,CZ,S,lig_bp,wholesale_revenues_mn_EUR,31.103764178282574
2838,2028-ex-seven-suas,CZ,S,coal_bp,wholesale_revenues_mn_EUR,0.0
2839,2028-ex-seven-suas,CZ,S,dsr,wholesale_revenues_mn_EUR,0.0
2840,2028-ex-seven-suas,CZ,S,h_ror,wholesale_revenues_mn_EUR,50.58743410776464
2841,2028-ex-seven-suas,CZ,S,h_dams,wholesale_revenues_mn_EUR,45.65408862385042
2842,2028-ex-seven-suas,CZ,S,li,wholesale_revenues_mn_EUR,3.81796714443842
2843,2028-ex-seven-suas,CZ,S,pump_open,wholesale_revenues_mn_EUR,26.67134926129768
2844,2028-ex-seven-suas,CZ,S,pump,wholesale_revenues_mn_EUR,35.70857166419273
2845,2028-ex-seven-suas,CZ,S,IMPORT_EXPORT,wholesale_revenues_mn_EUR,1.4065312351461348
2846,2028-ex-seven-suas,CZ,W,nuclear,wholesale_revenues_mn_EUR,1488.7932318372086
2847,2028-ex-seven-suas,CZ,W,solar,wholesale_revenues_mn_EUR,177.49506228877178
2848,2028-ex-seven-suas,CZ,W,onshore,wholesale_revenues_mn_EUR,61.95638256177196
2849,2028-ex-seven-suas,CZ,W,waste,wholesale_revenues_mn_EUR,77.15272333766195
2850,2028-ex-seven-suas,CZ,W,gas_ccgt,wholesale_revenues_mn_EUR,270.88828387201494
2851,2028-ex-seven-suas,CZ,W,gas_chp,wholesale_revenues_mn_EUR,190.37397335228664
2852,2028-ex-seven-suas,CZ,W,biogas,wholesale_revenues_mn_EUR,85.98401416640196
2853,2028-ex-seven-suas,CZ,W,lig_sc,wholesale_revenues_mn_EUR,107.34422028502334
2854,2028-ex-seven-suas,CZ,W,bio,wholesale_revenues_mn_EUR,0.0
2855,2028-ex-seven-suas,CZ,W,gas_eng_chp,wholesale_revenues_mn_EUR,112.13048555953308
2856,2028-ex-seven-suas,CZ,W,lig,wholesale_revenues_mn_EUR,69.57796761040342
2857,2028-ex-seven-suas,CZ,W,lig_ex,wholesale_revenues_mn_EUR,123.15382868088864
2858,2028-ex-seven-suas,CZ,W,coal,wholesale_revenues_mn_EUR,0.0
2859,2028-ex-seven-suas,CZ,W,coal_ex,wholesale_revenues_mn_EUR,12.344865738711237
2860,2028-ex-seven-suas,CZ,W,gas_peak,wholesale_revenues_mn_EUR,5.83325323607801
2861,2028-ex-seven-suas,CZ,W,lig_old,wholesale_revenues_mn_EUR,0.0
2862,2028-ex-seven-suas,CZ,W,b_CHP,wholesale_revenues_mn_EUR,0.5553481432347803
2863,2028-ex-seven-suas,CZ,W,lig_bp,wholesale_revenues_mn_EUR,133.47182077927613
2864,2028-ex-seven-suas,CZ,W,coal_bp,wholesale_revenues_mn_EUR,0.0
2865,2028-ex-seven-suas,CZ,W,dsr,wholesale_revenues_mn_EUR,0.0
2866,2028-ex-seven-suas,CZ,W,h_ror,wholesale_revenues_mn_EUR,58.98932369815448
2867,2028-ex-seven-suas,CZ,W,h_dams,wholesale_revenues_mn_EUR,57.49829150057887
2868,2028-ex-seven-suas,CZ,W,li,wholesale_revenues_mn_EUR,5.557350856716964
2869,2028-ex-seven-suas,CZ,W,pump_open,wholesale_revenues_mn_EUR,16.64557056408301
2870,2028-ex-seven-suas,CZ,W,pump,wholesale_revenues_mn_EUR,19.841916030535504
2871,2028-ex-seven-suas,CZ,W,IMPORT_EXPORT,wholesale_revenues_mn_EUR,3.830830729116679
2872,2028-ex-seven-suas,CZ,Y,TOTAL,avg_consumer_price_EUR_per_MWh,93.42469817375454
2873,2028-ex-seven-suas,CZ,S,TOTAL,avg_consumer_price_EUR_per_MWh,82.19546387231568
2874,2028-ex-seven-suas,CZ,W,TOTAL,avg_consumer_price_EUR_per_MWh,102.7016461659918
2875,2028-ex-seven-suas,CZ,Y,TOTAL,avg_producer_price_EUR_per_MWh,91.48319207613842
2876,2028-ex-seven-suas,CZ,S,TOTAL,avg_producer_price_EUR_per_MWh,79.28720504092551
2877,2028-ex-seven-suas,CZ,W,TOTAL,avg_producer_price_EUR_per_MWh,101.73229656507078
2878,2028-ex-seven-suas,CZ,Y,nuclear,capacity_factor,0.7964817503918005
2879,2028-ex-seven-suas,CZ,Y,solar,capacity_factor,0.1179873151350562
2880,2028-ex-seven-suas,CZ,Y,onshore,capacity_factor,0.2249512284205716
2881,2028-ex-seven-suas,CZ,Y,waste,capacity_factor,0.6666666666665781
2882,2028-ex-seven-suas,CZ,Y,gas_ccgt,capacity_factor,0.8706051179882267
2883,2028-ex-seven-suas,CZ,Y,gas_chp,capacity_factor,0.5333333333333299
2884,2028-ex-seven-suas,CZ,Y,biogas,capacity_factor,0.3804218518144188
2885,2028-ex-seven-suas,CZ,Y,lig_sc,capacity_factor,0.2531812613390514
2886,2028-ex-seven-suas,CZ,Y,gas_eng_chp,capacity_factor,0.5333333333333641
2887,2028-ex-seven-suas,CZ,Y,lig,capacity_factor,0.0783656161734268
2888,2028-ex-seven-suas,CZ,Y,lig_ex,capacity_factor,0.5333333333333198
2889,2028-ex-seven-suas,CZ,Y,coal_ex,capacity_factor,0.5333333333333387
2890,2028-ex-seven-suas,CZ,Y,gas_peak,capacity_factor,0.0543137606251126
2891,2028-ex-seven-suas,CZ,Y,b_CHP,capacity_factor,0.0068368631391867
2892,2028-ex-seven-suas,CZ,Y,lig_bp,capacity_factor,0.5333333333333544
2893,2028-ex-seven-suas,CZ,Y,h_ror,capacity_factor,0.3265252833489029
2894,2028-ex-seven-suas,CZ,Y,h_dams,capacity_factor,0.1865571011903423
2895,2028-ex-seven-suas,CZ,Y,li,capacity_factor,0.0986658282770203
2896,2028-ex-seven-suas,CZ,Y,pump_open,capacity_factor,0.0993245533728946
2897,2028-ex-seven-suas,CZ,Y,pump,capacity_factor,0.0895201072533406
2898,2028-ex-seven-suas,CZ,Y,TOTAL,capacity_factor,0.3314243823064814
2899,2028-ex-seven-suas,CZ,S,nuclear,capacity_factor,0.7758452989642761
2900,2028-ex-seven-suas,CZ,S,solar,capacity_factor,0.163971334533138
2901,2028-ex-seven-suas,CZ,S,onshore,capacity_factor,0.1623204955012917
2902,2028-ex-seven-suas,CZ,S,waste,capacity_factor,0.4880726187008599
2903,2028-ex-seven-suas,CZ,S,gas_ccgt,capacity_factor,0.7745857804156969
2904,2028-ex-seven-suas,CZ,S,gas_chp,capacity_factor,0.1522640052040967
2905,2028-ex-seven-suas,CZ,S,biogas,capacity_factor,0.1308479562144945
2906,2028-ex-seven-suas,CZ,S,lig_sc,capacity_factor,0.0
2907,2028-ex-seven-suas,CZ,S,gas_eng_chp,capacity_factor,0.3603722525349075
2908,2028-ex-seven-suas,CZ,S,lig,capacity_factor,0.0
2909,2028-ex-seven-suas,CZ,S,lig_ex,capacity_factor,0.482324126517456
2910,2028-ex-seven-suas,CZ,S,coal_ex,capacity_factor,0.4761726447858825
2911,2028-ex-seven-suas,CZ,S,gas_peak,capacity_factor,0.0
2912,2028-ex-seven-suas,CZ,S,b_CHP,capacity_factor,1.2491892952523814e-18
2913,2028-ex-seven-suas,CZ,S,lig_bp,capacity_factor,0.2316824619832564
2914,2028-ex-seven-suas,CZ,S,h_ror,capacity_factor,0.3347676066004523
2915,2028-ex-seven-suas,CZ,S,h_dams,capacity_factor,0.1835125084987557
2916,2028-ex-seven-suas,CZ,S,li,capacity_factor,0.0884459965727782
2917,2028-ex-seven-suas,CZ,S,pump_open,capacity_factor,0.1314664186666046
2918,2028-ex-seven-suas,CZ,S,pump,capacity_factor,0.122865877017813
2919,2028-ex-seven-suas,CZ,S,TOTAL,capacity_factor,1.3293395554051175
2920,2028-ex-seven-suas,CZ,W,nuclear,capacity_factor,0.8170054343251856
2921,2028-ex-seven-suas,CZ,W,solar,capacity_factor,0.0722545745314995
2922,2028-ex-seven-suas,CZ,W,onshore,capacity_factor,0.2872397168976696
2923,2028-ex-seven-suas,CZ,W,waste,capacity_factor,0.8442847908729209
2924,2028-ex-seven-suas,CZ,W,gas_ccgt,capacity_factor,0.966099759727027
2925,2028-ex-seven-suas,CZ,W,gas_chp,capacity_factor,0.912320315407212
2926,2028-ex-seven-suas,CZ,W,biogas,capacity_factor,0.6286319556351085
2927,2028-ex-seven-suas,CZ,W,lig_sc,capacity_factor,0.50497901851778
2928,2028-ex-seven-suas,CZ,W,gas_eng_chp,capacity_factor,0.7053492716137965
2929,2028-ex-seven-suas,CZ,W,lig,capacity_factor,0.15630300493607
2930,2028-ex-seven-suas,CZ,W,lig_ex,capacity_factor,0.5840638013141243
2931,2028-ex-seven-suas,CZ,W,coal_ex,capacity_factor,0.5901816683914644
2932,2028-ex-seven-suas,CZ,W,gas_peak,capacity_factor,0.108330724744077
2933,2028-ex-seven-suas,CZ,W,b_CHP,capacity_factor,0.0136363663705089
2934,2028-ex-seven-suas,CZ,W,lig_bp,capacity_factor,0.8333358392662386
2935,2028-ex-seven-suas,CZ,W,h_ror,capacity_factor,0.3183280001151214
2936,2028-ex-seven-suas,CZ,W,h_dams,capacity_factor,0.1895850567633955
2937,2028-ex-seven-suas,CZ,W,li,capacity_factor,0.1088298139063759
2938,2028-ex-seven-suas,CZ,W,pump_open,capacity_factor,0.067358326687347
2939,2028-ex-seven-suas,CZ,W,pump,capacity_factor,0.0563565548099855
2940,2028-ex-seven-suas,CZ,W,TOTAL,capacity_factor,1.3220754048291332
2941,2028-ex-seven-suas,CZ,Y,li,capacity_factor_charging,0.0109129059573615
2942,2028-ex-seven-suas,CZ,Y,pump_open,capacity_factor_charging,0.1370453123676102
2943,2028-ex-seven-suas,CZ,Y,pump,capacity_factor_charging,0.1269549713808671
2944,2028-ex-seven-suas,CZ,S,li,capacity_factor_charging,0.0112549118634376
2945,2028-ex-seven-suas,CZ,S,pump_open,capacity_factor_charging,0.1860946179710562
2946,2028-ex-seven-suas,CZ,S,pump,capacity_factor_charging,0.1748563335320304
2947,2028-ex-seven-suas,CZ,W,li,capacity_factor_charging,0.010572768936018
2948,2028-ex-seven-suas,CZ,W,pump_open,capacity_factor_charging,0.0882640357565327
2949,2028-ex-seven-suas,CZ,W,pump,capacity_factor_charging,0.0793153653070325
2950,2028-ex-seven-suas,CZ,Y,nuclear,emissions_MtCO2,0.0
2951,2028-ex-seven-suas,CZ,Y,solar,emissions_MtCO2,0.0
2952,2028-ex-seven-suas,CZ,Y,onshore,emissions_MtCO2,0.0
2953,2028-ex-seven-suas,CZ,Y,waste,emissions_MtCO2,0.0
2954,2028-ex-seven-suas,CZ,Y,gas_ccgt,emissions_MtCO2,1.8498077771840689
2955,2028-ex-seven-suas,CZ,Y,gas_chp,emissions_MtCO2,1.4030015999999907
2956,2028-ex-seven-suas,CZ,Y,biogas,emissions_MtCO2,0.0
2957,2028-ex-seven-suas,CZ,Y,lig_sc,emissions_MtCO2,0.8987006838773836
2958,2028-ex-seven-suas,CZ,Y,bio,emissions_MtCO2,0.0
2959,2028-ex-seven-suas,CZ,Y,gas_eng_chp,emissions_MtCO2,0.7567472000000435
2960,2028-ex-seven-suas,CZ,Y,lig,emissions_MtCO2,0.5926268695805166
2961,2028-ex-seven-suas,CZ,Y,lig_ex,emissions_MtCO2,5.389992959999863
2962,2028-ex-seven-suas,CZ,Y,coal,emissions_MtCO2,0.0
2963,2028-ex-seven-suas,CZ,Y,coal_ex,emissions_MtCO2,0.4539064780800045
2964,2028-ex-seven-suas,CZ,Y,gas_peak,emissions_MtCO2,0.0251883644175784
2965,2028-ex-seven-suas,CZ,Y,lig_old,emissions_MtCO2,0.0
2966,2028-ex-seven-suas,CZ,Y,b_CHP,emissions_MtCO2,0.0
2967,2028-ex-seven-suas,CZ,Y,lig_bp,emissions_MtCO2,3.2685312000001288
2968,2028-ex-seven-suas,CZ,Y,coal_bp,emissions_MtCO2,0.0
2969,2028-ex-seven-suas,CZ,Y,dsr,emissions_MtCO2,0.0
2970,2028-ex-seven-suas,CZ,Y,eens,emissions_MtCO2,0.0
2971,2028-ex-seven-suas,CZ,Y,h_ror,emissions_MtCO2,0.0
2972,2028-ex-seven-suas,CZ,Y,h_dams,emissions_MtCO2,0.0
2973,2028-ex-seven-suas,CZ,Y,li,emissions_MtCO2,0.0
2974,2028-ex-seven-suas,CZ,Y,pump_open,emissions_MtCO2,0.0
2975,2028-ex-seven-suas,CZ,Y,pump,emissions_MtCO2,0.0
2976,2028-ex-seven-suas,CZ,Y,TOTAL,emissions_MtCO2,14.638503133139576
2977,2028-ex-seven-suas,CZ,S,nuclear,emissions_MtCO2,0.0
2978,2028-ex-seven-suas,CZ,S,solar,emissions_MtCO2,0.0
2979,2028-ex-seven-suas,CZ,S,onshore,emissions_MtCO2,0.0
2980,2028-ex-seven-suas,CZ,S,waste,emissions_MtCO2,0.0
2981,2028-ex-seven-suas,CZ,S,gas_ccgt,emissions_MtCO2,0.8206414115819656
2982,2028-ex-seven-suas,CZ,S,gas_chp,emissions_MtCO2,0.1997262791718677
2983,2028-ex-seven-suas,CZ,S,biogas,emissions_MtCO2,0.0
2984,2028-ex-seven-suas,CZ,S,lig_sc,emissions_MtCO2,0.0
2985,2028-ex-seven-suas,CZ,S,bio,emissions_MtCO2,0.0
2986,2028-ex-seven-suas,CZ,S,gas_eng_chp,emissions_MtCO2,0.2549658191997642
2987,2028-ex-seven-suas,CZ,S,lig,emissions_MtCO2,0.0
2988,2028-ex-seven-suas,CZ,S,lig_ex,emissions_MtCO2,2.4305635460899166
2989,2028-ex-seven-suas,CZ,S,coal,emissions_MtCO2,0.0
2990,2028-ex-seven-suas,CZ,S,coal_ex,emissions_MtCO2,0.2020740840606646
2991,2028-ex-seven-suas,CZ,S,gas_peak,emissions_MtCO2,0.0
2992,2028-ex-seven-suas,CZ,S,lig_old,emissions_MtCO2,0.0
2993,2028-ex-seven-suas,CZ,S,b_CHP,emissions_MtCO2,0.0
2994,2028-ex-seven-suas,CZ,S,lig_bp,emissions_MtCO2,0.7079875001624277
2995,2028-ex-seven-suas,CZ,S,coal_bp,emissions_MtCO2,0.0
2996,2028-ex-seven-suas,CZ,S,dsr,emissions_MtCO2,0.0
2997,2028-ex-seven-suas,CZ,S,eens,emissions_MtCO2,0.0
2998,2028-ex-seven-suas,CZ,S,h_ror,emissions_MtCO2,0.0
2999,2028-ex-seven-suas,CZ,S,h_dams,emissions_MtCO2,0.0
3000,2028-ex-seven-suas,CZ,S,li,emissions_MtCO2,0.0
3001,2028-ex-seven-suas,CZ,S,pump_open,emissions_MtCO2,0.0
3002,2028-ex-seven-suas,CZ,S,pump,emissions_MtCO2,0.0
3003,2028-ex-seven-suas,CZ,S,TOTAL,emissions_MtCO2,29.27700626627915
3004,2028-ex-seven-suas,CZ,W,nuclear,emissions_MtCO2,0.0
3005,2028-ex-seven-suas,CZ,W,solar,emissions_MtCO2,0.0
3006,2028-ex-seven-suas,CZ,W,onshore,emissions_MtCO2,0.0
3007,2028-ex-seven-suas,CZ,W,waste,emissions_MtCO2,0.0
3008,2028-ex-seven-suas,CZ,W,gas_ccgt,emissions_MtCO2,1.0291663656021033
3009,2028-ex-seven-suas,CZ,W,gas_chp,emissions_MtCO2,1.2032753208281233
3010,2028-ex-seven-suas,CZ,W,biogas,emissions_MtCO2,0.0
3011,2028-ex-seven-suas,CZ,W,lig_sc,emissions_MtCO2,0.8987006838773836
3012,2028-ex-seven-suas,CZ,W,bio,emissions_MtCO2,0.0
3013,2028-ex-seven-suas,CZ,W,gas_eng_chp,emissions_MtCO2,0.5017813808002793
3014,2028-ex-seven-suas,CZ,W,lig,emissions_MtCO2,0.5926268695805166
3015,2028-ex-seven-suas,CZ,W,lig_ex,emissions_MtCO2,2.9594294139099464
3016,2028-ex-seven-suas,CZ,W,coal,emissions_MtCO2,0.0
3017,2028-ex-seven-suas,CZ,W,coal_ex,emissions_MtCO2,0.2518323940193399
3018,2028-ex-seven-suas,CZ,W,gas_peak,emissions_MtCO2,0.0251883644175784
3019,2028-ex-seven-suas,CZ,W,lig_old,emissions_MtCO2,0.0
3020,2028-ex-seven-suas,CZ,W,b_CHP,emissions_MtCO2,0.0
3021,2028-ex-seven-suas,CZ,W,lig_bp,emissions_MtCO2,2.5605436998377
3022,2028-ex-seven-suas,CZ,W,coal_bp,emissions_MtCO2,0.0
3023,2028-ex-seven-suas,CZ,W,dsr,emissions_MtCO2,0.0
3024,2028-ex-seven-suas,CZ,W,eens,emissions_MtCO2,0.0
3025,2028-ex-seven-suas,CZ,W,h_ror,emissions_MtCO2,0.0
3026,2028-ex-seven-suas,CZ,W,h_dams,emissions_MtCO2,0.0
3027,2028-ex-seven-suas,CZ,W,li,emissions_MtCO2,0.0
3028,2028-ex-seven-suas,CZ,W,pump_open,emissions_MtCO2,0.0
3029,2028-ex-seven-suas,CZ,W,pump,emissions_MtCO2,0.0
3030,2028-ex-seven-suas,CZ,W,TOTAL,emissions_MtCO2,29.27700626627915
3031,2028-ex-seven-suas,CZ,Y,nuclear,power_share_high_value,0.974468817970178
3032,2028-ex-seven-suas,CZ,Y,solar,power_share_high_value,0.86537014988304
3033,2028-ex-seven-suas,CZ,Y,onshore,power_share_high_value,0.979391758191212
3034,2028-ex-seven-suas,CZ,S,nuclear,power_share_high_value,0.9552808718901492
3035,2028-ex-seven-suas,CZ,S,solar,power_share_high_value,0.8337016594318253
3036,2028-ex-seven-suas,CZ,S,onshore,power_share_high_value,0.9540531000559832
3037,2028-ex-seven-suas,CZ,W,nuclear,power_share_high_value,0.992590519591888
3038,2028-ex-seven-suas,CZ,W,solar,power_share_high_value,0.9368445047032004
3039,2028-ex-seven-suas,CZ,W,onshore,power_share_high_value,0.993632505494948
3040,2028-ex-seven-suas,CZ,Y,nuclear,power_share_low_value,0.0244668913958909
3041,2028-ex-seven-suas,CZ,Y,solar,power_share_low_value,0.1282271524902685
3042,2028-ex-seven-suas,CZ,Y,onshore,power_share_low_value,0.0197746595664758
3043,2028-ex-seven-suas,CZ,S,nuclear,power_share_low_value,0.0430382489866638
3044,2028-ex-seven-suas,CZ,S,solar,power_share_low_value,0.1588578618370675
3045,2028-ex-seven-suas,CZ,S,onshore,power_share_low_value,0.0446979635023042
3046,2028-ex-seven-suas,CZ,W,nuclear,power_share_low_value,0.0069275153956454
3047,2028-ex-seven-suas,CZ,W,solar,power_share_low_value,0.0590950228228008
3048,2028-ex-seven-suas,CZ,W,onshore,power_share_low_value,0.0057673482309601
3049,2028-ex-seven-suas,CZ,Y,nuclear,power_share_zero_value,0.0010642906339307
3050,2028-ex-seven-suas,CZ,Y,solar,power_share_zero_value,0.0064026976266917
3051,2028-ex-seven-suas,CZ,Y,onshore,power_share_zero_value,0.0008335822423121
3052,2028-ex-seven-suas,CZ,S,nuclear,power_share_zero_value,0.0016808791231867
3053,2028-ex-seven-suas,CZ,S,solar,power_share_zero_value,0.0074404787311072
3054,2028-ex-seven-suas,CZ,S,onshore,power_share_zero_value,0.0012489364417123
3055,2028-ex-seven-suas,CZ,W,nuclear,power_share_zero_value,0.0004819650124664
3056,2028-ex-seven-suas,CZ,W,solar,power_share_zero_value,0.0040604724739989
3057,2028-ex-seven-suas,CZ,W,onshore,power_share_zero_value,0.0006001462740916
3058,2028-stress,CZ,Y,nuclear,capacity_GW,4.099
3059,2028-stress,CZ,Y,solar,capacity_GW,7.0
3060,2028-stress,CZ,Y,onshore,capacity_GW,0.5
3061,2028-stress,CZ,Y,waste,capacity_GW,0.19575
3062,2028-stress,CZ,Y,gas_ccgt,capacity_GW,0.6174
3063,2028-stress,CZ,Y,gas_chp,capacity_GW,0.7644
3064,2028-stress,CZ,Y,biogas,capacity_GW,0.279
3065,2028-stress,CZ,Y,lig_sc,capacity_GW,0.4356
3066,2028-stress,CZ,Y,bio,capacity_GW,0.0
3067,2028-stress,CZ,Y,gas_eng_chp,capacity_GW,0.33131249999999995
3068,2028-stress,CZ,Y,lig,capacity_GW,0.8632799999999999
3069,2028-stress,CZ,Y,lig_ex,capacity_GW,1.15368
3070,2028-stress,CZ,Y,coal,capacity_GW,0.0
3071,2028-stress,CZ,Y,coal_ex,capacity_GW,0.11484
3072,2028-stress,CZ,Y,gas_peak,capacity_GW,0.096255
3073,2028-stress,CZ,Y,lig_old,capacity_GW,0.0
3074,2028-stress,CZ,Y,b_CHP,capacity_GW,0.20925
3075,2028-stress,CZ,Y,lig_bp,capacity_GW,0.34979999999999994
3076,2028-stress,CZ,Y,coal_bp,capacity_GW,0.0
3077,2028-stress,CZ,Y,dsr,capacity_GW,0.0
3078,2028-stress,CZ,Y,h_ror,capacity_GW,0.415
3079,2028-stress,CZ,Y,h_dams,capacity_GW,0.609
3080,2028-stress,CZ,Y,li,capacity_GW,0.1
3081,2028-stress,CZ,Y,pump_open,capacity_GW,0.47
3082,2028-stress,CZ,Y,pump,capacity_GW,0.678
3083,2028-stress,CZ,Y,TOTAL,capacity_GW,19.281567499999998
3084,2028-stress,CZ,Y,h_ror,capacity_charging_GW,0.0
3085,2028-stress,CZ,Y,h_dams,capacity_charging_GW,0.0
3086,2028-stress,CZ,Y,li,capacity_charging_GW,1.25599
3087,2028-stress,CZ,Y,pump_open,capacity_charging_GW,0.44
3088,2028-stress,CZ,Y,pump,capacity_charging_GW,0.664
3089,2028-stress,CZ,Y,nuclear,capacity_paid_off_GW,0.0
3090,2028-stress,CZ,Y,solar,capacity_paid_off_GW,0.0
3091,2028-stress,CZ,Y,onshore,capacity_paid_off_GW,0.0
3092,2028-stress,CZ,Y,waste,capacity_paid_off_GW,0.0
3093,2028-stress,CZ,Y,gas_ccgt,capacity_paid_off_GW,0.0
3094,2028-stress,CZ,Y,gas_chp,capacity_paid_off_GW,0.0
3095,2028-stress,CZ,Y,biogas,capacity_paid_off_GW,0.0
3096,2028-stress,CZ,Y,lig_sc,capacity_paid_off_GW,0.0
3097,2028-stress,CZ,Y,bio,capacity_paid_off_GW,0.0
3098,2028-stress,CZ,Y,gas_eng_chp,capacity_paid_off_GW,0.0
3099,2028-stress,CZ,Y,lig,capacity_paid_off_GW,0.0
3100,2028-stress,CZ,Y,lig_ex,capacity_paid_off_GW,0.0
3101,2028-stress,CZ,Y,coal,capacity_paid_off_GW,0.0
3102,2028-stress,CZ,Y,coal_ex,capacity_paid_off_GW,0.0
3103,2028-stress,CZ,Y,gas_peak,capacity_paid_off_GW,0.0
3104,2028-stress,CZ,Y,lig_old,capacity_paid_off_GW,0.0
3105,2028-stress,CZ,Y,b_CHP,capacity_paid_off_GW,0.0
3106,2028-stress,CZ,Y,lig_bp,capacity_paid_off_GW,0.0
3107,2028-stress,CZ,Y,coal_bp,capacity_paid_off_GW,0.0
3108,2028-stress,CZ,Y,dsr,capacity_paid_off_GW,0.0
3109,2028-stress,CZ,Y,h_ror,capacity_paid_off_GW,0.0
3110,2028-stress,CZ,Y,h_dams,capacity_paid_off_GW,0.0
3111,2028-stress,CZ,Y,li,capacity_paid_off_GW,0.0
3112,2028-stress,CZ,Y,pump_open,capacity_paid_off_GW,0.0
3113,2028-stress,CZ,Y,pump,capacity_paid_off_GW,0.0
3114,2028-stress,CZ,Y,h_ror,capacity_charging_paid_off_GW,0.0
3115,2028-stress,CZ,Y,h_dams,capacity_charging_paid_off_GW,0.0
3116,2028-stress,CZ,Y,li,capacity_charging_paid_off_GW,0.0
3117,2028-stress,CZ,Y,pump_open,capacity_charging_paid_off_GW,0.0
3118,2028-stress,CZ,Y,pump,capacity_charging_paid_off_GW,0.0
3119,2028-stress,CZ,Y,TOTAL,load_TWh,67.306346938
3120,2028-stress,CZ,S,TOTAL,load_TWh,30.449230927000002
3121,2028-stress,CZ,W,TOTAL,load_TWh,36.857116011
3122,2028-stress,CZ,Y,TOTAL,import_TWh,17.907591959582447
3123,2028-stress,CZ,S,TOTAL,import_TWh,8.685285426113186
3124,2028-stress,CZ,W,TOTAL,import_TWh,9.222306533469263
3125,2028-stress,CZ,Y,TOTAL,export_TWh,2.549270752115235
3126,2028-stress,CZ,S,TOTAL,export_TWh,1.3305185786979277
3127,2028-stress,CZ,W,TOTAL,export_TWh,1.2187521734173068
3128,2028-stress,CZ,Y,TOTAL,net_import_TWh,15.358321207467213
3129,2028-stress,CZ,S,TOTAL,net_import_TWh,7.3547668474152585
3130,2028-stress,CZ,W,TOTAL,net_import_TWh,8.003554360051956
3131,2028-stress,CZ,Y,TOTAL,curtailment_TWh,0.000416421937688624
3132,2028-stress,CZ,S,TOTAL,curtailment_TWh,0.00032477561947148205
3133,2028-stress,CZ,W,TOTAL,curtailment_TWh,9.164631821714192e-05
3134,2028-stress,CZ,Y,nuclear,production_TWh,24.13186136693848
3135,2028-stress,CZ,Y,solar,production_TWh,7.234982164081648
3136,2028-stress,CZ,Y,onshore,production_TWh,0.9852863804821038
3137,2028-stress,CZ,Y,waste,production_TWh,1.1431799999998522
3138,2028-stress,CZ,Y,gas_ccgt,production_TWh,4.862109515018549
3139,2028-stress,CZ,Y,gas_chp,production_TWh,2.0913634993051677
3140,2028-stress,CZ,Y,biogas,production_TWh,1.281159344709748
3141,2028-stress,CZ,Y,lig_sc,production_TWh,1.2335266361457469
3142,2028-stress,CZ,Y,bio,production_TWh,0.0
3143,2028-stress,CZ,Y,gas_eng_chp,production_TWh,1.5478920000000906
3144,2028-stress,CZ,Y,lig,production_TWh,1.4292514715696876
3145,2028-stress,CZ,Y,lig_ex,production_TWh,2.1750236063975774
3146,2028-stress,CZ,Y,coal,production_TWh,0.0
3147,2028-stress,CZ,Y,coal_ex,production_TWh,0.21616805734128555
3148,2028-stress,CZ,Y,gas_peak,production_TWh,0.10018216345420346
3149,2028-stress,CZ,Y,lig_old,production_TWh,0.0
3150,2028-stress,CZ,Y,b_CHP,production_TWh,0.055176410995314666
3151,2028-stress,CZ,Y,lig_bp,production_TWh,1.6342656000000644
3152,2028-stress,CZ,Y,coal_bp,production_TWh,0.0
3153,2028-stress,CZ,Y,dsr,production_TWh,0.0
3154,2028-stress,CZ,Y,eens,production_TWh,-8.71533279598064e-19
3155,2028-stress,CZ,Y,h_ror,production_TWh,1.1883544515534008
3156,2028-stress,CZ,Y,h_dams,production_TWh,0.9952522857142858
3157,2028-stress,CZ,Y,li,production_TWh,0.09072008304953016
3158,2028-stress,CZ,Y,pump_open,production_TWh,0.4189416090317246
3159,2028-stress,CZ,Y,pump,production_TWh,0.5461216824721671
3160,2028-stress,CZ,Y,TOTAL,production_TWh,53.36081832826064
3161,2028-stress,CZ,S,nuclear,production_TWh,11.663389397825554
3162,2028-stress,CZ,S,solar,production_TWh,5.013587524685228
3163,2028-stress,CZ,S,onshore,production_TWh,0.3545079621748212
3164,2028-stress,CZ,S,waste,production_TWh,0.39497279031407706
3165,2028-stress,CZ,S,gas_ccgt,production_TWh,2.2241506468745995
3166,2028-stress,CZ,S,gas_chp,production_TWh,0.29215541245123716
3167,2028-stress,CZ,S,biogas,production_TWh,0.37672379695887503
3168,2028-stress,CZ,S,lig_sc,production_TWh,0.004736943116772414
3169,2028-stress,CZ,S,bio,production_TWh,0.0
3170,2028-stress,CZ,S,gas_eng_chp,production_TWh,0.5069949620111663
3171,2028-stress,CZ,S,lig,production_TWh,0.0
3172,2028-stress,CZ,S,lig_ex,production_TWh,0.9669521288416987
3173,2028-stress,CZ,S,coal,production_TWh,0.0
3174,2028-stress,CZ,S,coal_ex,production_TWh,0.09559571262473068
3175,2028-stress,CZ,S,gas_peak,production_TWh,0.0
3176,2028-stress,CZ,S,lig_old,production_TWh,0.0
3177,2028-stress,CZ,S,b_CHP,production_TWh,0.026803069234220503
3178,2028-stress,CZ,S,lig_bp,production_TWh,0.3237520389183635
3179,2028-stress,CZ,S,coal_bp,production_TWh,0.0
3180,2028-stress,CZ,S,dsr,production_TWh,0.0
3181,2028-stress,CZ,S,eens,production_TWh,-1.05627439089569e-18
3182,2028-stress,CZ,S,h_ror,production_TWh,0.6075902708333333
3183,2028-stress,CZ,S,h_dams,production_TWh,0.48800365
3184,2028-stress,CZ,S,li,production_TWh,0.04024631631469943
3185,2028-stress,CZ,S,pump_open,production_TWh,0.26703247271592856
3186,2028-stress,CZ,S,pump,production_TWh,0.36124465081205054
3187,2028-stress,CZ,S,TOTAL,production_TWh,106.72163665652128
3188,2028-stress,CZ,W,nuclear,production_TWh,12.468471969112926
3189,2028-stress,CZ,W,solar,production_TWh,2.221394639396421
3190,2028-stress,CZ,W,onshore,production_TWh,0.6307784183072825
3191,2028-stress,CZ,W,waste,production_TWh,0.7482072096857753
3192,2028-stress,CZ,W,gas_ccgt,production_TWh,2.63795886814395
3193,2028-stress,CZ,W,gas_chp,production_TWh,1.7992080868539306
3194,2028-stress,CZ,W,biogas,production_TWh,0.9044355477508728
3195,2028-stress,CZ,W,lig_sc,production_TWh,1.2287896930289743
3196,2028-stress,CZ,W,bio,production_TWh,0.0
3197,2028-stress,CZ,W,gas_eng_chp,production_TWh,1.0408970379889244
3198,2028-stress,CZ,W,lig,production_TWh,1.4292514715696876
3199,2028-stress,CZ,W,lig_ex,production_TWh,1.2080714775558785
3200,2028-stress,CZ,W,coal,production_TWh,0.0
3201,2028-stress,CZ,W,coal_ex,production_TWh,0.12057234471655487
3202,2028-stress,CZ,W,gas_peak,production_TWh,0.10018216345420346
3203,2028-stress,CZ,W,lig_old,production_TWh,0.0
3204,2028-stress,CZ,W,b_CHP,production_TWh,0.02837334176109416
3205,2028-stress,CZ,W,lig_bp,production_TWh,1.310513561081701
3206,2028-stress,CZ,W,coal_bp,production_TWh,0.0
3207,2028-stress,CZ,W,dsr,production_TWh,0.0
3208,2028-stress,CZ,W,eens,production_TWh,1.8474111129762613e-19
3209,2028-stress,CZ,W,h_ror,production_TWh,0.5807641807200676
3210,2028-stress,CZ,W,h_dams,production_TWh,0.5072486357142857
3211,2028-stress,CZ,W,li,production_TWh,0.05047376673483071
3212,2028-stress,CZ,W,pump_open,production_TWh,0.15190913631579608
3213,2028-stress,CZ,W,pump,production_TWh,0.18487703166011654
3214,2028-stress,CZ,W,TOTAL,production_TWh,106.72163665652128
3215,2028-stress,CZ,Y,gas_chp,production_el_eq_TWh,3.571276800000022
3216,2028-stress,CZ,Y,gas_eng_chp,production_el_eq_TWh,1.5478920000000906
3217,2028-stress,CZ,Y,lig_ex,production_el_eq_TWh,5.389992959999988
3218,2028-stress,CZ,Y,coal_ex,production_el_eq_TWh,0.5365324799999789
3219,2028-stress,CZ,Y,b_CHP,production_el_eq_TWh,0.13794102748828665
3220,2028-stress,CZ,Y,lig_bp,production_el_eq_TWh,1.6342656000000644
3221,2028-stress,CZ,Y,coal_bp,production_el_eq_TWh,0.0
3222,2028-stress,CZ,Y,eens,production_el_eq_TWh,0.00038007560000000276
3223,2028-stress,CZ,S,gas_chp,production_el_eq_TWh,0.5756022502116107
3224,2028-stress,CZ,S,gas_eng_chp,production_el_eq_TWh,0.5069949620111663
3225,2028-stress,CZ,S,lig_ex,production_el_eq_TWh,2.4172223756756757
3226,2028-stress,CZ,S,coal_ex,production_el_eq_TWh,0.23897490656182668
3227,2028-stress,CZ,S,b_CHP,production_el_eq_TWh,0.06700767308555124
3228,2028-stress,CZ,S,lig_bp,production_el_eq_TWh,0.3237520389183635
3229,2028-stress,CZ,S,coal_bp,production_el_eq_TWh,0.0
3230,2028-stress,CZ,S,eens,production_el_eq_TWh,0.0
3231,2028-stress,CZ,W,gas_chp,production_el_eq_TWh,2.995674549788411
3232,2028-stress,CZ,W,gas_eng_chp,production_el_eq_TWh,1.0408970379889244
3233,2028-stress,CZ,W,lig_ex,production_el_eq_TWh,2.972770584324312
3234,2028-stress,CZ,W,coal_ex,production_el_eq_TWh,0.2975575734381522
3235,2028-stress,CZ,W,b_CHP,production_el_eq_TWh,0.07093335440273539
3236,2028-stress,CZ,W,lig_bp,production_el_eq_TWh,1.310513561081701
3237,2028-stress,CZ,W,coal_bp,production_el_eq_TWh,0.0
3238,2028-stress,CZ,W,eens,production_el_eq_TWh,0.00038007560000000276
3239,2028-stress,CZ,Y,solar,production_used_TWh,7.234982164081648
3240,2028-stress,CZ,Y,onshore,production_used_TWh,0.9852863804821038
3241,2028-stress,CZ,S,solar,production_used_TWh,5.013587524685228
3242,2028-stress,CZ,S,onshore,production_used_TWh,0.3545079621748212
3243,2028-stress,CZ,W,solar,production_used_TWh,2.221394639396421
3244,2028-stress,CZ,W,onshore,production_used_TWh,0.6307784183072825
3245,2028-stress,CZ,Y,solar,production_excess_TWh,0.0
3246,2028-stress,CZ,Y,onshore,production_excess_TWh,0.0
3247,2028-stress,CZ,S,solar,production_excess_TWh,0.0
3248,2028-stress,CZ,S,onshore,production_excess_TWh,0.0
3249,2028-stress,CZ,W,solar,production_excess_TWh,0.0
3250,2028-stress,CZ,W,onshore,production_excess_TWh,0.0
3251,2028-stress,CZ,Y,h_ror,discharged_TWh,1.1883544515534008
3252,2028-stress,CZ,Y,h_dams,discharged_TWh,0.9952522857142858
3253,2028-stress,CZ,Y,li,discharged_TWh,0.09072008304953016
3254,2028-stress,CZ,Y,pump_open,discharged_TWh,0.4189416090317246
3255,2028-stress,CZ,Y,pump,discharged_TWh,0.5461216824721671
3256,2028-stress,CZ,Y,TOTAL,discharged_TWh,3.239390111821108
3257,2028-stress,CZ,S,h_ror,discharged_TWh,0.6075902708333333
3258,2028-stress,CZ,S,h_dams,discharged_TWh,0.48800365
3259,2028-stress,CZ,S,li,discharged_TWh,0.04024631631469943
3260,2028-stress,CZ,S,pump_open,discharged_TWh,0.26703247271592856
3261,2028-stress,CZ,S,pump,discharged_TWh,0.36124465081205054
3262,2028-stress,CZ,S,TOTAL,discharged_TWh,6.478780223642216
3263,2028-stress,CZ,W,h_ror,discharged_TWh,0.5807641807200676
3264,2028-stress,CZ,W,h_dams,discharged_TWh,0.5072486357142857
3265,2028-stress,CZ,W,li,discharged_TWh,0.05047376673483071
3266,2028-stress,CZ,W,pump_open,discharged_TWh,0.15190913631579608
3267,2028-stress,CZ,W,pump,discharged_TWh,0.18487703166011654
3268,2028-stress,CZ,W,TOTAL,discharged_TWh,6.478780223642216
3269,2028-stress,CZ,Y,h_ror,charged_TWh,0.0
3270,2028-stress,CZ,Y,h_dams,charged_TWh,0.0
3271,2028-stress,CZ,Y,li,charged_TWh,0.11175394552681475
3272,2028-stress,CZ,Y,pump_open,charged_TWh,0.5421198934964429
3273,2028-stress,CZ,Y,pump,charged_TWh,0.7585023367668988
3274,2028-stress,CZ,Y,TOTAL,charged_TWh,1.4123761757901563
3275,2028-stress,CZ,S,h_ror,charged_TWh,0.0
3276,2028-stress,CZ,S,h_dams,charged_TWh,0.0
3277,2028-stress,CZ,S,li,charged_TWh,0.05394979973316436
3278,2028-stress,CZ,S,pump_open,charged_TWh,0.3542660767532426
3279,2028-stress,CZ,S,pump,charged_TWh,0.5054350150167369
3280,2028-stress,CZ,S,TOTAL,charged_TWh,2.8247523515803126
3281,2028-stress,CZ,W,h_ror,charged_TWh,0.0
3282,2028-stress,CZ,W,h_dams,charged_TWh,0.0
3283,2028-stress,CZ,W,li,charged_TWh,0.05780414579365039
3284,2028-stress,CZ,W,pump_open,charged_TWh,0.18785381674320026
3285,2028-stress,CZ,W,pump,charged_TWh,0.25306732175016183
3286,2028-stress,CZ,W,TOTAL,charged_TWh,2.8247523515803126
3287,2028-stress,CZ,Y,h_ror,inflow_TWh,1.19177
3288,2028-stress,CZ,Y,h_dams,inflow_TWh,0.9952522857142857
3289,2028-stress,CZ,Y,pump_open,inflow_TWh,0.028615285714285715
3290,2028-stress,CZ,S,h_ror,inflow_TWh,0.61016
3291,2028-stress,CZ,S,h_dams,inflow_TWh,0.488849
3292,2028-stress,CZ,S,pump_open,inflow_TWh,0.013893
3293,2028-stress,CZ,W,h_ror,inflow_TWh,0.58161
3294,2028-stress,CZ,W,h_dams,inflow_TWh,0.5064032857142857
3295,2028-stress,CZ,W,pump_open,inflow_TWh,0.014722285714285714
3296,2028-stress,CZ,Y,gas_chp,heat_production_PJ,10.655375765002951
3297,2028-stress,CZ,Y,gas_eng_chp,heat_production_PJ,5.572411200000326
3298,2028-stress,CZ,Y,lig_ex,heat_production_PJ,32.4068910843123
3299,2028-stress,CZ,Y,coal_ex,heat_production_PJ,3.2292733803996274
3300,2028-stress,CZ,Y,b_CHP,heat_production_PJ,0.8938578581240973
3301,2028-stress,CZ,Y,lig_bp,heat_production_PJ,17.650068480000698
3302,2028-stress,CZ,Y,coal_bp,heat_production_PJ,0.0
3303,2028-stress,CZ,Y,eens,heat_production_PJ,0.0013682721600000128
3304,2028-stress,CZ,S,gas_chp,heat_production_PJ,2.04081723187469
3305,2028-stress,CZ,S,gas_eng_chp,heat_production_PJ,1.8251818632401988
3306,2028-stress,CZ,S,lig_ex,heat_production_PJ,14.618724088086484
3307,2028-stress,CZ,S,coal_ex,heat_production_PJ,1.4452622748859278
3308,2028-stress,CZ,S,b_CHP,heat_production_PJ,0.4342097215943721
3309,2028-stress,CZ,S,lig_bp,heat_production_PJ,3.496522020318326
3310,2028-stress,CZ,S,coal_bp,heat_production_PJ,0.0
3311,2028-stress,CZ,S,eens,heat_production_PJ,3.802587807224484e-18
3312,2028-stress,CZ,W,gas_chp,heat_production_PJ,8.614558533128262
3313,2028-stress,CZ,W,gas_eng_chp,heat_production_PJ,3.747229336760128
3314,2028-stress,CZ,W,lig_ex,heat_production_PJ,17.788166996225815
3315,2028-stress,CZ,W,coal_ex,heat_production_PJ,1.7840111055137005
3316,2028-stress,CZ,W,b_CHP,heat_production_PJ,0.4596481365297254
3317,2028-stress,CZ,W,lig_bp,heat_production_PJ,14.15354645968237
3318,2028-stress,CZ,W,coal_bp,heat_production_PJ,0.0
3319,2028-stress,CZ,W,eens,heat_production_PJ,0.0013682721600000091
3320,2028-stress,CZ,Y,waste,production_hours,6609.0
3321,2028-stress,CZ,Y,gas_ccgt,production_hours,8093.0
3322,2028-stress,CZ,Y,gas_chp,production_hours,7498.0
3323,2028-stress,CZ,Y,biogas,production_hours,4947.0
3324,2028-stress,CZ,Y,lig_sc,production_hours,3292.0
3325,2028-stress,CZ,Y,bio,production_hours,0.0
3326,2028-stress,CZ,Y,gas_eng_chp,production_hours,5752.0
3327,2028-stress,CZ,Y,lig,production_hours,2083.0
3328,2028-stress,CZ,Y,lig_ex,production_hours,8760.0
3329,2028-stress,CZ,Y,coal,production_hours,0.0
3330,2028-stress,CZ,Y,coal_ex,production_hours,8435.0
3331,2028-stress,CZ,Y,gas_peak,production_hours,1193.0
3332,2028-stress,CZ,Y,lig_old,production_hours,0.0
3333,2028-stress,CZ,Y,b_CHP,production_hours,1491.0
3334,2028-stress,CZ,Y,lig_bp,production_hours,6880.0
3335,2028-stress,CZ,Y,coal_bp,production_hours,0.0
3336,2028-stress,CZ,Y,dsr,production_hours,0.0
3337,2028-stress,CZ,Y,eens,production_hours,0.0
3338,2028-stress,CZ,Y,h_ror,production_hours,8760.0
3339,2028-stress,CZ,Y,h_dams,production_hours,8760.0
3340,2028-stress,CZ,Y,li,production_hours,1046.0
3341,2028-stress,CZ,Y,pump_open,production_hours,1392.0
3342,2028-stress,CZ,Y,pump,production_hours,1135.0
3343,2028-stress,CZ,S,waste,production_hours,2611.0
3344,2028-stress,CZ,S,gas_ccgt,production_hours,3786.0
3345,2028-stress,CZ,S,gas_chp,production_hours,3124.0
3346,2028-stress,CZ,S,biogas,production_hours,1539.0
3347,2028-stress,CZ,S,lig_sc,production_hours,65.0
3348,2028-stress,CZ,S,bio,production_hours,0.0
3349,2028-stress,CZ,S,gas_eng_chp,production_hours,2073.0
3350,2028-stress,CZ,S,lig,production_hours,0.0
3351,2028-stress,CZ,S,lig_ex,production_hours,4368.0
3352,2028-stress,CZ,S,coal,production_hours,0.0
3353,2028-stress,CZ,S,coal_ex,production_hours,4368.0
3354,2028-stress,CZ,S,gas_peak,production_hours,0.0
3355,2028-stress,CZ,S,lig_old,production_hours,0.0
3356,2028-stress,CZ,S,b_CHP,production_hours,724.0
3357,2028-stress,CZ,S,lig_bp,production_hours,2506.0
3358,2028-stress,CZ,S,coal_bp,production_hours,0.0
3359,2028-stress,CZ,S,dsr,production_hours,0.0
3360,2028-stress,CZ,S,eens,production_hours,0.0
3361,2028-stress,CZ,S,h_ror,production_hours,4368.0
3362,2028-stress,CZ,S,h_dams,production_hours,4368.0
3363,2028-stress,CZ,S,li,production_hours,465.0
3364,2028-stress,CZ,S,pump_open,production_hours,858.0
3365,2028-stress,CZ,S,pump,production_hours,754.0
3366,2028-stress,CZ,W,waste,production_hours,3998.0
3367,2028-stress,CZ,W,gas_ccgt,production_hours,4307.0
3368,2028-stress,CZ,W,gas_chp,production_hours,4374.0
3369,2028-stress,CZ,W,biogas,production_hours,3408.0
3370,2028-stress,CZ,W,lig_sc,production_hours,3227.0
3371,2028-stress,CZ,W,bio,production_hours,0.0
3372,2028-stress,CZ,W,gas_eng_chp,production_hours,3679.0
3373,2028-stress,CZ,W,lig,production_hours,2083.0
3374,2028-stress,CZ,W,lig_ex,production_hours,4392.0
3375,2028-stress,CZ,W,coal,production_hours,0.0
3376,2028-stress,CZ,W,coal_ex,production_hours,4067.0
3377,2028-stress,CZ,W,gas_peak,production_hours,1193.0
3378,2028-stress,CZ,W,lig_old,production_hours,0.0
3379,2028-stress,CZ,W,b_CHP,production_hours,767.0
3380,2028-stress,CZ,W,lig_bp,production_hours,4374.0
3381,2028-stress,CZ,W,coal_bp,production_hours,0.0
3382,2028-stress,CZ,W,dsr,production_hours,0.0
3383,2028-stress,CZ,W,eens,production_hours,0.0
3384,2028-stress,CZ,W,h_ror,production_hours,4392.0
3385,2028-stress,CZ,W,h_dams,production_hours,4392.0
3386,2028-stress,CZ,W,li,production_hours,581.0
3387,2028-stress,CZ,W,pump_open,production_hours,534.0
3388,2028-stress,CZ,W,pump,production_hours,381.0
3389,2028-stress,CZ,Y,nuclear,capex_mn_EUR_per_yr,2738.4690791124917
3390,2028-stress,CZ,Y,solar,capex_mn_EUR_per_yr,362.97951645653444
3391,2028-stress,CZ,Y,onshore,capex_mn_EUR_per_yr,68.82996852045387
3392,2028-stress,CZ,Y,waste,capex_mn_EUR_per_yr,228.2938717209026
3393,2028-stress,CZ,Y,gas_ccgt,capex_mn_EUR_per_yr,76.18061222457844
3394,2028-stress,CZ,Y,gas_chp,capex_mn_EUR_per_yr,138.841538451773
3395,2028-stress,CZ,Y,biogas,capex_mn_EUR_per_yr,16.217086196531145
3396,2028-stress,CZ,Y,lig_sc,capex_mn_EUR_per_yr,144.15255774515765
3397,2028-stress,CZ,Y,bio,capex_mn_EUR_per_yr,0.0
3398,2028-stress,CZ,Y,gas_eng_chp,capex_mn_EUR_per_yr,22.59441391073202
3399,2028-stress,CZ,Y,lig,capex_mn_EUR_per_yr,285.68415989494883
3400,2028-stress,CZ,Y,lig_ex,capex_mn_EUR_per_yr,381.78586505838734
3401,2028-stress,CZ,Y,coal,capex_mn_EUR_per_yr,0.0
3402,2028-stress,CZ,Y,coal_ex,capex_mn_EUR_per_yr,26.048184884115727
3403,2028-stress,CZ,Y,gas_peak,capex_mn_EUR_per_yr,7.893982066856129
3404,2028-stress,CZ,Y,lig_old,capex_mn_EUR_per_yr,0.0
3405,2028-stress,CZ,Y,b_CHP,capex_mn_EUR_per_yr,109.81713302115291
3406,2028-stress,CZ,Y,lig_bp,capex_mn_EUR_per_yr,115.75887212868723
3407,2028-stress,CZ,Y,coal_bp,capex_mn_EUR_per_yr,0.0
3408,2028-stress,CZ,Y,dsr,capex_mn_EUR_per_yr,0.0
3409,2028-stress,CZ,Y,h_ror,capex_mn_EUR_per_yr,84.30517292657983
3410,2028-stress,CZ,Y,h_dams,capex_mn_EUR_per_yr,123.71530195731836
3411,2028-stress,CZ,Y,li,capex_mn_EUR_per_yr,4.011568788183623
3412,2028-stress,CZ,Y,pump_open,capex_mn_EUR_per_yr,95.47814765178921
3413,2028-stress,CZ,Y,pump,capex_mn_EUR_per_yr,137.73230661258106
3414,2028-stress,CZ,S,nuclear,capex_mn_EUR_per_yr,2738.4690791124917
3415,2028-stress,CZ,S,solar,capex_mn_EUR_per_yr,362.97951645653444
3416,2028-stress,CZ,S,onshore,capex_mn_EUR_per_yr,68.82996852045387
3417,2028-stress,CZ,S,waste,capex_mn_EUR_per_yr,228.2938717209026
3418,2028-stress,CZ,S,gas_ccgt,capex_mn_EUR_per_yr,76.18061222457844
3419,2028-stress,CZ,S,gas_chp,capex_mn_EUR_per_yr,138.841538451773
3420,2028-stress,CZ,S,biogas,capex_mn_EUR_per_yr,16.217086196531145
3421,2028-stress,CZ,S,lig_sc,capex_mn_EUR_per_yr,144.15255774515765
3422,2028-stress,CZ,S,bio,capex_mn_EUR_per_yr,0.0
3423,2028-stress,CZ,S,gas_eng_chp,capex_mn_EUR_per_yr,22.59441391073202
3424,2028-stress,CZ,S,lig,capex_mn_EUR_per_yr,285.68415989494883
3425,2028-stress,CZ,S,lig_ex,capex_mn_EUR_per_yr,381.78586505838734
3426,2028-stress,CZ,S,coal,capex_mn_EUR_per_yr,0.0
3427,2028-stress,CZ,S,coal_ex,capex_mn_EUR_per_yr,26.048184884115727
3428,2028-stress,CZ,S,gas_peak,capex_mn_EUR_per_yr,7.893982066856129
3429,2028-stress,CZ,S,lig_old,capex_mn_EUR_per_yr,0.0
3430,2028-stress,CZ,S,b_CHP,capex_mn_EUR_per_yr,109.81713302115291
3431,2028-stress,CZ,S,lig_bp,capex_mn_EUR_per_yr,115.75887212868723
3432,2028-stress,CZ,S,coal_bp,capex_mn_EUR_per_yr,0.0
3433,2028-stress,CZ,S,dsr,capex_mn_EUR_per_yr,0.0
3434,2028-stress,CZ,S,h_ror,capex_mn_EUR_per_yr,84.30517292657983
3435,2028-stress,CZ,S,h_dams,capex_mn_EUR_per_yr,123.71530195731836
3436,2028-stress,CZ,S,li,capex_mn_EUR_per_yr,4.011568788183623
3437,2028-stress,CZ,S,pump_open,capex_mn_EUR_per_yr,95.47814765178921
3438,2028-stress,CZ,S,pump,capex_mn_EUR_per_yr,137.73230661258106
3439,2028-stress,CZ,W,nuclear,capex_mn_EUR_per_yr,2738.4690791124917
3440,2028-stress,CZ,W,solar,capex_mn_EUR_per_yr,362.97951645653444
3441,2028-stress,CZ,W,onshore,capex_mn_EUR_per_yr,68.82996852045387
3442,2028-stress,CZ,W,waste,capex_mn_EUR_per_yr,228.2938717209026
3443,2028-stress,CZ,W,gas_ccgt,capex_mn_EUR_per_yr,76.18061222457844
3444,2028-stress,CZ,W,gas_chp,capex_mn_EUR_per_yr,138.841538451773
3445,2028-stress,CZ,W,biogas,capex_mn_EUR_per_yr,16.217086196531145
3446,2028-stress,CZ,W,lig_sc,capex_mn_EUR_per_yr,144.15255774515765
3447,2028-stress,CZ,W,bio,capex_mn_EUR_per_yr,0.0
3448,2028-stress,CZ,W,gas_eng_chp,capex_mn_EUR_per_yr,22.59441391073202
3449,2028-stress,CZ,W,lig,capex_mn_EUR_per_yr,285.68415989494883
3450,2028-stress,CZ,W,lig_ex,capex_mn_EUR_per_yr,381.78586505838734
3451,2028-stress,CZ,W,coal,capex_mn_EUR_per_yr,0.0
3452,2028-stress,CZ,W,coal_ex,capex_mn_EUR_per_yr,26.048184884115727
3453,2028-stress,CZ,W,gas_peak,capex_mn_EUR_per_yr,7.893982066856129
3454,2028-stress,CZ,W,lig_old,capex_mn_EUR_per_yr,0.0
3455,2028-stress,CZ,W,b_CHP,capex_mn_EUR_per_yr,109.81713302115291
3456,2028-stress,CZ,W,lig_bp,capex_mn_EUR_per_yr,115.75887212868723
3457,2028-stress,CZ,W,coal_bp,capex_mn_EUR_per_yr,0.0
3458,2028-stress,CZ,W,dsr,capex_mn_EUR_per_yr,0.0
3459,2028-stress,CZ,W,h_ror,capex_mn_EUR_per_yr,84.30517292657983
3460,2028-stress,CZ,W,h_dams,capex_mn_EUR_per_yr,123.71530195731836
3461,2028-stress,CZ,W,li,capex_mn_EUR_per_yr,4.011568788183623
3462,2028-stress,CZ,W,pump_open,capex_mn_EUR_per_yr,95.47814765178921
3463,2028-stress,CZ,W,pump,capex_mn_EUR_per_yr,137.73230661258106
3464,2028-stress,CZ,Y,nuclear,opex_mn_EUR,494.9444766359082
3465,2028-stress,CZ,Y,solar,opex_mn_EUR,0.0
3466,2028-stress,CZ,Y,onshore,opex_mn_EUR,0.0
3467,2028-stress,CZ,Y,waste,opex_mn_EUR,45.553298314504076
3468,2028-stress,CZ,Y,gas_ccgt,opex_mn_EUR,414.25458142121767
3469,2028-stress,CZ,Y,gas_chp,opex_mn_EUR,181.87371063498048
3470,2028-stress,CZ,Y,biogas,opex_mn_EUR,126.37275062699425
3471,2028-stress,CZ,Y,lig_sc,opex_mn_EUR,128.6498064861719
3472,2028-stress,CZ,Y,bio,opex_mn_EUR,0.0
3473,2028-stress,CZ,Y,gas_eng_chp,opex_mn_EUR,167.56790840000977
3474,2028-stress,CZ,Y,lig,opex_mn_EUR,161.1067344136931
3475,2028-stress,CZ,Y,lig_ex,opex_mn_EUR,242.5640823229341
3476,2028-stress,CZ,Y,coal,opex_mn_EUR,0.0
3477,2028-stress,CZ,Y,coal_ex,opex_mn_EUR,24.38346826983717
3478,2028-stress,CZ,Y,gas_peak,opex_mn_EUR,12.131279551757542
3479,2028-stress,CZ,Y,lig_old,opex_mn_EUR,0.0
3480,2028-stress,CZ,Y,b_CHP,opex_mn_EUR,9.145308593523373
3481,2028-stress,CZ,Y,lig_bp,opex_mn_EUR,359.6628047912461
3482,2028-stress,CZ,Y,coal_bp,opex_mn_EUR,0.0
3483,2028-stress,CZ,Y,dsr,opex_mn_EUR,0.0
3484,2028-stress,CZ,Y,h_ror,opex_mn_EUR,2.3767089031068016
3485,2028-stress,CZ,Y,h_dams,opex_mn_EUR,2.9857568571428574
3486,2028-stress,CZ,Y,li,opex_mn_EUR,0.4536004152476508
3487,2028-stress,CZ,Y,pump_open,opex_mn_EUR,1.6757664361268985
3488,2028-stress,CZ,Y,pump,opex_mn_EUR,2.1844867298886683
3489,2028-stress,CZ,S,nuclear,opex_mn_EUR,239.2161165494021
3490,2028-stress,CZ,S,solar,opex_mn_EUR,0.0
3491,2028-stress,CZ,S,onshore,opex_mn_EUR,0.0
3492,2028-stress,CZ,S,waste,opex_mn_EUR,16.341274463436648
3493,2028-stress,CZ,S,gas_ccgt,opex_mn_EUR,191.53499907864594
3494,2028-stress,CZ,S,gas_chp,opex_mn_EUR,25.96938223698631
3495,2028-stress,CZ,S,biogas,opex_mn_EUR,37.414070061322654
3496,2028-stress,CZ,S,lig_sc,opex_mn_EUR,0.5087262608933181
3497,2028-stress,CZ,S,bio,opex_mn_EUR,0.0
3498,2028-stress,CZ,S,gas_eng_chp,opex_mn_EUR,54.88502127638659
3499,2028-stress,CZ,S,lig,opex_mn_EUR,0.0
3500,2028-stress,CZ,S,lig_ex,opex_mn_EUR,107.62307651615048
3501,2028-stress,CZ,S,coal,opex_mn_EUR,0.0
3502,2028-stress,CZ,S,coal_ex,opex_mn_EUR,10.762461616288292
3503,2028-stress,CZ,S,gas_peak,opex_mn_EUR,0.0
3504,2028-stress,CZ,S,lig_old,opex_mn_EUR,0.0
3505,2028-stress,CZ,S,b_CHP,opex_mn_EUR,4.354387010580832
3506,2028-stress,CZ,S,lig_bp,opex_mn_EUR,72.66625052309307
3507,2028-stress,CZ,S,coal_bp,opex_mn_EUR,0.0
3508,2028-stress,CZ,S,dsr,opex_mn_EUR,0.0
3509,2028-stress,CZ,S,h_ror,opex_mn_EUR,
3510,2028-stress,CZ,S,h_dams,opex_mn_EUR,1.4640109500000003
3511,2028-stress,CZ,S,li,opex_mn_EUR,0.20123158157349716
3512,2028-stress,CZ,S,pump_open,opex_mn_EUR,1.0681298908637142
3513,2028-stress,CZ,S,pump,opex_mn_EUR,1.4449786032482022
3514,2028-stress,CZ,W,nuclear,opex_mn_EUR,255.72836008650606
3515,2028-stress,CZ,W,solar,opex_mn_EUR,0.0
3516,2028-stress,CZ,W,onshore,opex_mn_EUR,0.0
3517,2028-stress,CZ,W,waste,opex_mn_EUR,29.21202385106743
3518,2028-stress,CZ,W,gas_ccgt,opex_mn_EUR,222.71958234257175
3519,2028-stress,CZ,W,gas_chp,opex_mn_EUR,155.9043283979942
3520,2028-stress,CZ,W,biogas,opex_mn_EUR,88.95868056567159
3521,2028-stress,CZ,W,lig_sc,opex_mn_EUR,128.14108022527859
3522,2028-stress,CZ,W,bio,opex_mn_EUR,0.0
3523,2028-stress,CZ,W,gas_eng_chp,opex_mn_EUR,112.68288712362322
3524,2028-stress,CZ,W,lig,opex_mn_EUR,161.1067344136931
3525,2028-stress,CZ,W,lig_ex,opex_mn_EUR,134.94100580678358
3526,2028-stress,CZ,W,coal,opex_mn_EUR,0.0
3527,2028-stress,CZ,W,coal_ex,opex_mn_EUR,13.621006653548886
3528,2028-stress,CZ,W,gas_peak,opex_mn_EUR,12.131279551757542
3529,2028-stress,CZ,W,lig_old,opex_mn_EUR,0.0
3530,2028-stress,CZ,W,b_CHP,opex_mn_EUR,4.79092158294254
3531,2028-stress,CZ,W,lig_bp,opex_mn_EUR,286.9965542681531
3532,2028-stress,CZ,W,coal_bp,opex_mn_EUR,0.0
3533,2028-stress,CZ,W,dsr,opex_mn_EUR,0.0
3534,2028-stress,CZ,W,h_ror,opex_mn_EUR,1.1615283614401353
3535,2028-stress,CZ,W,h_dams,opex_mn_EUR,1.5217459071428572
3536,2028-stress,CZ,W,li,opex_mn_EUR,0.2523688336741536
3537,2028-stress,CZ,W,pump_open,opex_mn_EUR,0.6076365452631843
3538,2028-stress,CZ,W,pump,opex_mn_EUR,0.7395081266404662
3539,2028-stress,CZ,Y,h_ror,wholesale_expenses_mn_EUR,0.0
3540,2028-stress,CZ,Y,h_dams,wholesale_expenses_mn_EUR,0.0
3541,2028-stress,CZ,Y,li,wholesale_expenses_mn_EUR,8.869219722602491
3542,2028-stress,CZ,Y,pump_open,wholesale_expenses_mn_EUR,35.89693755833516
3543,2028-stress,CZ,Y,pump,wholesale_expenses_mn_EUR,48.671834032012654
3544,2028-stress,CZ,Y,IMPORT_EXPORT,wholesale_expenses_mn_EUR,1657.2257692983326
3545,2028-stress,CZ,S,h_ror,wholesale_expenses_mn_EUR,0.0
3546,2028-stress,CZ,S,h_dams,wholesale_expenses_mn_EUR,0.0
3547,2028-stress,CZ,S,li,wholesale_expenses_mn_EUR,2.6296812283412216
3548,2028-stress,CZ,S,pump_open,wholesale_expenses_mn_EUR,17.285461345137723
3549,2028-stress,CZ,S,pump,wholesale_expenses_mn_EUR,24.377976488249363
3550,2028-stress,CZ,S,IMPORT_EXPORT,wholesale_expenses_mn_EUR,646.8172482170024
3551,2028-stress,CZ,W,h_ror,wholesale_expenses_mn_EUR,0.0
3552,2028-stress,CZ,W,h_dams,wholesale_expenses_mn_EUR,0.0
3553,2028-stress,CZ,W,li,wholesale_expenses_mn_EUR,6.239538494261269
3554,2028-stress,CZ,W,pump_open,wholesale_expenses_mn_EUR,18.61147621319744
3555,2028-stress,CZ,W,pump,wholesale_expenses_mn_EUR,24.2938575437633
3556,2028-stress,CZ,W,IMPORT_EXPORT,wholesale_expenses_mn_EUR,1010.4085210813302
3557,2028-stress,CZ,Y,nuclear,wholesale_revenues_mn_EUR,2929.570944001151
3558,2028-stress,CZ,Y,solar,wholesale_revenues_mn_EUR,585.7678390441309
3559,2028-stress,CZ,Y,onshore,wholesale_revenues_mn_EUR,99.8488729108629
3560,2028-stress,CZ,Y,waste,wholesale_revenues_mn_EUR,161.76052713201224
3561,2028-stress,CZ,Y,gas_ccgt,wholesale_revenues_mn_EUR,617.1394372131832
3562,2028-stress,CZ,Y,gas_chp,wholesale_revenues_mn_EUR,383.13186511059473
3563,2028-stress,CZ,Y,biogas,wholesale_revenues_mn_EUR,198.4474162108978
3564,2028-stress,CZ,Y,lig_sc,wholesale_revenues_mn_EUR,226.83613872612506
3565,2028-stress,CZ,Y,bio,wholesale_revenues_mn_EUR,0.0
3566,2028-stress,CZ,Y,gas_eng_chp,wholesale_revenues_mn_EUR,236.3164834006247
3567,2028-stress,CZ,Y,lig,wholesale_revenues_mn_EUR,340.49725317535507
3568,2028-stress,CZ,Y,lig_ex,wholesale_revenues_mn_EUR,331.6633115496081
3569,2028-stress,CZ,Y,coal,wholesale_revenues_mn_EUR,0.0
3570,2028-stress,CZ,Y,coal_ex,wholesale_revenues_mn_EUR,31.574346423283153
3571,2028-stress,CZ,Y,gas_peak,wholesale_revenues_mn_EUR,31.967717809199407
3572,2028-stress,CZ,Y,lig_old,wholesale_revenues_mn_EUR,0.0
3573,2028-stress,CZ,Y,b_CHP,wholesale_revenues_mn_EUR,21.864914951842447
3574,2028-stress,CZ,Y,lig_bp,wholesale_revenues_mn_EUR,242.49899164087492
3575,2028-stress,CZ,Y,coal_bp,wholesale_revenues_mn_EUR,0.0
3576,2028-stress,CZ,Y,dsr,wholesale_revenues_mn_EUR,0.0
3577,2028-stress,CZ,Y,h_ror,wholesale_revenues_mn_EUR,138.41640837935125
3578,2028-stress,CZ,Y,h_dams,wholesale_revenues_mn_EUR,156.59430169513843
3579,2028-stress,CZ,Y,li,wholesale_revenues_mn_EUR,13.192512974500195
3580,2028-stress,CZ,Y,pump_open,wholesale_revenues_mn_EUR,82.52467076269976
3581,2028-stress,CZ,Y,pump,wholesale_revenues_mn_EUR,96.87267408772297
3582,2028-stress,CZ,Y,IMPORT_EXPORT,wholesale_revenues_mn_EUR,2.7677122591459846
3583,2028-stress,CZ,S,nuclear,wholesale_revenues_mn_EUR,1005.9551425225274
3584,2028-stress,CZ,S,solar,wholesale_revenues_mn_EUR,315.692363203138
3585,2028-stress,CZ,S,onshore,wholesale_revenues_mn_EUR,28.882025726660785
3586,2028-stress,CZ,S,waste,wholesale_revenues_mn_EUR,39.812687922649694
3587,2028-stress,CZ,S,gas_ccgt,wholesale_revenues_mn_EUR,208.88842412990834
3588,2028-stress,CZ,S,gas_chp,wholesale_revenues_mn_EUR,28.035853907131404
3589,2028-stress,CZ,S,biogas,wholesale_revenues_mn_EUR,39.21044113664818
3590,2028-stress,CZ,S,lig_sc,wholesale_revenues_mn_EUR,0.509364943399463
3591,2028-stress,CZ,S,bio,wholesale_revenues_mn_EUR,0.0
3592,2028-stress,CZ,S,gas_eng_chp,wholesale_revenues_mn_EUR,51.19575924725223
3593,2028-stress,CZ,S,lig,wholesale_revenues_mn_EUR,0.0
3594,2028-stress,CZ,S,lig_ex,wholesale_revenues_mn_EUR,81.55850958288462
3595,2028-stress,CZ,S,coal,wholesale_revenues_mn_EUR,0.0
3596,2028-stress,CZ,S,coal_ex,wholesale_revenues_mn_EUR,8.140060000368742
3597,2028-stress,CZ,S,gas_peak,wholesale_revenues_mn_EUR,0.0
3598,2028-stress,CZ,S,lig_old,wholesale_revenues_mn_EUR,0.0
3599,2028-stress,CZ,S,b_CHP,wholesale_revenues_mn_EUR,1.9274908623846976
3600,2028-stress,CZ,S,lig_bp,wholesale_revenues_mn_EUR,29.962530412517637
3601,2028-stress,CZ,S,coal_bp,wholesale_revenues_mn_EUR,0.0
3602,2028-stress,CZ,S,dsr,wholesale_revenues_mn_EUR,0.0
3603,2028-stress,CZ,S,h_ror,wholesale_revenues_mn_EUR,52.72016438777287
3604,2028-stress,CZ,S,h_dams,wholesale_revenues_mn_EUR,47.83576142032662
3605,2028-stress,CZ,S,li,wholesale_revenues_mn_EUR,4.170985125087814
3606,2028-stress,CZ,S,pump_open,wholesale_revenues_mn_EUR,27.767391826074043
3607,2028-stress,CZ,S,pump,wholesale_revenues_mn_EUR,37.29571205550131
3608,2028-stress,CZ,S,IMPORT_EXPORT,wholesale_revenues_mn_EUR,0.2128524065122885
3609,2028-stress,CZ,W,nuclear,wholesale_revenues_mn_EUR,1923.6158014786238
3610,2028-stress,CZ,W,solar,wholesale_revenues_mn_EUR,270.0754758409929
3611,2028-stress,CZ,W,onshore,wholesale_revenues_mn_EUR,70.96684718420212
3612,2028-stress,CZ,W,waste,wholesale_revenues_mn_EUR,121.94783920936257
3613,2028-stress,CZ,W,gas_ccgt,wholesale_revenues_mn_EUR,408.2510130832748
3614,2028-stress,CZ,W,gas_chp,wholesale_revenues_mn_EUR,355.0960112034633
3615,2028-stress,CZ,W,biogas,wholesale_revenues_mn_EUR,159.2369750742496
3616,2028-stress,CZ,W,lig_sc,wholesale_revenues_mn_EUR,226.32677378272564
3617,2028-stress,CZ,W,bio,wholesale_revenues_mn_EUR,0.0
3618,2028-stress,CZ,W,gas_eng_chp,wholesale_revenues_mn_EUR,185.12072415337246
3619,2028-stress,CZ,W,lig,wholesale_revenues_mn_EUR,340.49725317535507
3620,2028-stress,CZ,W,lig_ex,wholesale_revenues_mn_EUR,250.10480196672347
3621,2028-stress,CZ,W,coal,wholesale_revenues_mn_EUR,0.0
3622,2028-stress,CZ,W,coal_ex,wholesale_revenues_mn_EUR,23.434286422914415
3623,2028-stress,CZ,W,gas_peak,wholesale_revenues_mn_EUR,31.967717809199407
3624,2028-stress,CZ,W,lig_old,wholesale_revenues_mn_EUR,0.0
3625,2028-stress,CZ,W,b_CHP,wholesale_revenues_mn_EUR,19.93742408945775
3626,2028-stress,CZ,W,lig_bp,wholesale_revenues_mn_EUR,212.5364612283573
3627,2028-stress,CZ,W,coal_bp,wholesale_revenues_mn_EUR,0.0
3628,2028-stress,CZ,W,dsr,wholesale_revenues_mn_EUR,0.0
3629,2028-stress,CZ,W,h_ror,wholesale_revenues_mn_EUR,85.69624399157837
3630,2028-stress,CZ,W,h_dams,wholesale_revenues_mn_EUR,108.75854027481182
3631,2028-stress,CZ,W,li,wholesale_revenues_mn_EUR,9.02152784941238
3632,2028-stress,CZ,W,pump_open,wholesale_revenues_mn_EUR,54.75727893662571
3633,2028-stress,CZ,W,pump,wholesale_revenues_mn_EUR,59.576962032221644
3634,2028-stress,CZ,W,IMPORT_EXPORT,wholesale_revenues_mn_EUR,2.554859852633696
3635,2028-stress,CZ,Y,TOTAL,avg_consumer_price_EUR_per_MWh,126.10165285294232
3636,2028-stress,CZ,S,TOTAL,avg_consumer_price_EUR_per_MWh,85.7772290859049
3637,2028-stress,CZ,W,TOTAL,avg_consumer_price_EUR_per_MWh,159.41537416836704
3638,2028-stress,CZ,Y,TOTAL,avg_producer_price_EUR_per_MWh,128.46573388720458
3639,2028-stress,CZ,S,TOTAL,avg_producer_price_EUR_per_MWh,82.70742626679352
3640,2028-stress,CZ,W,TOTAL,avg_producer_price_EUR_per_MWh,164.97822384006545
3641,2028-stress,CZ,Y,nuclear,capacity_factor,0.672061160003901
3642,2028-stress,CZ,Y,solar,capacity_factor,0.11798731513505623
3643,2028-stress,CZ,Y,onshore,capacity_factor,0.22495122842057164
3644,2028-stress,CZ,Y,waste,capacity_factor,0.6666666666665805
3645,2028-stress,CZ,Y,gas_ccgt,capacity_factor,0.898988229291666
3646,2028-stress,CZ,Y,gas_chp,capacity_factor,0.5333333333333367
3647,2028-stress,CZ,Y,biogas,capacity_factor,0.524197371855513
3648,2028-stress,CZ,Y,lig_sc,capacity_factor,0.3232634135422686
3649,2028-stress,CZ,Y,gas_eng_chp,capacity_factor,0.5333333333333646
3650,2028-stress,CZ,Y,lig,capacity_factor,0.18899610865706515
3651,2028-stress,CZ,Y,lig_ex,capacity_factor,0.5333333333333322
3652,2028-stress,CZ,Y,coal_ex,capacity_factor,0.5333333333333125
3653,2028-stress,CZ,Y,gas_peak,capacity_factor,0.11881273730215221
3654,2028-stress,CZ,Y,b_CHP,capacity_factor,0.0752530114009518
3655,2028-stress,CZ,Y,lig_bp,capacity_factor,0.5333333333333544
3656,2028-stress,CZ,Y,h_ror,capacity_factor,0.32688409846327804
3657,2028-stress,CZ,Y,h_dams,capacity_factor,0.1865571011903423
3658,2028-stress,CZ,Y,li,capacity_factor,0.10356173864101617
3659,2028-stress,CZ,Y,pump_open,capacity_factor,0.10175400977162262
3660,2028-stress,CZ,Y,pump,capacity_factor,0.09195082273813779
3661,2028-stress,CZ,Y,TOTAL,capacity_factor,0.3159192123452283
3662,2028-stress,CZ,S,nuclear,capacity_factor,0.6514247085763767
3663,2028-stress,CZ,S,solar,capacity_factor,0.16397133453313803
3664,2028-stress,CZ,S,onshore,capacity_factor,0.16232049550129177
3665,2028-stress,CZ,S,waste,capacity_factor,0.4619370299192982
3666,2028-stress,CZ,S,gas_ccgt,capacity_factor,0.8247359862501645
3667,2028-stress,CZ,S,gas_chp,capacity_factor,0.17239282042764595
3668,2028-stress,CZ,S,biogas,capacity_factor,0.3091264892923404
3669,2028-stress,CZ,S,lig_sc,capacity_factor,0.0024895890708473
3670,2028-stress,CZ,S,gas_eng_chp,capacity_factor,0.35033472985687714
3671,2028-stress,CZ,S,lig,capacity_factor,0.0
3672,2028-stress,CZ,S,lig_ex,capacity_factor,0.4796766876643879
3673,2028-stress,CZ,S,coal_ex,capacity_factor,0.47640519315021407
3674,2028-stress,CZ,S,gas_peak,capacity_factor,0.0
3675,2028-stress,CZ,S,b_CHP,capacity_factor,0.0733122317687354
3676,2028-stress,CZ,S,lig_bp,capacity_factor,0.21188981283284558
3677,2028-stress,CZ,S,h_ror,capacity_factor,0.3351815342873325
3678,2028-stress,CZ,S,h_dams,capacity_factor,0.18345229448985606
3679,2028-stress,CZ,S,li,capacity_factor,0.09213900255196755
3680,2028-stress,CZ,S,pump_open,capacity_factor,0.13007193160895905
3681,2028-stress,CZ,S,pump,capacity_factor,0.12198013266639199
3682,2028-stress,CZ,S,TOTAL,capacity_factor,1.2671484890770146
3683,2028-stress,CZ,W,nuclear,capacity_factor,0.6925848439372861
3684,2028-stress,CZ,W,solar,capacity_factor,0.0722545745314995
3685,2028-stress,CZ,W,onshore,capacity_factor,0.28723971689766964
3686,2028-stress,CZ,W,waste,capacity_factor,0.8702775622294515
3687,2028-stress,CZ,W,gas_ccgt,capacity_factor,0.9728347223711923
3688,2028-stress,CZ,W,gas_chp,capacity_factor,0.8923014937094879
3689,2028-stress,CZ,W,biogas,capacity_factor,0.7380930036942964
3690,2028-stress,CZ,W,lig_sc,capacity_factor,0.6422843755848843
3691,2028-stress,CZ,W,gas_eng_chp,capacity_factor,0.7153319444411282
3692,2028-stress,CZ,W,lig,capacity_factor,0.37695945169305345
3693,2028-stress,CZ,W,lig_ex,capacity_factor,0.5866967732882384
3694,2028-stress,CZ,W,coal_ex,capacity_factor,0.5899503907831697
3695,2028-stress,CZ,W,gas_peak,capacity_factor,0.23697622467369156
3696,2028-stress,CZ,W,b_CHP,capacity_factor,0.07718318567998662
3697,2028-stress,CZ,W,lig_bp,capacity_factor,0.8530203318639152
3698,2028-stress,CZ,W,h_ror,capacity_factor,0.31863200381859
3699,2028-stress,CZ,W,h_dams,capacity_factor,0.18964494173399526
3700,2028-stress,CZ,W,li,capacity_factor,0.11492205540717373
3701,2028-stress,CZ,W,pump_open,capacity_factor,0.07359083067656673
3702,2028-stress,CZ,W,pump,capacity_factor,0.06208560739965548
3703,2028-stress,CZ,W,TOTAL,capacity_factor,1.2602241803935335
3704,2028-stress,CZ,Y,li,capacity_factor_charging,0.010157166631639517
3705,2028-stress,CZ,Y,pump_open,capacity_factor_charging,0.14064961952481395
3706,2028-stress,CZ,Y,pump,capacity_factor_charging,0.13040214570042133
3707,2028-stress,CZ,S,li,capacity_factor_charging,0.009833792169966276
3708,2028-stress,CZ,S,pump_open,capacity_factor_charging,0.18432925238992393
3709,2028-stress,CZ,S,pump,capacity_factor_charging,0.17426678383063052
3710,2028-stress,CZ,W,li,capacity_factor_charging,0.010478774019751702
3711,2028-stress,CZ,W,pump_open,capacity_factor_charging,0.09720867317809254
3712,2028-stress,CZ,W,pump,capacity_factor_charging,0.0867772050463335
3713,2028-stress,CZ,Y,nuclear,emissions_MtCO2,0.0
3714,2028-stress,CZ,Y,solar,emissions_MtCO2,0.0
3715,2028-stress,CZ,Y,onshore,emissions_MtCO2,0.0
3716,2028-stress,CZ,Y,waste,emissions_MtCO2,0.0
3717,2028-stress,CZ,Y,gas_ccgt,emissions_MtCO2,1.9101144523287157
3718,2028-stress,CZ,Y,gas_chp,emissions_MtCO2,1.4030016000000085
3719,2028-stress,CZ,Y,biogas,emissions_MtCO2,0.0
3720,2028-stress,CZ,Y,lig_sc,emissions_MtCO2,1.1474666382751135
3721,2028-stress,CZ,Y,bio,emissions_MtCO2,0.0
3722,2028-stress,CZ,Y,gas_eng_chp,emissions_MtCO2,0.7567472000000443
3723,2028-stress,CZ,Y,lig,emissions_MtCO2,1.4292514715696876
3724,2028-stress,CZ,Y,lig_ex,emissions_MtCO2,5.389992959999988
3725,2028-stress,CZ,Y,coal,emissions_MtCO2,0.0
3726,2028-stress,CZ,Y,coal_ex,emissions_MtCO2,0.4539064780799822
3727,2028-stress,CZ,Y,gas_peak,emissions_MtCO2,0.05510018989981189
3728,2028-stress,CZ,Y,lig_old,emissions_MtCO2,0.0
3729,2028-stress,CZ,Y,b_CHP,emissions_MtCO2,0.0
3730,2028-stress,CZ,Y,lig_bp,emissions_MtCO2,3.2685312000001288
3731,2028-stress,CZ,Y,coal_bp,emissions_MtCO2,0.0
3732,2028-stress,CZ,Y,dsr,emissions_MtCO2,0.0
3733,2028-stress,CZ,Y,eens,emissions_MtCO2,0.0
3734,2028-stress,CZ,Y,h_ror,emissions_MtCO2,0.0
3735,2028-stress,CZ,Y,h_dams,emissions_MtCO2,0.0
3736,2028-stress,CZ,Y,li,emissions_MtCO2,0.0
3737,2028-stress,CZ,Y,pump_open,emissions_MtCO2,0.0
3738,2028-stress,CZ,Y,pump,emissions_MtCO2,0.0
3739,2028-stress,CZ,Y,TOTAL,emissions_MtCO2,15.81411219015348
3740,2028-stress,CZ,S,nuclear,emissions_MtCO2,0.0
3741,2028-stress,CZ,S,solar,emissions_MtCO2,0.0
3742,2028-stress,CZ,S,onshore,emissions_MtCO2,0.0
3743,2028-stress,CZ,S,waste,emissions_MtCO2,0.0
3744,2028-stress,CZ,S,gas_ccgt,emissions_MtCO2,0.8737734684150212
3745,2028-stress,CZ,S,gas_chp,emissions_MtCO2,0.22612945544027563
3746,2028-stress,CZ,S,biogas,emissions_MtCO2,0.0
3747,2028-stress,CZ,S,lig_sc,emissions_MtCO2,0.0044064587132766645
3748,2028-stress,CZ,S,bio,emissions_MtCO2,0.0
3749,2028-stress,CZ,S,gas_eng_chp,emissions_MtCO2,0.24786420364990353
3750,2028-stress,CZ,S,lig,emissions_MtCO2,0.0
3751,2028-stress,CZ,S,lig_ex,emissions_MtCO2,2.4172223756756757
3752,2028-stress,CZ,S,coal,emissions_MtCO2,0.0
3753,2028-stress,CZ,S,coal_ex,emissions_MtCO2,0.2021727709513054
3754,2028-stress,CZ,S,gas_peak,emissions_MtCO2,0.0
3755,2028-stress,CZ,S,lig_old,emissions_MtCO2,0.0
3756,2028-stress,CZ,S,b_CHP,emissions_MtCO2,0.0
3757,2028-stress,CZ,S,lig_bp,emissions_MtCO2,0.647504077836727
3758,2028-stress,CZ,S,coal_bp,emissions_MtCO2,0.0
3759,2028-stress,CZ,S,dsr,emissions_MtCO2,0.0
3760,2028-stress,CZ,S,eens,emissions_MtCO2,0.0
3761,2028-stress,CZ,S,h_ror,emissions_MtCO2,0.0
3762,2028-stress,CZ,S,h_dams,emissions_MtCO2,0.0
3763,2028-stress,CZ,S,li,emissions_MtCO2,0.0
3764,2028-stress,CZ,S,pump_open,emissions_MtCO2,0.0
3765,2028-stress,CZ,S,pump,emissions_MtCO2,0.0
3766,2028-stress,CZ,S,TOTAL,emissions_MtCO2,31.62822438030696
3767,2028-stress,CZ,W,nuclear,emissions_MtCO2,0.0
3768,2028-stress,CZ,W,solar,emissions_MtCO2,0.0
3769,2028-stress,CZ,W,onshore,emissions_MtCO2,0.0
3770,2028-stress,CZ,W,waste,emissions_MtCO2,0.0
3771,2028-stress,CZ,W,gas_ccgt,emissions_MtCO2,1.0363409839136946
3772,2028-stress,CZ,W,gas_chp,emissions_MtCO2,1.1768721445597328
3773,2028-stress,CZ,W,biogas,emissions_MtCO2,0.0
3774,2028-stress,CZ,W,lig_sc,emissions_MtCO2,1.1430601795618367
3775,2028-stress,CZ,W,bio,emissions_MtCO2,0.0
3776,2028-stress,CZ,W,gas_eng_chp,emissions_MtCO2,0.5088829963501408
3777,2028-stress,CZ,W,lig,emissions_MtCO2,1.4292514715696876
3778,2028-stress,CZ,W,lig_ex,emissions_MtCO2,2.972770584324312
3779,2028-stress,CZ,W,coal,emissions_MtCO2,0.0
3780,2028-stress,CZ,W,coal_ex,emissions_MtCO2,0.25173370712867676
3781,2028-stress,CZ,W,gas_peak,emissions_MtCO2,0.05510018989981189
3782,2028-stress,CZ,W,lig_old,emissions_MtCO2,0.0
3783,2028-stress,CZ,W,b_CHP,emissions_MtCO2,0.0
3784,2028-stress,CZ,W,lig_bp,emissions_MtCO2,2.621027122163402
3785,2028-stress,CZ,W,coal_bp,emissions_MtCO2,0.0
3786,2028-stress,CZ,W,dsr,emissions_MtCO2,0.0
3787,2028-stress,CZ,W,eens,emissions_MtCO2,0.0
3788,2028-stress,CZ,W,h_ror,emissions_MtCO2,0.0
3789,2028-stress,CZ,W,h_dams,emissions_MtCO2,0.0
3790,2028-stress,CZ,W,li,emissions_MtCO2,0.0
3791,2028-stress,CZ,W,pump_open,emissions_MtCO2,0.0
3792,2028-stress,CZ,W,pump,emissions_MtCO2,0.0
3793,2028-stress,CZ,W,TOTAL,emissions_MtCO2,31.62822438030696
3794,2028-stress,CZ,Y,nuclear,power_share_high_value,0.9894839146162555
3795,2028-stress,CZ,Y,solar,power_share_high_value,0.9427751049385183
3796,2028-stress,CZ,Y,onshore,power_share_high_value,0.993537181909088
3797,2028-stress,CZ,S,nuclear,power_share_high_value,0.98289252459437
3798,2028-stress,CZ,S,solar,power_share_high_value,0.9342614622744234
3799,2028-stress,CZ,S,onshore,power_share_high_value,0.986474966460914
3800,2028-stress,CZ,W,nuclear,power_share_high_value,0.9956497021071874
3801,2028-stress,CZ,W,solar,power_share_high_value,0.9619900124985422
3802,2028-stress,CZ,W,onshore,power_share_high_value,0.9975062644494994
3803,2028-stress,CZ,Y,nuclear,power_share_low_value,0.010162248934187887
3804,2028-stress,CZ,Y,solar,power_share_low_value,0.05519662253860938
3805,2028-stress,CZ,Y,onshore,power_share_low_value,0.0062492597218980475
3806,2028-stress,CZ,S,nuclear,power_share_low_value,0.01663446302367829
3807,2028-stress,CZ,S,solar,power_share_low_value,0.06371819441880305
3808,2028-stress,CZ,S,onshore,power_share_low_value,0.012980460560580314
3809,2028-stress,CZ,W,nuclear,power_share_low_value,0.004107942249389672
3810,2028-stress,CZ,W,solar,power_share_low_value,0.035963819095428284
3811,2028-stress,CZ,W,onshore,power_share_low_value,0.0024662128974452862
3812,2028-stress,CZ,Y,nuclear,power_share_zero_value,0.0003538364495565997
3813,2028-stress,CZ,Y,solar,power_share_zero_value,0.0020282725228721915
3814,2028-stress,CZ,Y,onshore,power_share_zero_value,0.0002135583690138774
3815,2028-stress,CZ,S,nuclear,power_share_zero_value,0.0004730123819513744
3816,2028-stress,CZ,S,solar,power_share_zero_value,0.0020203433067735267
3817,2028-stress,CZ,S,onshore,power_share_zero_value,0.0005445729785054683
3818,2028-stress,CZ,W,nuclear,power_share_zero_value,0.00024235564342313712
3819,2028-stress,CZ,W,solar,power_share_zero_value,0.00204616840602945
3820,2028-stress,CZ,W,onshore,power_share_zero_value,2.7522653055389163e-05
