,name,region,season,source,stat,val
0,2028-base,CZ,Y,nuclear,capacity_GW,4.099
1,2028-base,CZ,Y,solar,capacity_GW,7.0
2,2028-base,CZ,Y,onshore,capacity_GW,0.5
3,2028-base,CZ,Y,waste,capacity_GW,0.19575
4,2028-base,CZ,Y,gas_ccgt,capacity_GW,0.6174
5,2028-base,CZ,Y,gas_chp,capacity_GW,0.7644
6,2028-base,CZ,Y,biogas,capacity_GW,0.279
7,2028-base,CZ,Y,lig_sc,capacity_GW,0.4356
8,2028-base,CZ,Y,bio,capacity_GW,0.0
9,2028-base,CZ,Y,gas_eng_chp,capacity_GW,0.3313124999999999
10,2028-base,CZ,Y,lig,capacity_GW,0.9702
11,2028-base,CZ,Y,lig_ex,capacity_GW,1.6533000000000002
12,2028-base,CZ,Y,coal,capacity_GW,0.0
13,2028-base,CZ,Y,coal_ex,capacity_GW,0.11484
14,2028-base,CZ,Y,gas_peak,capacity_GW,0.096255
15,2028-base,CZ,Y,lig_old,capacity_GW,1.2011999999999998
16,2028-base,CZ,Y,b_CHP,capacity_GW,0.20925
17,2028-base,CZ,Y,lig_bp,capacity_GW,0.35838
18,2028-base,CZ,Y,coal_bp,capacity_GW,0.0
19,2028-base,CZ,Y,dsr,capacity_GW,0.0
20,2028-base,CZ,Y,h_ror,capacity_GW,0.415
21,2028-base,CZ,Y,h_dams,capacity_GW,0.609
22,2028-base,CZ,Y,li,capacity_GW,0.1
23,2028-base,CZ,Y,pump_open,capacity_GW,0.47
24,2028-base,CZ,Y,pump,capacity_GW,0.678
25,2028-base,CZ,Y,TOTAL,capacity_GW,21.0978875
26,2028-base,CZ,Y,h_ror,capacity_charging_GW,0.0
27,2028-base,CZ,Y,h_dams,capacity_charging_GW,0.0
28,2028-base,CZ,Y,li,capacity_charging_GW,1.25599
29,2028-base,CZ,Y,pump_open,capacity_charging_GW,0.44
30,2028-base,CZ,Y,pump,capacity_charging_GW,0.664
31,2028-base,CZ,Y,nuclear,capacity_paid_off_GW,0.0
32,2028-base,CZ,Y,solar,capacity_paid_off_GW,0.0
33,2028-base,CZ,Y,onshore,capacity_paid_off_GW,0.0
34,2028-base,CZ,Y,waste,capacity_paid_off_GW,0.0
35,2028-base,CZ,Y,gas_ccgt,capacity_paid_off_GW,0.0
36,2028-base,CZ,Y,gas_chp,capacity_paid_off_GW,0.0
37,2028-base,CZ,Y,biogas,capacity_paid_off_GW,0.0
38,2028-base,CZ,Y,lig_sc,capacity_paid_off_GW,0.0
39,2028-base,CZ,Y,bio,capacity_paid_off_GW,0.0
40,2028-base,CZ,Y,gas_eng_chp,capacity_paid_off_GW,0.0
41,2028-base,CZ,Y,lig,capacity_paid_off_GW,0.0
42,2028-base,CZ,Y,lig_ex,capacity_paid_off_GW,0.0
43,2028-base,CZ,Y,coal,capacity_paid_off_GW,0.0
44,2028-base,CZ,Y,coal_ex,capacity_paid_off_GW,0.0
45,2028-base,CZ,Y,gas_peak,capacity_paid_off_GW,0.0
46,2028-base,CZ,Y,lig_old,capacity_paid_off_GW,0.0
47,2028-base,CZ,Y,b_CHP,capacity_paid_off_GW,0.0
48,2028-base,CZ,Y,lig_bp,capacity_paid_off_GW,0.0
49,2028-base,CZ,Y,coal_bp,capacity_paid_off_GW,0.0
50,2028-base,CZ,Y,dsr,capacity_paid_off_GW,0.0
51,2028-base,CZ,Y,h_ror,capacity_paid_off_GW,0.0
52,2028-base,CZ,Y,h_dams,capacity_paid_off_GW,0.0
53,2028-base,CZ,Y,li,capacity_paid_off_GW,0.0
54,2028-base,CZ,Y,pump_open,capacity_paid_off_GW,0.0
55,2028-base,CZ,Y,pump,capacity_paid_off_GW,0.0
56,2028-base,CZ,Y,h_ror,capacity_charging_paid_off_GW,0.0
57,2028-base,CZ,Y,h_dams,capacity_charging_paid_off_GW,0.0
58,2028-base,CZ,Y,li,capacity_charging_paid_off_GW,0.0
59,2028-base,CZ,Y,pump_open,capacity_charging_paid_off_GW,0.0
60,2028-base,CZ,Y,pump,capacity_charging_paid_off_GW,0.0
61,2028-base,CZ,Y,TOTAL,load_TWh,66.590984337
62,2028-base,CZ,S,TOTAL,load_TWh,30.656589452
63,2028-base,CZ,W,TOTAL,load_TWh,35.934394885
64,2028-base,CZ,Y,TOTAL,import_TWh,13.276791998359746
65,2028-base,CZ,S,TOTAL,import_TWh,6.945361117500779
66,2028-base,CZ,W,TOTAL,import_TWh,6.331430880858967
67,2028-base,CZ,Y,TOTAL,export_TWh,3.809392160969383
68,2028-base,CZ,S,TOTAL,export_TWh,1.8183227047545787
69,2028-base,CZ,W,TOTAL,export_TWh,1.991069456214804
70,2028-base,CZ,Y,TOTAL,net_import_TWh,9.467399837390364
71,2028-base,CZ,S,TOTAL,net_import_TWh,5.1270384127462005
72,2028-base,CZ,W,TOTAL,net_import_TWh,4.340361424644163
73,2028-base,CZ,Y,TOTAL,curtailment_TWh,3.1093584905464925e-05
74,2028-base,CZ,S,TOTAL,curtailment_TWh,1.0122676030732692e-15
75,2028-base,CZ,W,TOTAL,curtailment_TWh,3.109358490445265e-05
76,2028-base,CZ,Y,nuclear,production_TWh,28.59946136693848
77,2028-base,CZ,Y,solar,production_TWh,7.087387989041789
78,2028-base,CZ,Y,onshore,production_TWh,0.99675009905211
79,2028-base,CZ,Y,waste,production_TWh,1.1431799999998544
80,2028-base,CZ,Y,gas_ccgt,production_TWh,4.821474940772366
81,2028-base,CZ,Y,gas_chp,production_TWh,3.319766180490685
82,2028-base,CZ,Y,biogas,production_TWh,0.9869180006797256
83,2028-base,CZ,Y,lig_sc,production_TWh,1.0195603323935096
84,2028-base,CZ,Y,bio,production_TWh,0.0
85,2028-base,CZ,Y,gas_eng_chp,production_TWh,1.5478920000000986
86,2028-base,CZ,Y,lig,production_TWh,0.647853322970011
87,2028-base,CZ,Y,lig_ex,production_TWh,3.5726431947405644
88,2028-base,CZ,Y,coal,production_TWh,0.0
89,2028-base,CZ,Y,coal_ex,production_TWh,0.0194843112709298
90,2028-base,CZ,Y,gas_peak,production_TWh,0.0417311379801932
91,2028-base,CZ,Y,lig_old,production_TWh,0.0025974567709452
92,2028-base,CZ,Y,b_CHP,production_TWh,-8.397036152826406e-20
93,2028-base,CZ,Y,lig_bp,production_TWh,1.674351360000021
94,2028-base,CZ,Y,coal_bp,production_TWh,0.0
95,2028-base,CZ,Y,dsr,production_TWh,0.0
96,2028-base,CZ,Y,eens,production_TWh,2.0520474208760373e-19
97,2028-base,CZ,Y,h_ror,production_TWh,1.139822745540097
98,2028-base,CZ,Y,h_dams,production_TWh,0.8157267142857143
99,2028-base,CZ,Y,li,production_TWh,0.0824464502839878
100,2028-base,CZ,Y,pump_open,production_TWh,0.3700773800708539
101,2028-base,CZ,Y,pump,production_TWh,0.4920711898944591
102,2028-base,CZ,Y,TOTAL,production_TWh,58.381196173176384
103,2028-base,CZ,S,nuclear,production_TWh,13.891069397825554
104,2028-base,CZ,S,solar,production_TWh,4.979128111451403
105,2028-base,CZ,S,onshore,production_TWh,0.4376426403441852
106,2028-base,CZ,S,waste,production_TWh,0.4188762894486342
107,2028-base,CZ,S,gas_ccgt,production_TWh,2.1743245625855496
108,2028-base,CZ,S,gas_chp,production_TWh,0.6813135734023652
109,2028-base,CZ,S,biogas,production_TWh,0.1979782893723644
110,2028-base,CZ,S,lig_sc,production_TWh,0.0
111,2028-base,CZ,S,bio,production_TWh,0.0
112,2028-base,CZ,S,gas_eng_chp,production_TWh,0.6029940067481127
113,2028-base,CZ,S,lig,production_TWh,0.0
114,2028-base,CZ,S,lig_ex,production_TWh,1.1742901314082856
115,2028-base,CZ,S,coal,production_TWh,0.0
116,2028-base,CZ,S,coal_ex,production_TWh,6.168128441870453e-18
117,2028-base,CZ,S,gas_peak,production_TWh,0.0
118,2028-base,CZ,S,lig_old,production_TWh,0.0
119,2028-base,CZ,S,b_CHP,production_TWh,-8.397036152826406e-20
120,2028-base,CZ,S,lig_bp,production_TWh,0.2867521069330729
121,2028-base,CZ,S,coal_bp,production_TWh,0.0
122,2028-base,CZ,S,dsr,production_TWh,0.0
123,2028-base,CZ,S,eens,production_TWh,2.0520474208760373e-19
124,2028-base,CZ,S,h_ror,production_TWh,0.5400509333333333
125,2028-base,CZ,S,h_dams,production_TWh,0.3803743016618713
126,2028-base,CZ,S,li,production_TWh,0.0373218429947366
127,2028-base,CZ,S,pump_open,production_TWh,0.2517298884883728
128,2028-base,CZ,S,pump,production_TWh,0.3482713064109698
129,2028-base,CZ,S,TOTAL,production_TWh,116.76239234635275
130,2028-base,CZ,W,nuclear,production_TWh,14.708391969112927
131,2028-base,CZ,W,solar,production_TWh,2.1082598775903856
132,2028-base,CZ,W,onshore,production_TWh,0.5591074587079247
133,2028-base,CZ,W,waste,production_TWh,0.7243037105512202
134,2028-base,CZ,W,gas_ccgt,production_TWh,2.647150378186817
135,2028-base,CZ,W,gas_chp,production_TWh,2.638452607088321
136,2028-base,CZ,W,biogas,production_TWh,0.7889397113073613
137,2028-base,CZ,W,lig_sc,production_TWh,1.0195603323935094
138,2028-base,CZ,W,bio,production_TWh,0.0
139,2028-base,CZ,W,gas_eng_chp,production_TWh,0.9448979932519862
140,2028-base,CZ,W,lig,production_TWh,0.647853322970011
141,2028-base,CZ,W,lig_ex,production_TWh,2.398353063332279
142,2028-base,CZ,W,coal,production_TWh,0.0
143,2028-base,CZ,W,coal_ex,production_TWh,0.0194843112709298
144,2028-base,CZ,W,gas_peak,production_TWh,0.0417311379801932
145,2028-base,CZ,W,lig_old,production_TWh,0.0025974567709452
146,2028-base,CZ,W,b_CHP,production_TWh,0.0
147,2028-base,CZ,W,lig_bp,production_TWh,1.387599253066948
148,2028-base,CZ,W,coal_bp,production_TWh,0.0
149,2028-base,CZ,W,dsr,production_TWh,0.0
150,2028-base,CZ,W,eens,production_TWh,0.0
151,2028-base,CZ,W,h_ror,production_TWh,0.599771812206764
152,2028-base,CZ,W,h_dams,production_TWh,0.4353524126238429
153,2028-base,CZ,W,li,production_TWh,0.0451246072892512
154,2028-base,CZ,W,pump_open,production_TWh,0.118347491582481
155,2028-base,CZ,W,pump,production_TWh,0.1437998834834891
156,2028-base,CZ,W,TOTAL,production_TWh,116.76239234635275
157,2028-base,CZ,Y,gas_chp,production_el_eq_TWh,3.571276799999862
158,2028-base,CZ,Y,gas_eng_chp,production_el_eq_TWh,1.5478920000000986
159,2028-base,CZ,Y,lig_ex,production_el_eq_TWh,7.724217599999969
160,2028-base,CZ,Y,coal_ex,production_el_eq_TWh,0.0355251492191991
161,2028-base,CZ,Y,b_CHP,production_el_eq_TWh,-2.0992590382066014e-19
162,2028-base,CZ,Y,lig_bp,production_el_eq_TWh,1.674351360000021
163,2028-base,CZ,Y,coal_bp,production_el_eq_TWh,0.0
164,2028-base,CZ,Y,eens,production_el_eq_TWh,0.0
165,2028-base,CZ,S,gas_chp,production_el_eq_TWh,0.847017454271672
166,2028-base,CZ,S,gas_eng_chp,production_el_eq_TWh,0.6029940067481127
167,2028-base,CZ,S,lig_ex,production_el_eq_TWh,2.9216527780918766
168,2028-base,CZ,S,coal_ex,production_el_eq_TWh,1.4656677987681106e-17
169,2028-base,CZ,S,b_CHP,production_el_eq_TWh,-2.0992590382066014e-19
170,2028-base,CZ,S,lig_bp,production_el_eq_TWh,0.2867521069330729
171,2028-base,CZ,S,coal_bp,production_el_eq_TWh,0.0
172,2028-base,CZ,S,eens,production_el_eq_TWh,0.0
173,2028-base,CZ,W,gas_chp,production_el_eq_TWh,2.7242593457281905
174,2028-base,CZ,W,gas_eng_chp,production_el_eq_TWh,0.9448979932519862
175,2028-base,CZ,W,lig_ex,production_el_eq_TWh,4.802564821908092
176,2028-base,CZ,W,coal_ex,production_el_eq_TWh,0.035525149219199
177,2028-base,CZ,W,b_CHP,production_el_eq_TWh,0.0
178,2028-base,CZ,W,lig_bp,production_el_eq_TWh,1.387599253066948
179,2028-base,CZ,W,coal_bp,production_el_eq_TWh,0.0
180,2028-base,CZ,W,eens,production_el_eq_TWh,0.0
181,2028-base,CZ,Y,solar,production_used_TWh,7.087387989041789
182,2028-base,CZ,Y,onshore,production_used_TWh,0.99675009905211
183,2028-base,CZ,S,solar,production_used_TWh,4.979128111451403
184,2028-base,CZ,S,onshore,production_used_TWh,0.4376426403441852
185,2028-base,CZ,W,solar,production_used_TWh,2.1082598775903856
186,2028-base,CZ,W,onshore,production_used_TWh,0.5591074587079247
187,2028-base,CZ,Y,solar,production_excess_TWh,0.0
188,2028-base,CZ,Y,onshore,production_excess_TWh,0.0
189,2028-base,CZ,S,solar,production_excess_TWh,0.0
190,2028-base,CZ,S,onshore,production_excess_TWh,0.0
191,2028-base,CZ,W,solar,production_excess_TWh,0.0
192,2028-base,CZ,W,onshore,production_excess_TWh,0.0
193,2028-base,CZ,Y,h_ror,discharged_TWh,1.139822745540097
194,2028-base,CZ,Y,h_dams,discharged_TWh,0.8157267142857143
195,2028-base,CZ,Y,li,discharged_TWh,0.0824464502839878
196,2028-base,CZ,Y,pump_open,discharged_TWh,0.3700773800708539
197,2028-base,CZ,Y,pump,discharged_TWh,0.4920711898944591
198,2028-base,CZ,Y,TOTAL,discharged_TWh,2.9001444800751126
199,2028-base,CZ,S,h_ror,discharged_TWh,0.5400509333333333
200,2028-base,CZ,S,h_dams,discharged_TWh,0.3803743016618713
201,2028-base,CZ,S,li,discharged_TWh,0.0373218429947366
202,2028-base,CZ,S,pump_open,discharged_TWh,0.2517298884883728
203,2028-base,CZ,S,pump,discharged_TWh,0.3482713064109698
204,2028-base,CZ,S,TOTAL,discharged_TWh,5.800288960150225
205,2028-base,CZ,W,h_ror,discharged_TWh,0.599771812206764
206,2028-base,CZ,W,h_dams,discharged_TWh,0.4353524126238429
207,2028-base,CZ,W,li,discharged_TWh,0.0451246072892512
208,2028-base,CZ,W,pump_open,discharged_TWh,0.118347491582481
209,2028-base,CZ,W,pump,discharged_TWh,0.1437998834834891
210,2028-base,CZ,W,TOTAL,discharged_TWh,5.800288960150225
211,2028-base,CZ,Y,h_ror,charged_TWh,0.0
212,2028-base,CZ,Y,h_dams,charged_TWh,0.0
213,2028-base,CZ,Y,li,charged_TWh,0.1001684788395576
214,2028-base,CZ,Y,pump_open,charged_TWh,0.473979892955551
215,2028-base,CZ,Y,pump,charged_TWh,0.6834322081867487
216,2028-base,CZ,Y,TOTAL,charged_TWh,1.2575805799818571
217,2028-base,CZ,S,h_ror,charged_TWh,0.0
218,2028-base,CZ,S,h_dams,charged_TWh,0.0
219,2028-base,CZ,S,li,charged_TWh,0.0475045274165575
220,2028-base,CZ,S,pump_open,charged_TWh,0.3367745210486659
221,2028-base,CZ,S,pump,charged_TWh,0.4882872946897867
222,2028-base,CZ,S,TOTAL,charged_TWh,2.5151611599637143
223,2028-base,CZ,W,h_ror,charged_TWh,0.0
224,2028-base,CZ,W,h_dams,charged_TWh,0.0
225,2028-base,CZ,W,li,charged_TWh,0.052663951423
226,2028-base,CZ,W,pump_open,charged_TWh,0.137205371906885
227,2028-base,CZ,W,pump,charged_TWh,0.1951449134969619
228,2028-base,CZ,W,TOTAL,charged_TWh,2.5151611599637143
229,2028-base,CZ,Y,h_ror,inflow_TWh,1.14275
230,2028-base,CZ,Y,h_dams,inflow_TWh,0.8157267142857143
231,2028-base,CZ,Y,pump_open,inflow_TWh,0.0288118571428571
232,2028-base,CZ,S,h_ror,inflow_TWh,0.5418
233,2028-base,CZ,S,h_dams,inflow_TWh,0.380473
234,2028-base,CZ,S,pump_open,inflow_TWh,0.011492
235,2028-base,CZ,W,h_ror,inflow_TWh,0.60095
236,2028-base,CZ,W,h_dams,inflow_TWh,0.4352537142857142
237,2028-base,CZ,W,pump_open,inflow_TWh,0.0173198571428571
238,2028-base,CZ,Y,gas_chp,heat_production_PJ,1.810876460466072
239,2028-base,CZ,Y,gas_eng_chp,heat_production_PJ,5.572411200000356
240,2028-base,CZ,Y,lig_ex,heat_production_PJ,41.847870005014805
241,2028-base,CZ,Y,coal_ex,heat_production_PJ,0.161691646518554
242,2028-base,CZ,Y,b_CHP,heat_production_PJ,-1.3603198567578777e-18
243,2028-base,CZ,Y,lig_bp,heat_production_PJ,18.082994688000223
244,2028-base,CZ,Y,coal_bp,heat_production_PJ,0.0
245,2028-base,CZ,Y,eens,heat_production_PJ,-7.387370715153739e-19
246,2028-base,CZ,S,gas_chp,heat_production_PJ,1.1930679422590098
247,2028-base,CZ,S,gas_eng_chp,heat_production_PJ,2.1707784242932058
248,2028-base,CZ,S,lig_ex,heat_production_PJ,17.613415478570595
249,2028-base,CZ,S,coal_ex,heat_production_PJ,8.556457942177135e-17
250,2028-base,CZ,S,b_CHP,heat_production_PJ,-1.3603198567578777e-18
251,2028-base,CZ,S,lig_bp,heat_production_PJ,3.096922754877187
252,2028-base,CZ,S,coal_bp,heat_production_PJ,0.0
253,2028-base,CZ,S,eens,heat_production_PJ,-7.387370715153739e-19
254,2028-base,CZ,W,gas_chp,heat_production_PJ,0.6178085182070615
255,2028-base,CZ,W,gas_eng_chp,heat_production_PJ,3.4016327757071503
256,2028-base,CZ,W,lig_ex,heat_production_PJ,24.2344545264442
257,2028-base,CZ,W,coal_ex,heat_production_PJ,0.161691646518554
258,2028-base,CZ,W,b_CHP,heat_production_PJ,0.0
259,2028-base,CZ,W,lig_bp,heat_production_PJ,14.986071933123036
260,2028-base,CZ,W,coal_bp,heat_production_PJ,0.0
261,2028-base,CZ,W,eens,heat_production_PJ,0.0
262,2028-base,CZ,Y,waste,production_hours,6660.0
263,2028-base,CZ,Y,gas_ccgt,production_hours,8013.0
264,2028-base,CZ,Y,gas_chp,production_hours,7615.0
265,2028-base,CZ,Y,biogas,production_hours,3858.0
266,2028-base,CZ,Y,lig_sc,production_hours,2627.0
267,2028-base,CZ,Y,bio,production_hours,0.0
268,2028-base,CZ,Y,gas_eng_chp,production_hours,5374.0
269,2028-base,CZ,Y,lig,production_hours,989.0
270,2028-base,CZ,Y,lig_ex,production_hours,8760.0
271,2028-base,CZ,Y,coal,production_hours,0.0
272,2028-base,CZ,Y,coal_ex,production_hours,468.0
273,2028-base,CZ,Y,gas_peak,production_hours,500.0
274,2028-base,CZ,Y,lig_old,production_hours,28.0
275,2028-base,CZ,Y,b_CHP,production_hours,0.0
276,2028-base,CZ,Y,lig_bp,production_hours,6031.0
277,2028-base,CZ,Y,coal_bp,production_hours,0.0
278,2028-base,CZ,Y,dsr,production_hours,0.0
279,2028-base,CZ,Y,eens,production_hours,0.0
280,2028-base,CZ,Y,h_ror,production_hours,8760.0
281,2028-base,CZ,Y,h_dams,production_hours,8760.0
282,2028-base,CZ,Y,li,production_hours,942.0
283,2028-base,CZ,Y,pump_open,production_hours,1210.0
284,2028-base,CZ,Y,pump,production_hours,1091.0
285,2028-base,CZ,S,waste,production_hours,2736.0
286,2028-base,CZ,S,gas_ccgt,production_hours,3692.0
287,2028-base,CZ,S,gas_chp,production_hours,3373.0
288,2028-base,CZ,S,biogas,production_hours,861.0
289,2028-base,CZ,S,lig_sc,production_hours,0.0
290,2028-base,CZ,S,bio,production_hours,0.0
291,2028-base,CZ,S,gas_eng_chp,production_hours,2168.0
292,2028-base,CZ,S,lig,production_hours,0.0
293,2028-base,CZ,S,lig_ex,production_hours,4368.0
294,2028-base,CZ,S,coal,production_hours,0.0
295,2028-base,CZ,S,coal_ex,production_hours,0.0
296,2028-base,CZ,S,gas_peak,production_hours,0.0
297,2028-base,CZ,S,lig_old,production_hours,0.0
298,2028-base,CZ,S,b_CHP,production_hours,0.0
299,2028-base,CZ,S,lig_bp,production_hours,1661.0
300,2028-base,CZ,S,coal_bp,production_hours,0.0
301,2028-base,CZ,S,dsr,production_hours,0.0
302,2028-base,CZ,S,eens,production_hours,0.0
303,2028-base,CZ,S,h_ror,production_hours,4368.0
304,2028-base,CZ,S,h_dams,production_hours,4368.0
305,2028-base,CZ,S,li,production_hours,421.0
306,2028-base,CZ,S,pump_open,production_hours,790.0
307,2028-base,CZ,S,pump,production_hours,763.0
308,2028-base,CZ,W,waste,production_hours,3924.0
309,2028-base,CZ,W,gas_ccgt,production_hours,4321.0
310,2028-base,CZ,W,gas_chp,production_hours,4242.0
311,2028-base,CZ,W,biogas,production_hours,2997.0
312,2028-base,CZ,W,lig_sc,production_hours,2627.0
313,2028-base,CZ,W,bio,production_hours,0.0
314,2028-base,CZ,W,gas_eng_chp,production_hours,3206.0
315,2028-base,CZ,W,lig,production_hours,989.0
316,2028-base,CZ,W,lig_ex,production_hours,4392.0
317,2028-base,CZ,W,coal,production_hours,0.0
318,2028-base,CZ,W,coal_ex,production_hours,468.0
319,2028-base,CZ,W,gas_peak,production_hours,500.0
320,2028-base,CZ,W,lig_old,production_hours,28.0
321,2028-base,CZ,W,b_CHP,production_hours,0.0
322,2028-base,CZ,W,lig_bp,production_hours,4370.0
323,2028-base,CZ,W,coal_bp,production_hours,0.0
324,2028-base,CZ,W,dsr,production_hours,0.0
325,2028-base,CZ,W,eens,production_hours,0.0
326,2028-base,CZ,W,h_ror,production_hours,4392.0
327,2028-base,CZ,W,h_dams,production_hours,4392.0
328,2028-base,CZ,W,li,production_hours,521.0
329,2028-base,CZ,W,pump_open,production_hours,420.0
330,2028-base,CZ,W,pump,production_hours,328.0
331,2028-base,CZ,Y,nuclear,capex_mn_EUR_per_yr,2738.469079112492
332,2028-base,CZ,Y,solar,capex_mn_EUR_per_yr,362.9795164565344
333,2028-base,CZ,Y,onshore,capex_mn_EUR_per_yr,68.82996852045387
334,2028-base,CZ,Y,waste,capex_mn_EUR_per_yr,228.2938717209026
335,2028-base,CZ,Y,gas_ccgt,capex_mn_EUR_per_yr,76.18061222457844
336,2028-base,CZ,Y,gas_chp,capex_mn_EUR_per_yr,138.841538451773
337,2028-base,CZ,Y,biogas,capex_mn_EUR_per_yr,16.217086196531145
338,2028-base,CZ,Y,lig_sc,capex_mn_EUR_per_yr,144.15255774515765
339,2028-base,CZ,Y,bio,capex_mn_EUR_per_yr,0.0
340,2028-base,CZ,Y,gas_eng_chp,capex_mn_EUR_per_yr,22.59441391073202
341,2028-base,CZ,Y,lig,capex_mn_EUR_per_yr,321.06706043239666
342,2028-base,CZ,Y,lig_ex,capex_mn_EUR_per_yr,547.1244805327576
343,2028-base,CZ,Y,coal,capex_mn_EUR_per_yr,0.0
344,2028-base,CZ,Y,coal_ex,capex_mn_EUR_per_yr,26.048184884115727
345,2028-base,CZ,Y,gas_peak,capex_mn_EUR_per_yr,7.893982066856129
346,2028-base,CZ,Y,lig_old,capex_mn_EUR_per_yr,397.5115986305863
347,2028-base,CZ,Y,b_CHP,capex_mn_EUR_per_yr,109.81713302115293
348,2028-base,CZ,Y,lig_bp,capex_mn_EUR_per_yr,118.59824069033428
349,2028-base,CZ,Y,coal_bp,capex_mn_EUR_per_yr,0.0
350,2028-base,CZ,Y,dsr,capex_mn_EUR_per_yr,0.0
351,2028-base,CZ,Y,h_ror,capex_mn_EUR_per_yr,84.30517292657983
352,2028-base,CZ,Y,h_dams,capex_mn_EUR_per_yr,123.71530195731836
353,2028-base,CZ,Y,li,capex_mn_EUR_per_yr,4.011568788183623
354,2028-base,CZ,Y,pump_open,capex_mn_EUR_per_yr,95.4781476517892
355,2028-base,CZ,Y,pump,capex_mn_EUR_per_yr,137.73230661258106
356,2028-base,CZ,S,nuclear,capex_mn_EUR_per_yr,2738.469079112492
357,2028-base,CZ,S,solar,capex_mn_EUR_per_yr,362.9795164565344
358,2028-base,CZ,S,onshore,capex_mn_EUR_per_yr,68.82996852045387
359,2028-base,CZ,S,waste,capex_mn_EUR_per_yr,228.2938717209026
360,2028-base,CZ,S,gas_ccgt,capex_mn_EUR_per_yr,76.18061222457844
361,2028-base,CZ,S,gas_chp,capex_mn_EUR_per_yr,138.841538451773
362,2028-base,CZ,S,biogas,capex_mn_EUR_per_yr,16.217086196531145
363,2028-base,CZ,S,lig_sc,capex_mn_EUR_per_yr,144.15255774515765
364,2028-base,CZ,S,bio,capex_mn_EUR_per_yr,0.0
365,2028-base,CZ,S,gas_eng_chp,capex_mn_EUR_per_yr,22.59441391073202
366,2028-base,CZ,S,lig,capex_mn_EUR_per_yr,321.06706043239666
367,2028-base,CZ,S,lig_ex,capex_mn_EUR_per_yr,547.1244805327576
368,2028-base,CZ,S,coal,capex_mn_EUR_per_yr,0.0
369,2028-base,CZ,S,coal_ex,capex_mn_EUR_per_yr,26.048184884115727
370,2028-base,CZ,S,gas_peak,capex_mn_EUR_per_yr,7.893982066856129
371,2028-base,CZ,S,lig_old,capex_mn_EUR_per_yr,397.5115986305863
372,2028-base,CZ,S,b_CHP,capex_mn_EUR_per_yr,109.81713302115293
373,2028-base,CZ,S,lig_bp,capex_mn_EUR_per_yr,118.59824069033428
374,2028-base,CZ,S,coal_bp,capex_mn_EUR_per_yr,0.0
375,2028-base,CZ,S,dsr,capex_mn_EUR_per_yr,0.0
376,2028-base,CZ,S,h_ror,capex_mn_EUR_per_yr,84.30517292657983
377,2028-base,CZ,S,h_dams,capex_mn_EUR_per_yr,123.71530195731836
378,2028-base,CZ,S,li,capex_mn_EUR_per_yr,4.011568788183623
379,2028-base,CZ,S,pump_open,capex_mn_EUR_per_yr,95.4781476517892
380,2028-base,CZ,S,pump,capex_mn_EUR_per_yr,137.73230661258106
381,2028-base,CZ,W,nuclear,capex_mn_EUR_per_yr,2738.469079112492
382,2028-base,CZ,W,solar,capex_mn_EUR_per_yr,362.9795164565344
383,2028-base,CZ,W,onshore,capex_mn_EUR_per_yr,68.82996852045387
384,2028-base,CZ,W,waste,capex_mn_EUR_per_yr,228.2938717209026
385,2028-base,CZ,W,gas_ccgt,capex_mn_EUR_per_yr,76.18061222457844
386,2028-base,CZ,W,gas_chp,capex_mn_EUR_per_yr,138.841538451773
387,2028-base,CZ,W,biogas,capex_mn_EUR_per_yr,16.217086196531145
388,2028-base,CZ,W,lig_sc,capex_mn_EUR_per_yr,144.15255774515765
389,2028-base,CZ,W,bio,capex_mn_EUR_per_yr,0.0
390,2028-base,CZ,W,gas_eng_chp,capex_mn_EUR_per_yr,22.59441391073202
391,2028-base,CZ,W,lig,capex_mn_EUR_per_yr,321.06706043239666
392,2028-base,CZ,W,lig_ex,capex_mn_EUR_per_yr,547.1244805327576
393,2028-base,CZ,W,coal,capex_mn_EUR_per_yr,0.0
394,2028-base,CZ,W,coal_ex,capex_mn_EUR_per_yr,26.048184884115727
395,2028-base,CZ,W,gas_peak,capex_mn_EUR_per_yr,7.893982066856129
396,2028-base,CZ,W,lig_old,capex_mn_EUR_per_yr,397.5115986305863
397,2028-base,CZ,W,b_CHP,capex_mn_EUR_per_yr,109.81713302115293
398,2028-base,CZ,W,lig_bp,capex_mn_EUR_per_yr,118.59824069033428
399,2028-base,CZ,W,coal_bp,capex_mn_EUR_per_yr,0.0
400,2028-base,CZ,W,dsr,capex_mn_EUR_per_yr,0.0
401,2028-base,CZ,W,h_ror,capex_mn_EUR_per_yr,84.30517292657983
402,2028-base,CZ,W,h_dams,capex_mn_EUR_per_yr,123.71530195731836
403,2028-base,CZ,W,li,capex_mn_EUR_per_yr,4.011568788183623
404,2028-base,CZ,W,pump_open,capex_mn_EUR_per_yr,95.4781476517892
405,2028-base,CZ,W,pump,capex_mn_EUR_per_yr,137.73230661258106
406,2028-base,CZ,Y,nuclear,opex_mn_EUR,586.5749526359082
407,2028-base,CZ,Y,solar,opex_mn_EUR,0.0
408,2028-base,CZ,Y,onshore,opex_mn_EUR,0.0
409,2028-base,CZ,Y,waste,opex_mn_EUR,45.74932460537448
410,2028-base,CZ,Y,gas_ccgt,opex_mn_EUR,410.8816206127883
411,2028-base,CZ,Y,gas_chp,opex_mn_EUR,289.1849656161693
412,2028-base,CZ,Y,biogas,opex_mn_EUR,97.32535052768591
413,2028-base,CZ,Y,lig_sc,opex_mn_EUR,106.28976756392368
414,2028-base,CZ,Y,bio,opex_mn_EUR,0.0
415,2028-base,CZ,Y,gas_eng_chp,opex_mn_EUR,167.56790840001068
416,2028-base,CZ,Y,lig,opex_mn_EUR,73.70841899229585
417,2028-base,CZ,Y,lig_ex,opex_mn_EUR,397.50682020752646
418,2028-base,CZ,Y,coal,opex_mn_EUR,0.0
419,2028-base,CZ,Y,coal_ex,opex_mn_EUR,2.296953545184796
420,2028-base,CZ,Y,gas_peak,opex_mn_EUR,5.060924047947831
421,2028-base,CZ,Y,lig_old,opex_mn_EUR,0.3564066003968964
422,2028-base,CZ,Y,b_CHP,opex_mn_EUR,-1.274545687463451e-17
423,2028-base,CZ,Y,lig_bp,opex_mn_EUR,367.6425927714888
424,2028-base,CZ,Y,coal_bp,opex_mn_EUR,0.0
425,2028-base,CZ,Y,dsr,opex_mn_EUR,0.0
426,2028-base,CZ,Y,h_ror,opex_mn_EUR,2.2796454910801947
427,2028-base,CZ,Y,h_dams,opex_mn_EUR,2.447180142857143
428,2028-base,CZ,Y,li,opex_mn_EUR,0.4122322514199393
429,2028-base,CZ,Y,pump_open,opex_mn_EUR,1.4803095202834156
430,2028-base,CZ,Y,pump,opex_mn_EUR,1.9682847595778363
431,2028-base,CZ,S,nuclear,opex_mn_EUR,284.9058333494021
432,2028-base,CZ,S,solar,opex_mn_EUR,0.0
433,2028-base,CZ,S,onshore,opex_mn_EUR,0.0
434,2028-base,CZ,S,waste,opex_mn_EUR,17.444147982017824
435,2028-base,CZ,S,gas_ccgt,opex_mn_EUR,187.6576599948721
436,2028-base,CZ,S,gas_chp,opex_mn_EUR,60.19733643576709
437,2028-base,CZ,S,biogas,opex_mn_EUR,19.65379469050076
438,2028-base,CZ,S,lig_sc,opex_mn_EUR,0.0
439,2028-base,CZ,S,bio,opex_mn_EUR,0.0
440,2028-base,CZ,S,gas_eng_chp,opex_mn_EUR,65.27745119718735
441,2028-base,CZ,S,lig,opex_mn_EUR,0.0
442,2028-base,CZ,S,lig_ex,opex_mn_EUR,130.30271560355595
443,2028-base,CZ,S,coal,opex_mn_EUR,0.0
444,2028-base,CZ,S,coal_ex,opex_mn_EUR,6.932001560401326e-16
445,2028-base,CZ,S,gas_peak,opex_mn_EUR,0.0
446,2028-base,CZ,S,lig_old,opex_mn_EUR,0.0
447,2028-base,CZ,S,b_CHP,opex_mn_EUR,-1.274545687463451e-17
448,2028-base,CZ,S,lig_bp,opex_mn_EUR,64.13357390892719
449,2028-base,CZ,S,coal_bp,opex_mn_EUR,0.0
450,2028-base,CZ,S,dsr,opex_mn_EUR,0.0
451,2028-base,CZ,S,h_ror,opex_mn_EUR,
452,2028-base,CZ,S,h_dams,opex_mn_EUR,1.1411229049856142
453,2028-base,CZ,S,li,opex_mn_EUR,0.1866092149736833
454,2028-base,CZ,S,pump_open,opex_mn_EUR,1.0069195539534912
455,2028-base,CZ,S,pump,opex_mn_EUR,1.3930852256438797
456,2028-base,CZ,W,nuclear,opex_mn_EUR,301.6691192865061
457,2028-base,CZ,W,solar,opex_mn_EUR,0.0
458,2028-base,CZ,W,onshore,opex_mn_EUR,0.0
459,2028-base,CZ,W,waste,opex_mn_EUR,28.30517662335665
460,2028-base,CZ,W,gas_ccgt,opex_mn_EUR,223.2239606179162
461,2028-base,CZ,W,gas_chp,opex_mn_EUR,228.98762918040225
462,2028-base,CZ,W,biogas,opex_mn_EUR,77.67155583718517
463,2028-base,CZ,W,lig_sc,opex_mn_EUR,106.28976756392365
464,2028-base,CZ,W,bio,opex_mn_EUR,0.0
465,2028-base,CZ,W,gas_eng_chp,opex_mn_EUR,102.29045720282336
466,2028-base,CZ,W,lig,opex_mn_EUR,73.70841899229585
467,2028-base,CZ,W,lig_ex,opex_mn_EUR,267.20410460397056
468,2028-base,CZ,W,coal,opex_mn_EUR,0.0
469,2028-base,CZ,W,coal_ex,opex_mn_EUR,2.2969535451847944
470,2028-base,CZ,W,gas_peak,opex_mn_EUR,5.060924047947831
471,2028-base,CZ,W,lig_old,opex_mn_EUR,0.3564066003968964
472,2028-base,CZ,W,b_CHP,opex_mn_EUR,0.0
473,2028-base,CZ,W,lig_bp,opex_mn_EUR,303.50901886256145
474,2028-base,CZ,W,coal_bp,opex_mn_EUR,0.0
475,2028-base,CZ,W,dsr,opex_mn_EUR,0.0
476,2028-base,CZ,W,h_ror,opex_mn_EUR,1.199543624413528
477,2028-base,CZ,W,h_dams,opex_mn_EUR,1.3060572378715285
478,2028-base,CZ,W,li,opex_mn_EUR,0.225623036446256
479,2028-base,CZ,W,pump_open,opex_mn_EUR,0.4733899663299241
480,2028-base,CZ,W,pump,opex_mn_EUR,0.5751995339339566
481,2028-base,CZ,Y,h_ror,wholesale_expenses_mn_EUR,0.0
482,2028-base,CZ,Y,h_dams,wholesale_expenses_mn_EUR,0.0
483,2028-base,CZ,Y,li,wholesale_expenses_mn_EUR,6.486312672795124
484,2028-base,CZ,Y,pump_open,wholesale_expenses_mn_EUR,24.153220001689
485,2028-base,CZ,Y,pump,wholesale_expenses_mn_EUR,34.309123644733354
486,2028-base,CZ,Y,IMPORT_EXPORT,wholesale_expenses_mn_EUR,920.6739686478294
487,2028-base,CZ,S,h_ror,wholesale_expenses_mn_EUR,0.0
488,2028-base,CZ,S,h_dams,wholesale_expenses_mn_EUR,0.0
489,2028-base,CZ,S,li,wholesale_expenses_mn_EUR,2.2904264591504573
490,2028-base,CZ,S,pump_open,wholesale_expenses_mn_EUR,15.233462267956224
491,2028-base,CZ,S,pump,wholesale_expenses_mn_EUR,21.75971829725598
492,2028-base,CZ,S,IMPORT_EXPORT,wholesale_expenses_mn_EUR,445.7301656043115
493,2028-base,CZ,W,h_ror,wholesale_expenses_mn_EUR,0.0
494,2028-base,CZ,W,h_dams,wholesale_expenses_mn_EUR,0.0
495,2028-base,CZ,W,li,wholesale_expenses_mn_EUR,4.195886213644669
496,2028-base,CZ,W,pump_open,wholesale_expenses_mn_EUR,8.919757733732778
497,2028-base,CZ,W,pump,wholesale_expenses_mn_EUR,12.549405347477371
498,2028-base,CZ,W,IMPORT_EXPORT,wholesale_expenses_mn_EUR,474.943803043518
499,2028-base,CZ,Y,nuclear,wholesale_revenues_mn_EUR,2662.153433347786
500,2028-base,CZ,Y,solar,wholesale_revenues_mn_EUR,471.8684211915348
501,2028-base,CZ,Y,onshore,wholesale_revenues_mn_EUR,90.16255276512432
502,2028-base,CZ,Y,waste,wholesale_revenues_mn_EUR,117.76081895076418
503,2028-base,CZ,Y,gas_ccgt,wholesale_revenues_mn_EUR,472.5322354518819
504,2028-base,CZ,Y,gas_chp,wholesale_revenues_mn_EUR,346.4484207903629
505,2028-base,CZ,Y,biogas,wholesale_revenues_mn_EUR,107.54785221276036
506,2028-base,CZ,Y,lig_sc,wholesale_revenues_mn_EUR,111.590203979064
507,2028-base,CZ,Y,bio,wholesale_revenues_mn_EUR,0.0
508,2028-base,CZ,Y,gas_eng_chp,wholesale_revenues_mn_EUR,163.9425531919236
509,2028-base,CZ,Y,lig,wholesale_revenues_mn_EUR,75.04008210250875
510,2028-base,CZ,Y,lig_ex,wholesale_revenues_mn_EUR,352.7110034928885
511,2028-base,CZ,Y,coal,wholesale_revenues_mn_EUR,0.0
512,2028-base,CZ,Y,coal_ex,wholesale_revenues_mn_EUR,2.2814899016118675
513,2028-base,CZ,Y,gas_peak,wholesale_revenues_mn_EUR,5.201647735825494
514,2028-base,CZ,Y,lig_old,wholesale_revenues_mn_EUR,0.3566544894416416
515,2028-base,CZ,Y,b_CHP,wholesale_revenues_mn_EUR,-4.0797606760521253e-19
516,2028-base,CZ,Y,lig_bp,wholesale_revenues_mn_EUR,169.83138299433224
517,2028-base,CZ,Y,coal_bp,wholesale_revenues_mn_EUR,0.0
518,2028-base,CZ,Y,dsr,wholesale_revenues_mn_EUR,0.0
519,2028-base,CZ,Y,h_ror,wholesale_revenues_mn_EUR,106.43219980100616
520,2028-base,CZ,Y,h_dams,wholesale_revenues_mn_EUR,84.25910207615077
521,2028-base,CZ,Y,li,wholesale_revenues_mn_EUR,8.915194889512119
522,2028-base,CZ,Y,pump_open,wholesale_revenues_mn_EUR,39.11536498733667
523,2028-base,CZ,Y,pump,wholesale_revenues_mn_EUR,51.48728025110787
524,2028-base,CZ,Y,IMPORT_EXPORT,wholesale_revenues_mn_EUR,37.619771571650254
525,2028-base,CZ,S,nuclear,wholesale_revenues_mn_EUR,1170.1806194494236
526,2028-base,CZ,S,solar,wholesale_revenues_mn_EUR,300.53610516752246
527,2028-base,CZ,S,onshore,wholesale_revenues_mn_EUR,35.888417447011854
528,2028-base,CZ,S,waste,wholesale_revenues_mn_EUR,40.85133915083833
529,2028-base,CZ,S,gas_ccgt,wholesale_revenues_mn_EUR,199.7018343916505
530,2028-base,CZ,S,gas_chp,wholesale_revenues_mn_EUR,64.72519807573322
531,2028-base,CZ,S,biogas,wholesale_revenues_mn_EUR,20.03741233782958
532,2028-base,CZ,S,lig_sc,wholesale_revenues_mn_EUR,0.0
533,2028-base,CZ,S,bio,wholesale_revenues_mn_EUR,0.0
534,2028-base,CZ,S,gas_eng_chp,wholesale_revenues_mn_EUR,59.44151471147208
535,2028-base,CZ,S,lig,wholesale_revenues_mn_EUR,0.0
536,2028-base,CZ,S,lig_ex,wholesale_revenues_mn_EUR,98.7003882868297
537,2028-base,CZ,S,coal,wholesale_revenues_mn_EUR,0.0
538,2028-base,CZ,S,coal_ex,wholesale_revenues_mn_EUR,5.141997745301063e-16
539,2028-base,CZ,S,gas_peak,wholesale_revenues_mn_EUR,0.0
540,2028-base,CZ,S,lig_old,wholesale_revenues_mn_EUR,0.0
541,2028-base,CZ,S,b_CHP,wholesale_revenues_mn_EUR,-4.0797606760521253e-19
542,2028-base,CZ,S,lig_bp,wholesale_revenues_mn_EUR,26.03439200534728
543,2028-base,CZ,S,coal_bp,wholesale_revenues_mn_EUR,0.0
544,2028-base,CZ,S,dsr,wholesale_revenues_mn_EUR,0.0
545,2028-base,CZ,S,h_ror,wholesale_revenues_mn_EUR,45.71688150339525
546,2028-base,CZ,S,h_dams,wholesale_revenues_mn_EUR,36.12211354965187
547,2028-base,CZ,S,li,wholesale_revenues_mn_EUR,3.7201333376321606
548,2028-base,CZ,S,pump_open,wholesale_revenues_mn_EUR,25.1743602203458
549,2028-base,CZ,S,pump,wholesale_revenues_mn_EUR,34.69369217952672
550,2028-base,CZ,S,IMPORT_EXPORT,wholesale_revenues_mn_EUR,4.082533638966017
551,2028-base,CZ,W,nuclear,wholesale_revenues_mn_EUR,1491.972813898363
552,2028-base,CZ,W,solar,wholesale_revenues_mn_EUR,171.33231602401224
553,2028-base,CZ,W,onshore,wholesale_revenues_mn_EUR,54.27413531811247
554,2028-base,CZ,W,waste,wholesale_revenues_mn_EUR,76.90947979992586
555,2028-base,CZ,W,gas_ccgt,wholesale_revenues_mn_EUR,272.8304010602312
556,2028-base,CZ,W,gas_chp,wholesale_revenues_mn_EUR,281.7232227146296
557,2028-base,CZ,W,biogas,wholesale_revenues_mn_EUR,87.51043987493077
558,2028-base,CZ,W,lig_sc,wholesale_revenues_mn_EUR,111.590203979064
559,2028-base,CZ,W,bio,wholesale_revenues_mn_EUR,0.0
560,2028-base,CZ,W,gas_eng_chp,wholesale_revenues_mn_EUR,104.50103848045153
561,2028-base,CZ,W,lig,wholesale_revenues_mn_EUR,75.04008210250875
562,2028-base,CZ,W,lig_ex,wholesale_revenues_mn_EUR,254.0106152060588
563,2028-base,CZ,W,coal,wholesale_revenues_mn_EUR,0.0
564,2028-base,CZ,W,coal_ex,wholesale_revenues_mn_EUR,2.281489901611867
565,2028-base,CZ,W,gas_peak,wholesale_revenues_mn_EUR,5.201647735825494
566,2028-base,CZ,W,lig_old,wholesale_revenues_mn_EUR,0.3566544894416416
567,2028-base,CZ,W,b_CHP,wholesale_revenues_mn_EUR,0.0
568,2028-base,CZ,W,lig_bp,wholesale_revenues_mn_EUR,143.79699098898493
569,2028-base,CZ,W,coal_bp,wholesale_revenues_mn_EUR,0.0
570,2028-base,CZ,W,dsr,wholesale_revenues_mn_EUR,0.0
571,2028-base,CZ,W,h_ror,wholesale_revenues_mn_EUR,60.71531829761092
572,2028-base,CZ,W,h_dams,wholesale_revenues_mn_EUR,48.1369885264989
573,2028-base,CZ,W,li,wholesale_revenues_mn_EUR,5.195061551879957
574,2028-base,CZ,W,pump_open,wholesale_revenues_mn_EUR,13.94100476699086
575,2028-base,CZ,W,pump,wholesale_revenues_mn_EUR,16.793588071581144
576,2028-base,CZ,W,IMPORT_EXPORT,wholesale_revenues_mn_EUR,33.53723793268423
577,2028-base,CZ,Y,TOTAL,avg_consumer_price_EUR_per_MWh,93.960352640284
578,2028-base,CZ,S,TOTAL,avg_consumer_price_EUR_per_MWh,83.62744317832662
579,2028-base,CZ,W,TOTAL,avg_consumer_price_EUR_per_MWh,102.7756329374386
580,2028-base,CZ,Y,TOTAL,avg_producer_price_EUR_per_MWh,92.81418782546456
581,2028-base,CZ,S,TOTAL,avg_producer_price_EUR_per_MWh,81.14906086511
582,2028-base,CZ,W,TOTAL,avg_producer_price_EUR_per_MWh,102.27385171439252
583,2028-base,CZ,Y,nuclear,capacity_factor,0.7964817503918005
584,2028-base,CZ,Y,solar,capacity_factor,0.1155803651180983
585,2028-base,CZ,Y,onshore,capacity_factor,0.2275685157653219
586,2028-base,CZ,Y,waste,capacity_factor,0.6666666666665817
587,2028-base,CZ,Y,gas_ccgt,capacity_factor,0.8914750287278449
588,2028-base,CZ,Y,gas_chp,capacity_factor,0.5333333333333128
589,2028-base,CZ,Y,biogas,capacity_factor,0.4038059936333797
590,2028-base,CZ,Y,lig_sc,capacity_factor,0.2671904632652568
591,2028-base,CZ,Y,gas_eng_chp,capacity_factor,0.5333333333333674
592,2028-base,CZ,Y,lig,capacity_factor,0.0762274363909822
593,2028-base,CZ,Y,lig_ex,capacity_factor,0.5333333333333311
594,2028-base,CZ,Y,coal_ex,capacity_factor,0.0353133257659247
595,2028-base,CZ,Y,gas_peak,capacity_factor,0.0494917514576047
596,2028-base,CZ,Y,lig_old,capacity_factor,0.0002468475940863
597,2028-base,CZ,Y,b_CHP,capacity_factor,-1.1452398696183925e-19
598,2028-base,CZ,Y,lig_bp,capacity_factor,0.5333333333333401
599,2028-base,CZ,Y,h_ror,capacity_factor,0.3135343416240571
600,2028-base,CZ,Y,h_dams,capacity_factor,0.1529055631069936
601,2028-base,CZ,Y,li,capacity_factor,0.0941169523789815
602,2028-base,CZ,Y,pump_open,capacity_factor,0.0898856941782896
603,2028-base,CZ,Y,pump,capacity_factor,0.0828503101208326
604,2028-base,CZ,Y,TOTAL,capacity_factor,0.3158856596942795
605,2028-base,CZ,S,nuclear,capacity_factor,0.7758452989642761
606,2028-base,CZ,S,solar,capacity_factor,0.1628443259893839
607,2028-base,CZ,S,onshore,capacity_factor,0.2003858243334181
608,2028-base,CZ,S,waste,capacity_factor,0.4898931617483173
609,2028-base,CZ,S,gas_ccgt,capacity_factor,0.8062600053965933
610,2028-base,CZ,S,gas_chp,capacity_factor,0.253681648811582
611,2028-base,CZ,S,biogas,capacity_factor,0.1624541216770094
612,2028-base,CZ,S,lig_sc,capacity_factor,0.0
613,2028-base,CZ,S,gas_eng_chp,capacity_factor,0.4166702990921698
614,2028-base,CZ,S,lig,capacity_factor,0.0
615,2028-base,CZ,S,lig_ex,capacity_factor,0.4045705871656448
616,2028-base,CZ,S,coal_ex,capacity_factor,2.9218622189753706e-17
617,2028-base,CZ,S,gas_peak,capacity_factor,0.0
618,2028-base,CZ,S,lig_old,capacity_factor,0.0
619,2028-base,CZ,S,b_CHP,capacity_factor,-2.2967722659929294e-19
620,2028-base,CZ,S,lig_bp,capacity_factor,0.1831809144744866
621,2028-base,CZ,S,h_ror,capacity_factor,0.2979229739470703
622,2028-base,CZ,S,h_dams,capacity_factor,0.142991837058692
623,2028-base,CZ,S,li,capacity_factor,0.085443779749855
624,2028-base,CZ,S,pump_open,capacity_factor,0.1226180190984592
625,2028-base,CZ,S,pump,capacity_factor,0.1175994718936627
626,2028-base,CZ,S,TOTAL,capacity_factor,1.2670139097627695
627,2028-base,CZ,W,nuclear,capacity_factor,0.8170054343251856
628,2028-base,CZ,W,solar,capacity_factor,0.0685746772570383
629,2028-base,CZ,W,onshore,capacity_factor,0.2546026678997836
630,2028-base,CZ,W,waste,capacity_factor,0.8424741961481343
631,2028-base,CZ,W,gas_ccgt,capacity_factor,0.9762243961938988
632,2028-base,CZ,W,gas_chp,capacity_factor,0.8114568665735041
633,2028-base,CZ,W,biogas,capacity_factor,0.6438390029014641
634,2028-base,CZ,W,lig_sc,capacity_factor,0.5329208693542006
635,2028-base,CZ,W,gas_eng_chp,capacity_factor,0.6493588646552142
636,2028-base,CZ,W,lig,capacity_factor,0.1520383294137076
637,2028-base,CZ,W,lig_ex,capacity_factor,0.6613924579372595
638,2028-base,CZ,W,coal_ex,capacity_factor,0.0704336825385931
639,2028-base,CZ,W,gas_peak,capacity_factor,0.0987130561859328
640,2028-base,CZ,W,lig_old,capacity_factor,0.000492346294216
641,2028-base,CZ,W,b_CHP,capacity_factor,0.0
642,2028-base,CZ,W,lig_bp,capacity_factor,0.8815723509962432
643,2028-base,CZ,W,h_ror,capacity_factor,0.3290604012809511
644,2028-base,CZ,W,h_dams,capacity_factor,0.1627651157889112
645,2028-base,CZ,W,li,capacity_factor,0.1027427306221566
646,2028-base,CZ,W,pump_open,capacity_factor,0.0573322344216181
647,2028-base,CZ,W,pump,capacity_factor,0.0482910344779087
648,2028-base,CZ,W,TOTAL,capacity_factor,1.2600903364853773
649,2028-base,CZ,Y,li,capacity_factor_charging,0.0091041790606589
650,2028-base,CZ,Y,pump_open,capacity_factor_charging,0.1229711220826979
651,2028-base,CZ,Y,pump,capacity_factor_charging,0.1174960472346146
652,2028-base,CZ,S,li,capacity_factor_charging,0.0086589691167977
653,2028-base,CZ,S,pump_open,capacity_factor_charging,0.1752281682113022
654,2028-base,CZ,S,pump,capacity_factor_charging,0.1683544944509448
655,2028-base,CZ,W,li,capacity_factor_charging,0.0095469561632968
656,2028-base,CZ,W,pump_open,capacity_factor_charging,0.0709996335832117
657,2028-base,CZ,W,pump,capacity_factor_charging,0.0669155150303954
658,2028-base,CZ,Y,nuclear,emissions_MtCO2,0.0
659,2028-base,CZ,Y,solar,emissions_MtCO2,0.0
660,2028-base,CZ,Y,onshore,emissions_MtCO2,0.0
661,2028-base,CZ,Y,waste,emissions_MtCO2,0.0
662,2028-base,CZ,Y,gas_ccgt,emissions_MtCO2,1.894150869589144
663,2028-base,CZ,Y,gas_chp,emissions_MtCO2,1.4030015999999457
664,2028-base,CZ,Y,biogas,emissions_MtCO2,0.0
665,2028-base,CZ,Y,lig_sc,emissions_MtCO2,0.948428216180009
666,2028-base,CZ,Y,bio,emissions_MtCO2,0.0
667,2028-base,CZ,Y,gas_eng_chp,emissions_MtCO2,0.7567472000000482
668,2028-base,CZ,Y,lig,emissions_MtCO2,0.647853322970011
669,2028-base,CZ,Y,lig_ex,emissions_MtCO2,7.724217599999969
670,2028-base,CZ,Y,coal,emissions_MtCO2,0.0
671,2028-base,CZ,Y,coal_ex,emissions_MtCO2,0.0300542762394424
672,2028-base,CZ,Y,gas_peak,emissions_MtCO2,0.0229521258891062
673,2028-base,CZ,Y,lig_old,emissions_MtCO2,0.002886063078828
674,2028-base,CZ,Y,b_CHP,emissions_MtCO2,-0.0
675,2028-base,CZ,Y,lig_bp,emissions_MtCO2,3.348702720000042
676,2028-base,CZ,Y,coal_bp,emissions_MtCO2,0.0
677,2028-base,CZ,Y,dsr,emissions_MtCO2,0.0
678,2028-base,CZ,Y,eens,emissions_MtCO2,0.0
679,2028-base,CZ,Y,h_ror,emissions_MtCO2,0.0
680,2028-base,CZ,Y,h_dams,emissions_MtCO2,0.0
681,2028-base,CZ,Y,li,emissions_MtCO2,0.0
682,2028-base,CZ,Y,pump_open,emissions_MtCO2,0.0
683,2028-base,CZ,Y,pump,emissions_MtCO2,0.0
684,2028-base,CZ,Y,TOTAL,emissions_MtCO2,16.778993993946543
685,2028-base,CZ,S,nuclear,emissions_MtCO2,0.0
686,2028-base,CZ,S,solar,emissions_MtCO2,0.0
687,2028-base,CZ,S,onshore,emissions_MtCO2,0.0
688,2028-base,CZ,S,waste,emissions_MtCO2,0.0
689,2028-base,CZ,S,gas_ccgt,emissions_MtCO2,0.854198935301466
690,2028-base,CZ,S,gas_chp,emissions_MtCO2,0.3327568570352996
691,2028-base,CZ,S,biogas,emissions_MtCO2,0.0
692,2028-base,CZ,S,lig_sc,emissions_MtCO2,0.0
693,2028-base,CZ,S,bio,emissions_MtCO2,0.0
694,2028-base,CZ,S,gas_eng_chp,emissions_MtCO2,0.2947970699657439
695,2028-base,CZ,S,lig,emissions_MtCO2,0.0
696,2028-base,CZ,S,lig_ex,emissions_MtCO2,2.9216527780918766
697,2028-base,CZ,S,coal,emissions_MtCO2,0.0
698,2028-base,CZ,S,coal_ex,emissions_MtCO2,1.2399549577578217e-17
699,2028-base,CZ,S,gas_peak,emissions_MtCO2,0.0
700,2028-base,CZ,S,lig_old,emissions_MtCO2,0.0
701,2028-base,CZ,S,b_CHP,emissions_MtCO2,-0.0
702,2028-base,CZ,S,lig_bp,emissions_MtCO2,0.5735042138661458
703,2028-base,CZ,S,coal_bp,emissions_MtCO2,0.0
704,2028-base,CZ,S,dsr,emissions_MtCO2,0.0
705,2028-base,CZ,S,eens,emissions_MtCO2,0.0
706,2028-base,CZ,S,h_ror,emissions_MtCO2,0.0
707,2028-base,CZ,S,h_dams,emissions_MtCO2,0.0
708,2028-base,CZ,S,li,emissions_MtCO2,0.0
709,2028-base,CZ,S,pump_open,emissions_MtCO2,0.0
710,2028-base,CZ,S,pump,emissions_MtCO2,0.0
711,2028-base,CZ,S,TOTAL,emissions_MtCO2,33.557987987893085
712,2028-base,CZ,W,nuclear,emissions_MtCO2,0.0
713,2028-base,CZ,W,solar,emissions_MtCO2,0.0
714,2028-base,CZ,W,onshore,emissions_MtCO2,0.0
715,2028-base,CZ,W,waste,emissions_MtCO2,0.0
716,2028-base,CZ,W,gas_ccgt,emissions_MtCO2,1.039951934287678
717,2028-base,CZ,W,gas_chp,emissions_MtCO2,1.0702447429646462
718,2028-base,CZ,W,biogas,emissions_MtCO2,0.0
719,2028-base,CZ,W,lig_sc,emissions_MtCO2,0.9484282161800088
720,2028-base,CZ,W,bio,emissions_MtCO2,0.0
721,2028-base,CZ,W,gas_eng_chp,emissions_MtCO2,0.4619501300343043
722,2028-base,CZ,W,lig,emissions_MtCO2,0.647853322970011
723,2028-base,CZ,W,lig_ex,emissions_MtCO2,4.802564821908092
724,2028-base,CZ,W,coal,emissions_MtCO2,0.0
725,2028-base,CZ,W,coal_ex,emissions_MtCO2,0.0300542762394424
726,2028-base,CZ,W,gas_peak,emissions_MtCO2,0.0229521258891062
727,2028-base,CZ,W,lig_old,emissions_MtCO2,0.002886063078828
728,2028-base,CZ,W,b_CHP,emissions_MtCO2,0.0
729,2028-base,CZ,W,lig_bp,emissions_MtCO2,2.775198506133896
730,2028-base,CZ,W,coal_bp,emissions_MtCO2,0.0
731,2028-base,CZ,W,dsr,emissions_MtCO2,0.0
732,2028-base,CZ,W,eens,emissions_MtCO2,0.0
733,2028-base,CZ,W,h_ror,emissions_MtCO2,0.0
734,2028-base,CZ,W,h_dams,emissions_MtCO2,0.0
735,2028-base,CZ,W,li,emissions_MtCO2,0.0
736,2028-base,CZ,W,pump_open,emissions_MtCO2,0.0
737,2028-base,CZ,W,pump,emissions_MtCO2,0.0
738,2028-base,CZ,W,TOTAL,emissions_MtCO2,33.557987987893085
739,2028-base,CZ,Y,nuclear,power_share_high_value,0.9736869971251544
740,2028-base,CZ,Y,solar,power_share_high_value,0.859916113022058
741,2028-base,CZ,Y,onshore,power_share_high_value,0.9769400080004907
742,2028-base,CZ,S,nuclear,power_share_high_value,0.95266735385382
743,2028-base,CZ,S,solar,power_share_high_value,0.8255888533705309
744,2028-base,CZ,S,onshore,power_share_high_value,0.9580960044164342
745,2028-base,CZ,W,nuclear,power_share_high_value,0.993538611360946
746,2028-base,CZ,W,solar,power_share_high_value,0.940987628605498
747,2028-base,CZ,W,onshore,power_share_high_value,0.9916901948469335
748,2028-base,CZ,Y,nuclear,power_share_low_value,0.0261895108796199
749,2028-base,CZ,Y,solar,power_share_low_value,0.1393753575711899
750,2028-base,CZ,Y,onshore,power_share_low_value,0.0230599302105318
751,2028-base,CZ,S,nuclear,power_share_low_value,0.0473326461461801
752,2028-base,CZ,S,solar,power_share_low_value,0.1744111466294692
753,2028-base,CZ,S,onshore,power_share_low_value,0.0419039955835659
754,2028-base,CZ,W,nuclear,power_share_low_value,0.0062212669075963
755,2028-base,CZ,W,solar,power_share_low_value,0.0566304910292419
756,2028-base,CZ,W,onshore,power_share_low_value,0.0083096949986255
757,2028-base,CZ,Y,nuclear,power_share_zero_value,0.0001234919952254
758,2028-base,CZ,Y,solar,power_share_zero_value,0.0007085294067521
759,2028-base,CZ,Y,onshore,power_share_zero_value,6.178897752255471e-08
760,2028-base,CZ,S,nuclear,power_share_zero_value,0.0
761,2028-base,CZ,S,solar,power_share_zero_value,0.0
762,2028-base,CZ,S,onshore,power_share_zero_value,0.0
763,2028-base,CZ,W,nuclear,power_share_zero_value,0.0002401217314574
764,2028-base,CZ,W,solar,power_share_zero_value,0.0023818803652601
765,2028-base,CZ,W,onshore,power_share_zero_value,1.1015444080868253e-07
766,2028-base-plus,CZ,Y,nuclear,capacity_GW,4.099
767,2028-base-plus,CZ,Y,solar,capacity_GW,7.0
768,2028-base-plus,CZ,Y,onshore,capacity_GW,0.5
769,2028-base-plus,CZ,Y,waste,capacity_GW,0.19575
770,2028-base-plus,CZ,Y,gas_ccgt,capacity_GW,0.6174
771,2028-base-plus,CZ,Y,gas_chp,capacity_GW,0.7644
772,2028-base-plus,CZ,Y,biogas,capacity_GW,0.279
773,2028-base-plus,CZ,Y,lig_sc,capacity_GW,0.4356
774,2028-base-plus,CZ,Y,bio,capacity_GW,0.0
775,2028-base-plus,CZ,Y,gas_eng_chp,capacity_GW,0.3313124999999999
776,2028-base-plus,CZ,Y,lig,capacity_GW,0.9702
777,2028-base-plus,CZ,Y,lig_ex,capacity_GW,1.6533000000000002
778,2028-base-plus,CZ,Y,coal,capacity_GW,0.0
779,2028-base-plus,CZ,Y,coal_ex,capacity_GW,0.11484
780,2028-base-plus,CZ,Y,gas_peak,capacity_GW,0.096255
781,2028-base-plus,CZ,Y,lig_old,capacity_GW,1.2011999999999998
782,2028-base-plus,CZ,Y,b_CHP,capacity_GW,0.20925
783,2028-base-plus,CZ,Y,lig_bp,capacity_GW,0.35838
784,2028-base-plus,CZ,Y,coal_bp,capacity_GW,0.0
785,2028-base-plus,CZ,Y,dsr,capacity_GW,0.0
786,2028-base-plus,CZ,Y,h_ror,capacity_GW,0.415
787,2028-base-plus,CZ,Y,h_dams,capacity_GW,0.609
788,2028-base-plus,CZ,Y,li,capacity_GW,0.1
789,2028-base-plus,CZ,Y,pump_open,capacity_GW,0.47
790,2028-base-plus,CZ,Y,pump,capacity_GW,0.678
791,2028-base-plus,CZ,Y,TOTAL,capacity_GW,21.0978875
792,2028-base-plus,CZ,Y,h_ror,capacity_charging_GW,0.0
793,2028-base-plus,CZ,Y,h_dams,capacity_charging_GW,0.0
794,2028-base-plus,CZ,Y,li,capacity_charging_GW,1.25599
795,2028-base-plus,CZ,Y,pump_open,capacity_charging_GW,0.44
796,2028-base-plus,CZ,Y,pump,capacity_charging_GW,0.664
797,2028-base-plus,CZ,Y,nuclear,capacity_paid_off_GW,0.0
798,2028-base-plus,CZ,Y,solar,capacity_paid_off_GW,0.0
799,2028-base-plus,CZ,Y,onshore,capacity_paid_off_GW,0.0
800,2028-base-plus,CZ,Y,waste,capacity_paid_off_GW,0.0
801,2028-base-plus,CZ,Y,gas_ccgt,capacity_paid_off_GW,0.0
802,2028-base-plus,CZ,Y,gas_chp,capacity_paid_off_GW,0.0
803,2028-base-plus,CZ,Y,biogas,capacity_paid_off_GW,0.0
804,2028-base-plus,CZ,Y,lig_sc,capacity_paid_off_GW,0.0
805,2028-base-plus,CZ,Y,bio,capacity_paid_off_GW,0.0
806,2028-base-plus,CZ,Y,gas_eng_chp,capacity_paid_off_GW,0.0
807,2028-base-plus,CZ,Y,lig,capacity_paid_off_GW,0.0
808,2028-base-plus,CZ,Y,lig_ex,capacity_paid_off_GW,0.0
809,2028-base-plus,CZ,Y,coal,capacity_paid_off_GW,0.0
810,2028-base-plus,CZ,Y,coal_ex,capacity_paid_off_GW,0.0
811,2028-base-plus,CZ,Y,gas_peak,capacity_paid_off_GW,0.0
812,2028-base-plus,CZ,Y,lig_old,capacity_paid_off_GW,0.0
813,2028-base-plus,CZ,Y,b_CHP,capacity_paid_off_GW,0.0
814,2028-base-plus,CZ,Y,lig_bp,capacity_paid_off_GW,0.0
815,2028-base-plus,CZ,Y,coal_bp,capacity_paid_off_GW,0.0
816,2028-base-plus,CZ,Y,dsr,capacity_paid_off_GW,0.0
817,2028-base-plus,CZ,Y,h_ror,capacity_paid_off_GW,0.0
818,2028-base-plus,CZ,Y,h_dams,capacity_paid_off_GW,0.0
819,2028-base-plus,CZ,Y,li,capacity_paid_off_GW,0.0
820,2028-base-plus,CZ,Y,pump_open,capacity_paid_off_GW,0.0
821,2028-base-plus,CZ,Y,pump,capacity_paid_off_GW,0.0
822,2028-base-plus,CZ,Y,h_ror,capacity_charging_paid_off_GW,0.0
823,2028-base-plus,CZ,Y,h_dams,capacity_charging_paid_off_GW,0.0
824,2028-base-plus,CZ,Y,li,capacity_charging_paid_off_GW,0.0
825,2028-base-plus,CZ,Y,pump_open,capacity_charging_paid_off_GW,0.0
826,2028-base-plus,CZ,Y,pump,capacity_charging_paid_off_GW,0.0
827,2028-base-plus,CZ,Y,TOTAL,load_TWh,66.590984337
828,2028-base-plus,CZ,S,TOTAL,load_TWh,30.656589452
829,2028-base-plus,CZ,W,TOTAL,load_TWh,35.934394885
830,2028-base-plus,CZ,Y,TOTAL,import_TWh,15.03069410830799
831,2028-base-plus,CZ,S,TOTAL,import_TWh,7.707675189444468
832,2028-base-plus,CZ,W,TOTAL,import_TWh,7.3230189188635215
833,2028-base-plus,CZ,Y,TOTAL,export_TWh,5.005659993490552
834,2028-base-plus,CZ,S,TOTAL,export_TWh,2.455428975732466
835,2028-base-plus,CZ,W,TOTAL,export_TWh,2.5502310177580854
836,2028-base-plus,CZ,Y,TOTAL,net_import_TWh,10.02503411481744
837,2028-base-plus,CZ,S,TOTAL,net_import_TWh,5.252246213712002
838,2028-base-plus,CZ,W,TOTAL,net_import_TWh,4.772787901105437
839,2028-base-plus,CZ,Y,TOTAL,curtailment_TWh,3.2414391171187157e-15
840,2028-base-plus,CZ,S,TOTAL,curtailment_TWh,1.102307578548789e-15
841,2028-base-plus,CZ,W,TOTAL,curtailment_TWh,2.139131538569927e-15
842,2028-base-plus,CZ,Y,nuclear,production_TWh,28.59946136693848
843,2028-base-plus,CZ,Y,solar,production_TWh,7.087387989041789
844,2028-base-plus,CZ,Y,onshore,production_TWh,0.99675009905211
845,2028-base-plus,CZ,Y,waste,production_TWh,1.143179999999853
846,2028-base-plus,CZ,Y,gas_ccgt,production_TWh,4.66570163150136
847,2028-base-plus,CZ,Y,gas_chp,production_TWh,3.264589883186575
848,2028-base-plus,CZ,Y,biogas,production_TWh,0.898339758880062
849,2028-base-plus,CZ,Y,lig_sc,production_TWh,0.8529268158204655
850,2028-base-plus,CZ,Y,bio,production_TWh,0.0
851,2028-base-plus,CZ,Y,gas_eng_chp,production_TWh,1.5478920000001102
852,2028-base-plus,CZ,Y,lig,production_TWh,0.6069500446618152
853,2028-base-plus,CZ,Y,lig_ex,production_TWh,3.540405293404453
854,2028-base-plus,CZ,Y,coal,production_TWh,0.0
855,2028-base-plus,CZ,Y,coal_ex,production_TWh,0.0176589039401411
856,2028-base-plus,CZ,Y,gas_peak,production_TWh,0.0373950675
857,2028-base-plus,CZ,Y,lig_old,production_TWh,0.0
858,2028-base-plus,CZ,Y,b_CHP,production_TWh,-1.2631870857957341e-20
859,2028-base-plus,CZ,Y,lig_bp,production_TWh,1.674351360000025
860,2028-base-plus,CZ,Y,coal_bp,production_TWh,0.0
861,2028-base-plus,CZ,Y,dsr,production_TWh,0.0
862,2028-base-plus,CZ,Y,eens,production_TWh,-4.547473508864641e-19
863,2028-base-plus,CZ,Y,h_ror,production_TWh,1.139823431254383
864,2028-base-plus,CZ,Y,h_dams,production_TWh,0.8157267142857143
865,2028-base-plus,CZ,Y,li,production_TWh,0.0786342946576869
866,2028-base-plus,CZ,Y,pump_open,production_TWh,0.3859454979383404
867,2028-base-plus,CZ,Y,pump,production_TWh,0.504599932190025
868,2028-base-plus,CZ,Y,TOTAL,production_TWh,57.85772008425339
869,2028-base-plus,CZ,S,nuclear,production_TWh,13.891069397825554
870,2028-base-plus,CZ,S,solar,production_TWh,4.979128111451403
871,2028-base-plus,CZ,S,onshore,production_TWh,0.4376426403441852
872,2028-base-plus,CZ,S,waste,production_TWh,0.4351049728782865
873,2028-base-plus,CZ,S,gas_ccgt,production_TWh,2.068516687004248
874,2028-base-plus,CZ,S,gas_chp,production_TWh,0.7091151795269528
875,2028-base-plus,CZ,S,biogas,production_TWh,0.1534961881179627
876,2028-base-plus,CZ,S,lig_sc,production_TWh,0.0
877,2028-base-plus,CZ,S,bio,production_TWh,0.0
878,2028-base-plus,CZ,S,gas_eng_chp,production_TWh,0.6028443010285065
879,2028-base-plus,CZ,S,lig,production_TWh,0.0
880,2028-base-plus,CZ,S,lig_ex,production_TWh,1.1496339447478514
881,2028-base-plus,CZ,S,coal,production_TWh,0.0
882,2028-base-plus,CZ,S,coal_ex,production_TWh,-3.052626934298869e-18
883,2028-base-plus,CZ,S,gas_peak,production_TWh,0.0
884,2028-base-plus,CZ,S,lig_old,production_TWh,0.0
885,2028-base-plus,CZ,S,b_CHP,production_TWh,-1.2631870857957341e-20
886,2028-base-plus,CZ,S,lig_bp,production_TWh,0.2952103032097019
887,2028-base-plus,CZ,S,coal_bp,production_TWh,0.0
888,2028-base-plus,CZ,S,dsr,production_TWh,0.0
889,2028-base-plus,CZ,S,eens,production_TWh,-4.547473508864641e-19
890,2028-base-plus,CZ,S,h_ror,production_TWh,0.5400509333333333
891,2028-base-plus,CZ,S,h_dams,production_TWh,0.3804453584048494
892,2028-base-plus,CZ,S,li,production_TWh,0.0354255427108443
893,2028-base-plus,CZ,S,pump_open,production_TWh,0.2589653126234634
894,2028-base-plus,CZ,S,pump,production_TWh,0.3559593892599676
895,2028-base-plus,CZ,S,TOTAL,production_TWh,115.71544016850676
896,2028-base-plus,CZ,W,nuclear,production_TWh,14.708391969112927
897,2028-base-plus,CZ,W,solar,production_TWh,2.1082598775903856
898,2028-base-plus,CZ,W,onshore,production_TWh,0.5591074587079247
899,2028-base-plus,CZ,W,waste,production_TWh,0.7080750271215667
900,2028-base-plus,CZ,W,gas_ccgt,production_TWh,2.597184944497112
901,2028-base-plus,CZ,W,gas_chp,production_TWh,2.555474703659622
902,2028-base-plus,CZ,W,biogas,production_TWh,0.7448435707620993
903,2028-base-plus,CZ,W,lig_sc,production_TWh,0.8529268158204655
904,2028-base-plus,CZ,W,bio,production_TWh,0.0
905,2028-base-plus,CZ,W,gas_eng_chp,production_TWh,0.9450476989716038
906,2028-base-plus,CZ,W,lig,production_TWh,0.6069500446618152
907,2028-base-plus,CZ,W,lig_ex,production_TWh,2.390771348656602
908,2028-base-plus,CZ,W,coal,production_TWh,0.0
909,2028-base-plus,CZ,W,coal_ex,production_TWh,0.0176589039401411
910,2028-base-plus,CZ,W,gas_peak,production_TWh,0.0373950675
911,2028-base-plus,CZ,W,lig_old,production_TWh,0.0
912,2028-base-plus,CZ,W,b_CHP,production_TWh,0.0
913,2028-base-plus,CZ,W,lig_bp,production_TWh,1.379141056790323
914,2028-base-plus,CZ,W,coal_bp,production_TWh,0.0
915,2028-base-plus,CZ,W,dsr,production_TWh,0.0
916,2028-base-plus,CZ,W,eens,production_TWh,0.0
917,2028-base-plus,CZ,W,h_ror,production_TWh,0.5997724979210497
918,2028-base-plus,CZ,W,h_dams,production_TWh,0.435281355880865
919,2028-base-plus,CZ,W,li,production_TWh,0.0432087519468426
920,2028-base-plus,CZ,W,pump_open,production_TWh,0.1269801853148769
921,2028-base-plus,CZ,W,pump,production_TWh,0.1486405429300573
922,2028-base-plus,CZ,W,TOTAL,production_TWh,115.71544016850676
923,2028-base-plus,CZ,Y,gas_chp,production_el_eq_TWh,3.571276799999914
924,2028-base-plus,CZ,Y,gas_eng_chp,production_el_eq_TWh,1.5478920000001102
925,2028-base-plus,CZ,Y,lig_ex,production_el_eq_TWh,7.653593900562303
926,2028-base-plus,CZ,Y,coal_ex,production_el_eq_TWh,0.0326738990584119
927,2028-base-plus,CZ,Y,b_CHP,production_el_eq_TWh,-3.1579677144893346e-20
928,2028-base-plus,CZ,Y,lig_bp,production_el_eq_TWh,1.674351360000025
929,2028-base-plus,CZ,Y,coal_bp,production_el_eq_TWh,0.0
930,2028-base-plus,CZ,Y,eens,production_el_eq_TWh,0.0
931,2028-base-plus,CZ,S,gas_chp,production_el_eq_TWh,0.908683838560908
932,2028-base-plus,CZ,S,gas_eng_chp,production_el_eq_TWh,0.6028443010285065
933,2028-base-plus,CZ,S,lig_ex,production_el_eq_TWh,2.86379857734588
934,2028-base-plus,CZ,S,coal_ex,production_el_eq_TWh,-7.631567335747174e-18
935,2028-base-plus,CZ,S,b_CHP,production_el_eq_TWh,-3.1579677144893346e-20
936,2028-base-plus,CZ,S,lig_bp,production_el_eq_TWh,0.2952103032097019
937,2028-base-plus,CZ,S,coal_bp,production_el_eq_TWh,0.0
938,2028-base-plus,CZ,S,eens,production_el_eq_TWh,0.0
939,2028-base-plus,CZ,W,gas_chp,production_el_eq_TWh,2.6625929614390067
940,2028-base-plus,CZ,W,gas_eng_chp,production_el_eq_TWh,0.9450476989716038
941,2028-base-plus,CZ,W,lig_ex,production_el_eq_TWh,4.789795323216423
942,2028-base-plus,CZ,W,coal_ex,production_el_eq_TWh,0.0326738990584119
943,2028-base-plus,CZ,W,b_CHP,production_el_eq_TWh,0.0
944,2028-base-plus,CZ,W,lig_bp,production_el_eq_TWh,1.379141056790323
945,2028-base-plus,CZ,W,coal_bp,production_el_eq_TWh,0.0
946,2028-base-plus,CZ,W,eens,production_el_eq_TWh,0.0
947,2028-base-plus,CZ,Y,solar,production_used_TWh,7.087387989041789
948,2028-base-plus,CZ,Y,onshore,production_used_TWh,0.99675009905211
949,2028-base-plus,CZ,S,solar,production_used_TWh,4.979128111451403
950,2028-base-plus,CZ,S,onshore,production_used_TWh,0.4376426403441852
951,2028-base-plus,CZ,W,solar,production_used_TWh,2.1082598775903856
952,2028-base-plus,CZ,W,onshore,production_used_TWh,0.5591074587079247
953,2028-base-plus,CZ,Y,solar,production_excess_TWh,0.0
954,2028-base-plus,CZ,Y,onshore,production_excess_TWh,0.0
955,2028-base-plus,CZ,S,solar,production_excess_TWh,0.0
956,2028-base-plus,CZ,S,onshore,production_excess_TWh,0.0
957,2028-base-plus,CZ,W,solar,production_excess_TWh,0.0
958,2028-base-plus,CZ,W,onshore,production_excess_TWh,0.0
959,2028-base-plus,CZ,Y,h_ror,discharged_TWh,1.139823431254383
960,2028-base-plus,CZ,Y,h_dams,discharged_TWh,0.8157267142857143
961,2028-base-plus,CZ,Y,li,discharged_TWh,0.0786342946576869
962,2028-base-plus,CZ,Y,pump_open,discharged_TWh,0.3859454979383404
963,2028-base-plus,CZ,Y,pump,discharged_TWh,0.504599932190025
964,2028-base-plus,CZ,Y,TOTAL,discharged_TWh,2.924729870326149
965,2028-base-plus,CZ,S,h_ror,discharged_TWh,0.5400509333333333
966,2028-base-plus,CZ,S,h_dams,discharged_TWh,0.3804453584048494
967,2028-base-plus,CZ,S,li,discharged_TWh,0.0354255427108443
968,2028-base-plus,CZ,S,pump_open,discharged_TWh,0.2589653126234634
969,2028-base-plus,CZ,S,pump,discharged_TWh,0.3559593892599676
970,2028-base-plus,CZ,S,TOTAL,discharged_TWh,5.849459740652299
971,2028-base-plus,CZ,W,h_ror,discharged_TWh,0.5997724979210497
972,2028-base-plus,CZ,W,h_dams,discharged_TWh,0.435281355880865
973,2028-base-plus,CZ,W,li,discharged_TWh,0.0432087519468426
974,2028-base-plus,CZ,W,pump_open,discharged_TWh,0.1269801853148769
975,2028-base-plus,CZ,W,pump,discharged_TWh,0.1486405429300573
976,2028-base-plus,CZ,W,TOTAL,discharged_TWh,5.849459740652299
977,2028-base-plus,CZ,Y,h_ror,charged_TWh,0.0
978,2028-base-plus,CZ,Y,h_dams,charged_TWh,0.0
979,2028-base-plus,CZ,Y,li,charged_TWh,0.0949176773687331
980,2028-base-plus,CZ,Y,pump_open,charged_TWh,0.4960189455492821
981,2028-base-plus,CZ,Y,pump,charged_TWh,0.7008332391528124
982,2028-base-plus,CZ,Y,TOTAL,charged_TWh,1.2917698620708276
983,2028-base-plus,CZ,S,h_ror,charged_TWh,0.0
984,2028-base-plus,CZ,S,h_dams,charged_TWh,0.0
985,2028-base-plus,CZ,S,li,charged_TWh,0.0442564711835831
986,2028-base-plus,CZ,S,pump_open,charged_TWh,0.3451511005436069
987,2028-base-plus,CZ,S,pump,charged_TWh,0.498857452451922
988,2028-base-plus,CZ,S,TOTAL,charged_TWh,2.583539724141655
989,2028-base-plus,CZ,W,h_ror,charged_TWh,0.0
990,2028-base-plus,CZ,W,h_dams,charged_TWh,0.0
991,2028-base-plus,CZ,W,li,charged_TWh,0.0506612061851499
992,2028-base-plus,CZ,W,pump_open,charged_TWh,0.1508678450056752
993,2028-base-plus,CZ,W,pump,charged_TWh,0.2019757867008904
994,2028-base-plus,CZ,W,TOTAL,charged_TWh,2.583539724141655
995,2028-base-plus,CZ,Y,h_ror,inflow_TWh,1.14275
996,2028-base-plus,CZ,Y,h_dams,inflow_TWh,0.8157267142857143
997,2028-base-plus,CZ,Y,pump_open,inflow_TWh,0.0288118571428571
998,2028-base-plus,CZ,S,h_ror,inflow_TWh,0.5418
999,2028-base-plus,CZ,S,h_dams,inflow_TWh,0.380473
1000,2028-base-plus,CZ,S,pump_open,inflow_TWh,0.011492
1001,2028-base-plus,CZ,W,h_ror,inflow_TWh,0.60095
1002,2028-base-plus,CZ,W,h_dams,inflow_TWh,0.4352537142857142
1003,2028-base-plus,CZ,W,pump_open,inflow_TWh,0.0173198571428571
1004,2028-base-plus,CZ,Y,gas_chp,heat_production_PJ,2.208145801056041
1005,2028-base-plus,CZ,Y,gas_eng_chp,heat_production_PJ,5.5724112000003965
1006,2028-base-plus,CZ,Y,lig_ex,heat_production_PJ,41.46094116015112
1007,2028-base-plus,CZ,Y,coal_ex,heat_production_PJ,0.1513511507921694
1008,2028-base-plus,CZ,Y,b_CHP,heat_production_PJ,-2.0463630789890884e-19
1009,2028-base-plus,CZ,Y,lig_bp,heat_production_PJ,18.08299468800027
1010,2028-base-plus,CZ,Y,coal_bp,heat_production_PJ,0.0
1011,2028-base-plus,CZ,Y,eens,heat_production_PJ,1.6370904631912713e-18
1012,2028-base-plus,CZ,S,gas_chp,heat_production_PJ,1.4368943450444769
1013,2028-base-plus,CZ,S,gas_eng_chp,heat_production_PJ,2.170239483702624
1014,2028-base-plus,CZ,S,lig_ex,heat_production_PJ,17.27877949658812
1015,2028-base-plus,CZ,S,coal_ex,heat_production_PJ,-4.6155719246598905e-17
1016,2028-base-plus,CZ,S,b_CHP,heat_production_PJ,-2.0463630789890884e-19
1017,2028-base-plus,CZ,S,lig_bp,heat_production_PJ,3.188271274664781
1018,2028-base-plus,CZ,S,coal_bp,heat_production_PJ,0.0
1019,2028-base-plus,CZ,S,eens,heat_production_PJ,1.6370904631912713e-18
1020,2028-base-plus,CZ,W,gas_chp,heat_production_PJ,0.7712514560115653
1021,2028-base-plus,CZ,W,gas_eng_chp,heat_production_PJ,3.4021717162977736
1022,2028-base-plus,CZ,W,lig_ex,heat_production_PJ,24.182161663563004
1023,2028-base-plus,CZ,W,coal_ex,heat_production_PJ,0.1513511507921695
1024,2028-base-plus,CZ,W,b_CHP,heat_production_PJ,0.0
1025,2028-base-plus,CZ,W,lig_bp,heat_production_PJ,14.894723413335486
1026,2028-base-plus,CZ,W,coal_bp,heat_production_PJ,0.0
1027,2028-base-plus,CZ,W,eens,heat_production_PJ,0.0
1028,2028-base-plus,CZ,Y,waste,production_hours,6696.0
1029,2028-base-plus,CZ,Y,gas_ccgt,production_hours,7743.0
1030,2028-base-plus,CZ,Y,gas_chp,production_hours,7705.0
1031,2028-base-plus,CZ,Y,biogas,production_hours,3474.0
1032,2028-base-plus,CZ,Y,lig_sc,production_hours,2250.0
1033,2028-base-plus,CZ,Y,bio,production_hours,0.0
1034,2028-base-plus,CZ,Y,gas_eng_chp,production_hours,5362.0
1035,2028-base-plus,CZ,Y,lig,production_hours,879.0
1036,2028-base-plus,CZ,Y,lig_ex,production_hours,8760.0
1037,2028-base-plus,CZ,Y,coal,production_hours,0.0
1038,2028-base-plus,CZ,Y,coal_ex,production_hours,437.0
1039,2028-base-plus,CZ,Y,gas_peak,production_hours,441.0
1040,2028-base-plus,CZ,Y,lig_old,production_hours,0.0
1041,2028-base-plus,CZ,Y,b_CHP,production_hours,0.0
1042,2028-base-plus,CZ,Y,lig_bp,production_hours,6046.0
1043,2028-base-plus,CZ,Y,coal_bp,production_hours,0.0
1044,2028-base-plus,CZ,Y,dsr,production_hours,0.0
1045,2028-base-plus,CZ,Y,eens,production_hours,0.0
1046,2028-base-plus,CZ,Y,h_ror,production_hours,8760.0
1047,2028-base-plus,CZ,Y,h_dams,production_hours,8760.0
1048,2028-base-plus,CZ,Y,li,production_hours,894.0
1049,2028-base-plus,CZ,Y,pump_open,production_hours,1203.0
1050,2028-base-plus,CZ,Y,pump,production_hours,1042.0
1051,2028-base-plus,CZ,S,waste,production_hours,2817.0
1052,2028-base-plus,CZ,S,gas_ccgt,production_hours,3482.0
1053,2028-base-plus,CZ,S,gas_chp,production_hours,3481.0
1054,2028-base-plus,CZ,S,biogas,production_hours,643.0
1055,2028-base-plus,CZ,S,lig_sc,production_hours,0.0
1056,2028-base-plus,CZ,S,bio,production_hours,0.0
1057,2028-base-plus,CZ,S,gas_eng_chp,production_hours,2126.0
1058,2028-base-plus,CZ,S,lig,production_hours,0.0
1059,2028-base-plus,CZ,S,lig_ex,production_hours,4368.0
1060,2028-base-plus,CZ,S,coal,production_hours,0.0
1061,2028-base-plus,CZ,S,coal_ex,production_hours,0.0
1062,2028-base-plus,CZ,S,gas_peak,production_hours,0.0
1063,2028-base-plus,CZ,S,lig_old,production_hours,0.0
1064,2028-base-plus,CZ,S,b_CHP,production_hours,0.0
1065,2028-base-plus,CZ,S,lig_bp,production_hours,1681.0
1066,2028-base-plus,CZ,S,coal_bp,production_hours,0.0
1067,2028-base-plus,CZ,S,dsr,production_hours,0.0
1068,2028-base-plus,CZ,S,eens,production_hours,0.0
1069,2028-base-plus,CZ,S,h_ror,production_hours,4368.0
1070,2028-base-plus,CZ,S,h_dams,production_hours,4368.0
1071,2028-base-plus,CZ,S,li,production_hours,401.0
1072,2028-base-plus,CZ,S,pump_open,production_hours,784.0
1073,2028-base-plus,CZ,S,pump,production_hours,721.0
1074,2028-base-plus,CZ,W,waste,production_hours,3879.0
1075,2028-base-plus,CZ,W,gas_ccgt,production_hours,4261.0
1076,2028-base-plus,CZ,W,gas_chp,production_hours,4224.0
1077,2028-base-plus,CZ,W,biogas,production_hours,2831.0
1078,2028-base-plus,CZ,W,lig_sc,production_hours,2250.0
1079,2028-base-plus,CZ,W,bio,production_hours,0.0
1080,2028-base-plus,CZ,W,gas_eng_chp,production_hours,3236.0
1081,2028-base-plus,CZ,W,lig,production_hours,879.0
1082,2028-base-plus,CZ,W,lig_ex,production_hours,4392.0
1083,2028-base-plus,CZ,W,coal,production_hours,0.0
1084,2028-base-plus,CZ,W,coal_ex,production_hours,437.0
1085,2028-base-plus,CZ,W,gas_peak,production_hours,441.0
1086,2028-base-plus,CZ,W,lig_old,production_hours,0.0
1087,2028-base-plus,CZ,W,b_CHP,production_hours,0.0
1088,2028-base-plus,CZ,W,lig_bp,production_hours,4365.0
1089,2028-base-plus,CZ,W,coal_bp,production_hours,0.0
1090,2028-base-plus,CZ,W,dsr,production_hours,0.0
1091,2028-base-plus,CZ,W,eens,production_hours,0.0
1092,2028-base-plus,CZ,W,h_ror,production_hours,4392.0
1093,2028-base-plus,CZ,W,h_dams,production_hours,4392.0
1094,2028-base-plus,CZ,W,li,production_hours,493.0
1095,2028-base-plus,CZ,W,pump_open,production_hours,419.0
1096,2028-base-plus,CZ,W,pump,production_hours,321.0
1097,2028-base-plus,CZ,Y,nuclear,capex_mn_EUR_per_yr,2738.469079112492
1098,2028-base-plus,CZ,Y,solar,capex_mn_EUR_per_yr,362.9795164565344
1099,2028-base-plus,CZ,Y,onshore,capex_mn_EUR_per_yr,68.82996852045387
1100,2028-base-plus,CZ,Y,waste,capex_mn_EUR_per_yr,228.2938717209026
1101,2028-base-plus,CZ,Y,gas_ccgt,capex_mn_EUR_per_yr,76.18061222457844
1102,2028-base-plus,CZ,Y,gas_chp,capex_mn_EUR_per_yr,138.841538451773
1103,2028-base-plus,CZ,Y,biogas,capex_mn_EUR_per_yr,16.217086196531145
1104,2028-base-plus,CZ,Y,lig_sc,capex_mn_EUR_per_yr,144.15255774515765
1105,2028-base-plus,CZ,Y,bio,capex_mn_EUR_per_yr,0.0
1106,2028-base-plus,CZ,Y,gas_eng_chp,capex_mn_EUR_per_yr,22.59441391073202
1107,2028-base-plus,CZ,Y,lig,capex_mn_EUR_per_yr,321.06706043239666
1108,2028-base-plus,CZ,Y,lig_ex,capex_mn_EUR_per_yr,547.1244805327576
1109,2028-base-plus,CZ,Y,coal,capex_mn_EUR_per_yr,0.0
1110,2028-base-plus,CZ,Y,coal_ex,capex_mn_EUR_per_yr,26.048184884115727
1111,2028-base-plus,CZ,Y,gas_peak,capex_mn_EUR_per_yr,7.893982066856129
1112,2028-base-plus,CZ,Y,lig_old,capex_mn_EUR_per_yr,397.5115986305863
1113,2028-base-plus,CZ,Y,b_CHP,capex_mn_EUR_per_yr,109.81713302115293
1114,2028-base-plus,CZ,Y,lig_bp,capex_mn_EUR_per_yr,118.59824069033428
1115,2028-base-plus,CZ,Y,coal_bp,capex_mn_EUR_per_yr,0.0
1116,2028-base-plus,CZ,Y,dsr,capex_mn_EUR_per_yr,0.0
1117,2028-base-plus,CZ,Y,h_ror,capex_mn_EUR_per_yr,84.30517292657983
1118,2028-base-plus,CZ,Y,h_dams,capex_mn_EUR_per_yr,123.71530195731836
1119,2028-base-plus,CZ,Y,li,capex_mn_EUR_per_yr,4.011568788183623
1120,2028-base-plus,CZ,Y,pump_open,capex_mn_EUR_per_yr,95.4781476517892
1121,2028-base-plus,CZ,Y,pump,capex_mn_EUR_per_yr,137.73230661258106
1122,2028-base-plus,CZ,S,nuclear,capex_mn_EUR_per_yr,2738.469079112492
1123,2028-base-plus,CZ,S,solar,capex_mn_EUR_per_yr,362.9795164565344
1124,2028-base-plus,CZ,S,onshore,capex_mn_EUR_per_yr,68.82996852045387
1125,2028-base-plus,CZ,S,waste,capex_mn_EUR_per_yr,228.2938717209026
1126,2028-base-plus,CZ,S,gas_ccgt,capex_mn_EUR_per_yr,76.18061222457844
1127,2028-base-plus,CZ,S,gas_chp,capex_mn_EUR_per_yr,138.841538451773
1128,2028-base-plus,CZ,S,biogas,capex_mn_EUR_per_yr,16.217086196531145
1129,2028-base-plus,CZ,S,lig_sc,capex_mn_EUR_per_yr,144.15255774515765
1130,2028-base-plus,CZ,S,bio,capex_mn_EUR_per_yr,0.0
1131,2028-base-plus,CZ,S,gas_eng_chp,capex_mn_EUR_per_yr,22.59441391073202
1132,2028-base-plus,CZ,S,lig,capex_mn_EUR_per_yr,321.06706043239666
1133,2028-base-plus,CZ,S,lig_ex,capex_mn_EUR_per_yr,547.1244805327576
1134,2028-base-plus,CZ,S,coal,capex_mn_EUR_per_yr,0.0
1135,2028-base-plus,CZ,S,coal_ex,capex_mn_EUR_per_yr,26.048184884115727
1136,2028-base-plus,CZ,S,gas_peak,capex_mn_EUR_per_yr,7.893982066856129
1137,2028-base-plus,CZ,S,lig_old,capex_mn_EUR_per_yr,397.5115986305863
1138,2028-base-plus,CZ,S,b_CHP,capex_mn_EUR_per_yr,109.81713302115293
1139,2028-base-plus,CZ,S,lig_bp,capex_mn_EUR_per_yr,118.59824069033428
1140,2028-base-plus,CZ,S,coal_bp,capex_mn_EUR_per_yr,0.0
1141,2028-base-plus,CZ,S,dsr,capex_mn_EUR_per_yr,0.0
1142,2028-base-plus,CZ,S,h_ror,capex_mn_EUR_per_yr,84.30517292657983
1143,2028-base-plus,CZ,S,h_dams,capex_mn_EUR_per_yr,123.71530195731836
1144,2028-base-plus,CZ,S,li,capex_mn_EUR_per_yr,4.011568788183623
1145,2028-base-plus,CZ,S,pump_open,capex_mn_EUR_per_yr,95.4781476517892
1146,2028-base-plus,CZ,S,pump,capex_mn_EUR_per_yr,137.73230661258106
1147,2028-base-plus,CZ,W,nuclear,capex_mn_EUR_per_yr,2738.469079112492
1148,2028-base-plus,CZ,W,solar,capex_mn_EUR_per_yr,362.9795164565344
1149,2028-base-plus,CZ,W,onshore,capex_mn_EUR_per_yr,68.82996852045387
1150,2028-base-plus,CZ,W,waste,capex_mn_EUR_per_yr,228.2938717209026
1151,2028-base-plus,CZ,W,gas_ccgt,capex_mn_EUR_per_yr,76.18061222457844
1152,2028-base-plus,CZ,W,gas_chp,capex_mn_EUR_per_yr,138.841538451773
1153,2028-base-plus,CZ,W,biogas,capex_mn_EUR_per_yr,16.217086196531145
1154,2028-base-plus,CZ,W,lig_sc,capex_mn_EUR_per_yr,144.15255774515765
1155,2028-base-plus,CZ,W,bio,capex_mn_EUR_per_yr,0.0
1156,2028-base-plus,CZ,W,gas_eng_chp,capex_mn_EUR_per_yr,22.59441391073202
1157,2028-base-plus,CZ,W,lig,capex_mn_EUR_per_yr,321.06706043239666
1158,2028-base-plus,CZ,W,lig_ex,capex_mn_EUR_per_yr,547.1244805327576
1159,2028-base-plus,CZ,W,coal,capex_mn_EUR_per_yr,0.0
1160,2028-base-plus,CZ,W,coal_ex,capex_mn_EUR_per_yr,26.048184884115727
1161,2028-base-plus,CZ,W,gas_peak,capex_mn_EUR_per_yr,7.893982066856129
1162,2028-base-plus,CZ,W,lig_old,capex_mn_EUR_per_yr,397.5115986305863
1163,2028-base-plus,CZ,W,b_CHP,capex_mn_EUR_per_yr,109.81713302115293
1164,2028-base-plus,CZ,W,lig_bp,capex_mn_EUR_per_yr,118.59824069033428
1165,2028-base-plus,CZ,W,coal_bp,capex_mn_EUR_per_yr,0.0
1166,2028-base-plus,CZ,W,dsr,capex_mn_EUR_per_yr,0.0
1167,2028-base-plus,CZ,W,h_ror,capex_mn_EUR_per_yr,84.30517292657983
1168,2028-base-plus,CZ,W,h_dams,capex_mn_EUR_per_yr,123.71530195731836
1169,2028-base-plus,CZ,W,li,capex_mn_EUR_per_yr,4.011568788183623
1170,2028-base-plus,CZ,W,pump_open,capex_mn_EUR_per_yr,95.4781476517892
1171,2028-base-plus,CZ,W,pump,capex_mn_EUR_per_yr,137.73230661258106
1172,2028-base-plus,CZ,Y,nuclear,opex_mn_EUR,586.5749526359082
1173,2028-base-plus,CZ,Y,solar,opex_mn_EUR,0.0
1174,2028-base-plus,CZ,Y,onshore,opex_mn_EUR,0.0
1175,2028-base-plus,CZ,Y,waste,opex_mn_EUR,45.89477036705455
1176,2028-base-plus,CZ,Y,gas_ccgt,opex_mn_EUR,398.5010243754988
1177,2028-base-plus,CZ,Y,gas_chp,opex_mn_EUR,284.6137775752095
1178,2028-base-plus,CZ,Y,biogas,opex_mn_EUR,88.51885379374735
1179,2028-base-plus,CZ,Y,lig_sc,opex_mn_EUR,89.225576460655
1180,2028-base-plus,CZ,Y,bio,opex_mn_EUR,0.0
1181,2028-base-plus,CZ,Y,gas_eng_chp,opex_mn_EUR,167.5679084000119
1182,2028-base-plus,CZ,Y,lig,opex_mn_EUR,69.18028311204917
1183,2028-base-plus,CZ,Y,lig_ex,opex_mn_EUR,394.1323133582391
1184,2028-base-plus,CZ,Y,coal,opex_mn_EUR,0.0
1185,2028-base-plus,CZ,Y,coal_ex,opex_mn_EUR,2.1081792531560795
1186,2028-base-plus,CZ,Y,gas_peak,opex_mn_EUR,4.5301057485
1187,2028-base-plus,CZ,Y,lig_old,opex_mn_EUR,0.0
1188,2028-base-plus,CZ,Y,b_CHP,opex_mn_EUR,-1.917330857410399e-18
1189,2028-base-plus,CZ,Y,lig_bp,opex_mn_EUR,367.550402022186
1190,2028-base-plus,CZ,Y,coal_bp,opex_mn_EUR,0.0
1191,2028-base-plus,CZ,Y,dsr,opex_mn_EUR,0.0
1192,2028-base-plus,CZ,Y,h_ror,opex_mn_EUR,2.279646862508766
1193,2028-base-plus,CZ,Y,h_dams,opex_mn_EUR,2.447180142857143
1194,2028-base-plus,CZ,Y,li,opex_mn_EUR,0.3931714732884346
1195,2028-base-plus,CZ,Y,pump_open,opex_mn_EUR,1.5437819917533615
1196,2028-base-plus,CZ,Y,pump,opex_mn_EUR,2.0183997287601
1197,2028-base-plus,CZ,S,nuclear,opex_mn_EUR,284.9058333494021
1198,2028-base-plus,CZ,S,solar,opex_mn_EUR,0.0
1199,2028-base-plus,CZ,S,onshore,opex_mn_EUR,0.0
1200,2028-base-plus,CZ,S,waste,opex_mn_EUR,18.18173878253757
1201,2028-base-plus,CZ,S,gas_ccgt,opex_mn_EUR,179.30710739339622
1202,2028-base-plus,CZ,S,gas_chp,opex_mn_EUR,62.77609776104525
1203,2028-base-plus,CZ,S,biogas,opex_mn_EUR,15.234447909090632
1204,2028-base-plus,CZ,S,lig_sc,opex_mn_EUR,0.0
1205,2028-base-plus,CZ,S,bio,opex_mn_EUR,0.0
1206,2028-base-plus,CZ,S,gas_eng_chp,opex_mn_EUR,65.26124472134154
1207,2028-base-plus,CZ,S,lig,opex_mn_EUR,0.0
1208,2028-base-plus,CZ,S,lig_ex,opex_mn_EUR,127.61551723636116
1209,2028-base-plus,CZ,S,coal,opex_mn_EUR,0.0
1210,2028-base-plus,CZ,S,coal_ex,opex_mn_EUR,-3.4306702383561213e-16
1211,2028-base-plus,CZ,S,gas_peak,opex_mn_EUR,0.0
1212,2028-base-plus,CZ,S,lig_old,opex_mn_EUR,0.0
1213,2028-base-plus,CZ,S,b_CHP,opex_mn_EUR,-1.917330857410399e-18
1214,2028-base-plus,CZ,S,lig_bp,opex_mn_EUR,65.85576292114622
1215,2028-base-plus,CZ,S,coal_bp,opex_mn_EUR,0.0
1216,2028-base-plus,CZ,S,dsr,opex_mn_EUR,0.0
1217,2028-base-plus,CZ,S,h_ror,opex_mn_EUR,
1218,2028-base-plus,CZ,S,h_dams,opex_mn_EUR,1.141336075214548
1219,2028-base-plus,CZ,S,li,opex_mn_EUR,0.1771277135542215
1220,2028-base-plus,CZ,S,pump_open,opex_mn_EUR,1.0358612504938536
1221,2028-base-plus,CZ,S,pump,opex_mn_EUR,1.4238375570398705
1222,2028-base-plus,CZ,W,nuclear,opex_mn_EUR,301.6691192865061
1223,2028-base-plus,CZ,W,solar,opex_mn_EUR,0.0
1224,2028-base-plus,CZ,W,onshore,opex_mn_EUR,0.0
1225,2028-base-plus,CZ,W,waste,opex_mn_EUR,27.71303158451698
1226,2028-base-plus,CZ,W,gas_ccgt,opex_mn_EUR,219.1939169821026
1227,2028-base-plus,CZ,W,gas_chp,opex_mn_EUR,221.83767981416423
1228,2028-base-plus,CZ,W,biogas,opex_mn_EUR,73.28440588465672
1229,2028-base-plus,CZ,W,lig_sc,opex_mn_EUR,89.225576460655
1230,2028-base-plus,CZ,W,bio,opex_mn_EUR,0.0
1231,2028-base-plus,CZ,W,gas_eng_chp,opex_mn_EUR,102.3066636786704
1232,2028-base-plus,CZ,W,lig,opex_mn_EUR,69.18028311204917
1233,2028-base-plus,CZ,W,lig_ex,opex_mn_EUR,266.51679612187803
1234,2028-base-plus,CZ,W,coal,opex_mn_EUR,0.0
1235,2028-base-plus,CZ,W,coal_ex,opex_mn_EUR,2.10817925315608
1236,2028-base-plus,CZ,W,gas_peak,opex_mn_EUR,4.530105748499999
1237,2028-base-plus,CZ,W,lig_old,opex_mn_EUR,0.0
1238,2028-base-plus,CZ,W,b_CHP,opex_mn_EUR,0.0
1239,2028-base-plus,CZ,W,lig_bp,opex_mn_EUR,301.6946391010397
1240,2028-base-plus,CZ,W,coal_bp,opex_mn_EUR,0.0
1241,2028-base-plus,CZ,W,dsr,opex_mn_EUR,0.0
1242,2028-base-plus,CZ,W,h_ror,opex_mn_EUR,1.1995449958420994
1243,2028-base-plus,CZ,W,h_dams,opex_mn_EUR,1.305844067642595
1244,2028-base-plus,CZ,W,li,opex_mn_EUR,0.216043759734213
1245,2028-base-plus,CZ,W,pump_open,opex_mn_EUR,0.5079207412595078
1246,2028-base-plus,CZ,W,pump,opex_mn_EUR,0.5945621717202295
1247,2028-base-plus,CZ,Y,h_ror,wholesale_expenses_mn_EUR,0.0
1248,2028-base-plus,CZ,Y,h_dams,wholesale_expenses_mn_EUR,0.0
1249,2028-base-plus,CZ,Y,li,wholesale_expenses_mn_EUR,5.993502025180999
1250,2028-base-plus,CZ,Y,pump_open,wholesale_expenses_mn_EUR,22.99797239668192
1251,2028-base-plus,CZ,Y,pump,wholesale_expenses_mn_EUR,31.59329683729594
1252,2028-base-plus,CZ,Y,IMPORT_EXPORT,wholesale_expenses_mn_EUR,947.1650325273106
1253,2028-base-plus,CZ,S,h_ror,wholesale_expenses_mn_EUR,0.0
1254,2028-base-plus,CZ,S,h_dams,wholesale_expenses_mn_EUR,0.0
1255,2028-base-plus,CZ,S,li,wholesale_expenses_mn_EUR,2.0149199440481875
1256,2028-base-plus,CZ,S,pump_open,wholesale_expenses_mn_EUR,13.495227630283058
1257,2028-base-plus,CZ,S,pump,wholesale_expenses_mn_EUR,19.245823366467416
1258,2028-base-plus,CZ,S,IMPORT_EXPORT,wholesale_expenses_mn_EUR,440.8137521057443
1259,2028-base-plus,CZ,W,h_ror,wholesale_expenses_mn_EUR,0.0
1260,2028-base-plus,CZ,W,h_dams,wholesale_expenses_mn_EUR,0.0
1261,2028-base-plus,CZ,W,li,wholesale_expenses_mn_EUR,3.9785820811328114
1262,2028-base-plus,CZ,W,pump_open,wholesale_expenses_mn_EUR,9.50274476639886
1263,2028-base-plus,CZ,W,pump,wholesale_expenses_mn_EUR,12.347473470828524
1264,2028-base-plus,CZ,W,IMPORT_EXPORT,wholesale_expenses_mn_EUR,506.3512804215664
1265,2028-base-plus,CZ,Y,nuclear,wholesale_revenues_mn_EUR,2611.000095829442
1266,2028-base-plus,CZ,Y,solar,wholesale_revenues_mn_EUR,446.16448127032686
1267,2028-base-plus,CZ,Y,onshore,wholesale_revenues_mn_EUR,87.85849560731101
1268,2028-base-plus,CZ,Y,waste,wholesale_revenues_mn_EUR,116.67769093132964
1269,2028-base-plus,CZ,Y,gas_ccgt,wholesale_revenues_mn_EUR,454.6278856982002
1270,2028-base-plus,CZ,Y,gas_chp,wholesale_revenues_mn_EUR,337.59294827052565
1271,2028-base-plus,CZ,Y,biogas,wholesale_revenues_mn_EUR,97.86917779184832
1272,2028-base-plus,CZ,Y,lig_sc,wholesale_revenues_mn_EUR,93.88305924392044
1273,2028-base-plus,CZ,Y,bio,wholesale_revenues_mn_EUR,0.0
1274,2028-base-plus,CZ,Y,gas_eng_chp,wholesale_revenues_mn_EUR,162.50749323497757
1275,2028-base-plus,CZ,Y,lig,wholesale_revenues_mn_EUR,70.48977255290615
1276,2028-base-plus,CZ,Y,lig_ex,wholesale_revenues_mn_EUR,344.868521962014
1277,2028-base-plus,CZ,Y,coal,wholesale_revenues_mn_EUR,0.0
1278,2028-base-plus,CZ,Y,coal_ex,wholesale_revenues_mn_EUR,2.085595477999453
1279,2028-base-plus,CZ,Y,gas_peak,wholesale_revenues_mn_EUR,4.6565014524005095
1280,2028-base-plus,CZ,Y,lig_old,wholesale_revenues_mn_EUR,0.0
1281,2028-base-plus,CZ,Y,b_CHP,wholesale_revenues_mn_EUR,-8.137557055080682e-20
1282,2028-base-plus,CZ,Y,lig_bp,wholesale_revenues_mn_EUR,167.70679466470068
1283,2028-base-plus,CZ,Y,coal_bp,wholesale_revenues_mn_EUR,0.0
1284,2028-base-plus,CZ,Y,dsr,wholesale_revenues_mn_EUR,0.0
1285,2028-base-plus,CZ,Y,h_ror,wholesale_revenues_mn_EUR,104.3742689685077
1286,2028-base-plus,CZ,Y,h_dams,wholesale_revenues_mn_EUR,83.20555765233695
1287,2028-base-plus,CZ,Y,li,wholesale_revenues_mn_EUR,8.411218958612729
1288,2028-base-plus,CZ,Y,pump_open,wholesale_revenues_mn_EUR,40.54742871180412
1289,2028-base-plus,CZ,Y,pump,wholesale_revenues_mn_EUR,52.339967651170745
1290,2028-base-plus,CZ,Y,IMPORT_EXPORT,wholesale_revenues_mn_EUR,42.96491388094618
1291,2028-base-plus,CZ,S,nuclear,wholesale_revenues_mn_EUR,1139.1313778475946
1292,2028-base-plus,CZ,S,solar,wholesale_revenues_mn_EUR,278.9750765251973
1293,2028-base-plus,CZ,S,onshore,wholesale_revenues_mn_EUR,34.591883334227994
1294,2028-base-plus,CZ,S,waste,wholesale_revenues_mn_EUR,42.049634162392685
1295,2028-base-plus,CZ,S,gas_ccgt,wholesale_revenues_mn_EUR,189.1432417296577
1296,2028-base-plus,CZ,S,gas_chp,wholesale_revenues_mn_EUR,66.44942042717423
1297,2028-base-plus,CZ,S,biogas,wholesale_revenues_mn_EUR,15.508383931019038
1298,2028-base-plus,CZ,S,lig_sc,wholesale_revenues_mn_EUR,0.0
1299,2028-base-plus,CZ,S,bio,wholesale_revenues_mn_EUR,0.0
1300,2028-base-plus,CZ,S,gas_eng_chp,wholesale_revenues_mn_EUR,59.08372658327463
1301,2028-base-plus,CZ,S,lig,wholesale_revenues_mn_EUR,0.0
1302,2028-base-plus,CZ,S,lig_ex,wholesale_revenues_mn_EUR,93.91867187123302
1303,2028-base-plus,CZ,S,coal,wholesale_revenues_mn_EUR,0.0
1304,2028-base-plus,CZ,S,coal_ex,wholesale_revenues_mn_EUR,-2.6291124561746425e-16
1305,2028-base-plus,CZ,S,gas_peak,wholesale_revenues_mn_EUR,0.0
1306,2028-base-plus,CZ,S,lig_old,wholesale_revenues_mn_EUR,0.0
1307,2028-base-plus,CZ,S,b_CHP,wholesale_revenues_mn_EUR,-8.137557055080682e-20
1308,2028-base-plus,CZ,S,lig_bp,wholesale_revenues_mn_EUR,26.418546511522266
1309,2028-base-plus,CZ,S,coal_bp,wholesale_revenues_mn_EUR,0.0
1310,2028-base-plus,CZ,S,dsr,wholesale_revenues_mn_EUR,0.0
1311,2028-base-plus,CZ,S,h_ror,wholesale_revenues_mn_EUR,44.51923741793284
1312,2028-base-plus,CZ,S,h_dams,wholesale_revenues_mn_EUR,35.61726831806439
1313,2028-base-plus,CZ,S,li,wholesale_revenues_mn_EUR,3.501303992136117
1314,2028-base-plus,CZ,S,pump_open,wholesale_revenues_mn_EUR,25.67626196940457
1315,2028-base-plus,CZ,S,pump,wholesale_revenues_mn_EUR,35.14215987173466
1316,2028-base-plus,CZ,S,IMPORT_EXPORT,wholesale_revenues_mn_EUR,5.571887410148355
1317,2028-base-plus,CZ,W,nuclear,wholesale_revenues_mn_EUR,1471.8687179818469
1318,2028-base-plus,CZ,W,solar,wholesale_revenues_mn_EUR,167.18940474512954
1319,2028-base-plus,CZ,W,onshore,wholesale_revenues_mn_EUR,53.26661227308302
1320,2028-base-plus,CZ,W,waste,wholesale_revenues_mn_EUR,74.62805676893697
1321,2028-base-plus,CZ,W,gas_ccgt,wholesale_revenues_mn_EUR,265.4846439685425
1322,2028-base-plus,CZ,W,gas_chp,wholesale_revenues_mn_EUR,271.14352784335136
1323,2028-base-plus,CZ,W,biogas,wholesale_revenues_mn_EUR,82.36079386082929
1324,2028-base-plus,CZ,W,lig_sc,wholesale_revenues_mn_EUR,93.88305924392044
1325,2028-base-plus,CZ,W,bio,wholesale_revenues_mn_EUR,0.0
1326,2028-base-plus,CZ,W,gas_eng_chp,wholesale_revenues_mn_EUR,103.42376665170292
1327,2028-base-plus,CZ,W,lig,wholesale_revenues_mn_EUR,70.48977255290616
1328,2028-base-plus,CZ,W,lig_ex,wholesale_revenues_mn_EUR,250.94985009078096
1329,2028-base-plus,CZ,W,coal,wholesale_revenues_mn_EUR,0.0
1330,2028-base-plus,CZ,W,coal_ex,wholesale_revenues_mn_EUR,2.085595477999453
1331,2028-base-plus,CZ,W,gas_peak,wholesale_revenues_mn_EUR,4.6565014524005095
1332,2028-base-plus,CZ,W,lig_old,wholesale_revenues_mn_EUR,0.0
1333,2028-base-plus,CZ,W,b_CHP,wholesale_revenues_mn_EUR,0.0
1334,2028-base-plus,CZ,W,lig_bp,wholesale_revenues_mn_EUR,141.28824815317844
1335,2028-base-plus,CZ,W,coal_bp,wholesale_revenues_mn_EUR,0.0
1336,2028-base-plus,CZ,W,dsr,wholesale_revenues_mn_EUR,0.0
1337,2028-base-plus,CZ,W,h_ror,wholesale_revenues_mn_EUR,59.85503155057487
1338,2028-base-plus,CZ,W,h_dams,wholesale_revenues_mn_EUR,47.58828933427258
1339,2028-base-plus,CZ,W,li,wholesale_revenues_mn_EUR,4.909914966476614
1340,2028-base-plus,CZ,W,pump_open,wholesale_revenues_mn_EUR,14.871166742399538
1341,2028-base-plus,CZ,W,pump,wholesale_revenues_mn_EUR,17.197807779436076
1342,2028-base-plus,CZ,W,IMPORT_EXPORT,wholesale_revenues_mn_EUR,37.39302647079782
1343,2028-base-plus,CZ,Y,TOTAL,avg_consumer_price_EUR_per_MWh,92.0477128574817
1344,2028-base-plus,CZ,S,TOTAL,avg_consumer_price_EUR_per_MWh,81.22302154661534
1345,2028-base-plus,CZ,W,TOTAL,avg_consumer_price_EUR_per_MWh,101.28254534941225
1346,2028-base-plus,CZ,Y,TOTAL,avg_producer_price_EUR_per_MWh,90.98336891045038
1347,2028-base-plus,CZ,S,TOTAL,avg_producer_price_EUR_per_MWh,78.68654283108182
1348,2028-base-plus,CZ,W,TOTAL,avg_producer_price_EUR_per_MWh,101.04582646475686
1349,2028-base-plus,CZ,Y,nuclear,capacity_factor,0.7964817503918005
1350,2028-base-plus,CZ,Y,solar,capacity_factor,0.1155803651180983
1351,2028-base-plus,CZ,Y,onshore,capacity_factor,0.2275685157653219
1352,2028-base-plus,CZ,Y,waste,capacity_factor,0.666666666666581
1353,2028-base-plus,CZ,Y,gas_ccgt,capacity_factor,0.8626730506893246
1354,2028-base-plus,CZ,Y,gas_chp,capacity_factor,0.5333333333333206
1355,2028-base-plus,CZ,Y,biogas,capacity_factor,0.3675634436752515
1356,2028-base-plus,CZ,Y,lig_sc,capacity_factor,0.2235217512978649
1357,2028-base-plus,CZ,Y,gas_eng_chp,capacity_factor,0.5333333333333713
1358,2028-base-plus,CZ,Y,lig,capacity_factor,0.0714146926187858
1359,2028-base-plus,CZ,Y,lig_ex,capacity_factor,0.5284569853348722
1360,2028-base-plus,CZ,Y,coal_ex,capacity_factor,0.0324790765655412
1361,2028-base-plus,CZ,Y,gas_peak,capacity_factor,0.0443493150684931
1362,2028-base-plus,CZ,Y,lig_old,capacity_factor,0.0
1363,2028-base-plus,CZ,Y,b_CHP,capacity_factor,-1.7228128914907752e-20
1364,2028-base-plus,CZ,Y,lig_bp,capacity_factor,0.5333333333333414
1365,2028-base-plus,CZ,Y,h_ror,capacity_factor,0.3135345302454704
1366,2028-base-plus,CZ,Y,h_dams,capacity_factor,0.1529055631069936
1367,2028-base-plus,CZ,Y,li,capacity_factor,0.0897651765498709
1368,2028-base-plus,CZ,Y,pump_open,capacity_factor,0.093739798391708
1369,2028-base-plus,CZ,Y,pump,capacity_factor,0.0849597816890304
1370,2028-base-plus,CZ,Y,TOTAL,capacity_factor,0.3130532650103282
1371,2028-base-plus,CZ,S,nuclear,capacity_factor,0.7758452989642761
1372,2028-base-plus,CZ,S,solar,capacity_factor,0.1628443259893839
1373,2028-base-plus,CZ,S,onshore,capacity_factor,0.2003858243334181
1374,2028-base-plus,CZ,S,waste,capacity_factor,0.5088732788774817
1375,2028-base-plus,CZ,S,gas_ccgt,capacity_factor,0.7670254496153995
1376,2028-base-plus,CZ,S,gas_chp,capacity_factor,0.2721507251734068
1377,2028-base-plus,CZ,S,biogas,capacity_factor,0.1259536512843183
1378,2028-base-plus,CZ,S,lig_sc,capacity_factor,0.0
1379,2028-base-plus,CZ,S,gas_eng_chp,capacity_factor,0.4165668520823057
1380,2028-base-plus,CZ,S,lig,capacity_factor,0.0
1381,2028-base-plus,CZ,S,lig_ex,capacity_factor,0.3965593312965975
1382,2028-base-plus,CZ,S,coal_ex,capacity_factor,-1.5213807855114186e-17
1383,2028-base-plus,CZ,S,gas_peak,capacity_factor,0.0
1384,2028-base-plus,CZ,S,lig_old,capacity_factor,0.0
1385,2028-base-plus,CZ,S,b_CHP,capacity_factor,-3.4550917878798504e-20
1386,2028-base-plus,CZ,S,lig_bp,capacity_factor,0.1885841184660067
1387,2028-base-plus,CZ,S,h_ror,capacity_factor,0.2979229739470703
1388,2028-base-plus,CZ,S,h_dams,capacity_factor,0.1430185489952488
1389,2028-base-plus,CZ,S,li,capacity_factor,0.0811024329460721
1390,2028-base-plus,CZ,S,pump_open,capacity_factor,0.1261424054163078
1391,2028-base-plus,CZ,S,pump,capacity_factor,0.1201954781286696
1392,2028-base-plus,CZ,S,TOTAL,capacity_factor,1.255653205810657
1393,2028-base-plus,CZ,W,nuclear,capacity_factor,0.8170054343251856
1394,2028-base-plus,CZ,W,solar,capacity_factor,0.0685746772570383
1395,2028-base-plus,CZ,W,onshore,capacity_factor,0.2546026678997836
1396,2028-base-plus,CZ,W,waste,capacity_factor,0.8235977955060131
1397,2028-base-plus,CZ,W,gas_ccgt,capacity_factor,0.9577979872765072
1398,2028-base-plus,CZ,W,gas_chp,capacity_factor,0.7930887141262403
1399,2028-base-plus,CZ,W,biogas,capacity_factor,0.6078529639766169
1400,2028-base-plus,CZ,W,lig_sc,capacity_factor,0.4458220722607687
1401,2028-base-plus,CZ,W,gas_eng_chp,capacity_factor,0.6494617463808794
1402,2028-base-plus,CZ,W,lig,capacity_factor,0.1424391410156111
1403,2028-base-plus,CZ,W,lig_ex,capacity_factor,0.6596338871652874
1404,2028-base-plus,CZ,W,coal_ex,capacity_factor,0.0647806718383745
1405,2028-base-plus,CZ,W,gas_peak,capacity_factor,0.0884562841530054
1406,2028-base-plus,CZ,W,lig_old,capacity_factor,0.0
1407,2028-base-plus,CZ,W,b_CHP,capacity_factor,0.0
1408,2028-base-plus,CZ,W,lig_bp,capacity_factor,0.8761986727095975
1409,2028-base-plus,CZ,W,h_ror,capacity_factor,0.3290607774930595
1410,2028-base-plus,CZ,W,h_dams,capacity_factor,0.1627385498192208
1411,2028-base-plus,CZ,W,li,capacity_factor,0.0983805827569276
1412,2028-base-plus,CZ,W,pump_open,capacity_factor,0.0615142547934721
1413,2028-base-plus,CZ,W,pump,capacity_factor,0.0499166300386789
1414,2028-base-plus,CZ,W,TOTAL,capacity_factor,1.24879171288273
1415,2028-base-plus,CZ,Y,li,capacity_factor_charging,0.0086269407382229
1416,2028-base-plus,CZ,Y,pump_open,capacity_factor_charging,0.1286890165912417
1417,2028-base-plus,CZ,Y,pump,capacity_factor_charging,0.1204876422045738
1418,2028-base-plus,CZ,S,li,capacity_factor_charging,0.0080669241025546
1419,2028-base-plus,CZ,S,pump_open,capacity_factor_charging,0.179586611588207
1420,2028-base-plus,CZ,S,pump,capacity_factor_charging,0.1719989340783194
1421,2028-base-plus,CZ,W,li,capacity_factor_charging,0.0091838971736962
1422,2028-base-plus,CZ,W,pump_open,capacity_factor_charging,0.078069550528686
1423,2028-base-plus,CZ,W,pump,capacity_factor_charging,0.0692578328000836
1424,2028-base-plus,CZ,Y,nuclear,emissions_MtCO2,0.0
1425,2028-base-plus,CZ,Y,solar,emissions_MtCO2,0.0
1426,2028-base-plus,CZ,Y,onshore,emissions_MtCO2,0.0
1427,2028-base-plus,CZ,Y,waste,emissions_MtCO2,0.0
1428,2028-base-plus,CZ,Y,gas_ccgt,emissions_MtCO2,1.8329542123755345
1429,2028-base-plus,CZ,Y,gas_chp,emissions_MtCO2,1.403001599999966
1430,2028-base-plus,CZ,Y,biogas,emissions_MtCO2,0.0
1431,2028-base-plus,CZ,Y,lig_sc,emissions_MtCO2,0.7934202937864796
1432,2028-base-plus,CZ,Y,bio,emissions_MtCO2,0.0
1433,2028-base-plus,CZ,Y,gas_eng_chp,emissions_MtCO2,0.7567472000000538
1434,2028-base-plus,CZ,Y,lig,emissions_MtCO2,0.6069500446618152
1435,2028-base-plus,CZ,Y,lig_ex,emissions_MtCO2,7.653593900562303
1436,2028-base-plus,CZ,Y,coal,emissions_MtCO2,0.0
1437,2028-base-plus,CZ,Y,coal_ex,emissions_MtCO2,0.0276421186034165
1438,2028-base-plus,CZ,Y,gas_peak,emissions_MtCO2,0.020567287125
1439,2028-base-plus,CZ,Y,lig_old,emissions_MtCO2,0.0
1440,2028-base-plus,CZ,Y,b_CHP,emissions_MtCO2,-0.0
1441,2028-base-plus,CZ,Y,lig_bp,emissions_MtCO2,3.34870272000005
1442,2028-base-plus,CZ,Y,coal_bp,emissions_MtCO2,0.0
1443,2028-base-plus,CZ,Y,dsr,emissions_MtCO2,0.0
1444,2028-base-plus,CZ,Y,eens,emissions_MtCO2,0.0
1445,2028-base-plus,CZ,Y,h_ror,emissions_MtCO2,0.0
1446,2028-base-plus,CZ,Y,h_dams,emissions_MtCO2,0.0
1447,2028-base-plus,CZ,Y,li,emissions_MtCO2,0.0
1448,2028-base-plus,CZ,Y,pump_open,emissions_MtCO2,0.0
1449,2028-base-plus,CZ,Y,pump,emissions_MtCO2,0.0
1450,2028-base-plus,CZ,Y,TOTAL,emissions_MtCO2,16.443579377114617
1451,2028-base-plus,CZ,S,nuclear,emissions_MtCO2,0.0
1452,2028-base-plus,CZ,S,solar,emissions_MtCO2,0.0
1453,2028-base-plus,CZ,S,onshore,emissions_MtCO2,0.0
1454,2028-base-plus,CZ,S,waste,emissions_MtCO2,0.0
1455,2028-base-plus,CZ,S,gas_ccgt,emissions_MtCO2,0.8126315556088117
1456,2028-base-plus,CZ,S,gas_chp,emissions_MtCO2,0.3569829365774995
1457,2028-base-plus,CZ,S,biogas,emissions_MtCO2,0.0
1458,2028-base-plus,CZ,S,lig_sc,emissions_MtCO2,0.0
1459,2028-base-plus,CZ,S,bio,emissions_MtCO2,0.0
1460,2028-base-plus,CZ,S,gas_eng_chp,emissions_MtCO2,0.2947238805028254
1461,2028-base-plus,CZ,S,lig,emissions_MtCO2,0.0
1462,2028-base-plus,CZ,S,lig_ex,emissions_MtCO2,2.86379857734588
1463,2028-base-plus,CZ,S,coal,emissions_MtCO2,0.0
1464,2028-base-plus,CZ,S,coal_ex,emissions_MtCO2,-6.45630596604211e-18
1465,2028-base-plus,CZ,S,gas_peak,emissions_MtCO2,0.0
1466,2028-base-plus,CZ,S,lig_old,emissions_MtCO2,0.0
1467,2028-base-plus,CZ,S,b_CHP,emissions_MtCO2,-0.0
1468,2028-base-plus,CZ,S,lig_bp,emissions_MtCO2,0.5904206064194039
1469,2028-base-plus,CZ,S,coal_bp,emissions_MtCO2,0.0
1470,2028-base-plus,CZ,S,dsr,emissions_MtCO2,0.0
1471,2028-base-plus,CZ,S,eens,emissions_MtCO2,0.0
1472,2028-base-plus,CZ,S,h_ror,emissions_MtCO2,0.0
1473,2028-base-plus,CZ,S,h_dams,emissions_MtCO2,0.0
1474,2028-base-plus,CZ,S,li,emissions_MtCO2,0.0
1475,2028-base-plus,CZ,S,pump_open,emissions_MtCO2,0.0
1476,2028-base-plus,CZ,S,pump,emissions_MtCO2,0.0
1477,2028-base-plus,CZ,S,TOTAL,emissions_MtCO2,32.88715875422923
1478,2028-base-plus,CZ,W,nuclear,emissions_MtCO2,0.0
1479,2028-base-plus,CZ,W,solar,emissions_MtCO2,0.0
1480,2028-base-plus,CZ,W,onshore,emissions_MtCO2,0.0
1481,2028-base-plus,CZ,W,waste,emissions_MtCO2,0.0
1482,2028-base-plus,CZ,W,gas_ccgt,emissions_MtCO2,1.0203226567667223
1483,2028-base-plus,CZ,W,gas_chp,emissions_MtCO2,1.0460186634224669
1484,2028-base-plus,CZ,W,biogas,emissions_MtCO2,0.0
1485,2028-base-plus,CZ,W,lig_sc,emissions_MtCO2,0.7934202937864796
1486,2028-base-plus,CZ,W,bio,emissions_MtCO2,0.0
1487,2028-base-plus,CZ,W,gas_eng_chp,emissions_MtCO2,0.4620233194972285
1488,2028-base-plus,CZ,W,lig,emissions_MtCO2,0.6069500446618152
1489,2028-base-plus,CZ,W,lig_ex,emissions_MtCO2,4.789795323216423
1490,2028-base-plus,CZ,W,coal,emissions_MtCO2,0.0
1491,2028-base-plus,CZ,W,coal_ex,emissions_MtCO2,0.0276421186034165
1492,2028-base-plus,CZ,W,gas_peak,emissions_MtCO2,0.0205672871249999
1493,2028-base-plus,CZ,W,lig_old,emissions_MtCO2,0.0
1494,2028-base-plus,CZ,W,b_CHP,emissions_MtCO2,0.0
1495,2028-base-plus,CZ,W,lig_bp,emissions_MtCO2,2.758282113580646
1496,2028-base-plus,CZ,W,coal_bp,emissions_MtCO2,0.0
1497,2028-base-plus,CZ,W,dsr,emissions_MtCO2,0.0
1498,2028-base-plus,CZ,W,eens,emissions_MtCO2,0.0
1499,2028-base-plus,CZ,W,h_ror,emissions_MtCO2,0.0
1500,2028-base-plus,CZ,W,h_dams,emissions_MtCO2,0.0
1501,2028-base-plus,CZ,W,li,emissions_MtCO2,0.0
1502,2028-base-plus,CZ,W,pump_open,emissions_MtCO2,0.0
1503,2028-base-plus,CZ,W,pump,emissions_MtCO2,0.0
1504,2028-base-plus,CZ,W,TOTAL,emissions_MtCO2,32.88715875422923
1505,2028-base-plus,CZ,Y,nuclear,power_share_high_value,0.9736869971251544
1506,2028-base-plus,CZ,Y,solar,power_share_high_value,0.859916113022058
1507,2028-base-plus,CZ,Y,onshore,power_share_high_value,0.9769400080004907
1508,2028-base-plus,CZ,S,nuclear,power_share_high_value,0.95266735385382
1509,2028-base-plus,CZ,S,solar,power_share_high_value,0.8255888533705309
1510,2028-base-plus,CZ,S,onshore,power_share_high_value,0.9580960044164342
1511,2028-base-plus,CZ,W,nuclear,power_share_high_value,0.993538611360946
1512,2028-base-plus,CZ,W,solar,power_share_high_value,0.940987628605498
1513,2028-base-plus,CZ,W,onshore,power_share_high_value,0.9916901948469335
1514,2028-base-plus,CZ,Y,nuclear,power_share_low_value,0.0263130028748454
1515,2028-base-plus,CZ,Y,solar,power_share_low_value,0.1400838869779421
1516,2028-base-plus,CZ,Y,onshore,power_share_low_value,0.0230599919995093
1517,2028-base-plus,CZ,S,nuclear,power_share_low_value,0.0473326461461801
1518,2028-base-plus,CZ,S,solar,power_share_low_value,0.1744111466294692
1519,2028-base-plus,CZ,S,onshore,power_share_low_value,0.0419039955835659
1520,2028-base-plus,CZ,W,nuclear,power_share_low_value,0.0064613886390537
1521,2028-base-plus,CZ,W,solar,power_share_low_value,0.059012371394502
1522,2028-base-plus,CZ,W,onshore,power_share_low_value,0.0083098051530663
1523,2028-base-plus,CZ,Y,nuclear,power_share_zero_value,0.0
1524,2028-base-plus,CZ,Y,solar,power_share_zero_value,0.0
1525,2028-base-plus,CZ,Y,onshore,power_share_zero_value,0.0
1526,2028-base-plus,CZ,S,nuclear,power_share_zero_value,0.0
1527,2028-base-plus,CZ,S,solar,power_share_zero_value,0.0
1528,2028-base-plus,CZ,S,onshore,power_share_zero_value,0.0
1529,2028-base-plus,CZ,W,nuclear,power_share_zero_value,0.0
1530,2028-base-plus,CZ,W,solar,power_share_zero_value,0.0
1531,2028-base-plus,CZ,W,onshore,power_share_zero_value,0.0
1532,2028-ex-seven,CZ,Y,nuclear,capacity_GW,4.099
1533,2028-ex-seven,CZ,Y,solar,capacity_GW,7.0
1534,2028-ex-seven,CZ,Y,onshore,capacity_GW,0.5
1535,2028-ex-seven,CZ,Y,waste,capacity_GW,0.19575
1536,2028-ex-seven,CZ,Y,gas_ccgt,capacity_GW,0.6174
1537,2028-ex-seven,CZ,Y,gas_chp,capacity_GW,0.7644
1538,2028-ex-seven,CZ,Y,biogas,capacity_GW,0.279
1539,2028-ex-seven,CZ,Y,lig_sc,capacity_GW,0.4356
1540,2028-ex-seven,CZ,Y,bio,capacity_GW,0.0
1541,2028-ex-seven,CZ,Y,gas_eng_chp,capacity_GW,0.3313124999999999
1542,2028-ex-seven,CZ,Y,lig,capacity_GW,0.9702
1543,2028-ex-seven,CZ,Y,lig_ex,capacity_GW,1.38666
1544,2028-ex-seven,CZ,Y,coal,capacity_GW,0.0
1545,2028-ex-seven,CZ,Y,coal_ex,capacity_GW,0.11484
1546,2028-ex-seven,CZ,Y,gas_peak,capacity_GW,0.096255
1547,2028-ex-seven,CZ,Y,lig_old,capacity_GW,0.0
1548,2028-ex-seven,CZ,Y,b_CHP,capacity_GW,0.20925
1549,2028-ex-seven,CZ,Y,lig_bp,capacity_GW,0.35838
1550,2028-ex-seven,CZ,Y,coal_bp,capacity_GW,0.0
1551,2028-ex-seven,CZ,Y,dsr,capacity_GW,0.0
1552,2028-ex-seven,CZ,Y,h_ror,capacity_GW,0.415
1553,2028-ex-seven,CZ,Y,h_dams,capacity_GW,0.609
1554,2028-ex-seven,CZ,Y,li,capacity_GW,0.1
1555,2028-ex-seven,CZ,Y,pump_open,capacity_GW,0.47
1556,2028-ex-seven,CZ,Y,pump,capacity_GW,0.678
1557,2028-ex-seven,CZ,Y,TOTAL,capacity_GW,19.6300475
1558,2028-ex-seven,CZ,Y,h_ror,capacity_charging_GW,0.0
1559,2028-ex-seven,CZ,Y,h_dams,capacity_charging_GW,0.0
1560,2028-ex-seven,CZ,Y,li,capacity_charging_GW,1.25599
1561,2028-ex-seven,CZ,Y,pump_open,capacity_charging_GW,0.44
1562,2028-ex-seven,CZ,Y,pump,capacity_charging_GW,0.664
1563,2028-ex-seven,CZ,Y,nuclear,capacity_paid_off_GW,0.0
1564,2028-ex-seven,CZ,Y,solar,capacity_paid_off_GW,0.0
1565,2028-ex-seven,CZ,Y,onshore,capacity_paid_off_GW,0.0
1566,2028-ex-seven,CZ,Y,waste,capacity_paid_off_GW,0.0
1567,2028-ex-seven,CZ,Y,gas_ccgt,capacity_paid_off_GW,0.0
1568,2028-ex-seven,CZ,Y,gas_chp,capacity_paid_off_GW,0.0
1569,2028-ex-seven,CZ,Y,biogas,capacity_paid_off_GW,0.0
1570,2028-ex-seven,CZ,Y,lig_sc,capacity_paid_off_GW,0.0
1571,2028-ex-seven,CZ,Y,bio,capacity_paid_off_GW,0.0
1572,2028-ex-seven,CZ,Y,gas_eng_chp,capacity_paid_off_GW,0.0
1573,2028-ex-seven,CZ,Y,lig,capacity_paid_off_GW,0.0
1574,2028-ex-seven,CZ,Y,lig_ex,capacity_paid_off_GW,0.0
1575,2028-ex-seven,CZ,Y,coal,capacity_paid_off_GW,0.0
1576,2028-ex-seven,CZ,Y,coal_ex,capacity_paid_off_GW,0.0
1577,2028-ex-seven,CZ,Y,gas_peak,capacity_paid_off_GW,0.0
1578,2028-ex-seven,CZ,Y,lig_old,capacity_paid_off_GW,0.0
1579,2028-ex-seven,CZ,Y,b_CHP,capacity_paid_off_GW,0.0
1580,2028-ex-seven,CZ,Y,lig_bp,capacity_paid_off_GW,0.0
1581,2028-ex-seven,CZ,Y,coal_bp,capacity_paid_off_GW,0.0
1582,2028-ex-seven,CZ,Y,dsr,capacity_paid_off_GW,0.0
1583,2028-ex-seven,CZ,Y,h_ror,capacity_paid_off_GW,0.0
1584,2028-ex-seven,CZ,Y,h_dams,capacity_paid_off_GW,0.0
1585,2028-ex-seven,CZ,Y,li,capacity_paid_off_GW,0.0
1586,2028-ex-seven,CZ,Y,pump_open,capacity_paid_off_GW,0.0
1587,2028-ex-seven,CZ,Y,pump,capacity_paid_off_GW,0.0
1588,2028-ex-seven,CZ,Y,h_ror,capacity_charging_paid_off_GW,0.0
1589,2028-ex-seven,CZ,Y,h_dams,capacity_charging_paid_off_GW,0.0
1590,2028-ex-seven,CZ,Y,li,capacity_charging_paid_off_GW,0.0
1591,2028-ex-seven,CZ,Y,pump_open,capacity_charging_paid_off_GW,0.0
1592,2028-ex-seven,CZ,Y,pump,capacity_charging_paid_off_GW,0.0
1593,2028-ex-seven,CZ,Y,TOTAL,load_TWh,66.590984337
1594,2028-ex-seven,CZ,S,TOTAL,load_TWh,30.656589452
1595,2028-ex-seven,CZ,W,TOTAL,load_TWh,35.934394885
1596,2028-ex-seven,CZ,Y,TOTAL,import_TWh,13.635325238204672
1597,2028-ex-seven,CZ,S,TOTAL,import_TWh,7.026687892928522
1598,2028-ex-seven,CZ,W,TOTAL,import_TWh,6.608637345276149
1599,2028-ex-seven,CZ,Y,TOTAL,export_TWh,3.5793622900883806
1600,2028-ex-seven,CZ,S,TOTAL,export_TWh,1.7963499042868776
1601,2028-ex-seven,CZ,W,TOTAL,export_TWh,1.7830123858015037
1602,2028-ex-seven,CZ,Y,TOTAL,net_import_TWh,10.055962948116292
1603,2028-ex-seven,CZ,S,TOTAL,net_import_TWh,5.230337988641645
1604,2028-ex-seven,CZ,W,TOTAL,net_import_TWh,4.825624959474645
1605,2028-ex-seven,CZ,Y,TOTAL,curtailment_TWh,3.109358490552586e-05
1606,2028-ex-seven,CZ,S,TOTAL,curtailment_TWh,1.0913936421275138e-15
1607,2028-ex-seven,CZ,W,TOTAL,curtailment_TWh,3.1093584904434465e-05
1608,2028-ex-seven,CZ,Y,nuclear,production_TWh,28.59946136693848
1609,2028-ex-seven,CZ,Y,solar,production_TWh,7.087387989041789
1610,2028-ex-seven,CZ,Y,onshore,production_TWh,0.99675009905211
1611,2028-ex-seven,CZ,Y,waste,production_TWh,1.1431799999998546
1612,2028-ex-seven,CZ,Y,gas_ccgt,production_TWh,4.8224587245327
1613,2028-ex-seven,CZ,Y,gas_chp,production_TWh,3.164587318351136
1614,2028-ex-seven,CZ,Y,biogas,production_TWh,1.0085987048779084
1615,2028-ex-seven,CZ,Y,lig_sc,production_TWh,1.0442082372581112
1616,2028-ex-seven,CZ,Y,bio,production_TWh,0.0
1617,2028-ex-seven,CZ,Y,gas_eng_chp,production_TWh,1.5478920000000975
1618,2028-ex-seven,CZ,Y,lig,production_TWh,0.7991304430250579
1619,2028-ex-seven,CZ,Y,lig_ex,production_TWh,2.7304409502346125
1620,2028-ex-seven,CZ,Y,coal,production_TWh,0.0
1621,2028-ex-seven,CZ,Y,coal_ex,production_TWh,0.2277938509431583
1622,2028-ex-seven,CZ,Y,gas_peak,production_TWh,0.0472365961621813
1623,2028-ex-seven,CZ,Y,lig_old,production_TWh,0.0
1624,2028-ex-seven,CZ,Y,b_CHP,production_TWh,-9.423375660036181e-20
1625,2028-ex-seven,CZ,Y,lig_bp,production_TWh,1.6743513600000195
1626,2028-ex-seven,CZ,Y,coal_bp,production_TWh,0.0
1627,2028-ex-seven,CZ,Y,dsr,production_TWh,0.0
1628,2028-ex-seven,CZ,Y,eens,production_TWh,2.785327524179572e-19
1629,2028-ex-seven,CZ,Y,h_ror,production_TWh,1.13981748839724
1630,2028-ex-seven,CZ,Y,h_dams,production_TWh,0.8157267142857143
1631,2028-ex-seven,CZ,Y,li,production_TWh,0.0831032720106044
1632,2028-ex-seven,CZ,Y,pump_open,production_TWh,0.3729657011892472
1633,2028-ex-seven,CZ,Y,pump,production_TWh,0.491485788372164
1634,2028-ex-seven,CZ,Y,TOTAL,production_TWh,57.796576604672175
1635,2028-ex-seven,CZ,S,nuclear,production_TWh,13.891069397825554
1636,2028-ex-seven,CZ,S,solar,production_TWh,4.979128111451403
1637,2028-ex-seven,CZ,S,onshore,production_TWh,0.4376426403441852
1638,2028-ex-seven,CZ,S,waste,production_TWh,0.4182325618242782
1639,2028-ex-seven,CZ,S,gas_ccgt,production_TWh,2.1751805760836187
1640,2028-ex-seven,CZ,S,gas_chp,production_TWh,0.6217307108330224
1641,2028-ex-seven,CZ,S,biogas,production_TWh,0.2075472045755179
1642,2028-ex-seven,CZ,S,lig_sc,production_TWh,0.0
1643,2028-ex-seven,CZ,S,bio,production_TWh,0.0
1644,2028-ex-seven,CZ,S,gas_eng_chp,production_TWh,0.5794334147398659
1645,2028-ex-seven,CZ,S,lig,production_TWh,0.0
1646,2028-ex-seven,CZ,S,lig_ex,production_TWh,1.0763382777875403
1647,2028-ex-seven,CZ,S,coal,production_TWh,0.0
1648,2028-ex-seven,CZ,S,coal_ex,production_TWh,0.0848052545108563
1649,2028-ex-seven,CZ,S,gas_peak,production_TWh,0.0
1650,2028-ex-seven,CZ,S,lig_old,production_TWh,0.0
1651,2028-ex-seven,CZ,S,b_CHP,production_TWh,-9.953914236070388e-20
1652,2028-ex-seven,CZ,S,lig_bp,production_TWh,0.2707814557510994
1653,2028-ex-seven,CZ,S,coal_bp,production_TWh,0.0
1654,2028-ex-seven,CZ,S,dsr,production_TWh,0.0
1655,2028-ex-seven,CZ,S,eens,production_TWh,2.7853275241795723e-19
1656,2028-ex-seven,CZ,S,h_ror,production_TWh,0.5400509333333333
1657,2028-ex-seven,CZ,S,h_dams,production_TWh,0.3802345001143524
1658,2028-ex-seven,CZ,S,li,production_TWh,0.0376681051024227
1659,2028-ex-seven,CZ,S,pump_open,production_TWh,0.2525025110658831
1660,2028-ex-seven,CZ,S,pump,production_TWh,0.349214183487706
1661,2028-ex-seven,CZ,S,TOTAL,production_TWh,115.59315320934436
1662,2028-ex-seven,CZ,W,nuclear,production_TWh,14.708391969112927
1663,2028-ex-seven,CZ,W,solar,production_TWh,2.1082598775903856
1664,2028-ex-seven,CZ,W,onshore,production_TWh,0.5591074587079247
1665,2028-ex-seven,CZ,W,waste,production_TWh,0.7249474381755765
1666,2028-ex-seven,CZ,W,gas_ccgt,production_TWh,2.6472781484490824
1667,2028-ex-seven,CZ,W,gas_chp,production_TWh,2.542856607518113
1668,2028-ex-seven,CZ,W,biogas,production_TWh,0.8010515003023906
1669,2028-ex-seven,CZ,W,lig_sc,production_TWh,1.0442082372581112
1670,2028-ex-seven,CZ,W,bio,production_TWh,0.0
1671,2028-ex-seven,CZ,W,gas_eng_chp,production_TWh,0.9684585852602318
1672,2028-ex-seven,CZ,W,lig,production_TWh,0.7991304430250579
1673,2028-ex-seven,CZ,W,lig_ex,production_TWh,1.654102672447072
1674,2028-ex-seven,CZ,W,coal,production_TWh,0.0
1675,2028-ex-seven,CZ,W,coal_ex,production_TWh,0.142988596432302
1676,2028-ex-seven,CZ,W,gas_peak,production_TWh,0.0472365961621813
1677,2028-ex-seven,CZ,W,lig_old,production_TWh,0.0
1678,2028-ex-seven,CZ,W,b_CHP,production_TWh,5.305385760342105e-21
1679,2028-ex-seven,CZ,W,lig_bp,production_TWh,1.4035699042489205
1680,2028-ex-seven,CZ,W,coal_bp,production_TWh,0.0
1681,2028-ex-seven,CZ,W,dsr,production_TWh,0.0
1682,2028-ex-seven,CZ,W,eens,production_TWh,0.0
1683,2028-ex-seven,CZ,W,h_ror,production_TWh,0.5997665550639069
1684,2028-ex-seven,CZ,W,h_dams,production_TWh,0.4354922141713618
1685,2028-ex-seven,CZ,W,li,production_TWh,0.0454351669081817
1686,2028-ex-seven,CZ,W,pump_open,production_TWh,0.1204631901233641
1687,2028-ex-seven,CZ,W,pump,production_TWh,0.142271604884458
1688,2028-ex-seven,CZ,W,TOTAL,production_TWh,115.59315320934436
1689,2028-ex-seven,CZ,Y,gas_chp,production_el_eq_TWh,3.571276799999986
1690,2028-ex-seven,CZ,Y,gas_eng_chp,production_el_eq_TWh,1.5478920000000975
1691,2028-ex-seven,CZ,Y,lig_ex,production_el_eq_TWh,6.478475520000014
1692,2028-ex-seven,CZ,Y,coal_ex,production_el_eq_TWh,0.5365324799999509
1693,2028-ex-seven,CZ,Y,b_CHP,production_el_eq_TWh,-2.3558439150090443e-19
1694,2028-ex-seven,CZ,Y,lig_bp,production_el_eq_TWh,1.6743513600000195
1695,2028-ex-seven,CZ,Y,coal_bp,production_el_eq_TWh,0.0
1696,2028-ex-seven,CZ,Y,eens,production_el_eq_TWh,0.0
1697,2028-ex-seven,CZ,S,gas_chp,production_el_eq_TWh,0.8345386996054566
1698,2028-ex-seven,CZ,S,gas_eng_chp,production_el_eq_TWh,0.5794334147398659
1699,2028-ex-seven,CZ,S,lig_ex,production_el_eq_TWh,2.6886488760969587
1700,2028-ex-seven,CZ,S,coal_ex,production_el_eq_TWh,0.2117374206521409
1701,2028-ex-seven,CZ,S,b_CHP,production_el_eq_TWh,-2.4884785590175973e-19
1702,2028-ex-seven,CZ,S,lig_bp,production_el_eq_TWh,0.2707814557510994
1703,2028-ex-seven,CZ,S,coal_bp,production_el_eq_TWh,0.0
1704,2028-ex-seven,CZ,S,eens,production_el_eq_TWh,0.0
1705,2028-ex-seven,CZ,W,gas_chp,production_el_eq_TWh,2.736738100394529
1706,2028-ex-seven,CZ,W,gas_eng_chp,production_el_eq_TWh,0.9684585852602318
1707,2028-ex-seven,CZ,W,lig_ex,production_el_eq_TWh,3.789826643903055
1708,2028-ex-seven,CZ,W,coal_ex,production_el_eq_TWh,0.3247950593478099
1709,2028-ex-seven,CZ,W,b_CHP,production_el_eq_TWh,1.3263464400855259e-20
1710,2028-ex-seven,CZ,W,lig_bp,production_el_eq_TWh,1.4035699042489205
1711,2028-ex-seven,CZ,W,coal_bp,production_el_eq_TWh,0.0
1712,2028-ex-seven,CZ,W,eens,production_el_eq_TWh,0.0
1713,2028-ex-seven,CZ,Y,solar,production_used_TWh,7.087387989041789
1714,2028-ex-seven,CZ,Y,onshore,production_used_TWh,0.99675009905211
1715,2028-ex-seven,CZ,S,solar,production_used_TWh,4.979128111451403
1716,2028-ex-seven,CZ,S,onshore,production_used_TWh,0.4376426403441852
1717,2028-ex-seven,CZ,W,solar,production_used_TWh,2.1082598775903856
1718,2028-ex-seven,CZ,W,onshore,production_used_TWh,0.5591074587079247
1719,2028-ex-seven,CZ,Y,solar,production_excess_TWh,0.0
1720,2028-ex-seven,CZ,Y,onshore,production_excess_TWh,0.0
1721,2028-ex-seven,CZ,S,solar,production_excess_TWh,0.0
1722,2028-ex-seven,CZ,S,onshore,production_excess_TWh,0.0
1723,2028-ex-seven,CZ,W,solar,production_excess_TWh,0.0
1724,2028-ex-seven,CZ,W,onshore,production_excess_TWh,0.0
1725,2028-ex-seven,CZ,Y,h_ror,discharged_TWh,1.13981748839724
1726,2028-ex-seven,CZ,Y,h_dams,discharged_TWh,0.8157267142857143
1727,2028-ex-seven,CZ,Y,li,discharged_TWh,0.0831032720106044
1728,2028-ex-seven,CZ,Y,pump_open,discharged_TWh,0.3729657011892472
1729,2028-ex-seven,CZ,Y,pump,discharged_TWh,0.491485788372164
1730,2028-ex-seven,CZ,Y,TOTAL,discharged_TWh,2.90309896425497
1731,2028-ex-seven,CZ,S,h_ror,discharged_TWh,0.5400509333333333
1732,2028-ex-seven,CZ,S,h_dams,discharged_TWh,0.3802345001143524
1733,2028-ex-seven,CZ,S,li,discharged_TWh,0.0376681051024227
1734,2028-ex-seven,CZ,S,pump_open,discharged_TWh,0.2525025110658831
1735,2028-ex-seven,CZ,S,pump,discharged_TWh,0.349214183487706
1736,2028-ex-seven,CZ,S,TOTAL,discharged_TWh,5.80619792850994
1737,2028-ex-seven,CZ,W,h_ror,discharged_TWh,0.5997665550639069
1738,2028-ex-seven,CZ,W,h_dams,discharged_TWh,0.4354922141713618
1739,2028-ex-seven,CZ,W,li,discharged_TWh,0.0454351669081817
1740,2028-ex-seven,CZ,W,pump_open,discharged_TWh,0.1204631901233641
1741,2028-ex-seven,CZ,W,pump,discharged_TWh,0.142271604884458
1742,2028-ex-seven,CZ,W,TOTAL,discharged_TWh,5.80619792850994
1743,2028-ex-seven,CZ,Y,h_ror,charged_TWh,0.0
1744,2028-ex-seven,CZ,Y,h_dams,charged_TWh,0.0
1745,2028-ex-seven,CZ,Y,li,charged_TWh,0.1009135216222485
1746,2028-ex-seven,CZ,Y,pump_open,charged_TWh,0.4779914500644306
1747,2028-ex-seven,CZ,Y,pump,charged_TWh,0.6826191505168945
1748,2028-ex-seven,CZ,Y,TOTAL,charged_TWh,1.2615241222035736
1749,2028-ex-seven,CZ,S,h_ror,charged_TWh,0.0
1750,2028-ex-seven,CZ,S,h_dams,charged_TWh,0.0
1751,2028-ex-seven,CZ,S,li,charged_TWh,0.047833451103676
1752,2028-ex-seven,CZ,S,pump_open,charged_TWh,0.3378476079618747
1753,2028-ex-seven,CZ,S,pump,charged_TWh,0.4896273164067318
1754,2028-ex-seven,CZ,S,TOTAL,charged_TWh,2.523048244407147
1755,2028-ex-seven,CZ,W,h_ror,charged_TWh,0.0
1756,2028-ex-seven,CZ,W,h_dams,charged_TWh,0.0
1757,2028-ex-seven,CZ,W,li,charged_TWh,0.0530800705185724
1758,2028-ex-seven,CZ,W,pump_open,charged_TWh,0.1401438421025559
1759,2028-ex-seven,CZ,W,pump,charged_TWh,0.1929918341101628
1760,2028-ex-seven,CZ,W,TOTAL,charged_TWh,2.523048244407147
1761,2028-ex-seven,CZ,Y,h_ror,inflow_TWh,1.14275
1762,2028-ex-seven,CZ,Y,h_dams,inflow_TWh,0.8157267142857143
1763,2028-ex-seven,CZ,Y,pump_open,inflow_TWh,0.0288118571428571
1764,2028-ex-seven,CZ,S,h_ror,inflow_TWh,0.5418
1765,2028-ex-seven,CZ,S,h_dams,inflow_TWh,0.380473
1766,2028-ex-seven,CZ,S,pump_open,inflow_TWh,0.011492
1767,2028-ex-seven,CZ,W,h_ror,inflow_TWh,0.60095
1768,2028-ex-seven,CZ,W,h_dams,inflow_TWh,0.4352537142857142
1769,2028-ex-seven,CZ,W,pump_open,inflow_TWh,0.0173198571428571
1770,2028-ex-seven,CZ,Y,gas_chp,heat_production_PJ,2.928164267871725
1771,2028-ex-seven,CZ,Y,gas_eng_chp,heat_production_PJ,5.572411200000352
1772,2028-ex-seven,CZ,Y,lig_ex,heat_production_PJ,37.78018846323524
1773,2028-ex-seven,CZ,Y,coal_ex,heat_production_PJ,3.112085380892468
1774,2028-ex-seven,CZ,Y,b_CHP,heat_production_PJ,-1.5265868569258611e-18
1775,2028-ex-seven,CZ,Y,lig_bp,heat_production_PJ,18.082994688000205
1776,2028-ex-seven,CZ,Y,coal_bp,heat_production_PJ,0.0
1777,2028-ex-seven,CZ,Y,eens,heat_production_PJ,-1.0027179087046457e-18
1778,2028-ex-seven,CZ,S,gas_chp,heat_production_PJ,1.5322175191615257
1779,2028-ex-seven,CZ,S,gas_eng_chp,heat_production_PJ,2.085960293063517
1780,2028-ex-seven,CZ,S,lig_ex,heat_production_PJ,16.252090830958934
1781,2028-ex-seven,CZ,S,coal_ex,heat_production_PJ,1.2794762347041484
1782,2028-ex-seven,CZ,S,b_CHP,heat_production_PJ,-1.6125341062434033e-18
1783,2028-ex-seven,CZ,S,lig_bp,heat_production_PJ,2.924439722111874
1784,2028-ex-seven,CZ,S,coal_bp,heat_production_PJ,0.0
1785,2028-ex-seven,CZ,S,eens,heat_production_PJ,-1.002717908704646e-18
1786,2028-ex-seven,CZ,W,gas_chp,heat_production_PJ,1.3959467487101993
1787,2028-ex-seven,CZ,W,gas_eng_chp,heat_production_PJ,3.4864509069368346
1788,2028-ex-seven,CZ,W,lig_ex,heat_production_PJ,21.52809763227632
1789,2028-ex-seven,CZ,W,coal_ex,heat_production_PJ,1.83260914618832
1790,2028-ex-seven,CZ,W,b_CHP,heat_production_PJ,8.594724931754207e-20
1791,2028-ex-seven,CZ,W,lig_bp,heat_production_PJ,15.158554965888335
1792,2028-ex-seven,CZ,W,coal_bp,heat_production_PJ,0.0
1793,2028-ex-seven,CZ,W,eens,heat_production_PJ,0.0
1794,2028-ex-seven,CZ,Y,waste,production_hours,6669.0
1795,2028-ex-seven,CZ,Y,gas_ccgt,production_hours,8013.0
1796,2028-ex-seven,CZ,Y,gas_chp,production_hours,7693.0
1797,2028-ex-seven,CZ,Y,biogas,production_hours,3933.0
1798,2028-ex-seven,CZ,Y,lig_sc,production_hours,2662.0
1799,2028-ex-seven,CZ,Y,bio,production_hours,0.0
1800,2028-ex-seven,CZ,Y,gas_eng_chp,production_hours,5385.0
1801,2028-ex-seven,CZ,Y,lig,production_hours,1083.0
1802,2028-ex-seven,CZ,Y,lig_ex,production_hours,8760.0
1803,2028-ex-seven,CZ,Y,coal,production_hours,0.0
1804,2028-ex-seven,CZ,Y,coal_ex,production_hours,8760.0
1805,2028-ex-seven,CZ,Y,gas_peak,production_hours,589.0
1806,2028-ex-seven,CZ,Y,lig_old,production_hours,0.0
1807,2028-ex-seven,CZ,Y,b_CHP,production_hours,0.0
1808,2028-ex-seven,CZ,Y,lig_bp,production_hours,5695.0
1809,2028-ex-seven,CZ,Y,coal_bp,production_hours,0.0
1810,2028-ex-seven,CZ,Y,dsr,production_hours,0.0
1811,2028-ex-seven,CZ,Y,eens,production_hours,0.0
1812,2028-ex-seven,CZ,Y,h_ror,production_hours,8760.0
1813,2028-ex-seven,CZ,Y,h_dams,production_hours,8760.0
1814,2028-ex-seven,CZ,Y,li,production_hours,940.0
1815,2028-ex-seven,CZ,Y,pump_open,production_hours,1202.0
1816,2028-ex-seven,CZ,Y,pump,production_hours,1066.0
1817,2028-ex-seven,CZ,S,waste,production_hours,2740.0
1818,2028-ex-seven,CZ,S,gas_ccgt,production_hours,3692.0
1819,2028-ex-seven,CZ,S,gas_chp,production_hours,3358.0
1820,2028-ex-seven,CZ,S,biogas,production_hours,894.0
1821,2028-ex-seven,CZ,S,lig_sc,production_hours,0.0
1822,2028-ex-seven,CZ,S,bio,production_hours,0.0
1823,2028-ex-seven,CZ,S,gas_eng_chp,production_hours,2086.0
1824,2028-ex-seven,CZ,S,lig,production_hours,0.0
1825,2028-ex-seven,CZ,S,lig_ex,production_hours,4368.0
1826,2028-ex-seven,CZ,S,coal,production_hours,0.0
1827,2028-ex-seven,CZ,S,coal_ex,production_hours,4368.0
1828,2028-ex-seven,CZ,S,gas_peak,production_hours,0.0
1829,2028-ex-seven,CZ,S,lig_old,production_hours,0.0
1830,2028-ex-seven,CZ,S,b_CHP,production_hours,0.0
1831,2028-ex-seven,CZ,S,lig_bp,production_hours,1315.0
1832,2028-ex-seven,CZ,S,coal_bp,production_hours,0.0
1833,2028-ex-seven,CZ,S,dsr,production_hours,0.0
1834,2028-ex-seven,CZ,S,eens,production_hours,0.0
1835,2028-ex-seven,CZ,S,h_ror,production_hours,4368.0
1836,2028-ex-seven,CZ,S,h_dams,production_hours,4368.0
1837,2028-ex-seven,CZ,S,li,production_hours,422.0
1838,2028-ex-seven,CZ,S,pump_open,production_hours,781.0
1839,2028-ex-seven,CZ,S,pump,production_hours,747.0
1840,2028-ex-seven,CZ,W,waste,production_hours,3929.0
1841,2028-ex-seven,CZ,W,gas_ccgt,production_hours,4321.0
1842,2028-ex-seven,CZ,W,gas_chp,production_hours,4335.0
1843,2028-ex-seven,CZ,W,biogas,production_hours,3039.0
1844,2028-ex-seven,CZ,W,lig_sc,production_hours,2662.0
1845,2028-ex-seven,CZ,W,bio,production_hours,0.0
1846,2028-ex-seven,CZ,W,gas_eng_chp,production_hours,3299.0
1847,2028-ex-seven,CZ,W,lig,production_hours,1083.0
1848,2028-ex-seven,CZ,W,lig_ex,production_hours,4392.0
1849,2028-ex-seven,CZ,W,coal,production_hours,0.0
1850,2028-ex-seven,CZ,W,coal_ex,production_hours,4392.0
1851,2028-ex-seven,CZ,W,gas_peak,production_hours,589.0
1852,2028-ex-seven,CZ,W,lig_old,production_hours,0.0
1853,2028-ex-seven,CZ,W,b_CHP,production_hours,0.0
1854,2028-ex-seven,CZ,W,lig_bp,production_hours,4380.0
1855,2028-ex-seven,CZ,W,coal_bp,production_hours,0.0
1856,2028-ex-seven,CZ,W,dsr,production_hours,0.0
1857,2028-ex-seven,CZ,W,eens,production_hours,0.0
1858,2028-ex-seven,CZ,W,h_ror,production_hours,4392.0
1859,2028-ex-seven,CZ,W,h_dams,production_hours,4392.0
1860,2028-ex-seven,CZ,W,li,production_hours,518.0
1861,2028-ex-seven,CZ,W,pump_open,production_hours,421.0
1862,2028-ex-seven,CZ,W,pump,production_hours,319.0
1863,2028-ex-seven,CZ,Y,nuclear,capex_mn_EUR_per_yr,2738.469079112492
1864,2028-ex-seven,CZ,Y,solar,capex_mn_EUR_per_yr,362.9795164565344
1865,2028-ex-seven,CZ,Y,onshore,capex_mn_EUR_per_yr,68.82996852045387
1866,2028-ex-seven,CZ,Y,waste,capex_mn_EUR_per_yr,228.2938717209026
1867,2028-ex-seven,CZ,Y,gas_ccgt,capex_mn_EUR_per_yr,76.18061222457844
1868,2028-ex-seven,CZ,Y,gas_chp,capex_mn_EUR_per_yr,138.841538451773
1869,2028-ex-seven,CZ,Y,biogas,capex_mn_EUR_per_yr,16.217086196531145
1870,2028-ex-seven,CZ,Y,lig_sc,capex_mn_EUR_per_yr,144.15255774515765
1871,2028-ex-seven,CZ,Y,bio,capex_mn_EUR_per_yr,0.0
1872,2028-ex-seven,CZ,Y,gas_eng_chp,capex_mn_EUR_per_yr,22.59441391073202
1873,2028-ex-seven,CZ,Y,lig,capex_mn_EUR_per_yr,321.06706043239666
1874,2028-ex-seven,CZ,Y,lig_ex,capex_mn_EUR_per_yr,458.8856421554186
1875,2028-ex-seven,CZ,Y,coal,capex_mn_EUR_per_yr,0.0
1876,2028-ex-seven,CZ,Y,coal_ex,capex_mn_EUR_per_yr,26.048184884115727
1877,2028-ex-seven,CZ,Y,gas_peak,capex_mn_EUR_per_yr,7.893982066856129
1878,2028-ex-seven,CZ,Y,lig_old,capex_mn_EUR_per_yr,0.0
1879,2028-ex-seven,CZ,Y,b_CHP,capex_mn_EUR_per_yr,109.81713302115293
1880,2028-ex-seven,CZ,Y,lig_bp,capex_mn_EUR_per_yr,118.59824069033428
1881,2028-ex-seven,CZ,Y,coal_bp,capex_mn_EUR_per_yr,0.0
1882,2028-ex-seven,CZ,Y,dsr,capex_mn_EUR_per_yr,0.0
1883,2028-ex-seven,CZ,Y,h_ror,capex_mn_EUR_per_yr,84.30517292657983
1884,2028-ex-seven,CZ,Y,h_dams,capex_mn_EUR_per_yr,123.71530195731836
1885,2028-ex-seven,CZ,Y,li,capex_mn_EUR_per_yr,4.011568788183623
1886,2028-ex-seven,CZ,Y,pump_open,capex_mn_EUR_per_yr,95.4781476517892
1887,2028-ex-seven,CZ,Y,pump,capex_mn_EUR_per_yr,137.73230661258106
1888,2028-ex-seven,CZ,S,nuclear,capex_mn_EUR_per_yr,2738.469079112492
1889,2028-ex-seven,CZ,S,solar,capex_mn_EUR_per_yr,362.9795164565344
1890,2028-ex-seven,CZ,S,onshore,capex_mn_EUR_per_yr,68.82996852045387
1891,2028-ex-seven,CZ,S,waste,capex_mn_EUR_per_yr,228.2938717209026
1892,2028-ex-seven,CZ,S,gas_ccgt,capex_mn_EUR_per_yr,76.18061222457844
1893,2028-ex-seven,CZ,S,gas_chp,capex_mn_EUR_per_yr,138.841538451773
1894,2028-ex-seven,CZ,S,biogas,capex_mn_EUR_per_yr,16.217086196531145
1895,2028-ex-seven,CZ,S,lig_sc,capex_mn_EUR_per_yr,144.15255774515765
1896,2028-ex-seven,CZ,S,bio,capex_mn_EUR_per_yr,0.0
1897,2028-ex-seven,CZ,S,gas_eng_chp,capex_mn_EUR_per_yr,22.59441391073202
1898,2028-ex-seven,CZ,S,lig,capex_mn_EUR_per_yr,321.06706043239666
1899,2028-ex-seven,CZ,S,lig_ex,capex_mn_EUR_per_yr,458.8856421554186
1900,2028-ex-seven,CZ,S,coal,capex_mn_EUR_per_yr,0.0
1901,2028-ex-seven,CZ,S,coal_ex,capex_mn_EUR_per_yr,26.048184884115727
1902,2028-ex-seven,CZ,S,gas_peak,capex_mn_EUR_per_yr,7.893982066856129
1903,2028-ex-seven,CZ,S,lig_old,capex_mn_EUR_per_yr,0.0
1904,2028-ex-seven,CZ,S,b_CHP,capex_mn_EUR_per_yr,109.81713302115293
1905,2028-ex-seven,CZ,S,lig_bp,capex_mn_EUR_per_yr,118.59824069033428
1906,2028-ex-seven,CZ,S,coal_bp,capex_mn_EUR_per_yr,0.0
1907,2028-ex-seven,CZ,S,dsr,capex_mn_EUR_per_yr,0.0
1908,2028-ex-seven,CZ,S,h_ror,capex_mn_EUR_per_yr,84.30517292657983
1909,2028-ex-seven,CZ,S,h_dams,capex_mn_EUR_per_yr,123.71530195731836
1910,2028-ex-seven,CZ,S,li,capex_mn_EUR_per_yr,4.011568788183623
1911,2028-ex-seven,CZ,S,pump_open,capex_mn_EUR_per_yr,95.4781476517892
1912,2028-ex-seven,CZ,S,pump,capex_mn_EUR_per_yr,137.73230661258106
1913,2028-ex-seven,CZ,W,nuclear,capex_mn_EUR_per_yr,2738.469079112492
1914,2028-ex-seven,CZ,W,solar,capex_mn_EUR_per_yr,362.9795164565344
1915,2028-ex-seven,CZ,W,onshore,capex_mn_EUR_per_yr,68.82996852045387
1916,2028-ex-seven,CZ,W,waste,capex_mn_EUR_per_yr,228.2938717209026
1917,2028-ex-seven,CZ,W,gas_ccgt,capex_mn_EUR_per_yr,76.18061222457844
1918,2028-ex-seven,CZ,W,gas_chp,capex_mn_EUR_per_yr,138.841538451773
1919,2028-ex-seven,CZ,W,biogas,capex_mn_EUR_per_yr,16.217086196531145
1920,2028-ex-seven,CZ,W,lig_sc,capex_mn_EUR_per_yr,144.15255774515765
1921,2028-ex-seven,CZ,W,bio,capex_mn_EUR_per_yr,0.0
1922,2028-ex-seven,CZ,W,gas_eng_chp,capex_mn_EUR_per_yr,22.59441391073202
1923,2028-ex-seven,CZ,W,lig,capex_mn_EUR_per_yr,321.06706043239666
1924,2028-ex-seven,CZ,W,lig_ex,capex_mn_EUR_per_yr,458.8856421554186
1925,2028-ex-seven,CZ,W,coal,capex_mn_EUR_per_yr,0.0
1926,2028-ex-seven,CZ,W,coal_ex,capex_mn_EUR_per_yr,26.048184884115727
1927,2028-ex-seven,CZ,W,gas_peak,capex_mn_EUR_per_yr,7.893982066856129
1928,2028-ex-seven,CZ,W,lig_old,capex_mn_EUR_per_yr,0.0
1929,2028-ex-seven,CZ,W,b_CHP,capex_mn_EUR_per_yr,109.81713302115293
1930,2028-ex-seven,CZ,W,lig_bp,capex_mn_EUR_per_yr,118.59824069033428
1931,2028-ex-seven,CZ,W,coal_bp,capex_mn_EUR_per_yr,0.0
1932,2028-ex-seven,CZ,W,dsr,capex_mn_EUR_per_yr,0.0
1933,2028-ex-seven,CZ,W,h_ror,capex_mn_EUR_per_yr,84.30517292657983
1934,2028-ex-seven,CZ,W,h_dams,capex_mn_EUR_per_yr,123.71530195731836
1935,2028-ex-seven,CZ,W,li,capex_mn_EUR_per_yr,4.011568788183623
1936,2028-ex-seven,CZ,W,pump_open,capex_mn_EUR_per_yr,95.4781476517892
1937,2028-ex-seven,CZ,W,pump,capex_mn_EUR_per_yr,137.73230661258106
1938,2028-ex-seven,CZ,Y,nuclear,opex_mn_EUR,586.5749526359082
1939,2028-ex-seven,CZ,Y,solar,opex_mn_EUR,0.0
1940,2028-ex-seven,CZ,Y,onshore,opex_mn_EUR,0.0
1941,2028-ex-seven,CZ,Y,waste,opex_mn_EUR,45.73341613362353
1942,2028-ex-seven,CZ,Y,gas_ccgt,opex_mn_EUR,410.9629754255195
1943,2028-ex-seven,CZ,Y,gas_chp,opex_mn_EUR,275.3167445442476
1944,2028-ex-seven,CZ,Y,biogas,opex_mn_EUR,99.43699636333712
1945,2028-ex-seven,CZ,Y,lig_sc,opex_mn_EUR,108.86081216610118
1946,2028-ex-seven,CZ,Y,bio,opex_mn_EUR,0.0
1947,2028-ex-seven,CZ,Y,gas_eng_chp,opex_mn_EUR,167.5679084000106
1948,2028-ex-seven,CZ,Y,lig,opex_mn_EUR,90.6497686490292
1949,2028-ex-seven,CZ,Y,lig_ex,opex_mn_EUR,303.9337501980066
1950,2028-ex-seven,CZ,Y,coal,opex_mn_EUR,0.0
1951,2028-ex-seven,CZ,Y,coal_ex,opex_mn_EUR,25.63544515160613
1952,2028-ex-seven,CZ,Y,gas_peak,opex_mn_EUR,5.727311589291544
1953,2028-ex-seven,CZ,Y,lig_old,opex_mn_EUR,0.0
1954,2028-ex-seven,CZ,Y,b_CHP,opex_mn_EUR,-1.4303288196281578e-17
1955,2028-ex-seven,CZ,Y,lig_bp,opex_mn_EUR,367.3988065707048
1956,2028-ex-seven,CZ,Y,coal_bp,opex_mn_EUR,0.0
1957,2028-ex-seven,CZ,Y,dsr,opex_mn_EUR,0.0
1958,2028-ex-seven,CZ,Y,h_ror,opex_mn_EUR,2.27963497679448
1959,2028-ex-seven,CZ,Y,h_dams,opex_mn_EUR,2.447180142857143
1960,2028-ex-seven,CZ,Y,li,opex_mn_EUR,0.4155163600530224
1961,2028-ex-seven,CZ,Y,pump_open,opex_mn_EUR,1.4918628047569888
1962,2028-ex-seven,CZ,Y,pump,opex_mn_EUR,1.965943153488656
1963,2028-ex-seven,CZ,S,nuclear,opex_mn_EUR,284.9058333494021
1964,2028-ex-seven,CZ,S,solar,opex_mn_EUR,0.0
1965,2028-ex-seven,CZ,S,onshore,opex_mn_EUR,0.0
1966,2028-ex-seven,CZ,S,waste,opex_mn_EUR,17.40965404383211
1967,2028-ex-seven,CZ,S,gas_ccgt,opex_mn_EUR,187.7282513570016
1968,2028-ex-seven,CZ,S,gas_chp,opex_mn_EUR,54.73206515409135
1969,2028-ex-seven,CZ,S,biogas,opex_mn_EUR,20.59610744194727
1970,2028-ex-seven,CZ,S,lig_sc,opex_mn_EUR,0.0
1971,2028-ex-seven,CZ,S,bio,opex_mn_EUR,0.0
1972,2028-ex-seven,CZ,S,gas_eng_chp,opex_mn_EUR,62.72688622011682
1973,2028-ex-seven,CZ,S,lig,opex_mn_EUR,0.0
1974,2028-ex-seven,CZ,S,lig_ex,opex_mn_EUR,119.53185786600773
1975,2028-ex-seven,CZ,S,coal,opex_mn_EUR,0.0
1976,2028-ex-seven,CZ,S,coal_ex,opex_mn_EUR,9.53077034856977
1977,2028-ex-seven,CZ,S,gas_peak,opex_mn_EUR,0.0
1978,2028-ex-seven,CZ,S,lig_old,opex_mn_EUR,0.0
1979,2028-ex-seven,CZ,S,b_CHP,opex_mn_EUR,-1.5108567156393954e-17
1980,2028-ex-seven,CZ,S,lig_bp,opex_mn_EUR,60.59473895804041
1981,2028-ex-seven,CZ,S,coal_bp,opex_mn_EUR,0.0
1982,2028-ex-seven,CZ,S,dsr,opex_mn_EUR,0.0
1983,2028-ex-seven,CZ,S,h_ror,opex_mn_EUR,
1984,2028-ex-seven,CZ,S,h_dams,opex_mn_EUR,1.1407035003430572
1985,2028-ex-seven,CZ,S,li,opex_mn_EUR,0.1883405255121135
1986,2028-ex-seven,CZ,S,pump_open,opex_mn_EUR,1.0100100442635325
1987,2028-ex-seven,CZ,S,pump,opex_mn_EUR,1.396856733950824
1988,2028-ex-seven,CZ,W,nuclear,opex_mn_EUR,301.6691192865061
1989,2028-ex-seven,CZ,W,solar,opex_mn_EUR,0.0
1990,2028-ex-seven,CZ,W,onshore,opex_mn_EUR,0.0
1991,2028-ex-seven,CZ,W,waste,opex_mn_EUR,28.32376208979142
1992,2028-ex-seven,CZ,W,gas_ccgt,opex_mn_EUR,223.234724068518
1993,2028-ex-seven,CZ,W,gas_chp,opex_mn_EUR,220.58467939015625
1994,2028-ex-seven,CZ,W,biogas,opex_mn_EUR,78.84088892138986
1995,2028-ex-seven,CZ,W,lig_sc,opex_mn_EUR,108.86081216610118
1996,2028-ex-seven,CZ,W,bio,opex_mn_EUR,0.0
1997,2028-ex-seven,CZ,W,gas_eng_chp,opex_mn_EUR,104.84102217989374
1998,2028-ex-seven,CZ,W,lig,opex_mn_EUR,90.6497686490292
1999,2028-ex-seven,CZ,W,lig_ex,opex_mn_EUR,184.4018923319988
2000,2028-ex-seven,CZ,W,coal,opex_mn_EUR,0.0
2001,2028-ex-seven,CZ,W,coal_ex,opex_mn_EUR,16.104674803036364
2002,2028-ex-seven,CZ,W,gas_peak,opex_mn_EUR,5.727311589291544
2003,2028-ex-seven,CZ,W,lig_old,opex_mn_EUR,0.0
2004,2028-ex-seven,CZ,W,b_CHP,opex_mn_EUR,8.05278960112371e-19
2005,2028-ex-seven,CZ,W,lig_bp,opex_mn_EUR,306.8040676126644
2006,2028-ex-seven,CZ,W,coal_bp,opex_mn_EUR,0.0
2007,2028-ex-seven,CZ,W,dsr,opex_mn_EUR,0.0
2008,2028-ex-seven,CZ,W,h_ror,opex_mn_EUR,1.1995331101278135
2009,2028-ex-seven,CZ,W,h_dams,opex_mn_EUR,1.3064766425140857
2010,2028-ex-seven,CZ,W,li,opex_mn_EUR,0.2271758345409088
2011,2028-ex-seven,CZ,W,pump_open,opex_mn_EUR,0.4818527604934565
2012,2028-ex-seven,CZ,W,pump,opex_mn_EUR,0.569086419537832
2013,2028-ex-seven,CZ,Y,h_ror,wholesale_expenses_mn_EUR,0.0
2014,2028-ex-seven,CZ,Y,h_dams,wholesale_expenses_mn_EUR,0.0
2015,2028-ex-seven,CZ,Y,li,wholesale_expenses_mn_EUR,6.579737956035615
2016,2028-ex-seven,CZ,Y,pump_open,wholesale_expenses_mn_EUR,24.52616888565622
2017,2028-ex-seven,CZ,Y,pump,wholesale_expenses_mn_EUR,34.28831710181206
2018,2028-ex-seven,CZ,Y,IMPORT_EXPORT,wholesale_expenses_mn_EUR,976.3509854738688
2019,2028-ex-seven,CZ,S,h_ror,wholesale_expenses_mn_EUR,0.0
2020,2028-ex-seven,CZ,S,h_dams,wholesale_expenses_mn_EUR,0.0
2021,2028-ex-seven,CZ,S,li,wholesale_expenses_mn_EUR,2.320569434632996
2022,2028-ex-seven,CZ,S,pump_open,wholesale_expenses_mn_EUR,15.31822195150034
2023,2028-ex-seven,CZ,S,pump,wholesale_expenses_mn_EUR,21.86076043872748
2024,2028-ex-seven,CZ,S,IMPORT_EXPORT,wholesale_expenses_mn_EUR,455.8369649888504
2025,2028-ex-seven,CZ,W,h_ror,wholesale_expenses_mn_EUR,0.0
2026,2028-ex-seven,CZ,W,h_dams,wholesale_expenses_mn_EUR,0.0
2027,2028-ex-seven,CZ,W,li,wholesale_expenses_mn_EUR,4.259168521402619
2028,2028-ex-seven,CZ,W,pump_open,wholesale_expenses_mn_EUR,9.207946934155878
2029,2028-ex-seven,CZ,W,pump,wholesale_expenses_mn_EUR,12.427556663084586
2030,2028-ex-seven,CZ,W,IMPORT_EXPORT,wholesale_expenses_mn_EUR,520.5140204850184
2031,2028-ex-seven,CZ,Y,nuclear,wholesale_revenues_mn_EUR,2669.9133306075314
2032,2028-ex-seven,CZ,Y,solar,wholesale_revenues_mn_EUR,472.8882880554117
2033,2028-ex-seven,CZ,Y,onshore,wholesale_revenues_mn_EUR,90.4011283180401
2034,2028-ex-seven,CZ,Y,waste,wholesale_revenues_mn_EUR,118.18153401988272
2035,2028-ex-seven,CZ,Y,gas_ccgt,wholesale_revenues_mn_EUR,474.0915716811135
2036,2028-ex-seven,CZ,Y,gas_chp,wholesale_revenues_mn_EUR,332.46731141094847
2037,2028-ex-seven,CZ,Y,biogas,wholesale_revenues_mn_EUR,110.16691370920584
2038,2028-ex-seven,CZ,Y,lig_sc,wholesale_revenues_mn_EUR,114.7341525002227
2039,2028-ex-seven,CZ,Y,bio,wholesale_revenues_mn_EUR,0.0
2040,2028-ex-seven,CZ,Y,gas_eng_chp,wholesale_revenues_mn_EUR,164.63228583981336
2041,2028-ex-seven,CZ,Y,lig,wholesale_revenues_mn_EUR,92.72689219340944
2042,2028-ex-seven,CZ,Y,lig_ex,wholesale_revenues_mn_EUR,263.6841916923728
2043,2028-ex-seven,CZ,Y,coal,wholesale_revenues_mn_EUR,0.0
2044,2028-ex-seven,CZ,Y,coal_ex,wholesale_revenues_mn_EUR,22.050309081844446
2045,2028-ex-seven,CZ,Y,gas_peak,wholesale_revenues_mn_EUR,5.915927315898811
2046,2028-ex-seven,CZ,Y,lig_old,wholesale_revenues_mn_EUR,0.0
2047,2028-ex-seven,CZ,Y,b_CHP,wholesale_revenues_mn_EUR,-4.254539101005191e-18
2048,2028-ex-seven,CZ,Y,lig_bp,wholesale_revenues_mn_EUR,170.66374043568615
2049,2028-ex-seven,CZ,Y,coal_bp,wholesale_revenues_mn_EUR,0.0
2050,2028-ex-seven,CZ,Y,dsr,wholesale_revenues_mn_EUR,0.0
2051,2028-ex-seven,CZ,Y,h_ror,wholesale_revenues_mn_EUR,106.74836526390912
2052,2028-ex-seven,CZ,Y,h_dams,wholesale_revenues_mn_EUR,84.56094882901736
2053,2028-ex-seven,CZ,Y,li,wholesale_revenues_mn_EUR,9.022889078411652
2054,2028-ex-seven,CZ,Y,pump_open,wholesale_revenues_mn_EUR,39.58365869572556
2055,2028-ex-seven,CZ,Y,pump,wholesale_revenues_mn_EUR,51.55870299258742
2056,2028-ex-seven,CZ,Y,IMPORT_EXPORT,wholesale_revenues_mn_EUR,27.07721703128027
2057,2028-ex-seven,CZ,S,nuclear,wholesale_revenues_mn_EUR,1171.806855411327
2058,2028-ex-seven,CZ,S,solar,wholesale_revenues_mn_EUR,300.96010313393793
2059,2028-ex-seven,CZ,S,onshore,wholesale_revenues_mn_EUR,35.936185145350144
2060,2028-ex-seven,CZ,S,waste,wholesale_revenues_mn_EUR,40.86610283162891
2061,2028-ex-seven,CZ,S,gas_ccgt,wholesale_revenues_mn_EUR,200.098972943932
2062,2028-ex-seven,CZ,S,gas_chp,wholesale_revenues_mn_EUR,58.86207058479717
2063,2028-ex-seven,CZ,S,biogas,wholesale_revenues_mn_EUR,21.05449602166405
2064,2028-ex-seven,CZ,S,lig_sc,wholesale_revenues_mn_EUR,0.0
2065,2028-ex-seven,CZ,S,bio,wholesale_revenues_mn_EUR,0.0
2066,2028-ex-seven,CZ,S,gas_eng_chp,wholesale_revenues_mn_EUR,57.36437676452683
2067,2028-ex-seven,CZ,S,lig,wholesale_revenues_mn_EUR,0.0
2068,2028-ex-seven,CZ,S,lig_ex,wholesale_revenues_mn_EUR,90.48664194414351
2069,2028-ex-seven,CZ,S,coal,wholesale_revenues_mn_EUR,0.0
2070,2028-ex-seven,CZ,S,coal_ex,wholesale_revenues_mn_EUR,7.129261234323866
2071,2028-ex-seven,CZ,S,gas_peak,wholesale_revenues_mn_EUR,0.0
2072,2028-ex-seven,CZ,S,lig_old,wholesale_revenues_mn_EUR,0.0
2073,2028-ex-seven,CZ,S,b_CHP,wholesale_revenues_mn_EUR,-4.254539101005191e-18
2074,2028-ex-seven,CZ,S,lig_bp,wholesale_revenues_mn_EUR,24.69880354419022
2075,2028-ex-seven,CZ,S,coal_bp,wholesale_revenues_mn_EUR,0.0
2076,2028-ex-seven,CZ,S,dsr,wholesale_revenues_mn_EUR,0.0
2077,2028-ex-seven,CZ,S,h_ror,wholesale_revenues_mn_EUR,45.78556715950111
2078,2028-ex-seven,CZ,S,h_dams,wholesale_revenues_mn_EUR,36.1896394170934
2079,2028-ex-seven,CZ,S,li,wholesale_revenues_mn_EUR,3.760141766636683
2080,2028-ex-seven,CZ,S,pump_open,wholesale_revenues_mn_EUR,25.300854178300256
2081,2028-ex-seven,CZ,S,pump,wholesale_revenues_mn_EUR,34.84258496937786
2082,2028-ex-seven,CZ,S,IMPORT_EXPORT,wholesale_revenues_mn_EUR,3.584415691308226
2083,2028-ex-seven,CZ,W,nuclear,wholesale_revenues_mn_EUR,1498.1064751962049
2084,2028-ex-seven,CZ,W,solar,wholesale_revenues_mn_EUR,171.92818492147373
2085,2028-ex-seven,CZ,W,onshore,wholesale_revenues_mn_EUR,54.46494317268994
2086,2028-ex-seven,CZ,W,waste,wholesale_revenues_mn_EUR,77.31543118825383
2087,2028-ex-seven,CZ,W,gas_ccgt,wholesale_revenues_mn_EUR,273.99259873718154
2088,2028-ex-seven,CZ,W,gas_chp,wholesale_revenues_mn_EUR,273.60524082615126
2089,2028-ex-seven,CZ,W,biogas,wholesale_revenues_mn_EUR,89.11241768754178
2090,2028-ex-seven,CZ,W,lig_sc,wholesale_revenues_mn_EUR,114.7341525002227
2091,2028-ex-seven,CZ,W,bio,wholesale_revenues_mn_EUR,0.0
2092,2028-ex-seven,CZ,W,gas_eng_chp,wholesale_revenues_mn_EUR,107.26790907528654
2093,2028-ex-seven,CZ,W,lig,wholesale_revenues_mn_EUR,92.72689219340944
2094,2028-ex-seven,CZ,W,lig_ex,wholesale_revenues_mn_EUR,173.1975497482293
2095,2028-ex-seven,CZ,W,coal,wholesale_revenues_mn_EUR,0.0
2096,2028-ex-seven,CZ,W,coal_ex,wholesale_revenues_mn_EUR,14.921047847520578
2097,2028-ex-seven,CZ,W,gas_peak,wholesale_revenues_mn_EUR,5.915927315898811
2098,2028-ex-seven,CZ,W,lig_old,wholesale_revenues_mn_EUR,0.0
2099,2028-ex-seven,CZ,W,b_CHP,wholesale_revenues_mn_EUR,0.0
2100,2028-ex-seven,CZ,W,lig_bp,wholesale_revenues_mn_EUR,145.9649368914959
2101,2028-ex-seven,CZ,W,coal_bp,wholesale_revenues_mn_EUR,0.0
2102,2028-ex-seven,CZ,W,dsr,wholesale_revenues_mn_EUR,0.0
2103,2028-ex-seven,CZ,W,h_ror,wholesale_revenues_mn_EUR,60.96279810440801
2104,2028-ex-seven,CZ,W,h_dams,wholesale_revenues_mn_EUR,48.37130941192396
2105,2028-ex-seven,CZ,W,li,wholesale_revenues_mn_EUR,5.2627473117749695
2106,2028-ex-seven,CZ,W,pump_open,wholesale_revenues_mn_EUR,14.282804517425305
2107,2028-ex-seven,CZ,W,pump,wholesale_revenues_mn_EUR,16.716118023209557
2108,2028-ex-seven,CZ,W,IMPORT_EXPORT,wholesale_revenues_mn_EUR,23.492801339972047
2109,2028-ex-seven,CZ,Y,TOTAL,avg_consumer_price_EUR_per_MWh,94.26564257881957
2110,2028-ex-seven,CZ,S,TOTAL,avg_consumer_price_EUR_per_MWh,83.75851024086072
2111,2028-ex-seven,CZ,W,TOTAL,avg_consumer_price_EUR_per_MWh,103.22955705222276
2112,2028-ex-seven,CZ,Y,TOTAL,avg_producer_price_EUR_per_MWh,92.95307559644348
2113,2028-ex-seven,CZ,S,TOTAL,avg_producer_price_EUR_per_MWh,81.20899016115337
2114,2028-ex-seven,CZ,W,TOTAL,avg_producer_price_EUR_per_MWh,102.59007597685012
2115,2028-ex-seven,CZ,Y,nuclear,capacity_factor,0.7964817503918005
2116,2028-ex-seven,CZ,Y,solar,capacity_factor,0.1155803651180983
2117,2028-ex-seven,CZ,Y,onshore,capacity_factor,0.2275685157653219
2118,2028-ex-seven,CZ,Y,waste,capacity_factor,0.6666666666665818
2119,2028-ex-seven,CZ,Y,gas_ccgt,capacity_factor,0.891656927144155
2120,2028-ex-seven,CZ,Y,gas_chp,capacity_factor,0.5333333333333313
2121,2028-ex-seven,CZ,Y,biogas,capacity_factor,0.412676840345456
2122,2028-ex-seven,CZ,Y,lig_sc,capacity_factor,0.2736498015800678
2123,2028-ex-seven,CZ,Y,gas_eng_chp,capacity_factor,0.5333333333333671
2124,2028-ex-seven,CZ,Y,lig,capacity_factor,0.0940269392067466
2125,2028-ex-seven,CZ,Y,lig_ex,capacity_factor,0.5333333333333344
2126,2028-ex-seven,CZ,Y,coal_ex,capacity_factor,0.5333333333332845
2127,2028-ex-seven,CZ,Y,gas_peak,capacity_factor,0.0560210430415657
2128,2028-ex-seven,CZ,Y,b_CHP,capacity_factor,-1.2852184170521182e-19
2129,2028-ex-seven,CZ,Y,lig_bp,capacity_factor,0.5333333333333397
2130,2028-ex-seven,CZ,Y,h_ror,capacity_factor,0.3135328955265556
2131,2028-ex-seven,CZ,Y,h_dams,capacity_factor,0.1529055631069936
2132,2028-ex-seven,CZ,Y,li,capacity_factor,0.094866748870553
2133,2028-ex-seven,CZ,Y,pump_open,capacity_factor,0.0905872197583909
2134,2028-ex-seven,CZ,Y,pump,capacity_factor,0.0827517457288028
2135,2028-ex-seven,CZ,Y,TOTAL,capacity_factor,0.3361063042475231
2136,2028-ex-seven,CZ,S,nuclear,capacity_factor,0.7758452989642761
2137,2028-ex-seven,CZ,S,solar,capacity_factor,0.1628443259893839
2138,2028-ex-seven,CZ,S,onshore,capacity_factor,0.2003858243334181
2139,2028-ex-seven,CZ,S,waste,capacity_factor,0.4891402956416784
2140,2028-ex-seven,CZ,S,gas_ccgt,capacity_factor,0.8065774232556602
2141,2028-ex-seven,CZ,S,gas_chp,capacity_factor,0.249944262949135
2142,2028-ex-seven,CZ,S,biogas,capacity_factor,0.1703060418024849
2143,2028-ex-seven,CZ,S,lig_sc,capacity_factor,0.0
2144,2028-ex-seven,CZ,S,gas_eng_chp,capacity_factor,0.4003898737330408
2145,2028-ex-seven,CZ,S,lig,capacity_factor,0.0
2146,2028-ex-seven,CZ,S,lig_ex,capacity_factor,0.4438962453698925
2147,2028-ex-seven,CZ,S,coal_ex,capacity_factor,0.4221062714666818
2148,2028-ex-seven,CZ,S,gas_peak,capacity_factor,0.0
2149,2028-ex-seven,CZ,S,b_CHP,capacity_factor,-2.7226123288493243e-19
2150,2028-ex-seven,CZ,S,lig_bp,capacity_factor,0.1729786581787735
2151,2028-ex-seven,CZ,S,h_ror,capacity_factor,0.2979229739470703
2152,2028-ex-seven,CZ,S,h_dams,capacity_factor,0.1429392822987725
2153,2028-ex-seven,CZ,S,li,capacity_factor,0.0862365043553633
2154,2028-ex-seven,CZ,S,pump_open,capacity_factor,0.122994364754249
2155,2028-ex-seven,CZ,S,pump,capacity_factor,0.1179178496762813
2156,2028-ex-seven,CZ,S,TOTAL,capacity_factor,1.3481186928609443
2157,2028-ex-seven,CZ,W,nuclear,capacity_factor,0.8170054343251856
2158,2028-ex-seven,CZ,W,solar,capacity_factor,0.0685746772570383
2159,2028-ex-seven,CZ,W,onshore,capacity_factor,0.2546026678997836
2160,2028-ex-seven,CZ,W,waste,capacity_factor,0.8432229482323329
2161,2028-ex-seven,CZ,W,gas_ccgt,capacity_factor,0.9762715157108556
2162,2028-ex-seven,CZ,W,gas_chp,capacity_factor,0.8151738295624226
2163,2028-ex-seven,CZ,W,biogas,capacity_factor,0.6537232082952962
2164,2028-ex-seven,CZ,W,lig_sc,capacity_factor,0.5458042490531407
2165,2028-ex-seven,CZ,W,gas_eng_chp,capacity_factor,0.6655503259413417
2166,2028-ex-seven,CZ,W,lig,capacity_factor,0.1875400700025275
2167,2028-ex-seven,CZ,W,lig_ex,capacity_factor,0.6222816940401457
2168,2028-ex-seven,CZ,W,coal_ex,capacity_factor,0.6439525970476109
2169,2028-ex-seven,CZ,W,gas_peak,capacity_factor,0.1117359601648716
2170,2028-ex-seven,CZ,W,b_CHP,capacity_factor,1.4432088320521134e-20
2171,2028-ex-seven,CZ,W,lig_bp,capacity_factor,0.8917188572575528
2172,2028-ex-seven,CZ,W,h_ror,capacity_factor,0.3290575169881202
2173,2028-ex-seven,CZ,W,h_dams,capacity_factor,0.1628173833643502
2174,2028-ex-seven,CZ,W,li,capacity_factor,0.1034498335796488
2175,2028-ex-seven,CZ,W,pump_open,capacity_factor,0.0583571629865539
2176,2028-ex-seven,CZ,W,pump,capacity_factor,0.0477778062837695
2177,2028-ex-seven,CZ,W,TOTAL,capacity_factor,1.3407519240474968
2178,2028-ex-seven,CZ,Y,li,capacity_factor_charging,0.0091718950026403
2179,2028-ex-seven,CZ,Y,pump_open,capacity_factor_charging,0.1240118955127726
2180,2028-ex-seven,CZ,Y,pump,capacity_factor_charging,0.1173562659055562
2181,2028-ex-seven,CZ,S,li,capacity_factor_charging,0.0087189242453598
2182,2028-ex-seven,CZ,S,pump_open,capacity_factor_charging,0.1757865093041722
2183,2028-ex-seven,CZ,S,pump,capacity_factor_charging,0.1688165148253493
2184,2028-ex-seven,CZ,W,li,capacity_factor_charging,0.0096223905098811
2185,2028-ex-seven,CZ,W,pump_open,capacity_factor_charging,0.0725202031082112
2186,2028-ex-seven,CZ,W,pump,capacity_factor_charging,0.0661772205317728
2187,2028-ex-seven,CZ,Y,nuclear,emissions_MtCO2,0.0
2188,2028-ex-seven,CZ,Y,solar,emissions_MtCO2,0.0
2189,2028-ex-seven,CZ,Y,onshore,emissions_MtCO2,0.0
2190,2028-ex-seven,CZ,Y,waste,emissions_MtCO2,0.0
2191,2028-ex-seven,CZ,Y,gas_ccgt,emissions_MtCO2,1.8945373560664176
2192,2028-ex-seven,CZ,Y,gas_chp,emissions_MtCO2,1.4030015999999943
2193,2028-ex-seven,CZ,Y,biogas,emissions_MtCO2,0.0
2194,2028-ex-seven,CZ,Y,lig_sc,emissions_MtCO2,0.9713564997749872
2195,2028-ex-seven,CZ,Y,bio,emissions_MtCO2,0.0
2196,2028-ex-seven,CZ,Y,gas_eng_chp,emissions_MtCO2,0.7567472000000478
2197,2028-ex-seven,CZ,Y,lig,emissions_MtCO2,0.7991304430250579
2198,2028-ex-seven,CZ,Y,lig_ex,emissions_MtCO2,6.478475520000014
2199,2028-ex-seven,CZ,Y,coal,emissions_MtCO2,0.0
2200,2028-ex-seven,CZ,Y,coal_ex,emissions_MtCO2,0.4539064780799585
2201,2028-ex-seven,CZ,Y,gas_peak,emissions_MtCO2,0.0259801278891997
2202,2028-ex-seven,CZ,Y,lig_old,emissions_MtCO2,0.0
2203,2028-ex-seven,CZ,Y,b_CHP,emissions_MtCO2,-0.0
2204,2028-ex-seven,CZ,Y,lig_bp,emissions_MtCO2,3.3487027200000394
2205,2028-ex-seven,CZ,Y,coal_bp,emissions_MtCO2,0.0
2206,2028-ex-seven,CZ,Y,dsr,emissions_MtCO2,0.0
2207,2028-ex-seven,CZ,Y,eens,emissions_MtCO2,0.0
2208,2028-ex-seven,CZ,Y,h_ror,emissions_MtCO2,0.0
2209,2028-ex-seven,CZ,Y,h_dams,emissions_MtCO2,0.0
2210,2028-ex-seven,CZ,Y,li,emissions_MtCO2,0.0
2211,2028-ex-seven,CZ,Y,pump_open,emissions_MtCO2,0.0
2212,2028-ex-seven,CZ,Y,pump,emissions_MtCO2,0.0
2213,2028-ex-seven,CZ,Y,TOTAL,emissions_MtCO2,16.131837944835716
2214,2028-ex-seven,CZ,S,nuclear,emissions_MtCO2,0.0
2215,2028-ex-seven,CZ,S,solar,emissions_MtCO2,0.0
2216,2028-ex-seven,CZ,S,onshore,emissions_MtCO2,0.0
2217,2028-ex-seven,CZ,S,waste,emissions_MtCO2,0.0
2218,2028-ex-seven,CZ,S,gas_ccgt,emissions_MtCO2,0.8545352263185645
2219,2028-ex-seven,CZ,S,gas_chp,emissions_MtCO2,0.3278544891307151
2220,2028-ex-seven,CZ,S,biogas,emissions_MtCO2,0.0
2221,2028-ex-seven,CZ,S,lig_sc,emissions_MtCO2,0.0
2222,2028-ex-seven,CZ,S,bio,emissions_MtCO2,0.0
2223,2028-ex-seven,CZ,S,gas_eng_chp,emissions_MtCO2,0.2832785583172677
2224,2028-ex-seven,CZ,S,lig,emissions_MtCO2,0.0
2225,2028-ex-seven,CZ,S,lig_ex,emissions_MtCO2,2.6886488760969587
2226,2028-ex-seven,CZ,S,coal,emissions_MtCO2,0.0
2227,2028-ex-seven,CZ,S,coal_ex,emissions_MtCO2,0.1791298578717112
2228,2028-ex-seven,CZ,S,gas_peak,emissions_MtCO2,0.0
2229,2028-ex-seven,CZ,S,lig_old,emissions_MtCO2,0.0
2230,2028-ex-seven,CZ,S,b_CHP,emissions_MtCO2,-0.0
2231,2028-ex-seven,CZ,S,lig_bp,emissions_MtCO2,0.5415629115021988
2232,2028-ex-seven,CZ,S,coal_bp,emissions_MtCO2,0.0
2233,2028-ex-seven,CZ,S,dsr,emissions_MtCO2,0.0
2234,2028-ex-seven,CZ,S,eens,emissions_MtCO2,0.0
2235,2028-ex-seven,CZ,S,h_ror,emissions_MtCO2,0.0
2236,2028-ex-seven,CZ,S,h_dams,emissions_MtCO2,0.0
2237,2028-ex-seven,CZ,S,li,emissions_MtCO2,0.0
2238,2028-ex-seven,CZ,S,pump_open,emissions_MtCO2,0.0
2239,2028-ex-seven,CZ,S,pump,emissions_MtCO2,0.0
2240,2028-ex-seven,CZ,S,TOTAL,emissions_MtCO2,32.26367588967143
2241,2028-ex-seven,CZ,W,nuclear,emissions_MtCO2,0.0
2242,2028-ex-seven,CZ,W,solar,emissions_MtCO2,0.0
2243,2028-ex-seven,CZ,W,onshore,emissions_MtCO2,0.0
2244,2028-ex-seven,CZ,W,waste,emissions_MtCO2,0.0
2245,2028-ex-seven,CZ,W,gas_ccgt,emissions_MtCO2,1.0400021297478537
2246,2028-ex-seven,CZ,W,gas_chp,emissions_MtCO2,1.0751471108692794
2247,2028-ex-seven,CZ,W,biogas,emissions_MtCO2,0.0
2248,2028-ex-seven,CZ,W,lig_sc,emissions_MtCO2,0.9713564997749872
2249,2028-ex-seven,CZ,W,bio,emissions_MtCO2,0.0
2250,2028-ex-seven,CZ,W,gas_eng_chp,emissions_MtCO2,0.4734686416827799
2251,2028-ex-seven,CZ,W,lig,emissions_MtCO2,0.7991304430250579
2252,2028-ex-seven,CZ,W,lig_ex,emissions_MtCO2,3.789826643903055
2253,2028-ex-seven,CZ,W,coal,emissions_MtCO2,0.0
2254,2028-ex-seven,CZ,W,coal_ex,emissions_MtCO2,0.2747766202082472
2255,2028-ex-seven,CZ,W,gas_peak,emissions_MtCO2,0.0259801278891997
2256,2028-ex-seven,CZ,W,lig_old,emissions_MtCO2,0.0
2257,2028-ex-seven,CZ,W,b_CHP,emissions_MtCO2,0.0
2258,2028-ex-seven,CZ,W,lig_bp,emissions_MtCO2,2.8071398084978405
2259,2028-ex-seven,CZ,W,coal_bp,emissions_MtCO2,0.0
2260,2028-ex-seven,CZ,W,dsr,emissions_MtCO2,0.0
2261,2028-ex-seven,CZ,W,eens,emissions_MtCO2,0.0
2262,2028-ex-seven,CZ,W,h_ror,emissions_MtCO2,0.0
2263,2028-ex-seven,CZ,W,h_dams,emissions_MtCO2,0.0
2264,2028-ex-seven,CZ,W,li,emissions_MtCO2,0.0
2265,2028-ex-seven,CZ,W,pump_open,emissions_MtCO2,0.0
2266,2028-ex-seven,CZ,W,pump,emissions_MtCO2,0.0
2267,2028-ex-seven,CZ,W,TOTAL,emissions_MtCO2,32.26367588967143
2268,2028-ex-seven,CZ,Y,nuclear,power_share_high_value,0.9736869971251544
2269,2028-ex-seven,CZ,Y,solar,power_share_high_value,0.859916113022058
2270,2028-ex-seven,CZ,Y,onshore,power_share_high_value,0.9769400080004907
2271,2028-ex-seven,CZ,S,nuclear,power_share_high_value,0.95266735385382
2272,2028-ex-seven,CZ,S,solar,power_share_high_value,0.8255888533705309
2273,2028-ex-seven,CZ,S,onshore,power_share_high_value,0.9580960044164342
2274,2028-ex-seven,CZ,W,nuclear,power_share_high_value,0.993538611360946
2275,2028-ex-seven,CZ,W,solar,power_share_high_value,0.940987628605498
2276,2028-ex-seven,CZ,W,onshore,power_share_high_value,0.9916901948469335
2277,2028-ex-seven,CZ,Y,nuclear,power_share_low_value,0.0261895108796199
2278,2028-ex-seven,CZ,Y,solar,power_share_low_value,0.1393753575711899
2279,2028-ex-seven,CZ,Y,onshore,power_share_low_value,0.0230599302105318
2280,2028-ex-seven,CZ,S,nuclear,power_share_low_value,0.0473326461461801
2281,2028-ex-seven,CZ,S,solar,power_share_low_value,0.1744111466294692
2282,2028-ex-seven,CZ,S,onshore,power_share_low_value,0.0419039955835659
2283,2028-ex-seven,CZ,W,nuclear,power_share_low_value,0.0062212669075963
2284,2028-ex-seven,CZ,W,solar,power_share_low_value,0.0566304910292419
2285,2028-ex-seven,CZ,W,onshore,power_share_low_value,0.0083096949986255
2286,2028-ex-seven,CZ,Y,nuclear,power_share_zero_value,0.0001234919952254
2287,2028-ex-seven,CZ,Y,solar,power_share_zero_value,0.0007085294067521
2288,2028-ex-seven,CZ,Y,onshore,power_share_zero_value,6.178897752255471e-08
2289,2028-ex-seven,CZ,S,nuclear,power_share_zero_value,0.0
2290,2028-ex-seven,CZ,S,solar,power_share_zero_value,0.0
2291,2028-ex-seven,CZ,S,onshore,power_share_zero_value,0.0
2292,2028-ex-seven,CZ,W,nuclear,power_share_zero_value,0.0002401217314574
2293,2028-ex-seven,CZ,W,solar,power_share_zero_value,0.0023818803652601
2294,2028-ex-seven,CZ,W,onshore,power_share_zero_value,1.1015444080868253e-07
2295,2028-ex-seven-suas,CZ,Y,nuclear,capacity_GW,4.099
2296,2028-ex-seven-suas,CZ,Y,solar,capacity_GW,7.0
2297,2028-ex-seven-suas,CZ,Y,onshore,capacity_GW,0.5
2298,2028-ex-seven-suas,CZ,Y,waste,capacity_GW,0.19575
2299,2028-ex-seven-suas,CZ,Y,gas_ccgt,capacity_GW,0.6174
2300,2028-ex-seven-suas,CZ,Y,gas_chp,capacity_GW,0.7644
2301,2028-ex-seven-suas,CZ,Y,biogas,capacity_GW,0.279
2302,2028-ex-seven-suas,CZ,Y,lig_sc,capacity_GW,0.4356
2303,2028-ex-seven-suas,CZ,Y,bio,capacity_GW,0.0
2304,2028-ex-seven-suas,CZ,Y,gas_eng_chp,capacity_GW,0.3313124999999999
2305,2028-ex-seven-suas,CZ,Y,lig,capacity_GW,0.8632799999999999
2306,2028-ex-seven-suas,CZ,Y,lig_ex,capacity_GW,1.15368
2307,2028-ex-seven-suas,CZ,Y,coal,capacity_GW,0.0
2308,2028-ex-seven-suas,CZ,Y,coal_ex,capacity_GW,0.11484
2309,2028-ex-seven-suas,CZ,Y,gas_peak,capacity_GW,0.096255
2310,2028-ex-seven-suas,CZ,Y,lig_old,capacity_GW,0.0
2311,2028-ex-seven-suas,CZ,Y,b_CHP,capacity_GW,0.20925
2312,2028-ex-seven-suas,CZ,Y,lig_bp,capacity_GW,0.3497999999999999
2313,2028-ex-seven-suas,CZ,Y,coal_bp,capacity_GW,0.0
2314,2028-ex-seven-suas,CZ,Y,dsr,capacity_GW,0.0
2315,2028-ex-seven-suas,CZ,Y,h_ror,capacity_GW,0.415
2316,2028-ex-seven-suas,CZ,Y,h_dams,capacity_GW,0.609
2317,2028-ex-seven-suas,CZ,Y,li,capacity_GW,0.1
2318,2028-ex-seven-suas,CZ,Y,pump_open,capacity_GW,0.47
2319,2028-ex-seven-suas,CZ,Y,pump,capacity_GW,0.678
2320,2028-ex-seven-suas,CZ,Y,TOTAL,capacity_GW,19.2815675
2321,2028-ex-seven-suas,CZ,Y,h_ror,capacity_charging_GW,0.0
2322,2028-ex-seven-suas,CZ,Y,h_dams,capacity_charging_GW,0.0
2323,2028-ex-seven-suas,CZ,Y,li,capacity_charging_GW,1.25599
2324,2028-ex-seven-suas,CZ,Y,pump_open,capacity_charging_GW,0.44
2325,2028-ex-seven-suas,CZ,Y,pump,capacity_charging_GW,0.664
2326,2028-ex-seven-suas,CZ,Y,nuclear,capacity_paid_off_GW,0.0
2327,2028-ex-seven-suas,CZ,Y,solar,capacity_paid_off_GW,0.0
2328,2028-ex-seven-suas,CZ,Y,onshore,capacity_paid_off_GW,0.0
2329,2028-ex-seven-suas,CZ,Y,waste,capacity_paid_off_GW,0.0
2330,2028-ex-seven-suas,CZ,Y,gas_ccgt,capacity_paid_off_GW,0.0
2331,2028-ex-seven-suas,CZ,Y,gas_chp,capacity_paid_off_GW,0.0
2332,2028-ex-seven-suas,CZ,Y,biogas,capacity_paid_off_GW,0.0
2333,2028-ex-seven-suas,CZ,Y,lig_sc,capacity_paid_off_GW,0.0
2334,2028-ex-seven-suas,CZ,Y,bio,capacity_paid_off_GW,0.0
2335,2028-ex-seven-suas,CZ,Y,gas_eng_chp,capacity_paid_off_GW,0.0
2336,2028-ex-seven-suas,CZ,Y,lig,capacity_paid_off_GW,0.0
2337,2028-ex-seven-suas,CZ,Y,lig_ex,capacity_paid_off_GW,0.0
2338,2028-ex-seven-suas,CZ,Y,coal,capacity_paid_off_GW,0.0
2339,2028-ex-seven-suas,CZ,Y,coal_ex,capacity_paid_off_GW,0.0
2340,2028-ex-seven-suas,CZ,Y,gas_peak,capacity_paid_off_GW,0.0
2341,2028-ex-seven-suas,CZ,Y,lig_old,capacity_paid_off_GW,0.0
2342,2028-ex-seven-suas,CZ,Y,b_CHP,capacity_paid_off_GW,0.0
2343,2028-ex-seven-suas,CZ,Y,lig_bp,capacity_paid_off_GW,0.0
2344,2028-ex-seven-suas,CZ,Y,coal_bp,capacity_paid_off_GW,0.0
2345,2028-ex-seven-suas,CZ,Y,dsr,capacity_paid_off_GW,0.0
2346,2028-ex-seven-suas,CZ,Y,h_ror,capacity_paid_off_GW,0.0
2347,2028-ex-seven-suas,CZ,Y,h_dams,capacity_paid_off_GW,0.0
2348,2028-ex-seven-suas,CZ,Y,li,capacity_paid_off_GW,0.0
2349,2028-ex-seven-suas,CZ,Y,pump_open,capacity_paid_off_GW,0.0
2350,2028-ex-seven-suas,CZ,Y,pump,capacity_paid_off_GW,0.0
2351,2028-ex-seven-suas,CZ,Y,h_ror,capacity_charging_paid_off_GW,0.0
2352,2028-ex-seven-suas,CZ,Y,h_dams,capacity_charging_paid_off_GW,0.0
2353,2028-ex-seven-suas,CZ,Y,li,capacity_charging_paid_off_GW,0.0
2354,2028-ex-seven-suas,CZ,Y,pump_open,capacity_charging_paid_off_GW,0.0
2355,2028-ex-seven-suas,CZ,Y,pump,capacity_charging_paid_off_GW,0.0
2356,2028-ex-seven-suas,CZ,Y,TOTAL,load_TWh,66.590984337
2357,2028-ex-seven-suas,CZ,S,TOTAL,load_TWh,30.656589452
2358,2028-ex-seven-suas,CZ,W,TOTAL,load_TWh,35.934394885
2359,2028-ex-seven-suas,CZ,Y,TOTAL,import_TWh,14.473774569021275
2360,2028-ex-seven-suas,CZ,S,TOTAL,import_TWh,7.272523667089478
2361,2028-ex-seven-suas,CZ,W,TOTAL,import_TWh,7.201250901931796
2362,2028-ex-seven-suas,CZ,Y,TOTAL,export_TWh,3.188952316974281
2363,2028-ex-seven-suas,CZ,S,TOTAL,export_TWh,1.7210757100495788
2364,2028-ex-seven-suas,CZ,W,TOTAL,export_TWh,1.467876606924703
2365,2028-ex-seven-suas,CZ,Y,TOTAL,net_import_TWh,11.284822252046991
2366,2028-ex-seven-suas,CZ,S,TOTAL,net_import_TWh,5.551447957039899
2367,2028-ex-seven-suas,CZ,W,TOTAL,net_import_TWh,5.733374295007093
2368,2028-ex-seven-suas,CZ,Y,TOTAL,curtailment_TWh,3.109358490511841e-05
2369,2028-ex-seven-suas,CZ,S,TOTAL,curtailment_TWh,8.694769348949194e-16
2370,2028-ex-seven-suas,CZ,W,TOTAL,curtailment_TWh,3.109358490424893e-05
2371,2028-ex-seven-suas,CZ,Y,nuclear,production_TWh,28.59946136693848
2372,2028-ex-seven-suas,CZ,Y,solar,production_TWh,7.087387989041789
2373,2028-ex-seven-suas,CZ,Y,onshore,production_TWh,0.99675009905211
2374,2028-ex-seven-suas,CZ,Y,waste,production_TWh,1.143179999999854
2375,2028-ex-seven-suas,CZ,Y,gas_ccgt,production_TWh,4.825320531120696
2376,2028-ex-seven-suas,CZ,Y,gas_chp,production_TWh,2.4120689050342747
2377,2028-ex-seven-suas,CZ,Y,biogas,production_TWh,1.0765162156515586
2378,2028-ex-seven-suas,CZ,Y,lig_sc,production_TWh,1.1132995574841804
2379,2028-ex-seven-suas,CZ,Y,bio,production_TWh,0.0
2380,2028-ex-seven-suas,CZ,Y,gas_eng_chp,production_TWh,1.5478920000001042
2381,2028-ex-seven-suas,CZ,Y,lig,production_TWh,0.7877266430670488
2382,2028-ex-seven-suas,CZ,Y,lig_ex,production_TWh,2.1623468504889773
2383,2028-ex-seven-suas,CZ,Y,coal,production_TWh,0.0
2384,2028-ex-seven-suas,CZ,Y,coal_ex,production_TWh,0.2153766355941546
2385,2028-ex-seven-suas,CZ,Y,gas_peak,production_TWh,0.0557859779707142
2386,2028-ex-seven-suas,CZ,Y,lig_old,production_TWh,0.0
2387,2028-ex-seven-suas,CZ,Y,b_CHP,production_TWh,0.0083422086888888
2388,2028-ex-seven-suas,CZ,Y,lig_bp,production_TWh,1.63426560000005
2389,2028-ex-seven-suas,CZ,Y,coal_bp,production_TWh,0.0
2390,2028-ex-seven-suas,CZ,Y,dsr,production_TWh,0.0
2391,2028-ex-seven-suas,CZ,Y,eens,production_TWh,-3.1936370030908407e-18
2392,2028-ex-seven-suas,CZ,Y,h_ror,production_TWh,1.1397516083333334
2393,2028-ex-seven-suas,CZ,Y,h_dams,production_TWh,0.8157267142857143
2394,2028-ex-seven-suas,CZ,Y,li,production_TWh,0.084324329365877
2395,2028-ex-seven-suas,CZ,Y,pump_open,production_TWh,0.3753943103299453
2396,2028-ex-seven-suas,CZ,Y,pump,production_TWh,0.4912768958991579
2397,2028-ex-seven-suas,CZ,Y,TOTAL,production_TWh,56.5721944383469
2398,2028-ex-seven-suas,CZ,S,nuclear,production_TWh,13.891069397825554
2399,2028-ex-seven-suas,CZ,S,solar,production_TWh,4.979128111451403
2400,2028-ex-seven-suas,CZ,S,onshore,production_TWh,0.4376426403441852
2401,2028-ex-seven-suas,CZ,S,waste,production_TWh,0.417652243310867
2402,2028-ex-seven-suas,CZ,S,gas_ccgt,production_TWh,2.178591112348281
2403,2028-ex-seven-suas,CZ,S,gas_chp,production_TWh,0.3826941069910929
2404,2028-ex-seven-suas,CZ,S,biogas,production_TWh,0.2431443989295027
2405,2028-ex-seven-suas,CZ,S,lig_sc,production_TWh,0.0
2406,2028-ex-seven-suas,CZ,S,bio,production_TWh,0.0
2407,2028-ex-seven-suas,CZ,S,gas_eng_chp,production_TWh,0.4995727135230325
2408,2028-ex-seven-suas,CZ,S,lig,production_TWh,0.0
2409,2028-ex-seven-suas,CZ,S,lig_ex,production_TWh,1.0246797087439437
2410,2028-ex-seven-suas,CZ,S,coal,production_TWh,0.0
2411,2028-ex-seven-suas,CZ,S,coal_ex,production_TWh,0.1105339584039367
2412,2028-ex-seven-suas,CZ,S,gas_peak,production_TWh,0.0
2413,2028-ex-seven-suas,CZ,S,lig_old,production_TWh,0.0
2414,2028-ex-seven-suas,CZ,S,b_CHP,production_TWh,1.2554999999999916e-05
2415,2028-ex-seven-suas,CZ,S,lig_bp,production_TWh,0.2591373501138312
2416,2028-ex-seven-suas,CZ,S,coal_bp,production_TWh,0.0
2417,2028-ex-seven-suas,CZ,S,dsr,production_TWh,0.0
2418,2028-ex-seven-suas,CZ,S,eens,production_TWh,-3.1936370030908407e-18
2419,2028-ex-seven-suas,CZ,S,h_ror,production_TWh,0.5400509333333333
2420,2028-ex-seven-suas,CZ,S,h_dams,production_TWh,0.3800775434797973
2421,2028-ex-seven-suas,CZ,S,li,production_TWh,0.0379246456401047
2422,2028-ex-seven-suas,CZ,S,pump_open,production_TWh,0.2580493408217914
2423,2028-ex-seven-suas,CZ,S,pump,production_TWh,0.3522191926906869
2424,2028-ex-seven-suas,CZ,S,TOTAL,production_TWh,113.1443888766938
2425,2028-ex-seven-suas,CZ,W,nuclear,production_TWh,14.708391969112927
2426,2028-ex-seven-suas,CZ,W,solar,production_TWh,2.1082598775903856
2427,2028-ex-seven-suas,CZ,W,onshore,production_TWh,0.5591074587079247
2428,2028-ex-seven-suas,CZ,W,waste,production_TWh,0.725527756688987
2429,2028-ex-seven-suas,CZ,W,gas_ccgt,production_TWh,2.646729418772414
2430,2028-ex-seven-suas,CZ,W,gas_chp,production_TWh,2.029374798043182
2431,2028-ex-seven-suas,CZ,W,biogas,production_TWh,0.833371816722056
2432,2028-ex-seven-suas,CZ,W,lig_sc,production_TWh,1.1132995574841802
2433,2028-ex-seven-suas,CZ,W,bio,production_TWh,0.0
2434,2028-ex-seven-suas,CZ,W,gas_eng_chp,production_TWh,1.0483192864770712
2435,2028-ex-seven-suas,CZ,W,lig,production_TWh,0.7877266430670486
2436,2028-ex-seven-suas,CZ,W,lig_ex,production_TWh,1.137667141745034
2437,2028-ex-seven-suas,CZ,W,coal,production_TWh,0.0
2438,2028-ex-seven-suas,CZ,W,coal_ex,production_TWh,0.1048426771902178
2439,2028-ex-seven-suas,CZ,W,gas_peak,production_TWh,0.0557859779707142
2440,2028-ex-seven-suas,CZ,W,lig_old,production_TWh,0.0
2441,2028-ex-seven-suas,CZ,W,b_CHP,production_TWh,0.0083296536888888
2442,2028-ex-seven-suas,CZ,W,lig_bp,production_TWh,1.3751282498862187
2443,2028-ex-seven-suas,CZ,W,coal_bp,production_TWh,0.0
2444,2028-ex-seven-suas,CZ,W,dsr,production_TWh,0.0
2445,2028-ex-seven-suas,CZ,W,eens,production_TWh,0.0
2446,2028-ex-seven-suas,CZ,W,h_ror,production_TWh,0.599700675
2447,2028-ex-seven-suas,CZ,W,h_dams,production_TWh,0.4356491708059171
2448,2028-ex-seven-suas,CZ,W,li,production_TWh,0.0463996837257722
2449,2028-ex-seven-suas,CZ,W,pump_open,production_TWh,0.1173449695081538
2450,2028-ex-seven-suas,CZ,W,pump,production_TWh,0.139057703208471
2451,2028-ex-seven-suas,CZ,W,TOTAL,production_TWh,113.1443888766938
2452,2028-ex-seven-suas,CZ,Y,gas_chp,production_el_eq_TWh,3.5712768000000543
2453,2028-ex-seven-suas,CZ,Y,gas_eng_chp,production_el_eq_TWh,1.5478920000001042
2454,2028-ex-seven-suas,CZ,Y,lig_ex,production_el_eq_TWh,5.389992960000357
2455,2028-ex-seven-suas,CZ,Y,coal_ex,production_el_eq_TWh,0.5365324799999864
2456,2028-ex-seven-suas,CZ,Y,b_CHP,production_el_eq_TWh,0.0208555217222222
2457,2028-ex-seven-suas,CZ,Y,lig_bp,production_el_eq_TWh,1.63426560000005
2458,2028-ex-seven-suas,CZ,Y,coal_bp,production_el_eq_TWh,0.0
2459,2028-ex-seven-suas,CZ,Y,eens,production_el_eq_TWh,0.0
2460,2028-ex-seven-suas,CZ,S,gas_chp,production_el_eq_TWh,0.7039903969657403
2461,2028-ex-seven-suas,CZ,S,gas_eng_chp,production_el_eq_TWh,0.4995727135230325
2462,2028-ex-seven-suas,CZ,S,lig_ex,production_el_eq_TWh,2.561607220668817
2463,2028-ex-seven-suas,CZ,S,coal_ex,production_el_eq_TWh,0.2763348960098419
2464,2028-ex-seven-suas,CZ,S,b_CHP,production_el_eq_TWh,3.138749999999979e-05
2465,2028-ex-seven-suas,CZ,S,lig_bp,production_el_eq_TWh,0.2591373501138312
2466,2028-ex-seven-suas,CZ,S,coal_bp,production_el_eq_TWh,0.0
2467,2028-ex-seven-suas,CZ,S,eens,production_el_eq_TWh,0.0
2468,2028-ex-seven-suas,CZ,W,gas_chp,production_el_eq_TWh,2.867286403034314
2469,2028-ex-seven-suas,CZ,W,gas_eng_chp,production_el_eq_TWh,1.0483192864770712
2470,2028-ex-seven-suas,CZ,W,lig_ex,production_el_eq_TWh,2.8283857393315395
2471,2028-ex-seven-suas,CZ,W,coal_ex,production_el_eq_TWh,0.2601975839901444
2472,2028-ex-seven-suas,CZ,W,b_CHP,production_el_eq_TWh,0.0208241342222222
2473,2028-ex-seven-suas,CZ,W,lig_bp,production_el_eq_TWh,1.3751282498862187
2474,2028-ex-seven-suas,CZ,W,coal_bp,production_el_eq_TWh,0.0
2475,2028-ex-seven-suas,CZ,W,eens,production_el_eq_TWh,0.0
2476,2028-ex-seven-suas,CZ,Y,solar,production_used_TWh,7.087387989041789
2477,2028-ex-seven-suas,CZ,Y,onshore,production_used_TWh,0.99675009905211
2478,2028-ex-seven-suas,CZ,S,solar,production_used_TWh,4.979128111451403
2479,2028-ex-seven-suas,CZ,S,onshore,production_used_TWh,0.4376426403441852
2480,2028-ex-seven-suas,CZ,W,solar,production_used_TWh,2.1082598775903856
2481,2028-ex-seven-suas,CZ,W,onshore,production_used_TWh,0.5591074587079247
2482,2028-ex-seven-suas,CZ,Y,solar,production_excess_TWh,0.0
2483,2028-ex-seven-suas,CZ,Y,onshore,production_excess_TWh,0.0
2484,2028-ex-seven-suas,CZ,S,solar,production_excess_TWh,0.0
2485,2028-ex-seven-suas,CZ,S,onshore,production_excess_TWh,0.0
2486,2028-ex-seven-suas,CZ,W,solar,production_excess_TWh,0.0
2487,2028-ex-seven-suas,CZ,W,onshore,production_excess_TWh,0.0
2488,2028-ex-seven-suas,CZ,Y,h_ror,discharged_TWh,1.1397516083333334
2489,2028-ex-seven-suas,CZ,Y,h_dams,discharged_TWh,0.8157267142857143
2490,2028-ex-seven-suas,CZ,Y,li,discharged_TWh,0.084324329365877
2491,2028-ex-seven-suas,CZ,Y,pump_open,discharged_TWh,0.3753943103299453
2492,2028-ex-seven-suas,CZ,Y,pump,discharged_TWh,0.4912768958991579
2493,2028-ex-seven-suas,CZ,Y,TOTAL,discharged_TWh,2.906473858214028
2494,2028-ex-seven-suas,CZ,S,h_ror,discharged_TWh,0.5400509333333333
2495,2028-ex-seven-suas,CZ,S,h_dams,discharged_TWh,0.3800775434797973
2496,2028-ex-seven-suas,CZ,S,li,discharged_TWh,0.0379246456401047
2497,2028-ex-seven-suas,CZ,S,pump_open,discharged_TWh,0.2580493408217914
2498,2028-ex-seven-suas,CZ,S,pump,discharged_TWh,0.3522191926906869
2499,2028-ex-seven-suas,CZ,S,TOTAL,discharged_TWh,5.812947716428056
2500,2028-ex-seven-suas,CZ,W,h_ror,discharged_TWh,0.599700675
2501,2028-ex-seven-suas,CZ,W,h_dams,discharged_TWh,0.4356491708059171
2502,2028-ex-seven-suas,CZ,W,li,discharged_TWh,0.0463996837257722
2503,2028-ex-seven-suas,CZ,W,pump_open,discharged_TWh,0.1173449695081538
2504,2028-ex-seven-suas,CZ,W,pump,discharged_TWh,0.139057703208471
2505,2028-ex-seven-suas,CZ,W,TOTAL,discharged_TWh,5.812947716428056
2506,2028-ex-seven-suas,CZ,Y,h_ror,charged_TWh,0.0
2507,2028-ex-seven-suas,CZ,Y,h_dams,charged_TWh,0.0
2508,2028-ex-seven-suas,CZ,Y,li,charged_TWh,0.1023077194114335
2509,2028-ex-seven-suas,CZ,Y,pump_open,charged_TWh,0.4813645183154002
2510,2028-ex-seven-suas,CZ,Y,pump,charged_TWh,0.682329022082164
2511,2028-ex-seven-suas,CZ,Y,TOTAL,charged_TWh,1.2660012598089976
2512,2028-ex-seven-suas,CZ,S,h_ror,charged_TWh,0.0
2513,2028-ex-seven-suas,CZ,S,h_dams,charged_TWh,0.0
2514,2028-ex-seven-suas,CZ,S,li,charged_TWh,0.0481687196169907
2515,2028-ex-seven-suas,CZ,S,pump_open,charged_TWh,0.3450687980744911
2516,2028-ex-seven-suas,CZ,S,pump,charged_TWh,0.4938009402997609
2517,2028-ex-seven-suas,CZ,S,TOTAL,charged_TWh,2.532002519617995
2518,2028-ex-seven-suas,CZ,W,h_ror,charged_TWh,0.0
2519,2028-ex-seven-suas,CZ,W,h_dams,charged_TWh,0.0
2520,2028-ex-seven-suas,CZ,W,li,charged_TWh,0.0541389997944427
2521,2028-ex-seven-suas,CZ,W,pump_open,charged_TWh,0.136295720240909
2522,2028-ex-seven-suas,CZ,W,pump,charged_TWh,0.188528081782403
2523,2028-ex-seven-suas,CZ,W,TOTAL,charged_TWh,2.532002519617995
2524,2028-ex-seven-suas,CZ,Y,h_ror,inflow_TWh,1.14275
2525,2028-ex-seven-suas,CZ,Y,h_dams,inflow_TWh,0.8157267142857143
2526,2028-ex-seven-suas,CZ,Y,pump_open,inflow_TWh,0.0288118571428571
2527,2028-ex-seven-suas,CZ,S,h_ror,inflow_TWh,0.5418
2528,2028-ex-seven-suas,CZ,S,h_dams,inflow_TWh,0.380473
2529,2028-ex-seven-suas,CZ,S,pump_open,inflow_TWh,0.011492
2530,2028-ex-seven-suas,CZ,W,h_ror,inflow_TWh,0.60095
2531,2028-ex-seven-suas,CZ,W,h_dams,inflow_TWh,0.4352537142857142
2532,2028-ex-seven-suas,CZ,W,pump_open,inflow_TWh,0.0173198571428571
2533,2028-ex-seven-suas,CZ,Y,gas_chp,heat_production_PJ,8.346296843753617
2534,2028-ex-seven-suas,CZ,Y,gas_eng_chp,heat_production_PJ,5.572411200000375
2535,2028-ex-seven-suas,CZ,Y,lig_ex,heat_production_PJ,32.5346727838747
2536,2028-ex-seven-suas,CZ,Y,coal_ex,heat_production_PJ,3.237250911610784
2537,2028-ex-seven-suas,CZ,Y,b_CHP,heat_production_PJ,0.13514378076
2538,2028-ex-seven-suas,CZ,Y,lig_bp,heat_production_PJ,17.65006848000054
2539,2028-ex-seven-suas,CZ,Y,coal_bp,heat_production_PJ,0.0
2540,2028-ex-seven-suas,CZ,Y,eens,heat_production_PJ,1.1497093211127026e-17
2541,2028-ex-seven-suas,CZ,S,gas_chp,heat_production_PJ,2.313333287817461
2542,2028-ex-seven-suas,CZ,S,gas_eng_chp,heat_production_PJ,1.7984617686829172
2543,2028-ex-seven-suas,CZ,S,lig_ex,heat_production_PJ,15.49222932020272
2544,2028-ex-seven-suas,CZ,S,coal_ex,heat_production_PJ,1.6712734510675242
2545,2028-ex-seven-suas,CZ,S,b_CHP,heat_production_PJ,0.0002033909999999
2546,2028-ex-seven-suas,CZ,S,lig_bp,heat_production_PJ,2.798683381229378
2547,2028-ex-seven-suas,CZ,S,coal_bp,heat_production_PJ,0.0
2548,2028-ex-seven-suas,CZ,S,eens,heat_production_PJ,1.1497093211127026e-17
2549,2028-ex-seven-suas,CZ,W,gas_chp,heat_production_PJ,6.032963555936154
2550,2028-ex-seven-suas,CZ,W,gas_eng_chp,heat_production_PJ,3.773949431317456
2551,2028-ex-seven-suas,CZ,W,lig_ex,heat_production_PJ,17.042443463671972
2552,2028-ex-seven-suas,CZ,W,coal_ex,heat_production_PJ,1.56597746054326
2553,2028-ex-seven-suas,CZ,W,b_CHP,heat_production_PJ,0.13494038976
2554,2028-ex-seven-suas,CZ,W,lig_bp,heat_production_PJ,14.85138509877116
2555,2028-ex-seven-suas,CZ,W,coal_bp,heat_production_PJ,0.0
2556,2028-ex-seven-suas,CZ,W,eens,heat_production_PJ,0.0
2557,2028-ex-seven-suas,CZ,Y,waste,production_hours,6631.0
2558,2028-ex-seven-suas,CZ,Y,gas_ccgt,production_hours,8016.0
2559,2028-ex-seven-suas,CZ,Y,gas_chp,production_hours,7554.0
2560,2028-ex-seven-suas,CZ,Y,biogas,production_hours,4216.0
2561,2028-ex-seven-suas,CZ,Y,lig_sc,production_hours,2751.0
2562,2028-ex-seven-suas,CZ,Y,bio,production_hours,0.0
2563,2028-ex-seven-suas,CZ,Y,gas_eng_chp,production_hours,5472.0
2564,2028-ex-seven-suas,CZ,Y,lig,production_hours,1198.0
2565,2028-ex-seven-suas,CZ,Y,lig_ex,production_hours,8512.0
2566,2028-ex-seven-suas,CZ,Y,coal,production_hours,0.0
2567,2028-ex-seven-suas,CZ,Y,coal_ex,production_hours,8437.0
2568,2028-ex-seven-suas,CZ,Y,gas_peak,production_hours,672.0
2569,2028-ex-seven-suas,CZ,Y,lig_old,production_hours,0.0
2570,2028-ex-seven-suas,CZ,Y,b_CHP,production_hours,131.0
2571,2028-ex-seven-suas,CZ,Y,lig_bp,production_hours,5766.0
2572,2028-ex-seven-suas,CZ,Y,coal_bp,production_hours,0.0
2573,2028-ex-seven-suas,CZ,Y,dsr,production_hours,0.0
2574,2028-ex-seven-suas,CZ,Y,eens,production_hours,0.0
2575,2028-ex-seven-suas,CZ,Y,h_ror,production_hours,8760.0
2576,2028-ex-seven-suas,CZ,Y,h_dams,production_hours,8760.0
2577,2028-ex-seven-suas,CZ,Y,li,production_hours,966.0
2578,2028-ex-seven-suas,CZ,Y,pump_open,production_hours,1228.0
2579,2028-ex-seven-suas,CZ,Y,pump,production_hours,1094.0
2580,2028-ex-seven-suas,CZ,S,waste,production_hours,2728.0
2581,2028-ex-seven-suas,CZ,S,gas_ccgt,production_hours,3695.0
2582,2028-ex-seven-suas,CZ,S,gas_chp,production_hours,3171.0
2583,2028-ex-seven-suas,CZ,S,biogas,production_hours,1072.0
2584,2028-ex-seven-suas,CZ,S,lig_sc,production_hours,0.0
2585,2028-ex-seven-suas,CZ,S,bio,production_hours,0.0
2586,2028-ex-seven-suas,CZ,S,gas_eng_chp,production_hours,1908.0
2587,2028-ex-seven-suas,CZ,S,lig,production_hours,0.0
2588,2028-ex-seven-suas,CZ,S,lig_ex,production_hours,4368.0
2589,2028-ex-seven-suas,CZ,S,coal,production_hours,0.0
2590,2028-ex-seven-suas,CZ,S,coal_ex,production_hours,4368.0
2591,2028-ex-seven-suas,CZ,S,gas_peak,production_hours,0.0
2592,2028-ex-seven-suas,CZ,S,lig_old,production_hours,0.0
2593,2028-ex-seven-suas,CZ,S,b_CHP,production_hours,1.0
2594,2028-ex-seven-suas,CZ,S,lig_bp,production_hours,1409.0
2595,2028-ex-seven-suas,CZ,S,coal_bp,production_hours,0.0
2596,2028-ex-seven-suas,CZ,S,dsr,production_hours,0.0
2597,2028-ex-seven-suas,CZ,S,eens,production_hours,0.0
2598,2028-ex-seven-suas,CZ,S,h_ror,production_hours,4368.0
2599,2028-ex-seven-suas,CZ,S,h_dams,production_hours,4368.0
2600,2028-ex-seven-suas,CZ,S,li,production_hours,429.0
2601,2028-ex-seven-suas,CZ,S,pump_open,production_hours,805.0
2602,2028-ex-seven-suas,CZ,S,pump,production_hours,758.0
2603,2028-ex-seven-suas,CZ,W,waste,production_hours,3903.0
2604,2028-ex-seven-suas,CZ,W,gas_ccgt,production_hours,4321.0
2605,2028-ex-seven-suas,CZ,W,gas_chp,production_hours,4383.0
2606,2028-ex-seven-suas,CZ,W,biogas,production_hours,3144.0
2607,2028-ex-seven-suas,CZ,W,lig_sc,production_hours,2751.0
2608,2028-ex-seven-suas,CZ,W,bio,production_hours,0.0
2609,2028-ex-seven-suas,CZ,W,gas_eng_chp,production_hours,3564.0
2610,2028-ex-seven-suas,CZ,W,lig,production_hours,1198.0
2611,2028-ex-seven-suas,CZ,W,lig_ex,production_hours,4144.0
2612,2028-ex-seven-suas,CZ,W,coal,production_hours,0.0
2613,2028-ex-seven-suas,CZ,W,coal_ex,production_hours,4069.0
2614,2028-ex-seven-suas,CZ,W,gas_peak,production_hours,672.0
2615,2028-ex-seven-suas,CZ,W,lig_old,production_hours,0.0
2616,2028-ex-seven-suas,CZ,W,b_CHP,production_hours,130.0
2617,2028-ex-seven-suas,CZ,W,lig_bp,production_hours,4357.0
2618,2028-ex-seven-suas,CZ,W,coal_bp,production_hours,0.0
2619,2028-ex-seven-suas,CZ,W,dsr,production_hours,0.0
2620,2028-ex-seven-suas,CZ,W,eens,production_hours,0.0
2621,2028-ex-seven-suas,CZ,W,h_ror,production_hours,4392.0
2622,2028-ex-seven-suas,CZ,W,h_dams,production_hours,4392.0
2623,2028-ex-seven-suas,CZ,W,li,production_hours,537.0
2624,2028-ex-seven-suas,CZ,W,pump_open,production_hours,423.0
2625,2028-ex-seven-suas,CZ,W,pump,production_hours,336.0
2626,2028-ex-seven-suas,CZ,Y,nuclear,capex_mn_EUR_per_yr,2738.469079112492
2627,2028-ex-seven-suas,CZ,Y,solar,capex_mn_EUR_per_yr,362.9795164565344
2628,2028-ex-seven-suas,CZ,Y,onshore,capex_mn_EUR_per_yr,68.82996852045387
2629,2028-ex-seven-suas,CZ,Y,waste,capex_mn_EUR_per_yr,228.2938717209026
2630,2028-ex-seven-suas,CZ,Y,gas_ccgt,capex_mn_EUR_per_yr,76.18061222457844
2631,2028-ex-seven-suas,CZ,Y,gas_chp,capex_mn_EUR_per_yr,138.841538451773
2632,2028-ex-seven-suas,CZ,Y,biogas,capex_mn_EUR_per_yr,16.217086196531145
2633,2028-ex-seven-suas,CZ,Y,lig_sc,capex_mn_EUR_per_yr,144.15255774515765
2634,2028-ex-seven-suas,CZ,Y,bio,capex_mn_EUR_per_yr,0.0
2635,2028-ex-seven-suas,CZ,Y,gas_eng_chp,capex_mn_EUR_per_yr,22.59441391073202
2636,2028-ex-seven-suas,CZ,Y,lig,capex_mn_EUR_per_yr,285.68415989494883
2637,2028-ex-seven-suas,CZ,Y,lig_ex,capex_mn_EUR_per_yr,381.78586505838734
2638,2028-ex-seven-suas,CZ,Y,coal,capex_mn_EUR_per_yr,0.0
2639,2028-ex-seven-suas,CZ,Y,coal_ex,capex_mn_EUR_per_yr,26.048184884115727
2640,2028-ex-seven-suas,CZ,Y,gas_peak,capex_mn_EUR_per_yr,7.893982066856129
2641,2028-ex-seven-suas,CZ,Y,lig_old,capex_mn_EUR_per_yr,0.0
2642,2028-ex-seven-suas,CZ,Y,b_CHP,capex_mn_EUR_per_yr,109.81713302115293
2643,2028-ex-seven-suas,CZ,Y,lig_bp,capex_mn_EUR_per_yr,115.75887212868724
2644,2028-ex-seven-suas,CZ,Y,coal_bp,capex_mn_EUR_per_yr,0.0
2645,2028-ex-seven-suas,CZ,Y,dsr,capex_mn_EUR_per_yr,0.0
2646,2028-ex-seven-suas,CZ,Y,h_ror,capex_mn_EUR_per_yr,84.30517292657983
2647,2028-ex-seven-suas,CZ,Y,h_dams,capex_mn_EUR_per_yr,123.71530195731836
2648,2028-ex-seven-suas,CZ,Y,li,capex_mn_EUR_per_yr,4.011568788183623
2649,2028-ex-seven-suas,CZ,Y,pump_open,capex_mn_EUR_per_yr,95.4781476517892
2650,2028-ex-seven-suas,CZ,Y,pump,capex_mn_EUR_per_yr,137.73230661258106
2651,2028-ex-seven-suas,CZ,S,nuclear,capex_mn_EUR_per_yr,2738.469079112492
2652,2028-ex-seven-suas,CZ,S,solar,capex_mn_EUR_per_yr,362.9795164565344
2653,2028-ex-seven-suas,CZ,S,onshore,capex_mn_EUR_per_yr,68.82996852045387
2654,2028-ex-seven-suas,CZ,S,waste,capex_mn_EUR_per_yr,228.2938717209026
2655,2028-ex-seven-suas,CZ,S,gas_ccgt,capex_mn_EUR_per_yr,76.18061222457844
2656,2028-ex-seven-suas,CZ,S,gas_chp,capex_mn_EUR_per_yr,138.841538451773
2657,2028-ex-seven-suas,CZ,S,biogas,capex_mn_EUR_per_yr,16.217086196531145
2658,2028-ex-seven-suas,CZ,S,lig_sc,capex_mn_EUR_per_yr,144.15255774515765
2659,2028-ex-seven-suas,CZ,S,bio,capex_mn_EUR_per_yr,0.0
2660,2028-ex-seven-suas,CZ,S,gas_eng_chp,capex_mn_EUR_per_yr,22.59441391073202
2661,2028-ex-seven-suas,CZ,S,lig,capex_mn_EUR_per_yr,285.68415989494883
2662,2028-ex-seven-suas,CZ,S,lig_ex,capex_mn_EUR_per_yr,381.78586505838734
2663,2028-ex-seven-suas,CZ,S,coal,capex_mn_EUR_per_yr,0.0
2664,2028-ex-seven-suas,CZ,S,coal_ex,capex_mn_EUR_per_yr,26.048184884115727
2665,2028-ex-seven-suas,CZ,S,gas_peak,capex_mn_EUR_per_yr,7.893982066856129
2666,2028-ex-seven-suas,CZ,S,lig_old,capex_mn_EUR_per_yr,0.0
2667,2028-ex-seven-suas,CZ,S,b_CHP,capex_mn_EUR_per_yr,109.81713302115293
2668,2028-ex-seven-suas,CZ,S,lig_bp,capex_mn_EUR_per_yr,115.75887212868724
2669,2028-ex-seven-suas,CZ,S,coal_bp,capex_mn_EUR_per_yr,0.0
2670,2028-ex-seven-suas,CZ,S,dsr,capex_mn_EUR_per_yr,0.0
2671,2028-ex-seven-suas,CZ,S,h_ror,capex_mn_EUR_per_yr,84.30517292657983
2672,2028-ex-seven-suas,CZ,S,h_dams,capex_mn_EUR_per_yr,123.71530195731836
2673,2028-ex-seven-suas,CZ,S,li,capex_mn_EUR_per_yr,4.011568788183623
2674,2028-ex-seven-suas,CZ,S,pump_open,capex_mn_EUR_per_yr,95.4781476517892
2675,2028-ex-seven-suas,CZ,S,pump,capex_mn_EUR_per_yr,137.73230661258106
2676,2028-ex-seven-suas,CZ,W,nuclear,capex_mn_EUR_per_yr,2738.469079112492
2677,2028-ex-seven-suas,CZ,W,solar,capex_mn_EUR_per_yr,362.9795164565344
2678,2028-ex-seven-suas,CZ,W,onshore,capex_mn_EUR_per_yr,68.82996852045387
2679,2028-ex-seven-suas,CZ,W,waste,capex_mn_EUR_per_yr,228.2938717209026
2680,2028-ex-seven-suas,CZ,W,gas_ccgt,capex_mn_EUR_per_yr,76.18061222457844
2681,2028-ex-seven-suas,CZ,W,gas_chp,capex_mn_EUR_per_yr,138.841538451773
2682,2028-ex-seven-suas,CZ,W,biogas,capex_mn_EUR_per_yr,16.217086196531145
2683,2028-ex-seven-suas,CZ,W,lig_sc,capex_mn_EUR_per_yr,144.15255774515765
2684,2028-ex-seven-suas,CZ,W,bio,capex_mn_EUR_per_yr,0.0
2685,2028-ex-seven-suas,CZ,W,gas_eng_chp,capex_mn_EUR_per_yr,22.59441391073202
2686,2028-ex-seven-suas,CZ,W,lig,capex_mn_EUR_per_yr,285.68415989494883
2687,2028-ex-seven-suas,CZ,W,lig_ex,capex_mn_EUR_per_yr,381.78586505838734
2688,2028-ex-seven-suas,CZ,W,coal,capex_mn_EUR_per_yr,0.0
2689,2028-ex-seven-suas,CZ,W,coal_ex,capex_mn_EUR_per_yr,26.048184884115727
2690,2028-ex-seven-suas,CZ,W,gas_peak,capex_mn_EUR_per_yr,7.893982066856129
2691,2028-ex-seven-suas,CZ,W,lig_old,capex_mn_EUR_per_yr,0.0
2692,2028-ex-seven-suas,CZ,W,b_CHP,capex_mn_EUR_per_yr,109.81713302115293
2693,2028-ex-seven-suas,CZ,W,lig_bp,capex_mn_EUR_per_yr,115.75887212868724
2694,2028-ex-seven-suas,CZ,W,coal_bp,capex_mn_EUR_per_yr,0.0
2695,2028-ex-seven-suas,CZ,W,dsr,capex_mn_EUR_per_yr,0.0
2696,2028-ex-seven-suas,CZ,W,h_ror,capex_mn_EUR_per_yr,84.30517292657983
2697,2028-ex-seven-suas,CZ,W,h_dams,capex_mn_EUR_per_yr,123.71530195731836
2698,2028-ex-seven-suas,CZ,W,li,capex_mn_EUR_per_yr,4.011568788183623
2699,2028-ex-seven-suas,CZ,W,pump_open,capex_mn_EUR_per_yr,95.4781476517892
2700,2028-ex-seven-suas,CZ,W,pump,capex_mn_EUR_per_yr,137.73230661258106
2701,2028-ex-seven-suas,CZ,Y,nuclear,opex_mn_EUR,586.5749526359082
2702,2028-ex-seven-suas,CZ,Y,solar,opex_mn_EUR,0.0
2703,2028-ex-seven-suas,CZ,Y,onshore,opex_mn_EUR,0.0
2704,2028-ex-seven-suas,CZ,Y,waste,opex_mn_EUR,45.69380688167717
2705,2028-ex-seven-suas,CZ,Y,gas_ccgt,opex_mn_EUR,411.2111212306673
2706,2028-ex-seven-suas,CZ,Y,gas_chp,opex_mn_EUR,209.564401146792
2707,2028-ex-seven-suas,CZ,Y,biogas,opex_mn_EUR,106.07763357033144
2708,2028-ex-seven-suas,CZ,Y,lig_sc,opex_mn_EUR,115.98107519199372
2709,2028-ex-seven-suas,CZ,Y,bio,opex_mn_EUR,0.0
2710,2028-ex-seven-suas,CZ,Y,gas_eng_chp,opex_mn_EUR,167.56790840001125
2711,2028-ex-seven-suas,CZ,Y,lig,opex_mn_EUR,89.1912705875342
2712,2028-ex-seven-suas,CZ,Y,lig_ex,opex_mn_EUR,241.1295184107944
2713,2028-ex-seven-suas,CZ,Y,coal,opex_mn_EUR,0.0
2714,2028-ex-seven-suas,CZ,Y,coal_ex,opex_mn_EUR,24.28000634066341
2715,2028-ex-seven-suas,CZ,Y,gas_peak,opex_mn_EUR,6.760275155604855
2716,2028-ex-seven-suas,CZ,Y,lig_old,opex_mn_EUR,0.0
2717,2028-ex-seven-suas,CZ,Y,b_CHP,opex_mn_EUR,1.3265649486964612
2718,2028-ex-seven-suas,CZ,Y,lig_bp,opex_mn_EUR,359.2501967230685
2719,2028-ex-seven-suas,CZ,Y,coal_bp,opex_mn_EUR,0.0
2720,2028-ex-seven-suas,CZ,Y,dsr,opex_mn_EUR,0.0
2721,2028-ex-seven-suas,CZ,Y,h_ror,opex_mn_EUR,2.279503216666667
2722,2028-ex-seven-suas,CZ,Y,h_dams,opex_mn_EUR,2.447180142857143
2723,2028-ex-seven-suas,CZ,Y,li,opex_mn_EUR,0.4216216468293851
2724,2028-ex-seven-suas,CZ,Y,pump_open,opex_mn_EUR,1.5015772413197812
2725,2028-ex-seven-suas,CZ,Y,pump,opex_mn_EUR,1.965107583596632
2726,2028-ex-seven-suas,CZ,S,nuclear,opex_mn_EUR,284.9058333494021
2727,2028-ex-seven-suas,CZ,S,solar,opex_mn_EUR,0.0
2728,2028-ex-seven-suas,CZ,S,onshore,opex_mn_EUR,0.0
2729,2028-ex-seven-suas,CZ,S,waste,opex_mn_EUR,17.379226819305835
2730,2028-ex-seven-suas,CZ,S,gas_ccgt,opex_mn_EUR,188.02275950498947
2731,2028-ex-seven-suas,CZ,S,gas_chp,opex_mn_EUR,33.716334511918234
2732,2028-ex-seven-suas,CZ,S,biogas,opex_mn_EUR,24.116416032445237
2733,2028-ex-seven-suas,CZ,S,lig_sc,opex_mn_EUR,0.0
2734,2028-ex-seven-suas,CZ,S,bio,opex_mn_EUR,0.0
2735,2028-ex-seven-suas,CZ,S,gas_eng_chp,opex_mn_EUR,54.081521642832286
2736,2028-ex-seven-suas,CZ,S,lig,opex_mn_EUR,0.0
2737,2028-ex-seven-suas,CZ,S,lig_ex,opex_mn_EUR,113.76797693590696
2738,2028-ex-seven-suas,CZ,S,coal,opex_mn_EUR,0.0
2739,2028-ex-seven-suas,CZ,S,coal_ex,opex_mn_EUR,12.431460755510331
2740,2028-ex-seven-suas,CZ,S,gas_peak,opex_mn_EUR,0.0
2741,2028-ex-seven-suas,CZ,S,lig_old,opex_mn_EUR,0.0
2742,2028-ex-seven-suas,CZ,S,b_CHP,opex_mn_EUR,0.0096269879999999
2743,2028-ex-seven-suas,CZ,S,lig_bp,opex_mn_EUR,58.38428824854621
2744,2028-ex-seven-suas,CZ,S,coal_bp,opex_mn_EUR,0.0
2745,2028-ex-seven-suas,CZ,S,dsr,opex_mn_EUR,0.0
2746,2028-ex-seven-suas,CZ,S,h_ror,opex_mn_EUR,
2747,2028-ex-seven-suas,CZ,S,h_dams,opex_mn_EUR,1.1402326304393915
2748,2028-ex-seven-suas,CZ,S,li,opex_mn_EUR,0.1896232282005237
2749,2028-ex-seven-suas,CZ,S,pump_open,opex_mn_EUR,1.0321973632871655
2750,2028-ex-seven-suas,CZ,S,pump,opex_mn_EUR,1.408876770762748
2751,2028-ex-seven-suas,CZ,W,nuclear,opex_mn_EUR,301.6691192865061
2752,2028-ex-seven-suas,CZ,W,solar,opex_mn_EUR,0.0
2753,2028-ex-seven-suas,CZ,W,onshore,opex_mn_EUR,0.0
2754,2028-ex-seven-suas,CZ,W,waste,opex_mn_EUR,28.31458006237133
2755,2028-ex-seven-suas,CZ,W,gas_ccgt,opex_mn_EUR,223.18836172567785
2756,2028-ex-seven-suas,CZ,W,gas_chp,opex_mn_EUR,175.84806663487373
2757,2028-ex-seven-suas,CZ,W,biogas,opex_mn_EUR,81.9612175378862
2758,2028-ex-seven-suas,CZ,W,lig_sc,opex_mn_EUR,115.9810751919937
2759,2028-ex-seven-suas,CZ,W,bio,opex_mn_EUR,0.0
2760,2028-ex-seven-suas,CZ,W,gas_eng_chp,opex_mn_EUR,113.48638675717892
2761,2028-ex-seven-suas,CZ,W,lig,opex_mn_EUR,89.19127058753419
2762,2028-ex-seven-suas,CZ,W,lig_ex,opex_mn_EUR,127.36154147488742
2763,2028-ex-seven-suas,CZ,W,coal,opex_mn_EUR,0.0
2764,2028-ex-seven-suas,CZ,W,coal_ex,opex_mn_EUR,11.848545585153076
2765,2028-ex-seven-suas,CZ,W,gas_peak,opex_mn_EUR,6.760275155604855
2766,2028-ex-seven-suas,CZ,W,lig_old,opex_mn_EUR,0.0
2767,2028-ex-seven-suas,CZ,W,b_CHP,opex_mn_EUR,1.3169379606964609
2768,2028-ex-seven-suas,CZ,W,lig_bp,opex_mn_EUR,300.8659084745223
2769,2028-ex-seven-suas,CZ,W,coal_bp,opex_mn_EUR,0.0
2770,2028-ex-seven-suas,CZ,W,dsr,opex_mn_EUR,0.0
2771,2028-ex-seven-suas,CZ,W,h_ror,opex_mn_EUR,1.19940135
2772,2028-ex-seven-suas,CZ,W,h_dams,opex_mn_EUR,1.3069475124177512
2773,2028-ex-seven-suas,CZ,W,li,opex_mn_EUR,0.2319984186288614
2774,2028-ex-seven-suas,CZ,W,pump_open,opex_mn_EUR,0.4693798780326153
2775,2028-ex-seven-suas,CZ,W,pump,opex_mn_EUR,0.5562308128338842
2776,2028-ex-seven-suas,CZ,Y,h_ror,wholesale_expenses_mn_EUR,0.0
2777,2028-ex-seven-suas,CZ,Y,h_dams,wholesale_expenses_mn_EUR,0.0
2778,2028-ex-seven-suas,CZ,Y,li,wholesale_expenses_mn_EUR,6.745515907017084
2779,2028-ex-seven-suas,CZ,Y,pump_open,wholesale_expenses_mn_EUR,24.790258353817844
2780,2028-ex-seven-suas,CZ,Y,pump,wholesale_expenses_mn_EUR,34.31860065265244
2781,2028-ex-seven-suas,CZ,Y,IMPORT_EXPORT,wholesale_expenses_mn_EUR,1100.141482348545
2782,2028-ex-seven-suas,CZ,S,h_ror,wholesale_expenses_mn_EUR,0.0
2783,2028-ex-seven-suas,CZ,S,h_dams,wholesale_expenses_mn_EUR,0.0
2784,2028-ex-seven-suas,CZ,S,li,wholesale_expenses_mn_EUR,2.353859354406606
2785,2028-ex-seven-suas,CZ,S,pump_open,wholesale_expenses_mn_EUR,15.840001160120458
2786,2028-ex-seven-suas,CZ,S,pump,wholesale_expenses_mn_EUR,22.17079641353165
2787,2028-ex-seven-suas,CZ,S,IMPORT_EXPORT,wholesale_expenses_mn_EUR,488.1230778053317
2788,2028-ex-seven-suas,CZ,W,h_ror,wholesale_expenses_mn_EUR,0.0
2789,2028-ex-seven-suas,CZ,W,h_dams,wholesale_expenses_mn_EUR,0.0
2790,2028-ex-seven-suas,CZ,W,li,wholesale_expenses_mn_EUR,4.391656552610478
2791,2028-ex-seven-suas,CZ,W,pump_open,wholesale_expenses_mn_EUR,8.950257193697388
2792,2028-ex-seven-suas,CZ,W,pump,wholesale_expenses_mn_EUR,12.14780423912079
2793,2028-ex-seven-suas,CZ,W,IMPORT_EXPORT,wholesale_expenses_mn_EUR,612.0184045432135
2794,2028-ex-seven-suas,CZ,Y,nuclear,wholesale_revenues_mn_EUR,2684.9605535391265
2795,2028-ex-seven-suas,CZ,Y,solar,wholesale_revenues_mn_EUR,474.8376301147508
2796,2028-ex-seven-suas,CZ,Y,onshore,wholesale_revenues_mn_EUR,90.87933434816811
2797,2028-ex-seven-suas,CZ,Y,waste,wholesale_revenues_mn_EUR,119.00512182923164
2798,2028-ex-seven-suas,CZ,Y,gas_ccgt,wholesale_revenues_mn_EUR,477.1843747513501
2799,2028-ex-seven-suas,CZ,Y,gas_chp,wholesale_revenues_mn_EUR,257.1502667342867
2800,2028-ex-seven-suas,CZ,Y,biogas,wholesale_revenues_mn_EUR,117.74659020538716
2801,2028-ex-seven-suas,CZ,Y,lig_sc,wholesale_revenues_mn_EUR,122.92050066079068
2802,2028-ex-seven-suas,CZ,Y,bio,wholesale_revenues_mn_EUR,0.0
2803,2028-ex-seven-suas,CZ,Y,gas_eng_chp,wholesale_revenues_mn_EUR,165.4166051872921
2804,2028-ex-seven-suas,CZ,Y,lig,wholesale_revenues_mn_EUR,91.78270703445364
2805,2028-ex-seven-suas,CZ,Y,lig_ex,wholesale_revenues_mn_EUR,205.1681437319958
2806,2028-ex-seven-suas,CZ,Y,coal,wholesale_revenues_mn_EUR,0.0
2807,2028-ex-seven-suas,CZ,Y,coal_ex,wholesale_revenues_mn_EUR,20.298814347254385
2808,2028-ex-seven-suas,CZ,Y,gas_peak,wholesale_revenues_mn_EUR,7.022456638258321
2809,2028-ex-seven-suas,CZ,Y,lig_old,wholesale_revenues_mn_EUR,0.0
2810,2028-ex-seven-suas,CZ,Y,b_CHP,wholesale_revenues_mn_EUR,1.028380470103481
2811,2028-ex-seven-suas,CZ,Y,lig_bp,wholesale_revenues_mn_EUR,167.84531655264777
2812,2028-ex-seven-suas,CZ,Y,coal_bp,wholesale_revenues_mn_EUR,0.0
2813,2028-ex-seven-suas,CZ,Y,dsr,wholesale_revenues_mn_EUR,0.0
2814,2028-ex-seven-suas,CZ,Y,h_ror,wholesale_revenues_mn_EUR,107.36172838231822
2815,2028-ex-seven-suas,CZ,Y,h_dams,wholesale_revenues_mn_EUR,85.14737933795473
2816,2028-ex-seven-suas,CZ,Y,li,wholesale_revenues_mn_EUR,9.219120864248824
2817,2028-ex-seven-suas,CZ,Y,pump_open,wholesale_revenues_mn_EUR,40.00686046357614
2818,2028-ex-seven-suas,CZ,Y,pump,wholesale_revenues_mn_EUR,51.759221524653526
2819,2028-ex-seven-suas,CZ,Y,IMPORT_EXPORT,wholesale_revenues_mn_EUR,15.328609885372042
2820,2028-ex-seven-suas,CZ,S,nuclear,wholesale_revenues_mn_EUR,1174.9764968151642
2821,2028-ex-seven-suas,CZ,S,solar,wholesale_revenues_mn_EUR,301.5395281773841
2822,2028-ex-seven-suas,CZ,S,onshore,wholesale_revenues_mn_EUR,36.02634419195275
2823,2028-ex-seven-suas,CZ,S,waste,wholesale_revenues_mn_EUR,40.97031119444475
2824,2028-ex-seven-suas,CZ,S,gas_ccgt,wholesale_revenues_mn_EUR,201.0113127796372
2825,2028-ex-seven-suas,CZ,S,gas_chp,wholesale_revenues_mn_EUR,35.51306768085877
2826,2028-ex-seven-suas,CZ,S,biogas,wholesale_revenues_mn_EUR,24.686800518444887
2827,2028-ex-seven-suas,CZ,S,lig_sc,wholesale_revenues_mn_EUR,0.0
2828,2028-ex-seven-suas,CZ,S,bio,wholesale_revenues_mn_EUR,0.0
2829,2028-ex-seven-suas,CZ,S,gas_eng_chp,wholesale_revenues_mn_EUR,49.6016981783742
2830,2028-ex-seven-suas,CZ,S,lig,wholesale_revenues_mn_EUR,0.0
2831,2028-ex-seven-suas,CZ,S,lig_ex,wholesale_revenues_mn_EUR,85.91196457555499
2832,2028-ex-seven-suas,CZ,S,coal,wholesale_revenues_mn_EUR,0.0
2833,2028-ex-seven-suas,CZ,S,coal_ex,wholesale_revenues_mn_EUR,9.332465493647495
2834,2028-ex-seven-suas,CZ,S,gas_peak,wholesale_revenues_mn_EUR,0.0
2835,2028-ex-seven-suas,CZ,S,lig_old,wholesale_revenues_mn_EUR,0.0
2836,2028-ex-seven-suas,CZ,S,b_CHP,wholesale_revenues_mn_EUR,0.0013293553753241
2837,2028-ex-seven-suas,CZ,S,lig_bp,wholesale_revenues_mn_EUR,23.681226912096985
2838,2028-ex-seven-suas,CZ,S,coal_bp,wholesale_revenues_mn_EUR,0.0
2839,2028-ex-seven-suas,CZ,S,dsr,wholesale_revenues_mn_EUR,0.0
2840,2028-ex-seven-suas,CZ,S,h_ror,wholesale_revenues_mn_EUR,45.91302652803762
2841,2028-ex-seven-suas,CZ,S,h_dams,wholesale_revenues_mn_EUR,36.30031750463072
2842,2028-ex-seven-suas,CZ,S,li,wholesale_revenues_mn_EUR,3.797382197744299
2843,2028-ex-seven-suas,CZ,S,pump_open,wholesale_revenues_mn_EUR,25.946916890011583
2844,2028-ex-seven-suas,CZ,S,pump,wholesale_revenues_mn_EUR,35.26141836759903
2845,2028-ex-seven-suas,CZ,S,IMPORT_EXPORT,wholesale_revenues_mn_EUR,3.04314976251069
2846,2028-ex-seven-suas,CZ,W,nuclear,wholesale_revenues_mn_EUR,1509.9840567239626
2847,2028-ex-seven-suas,CZ,W,solar,wholesale_revenues_mn_EUR,173.29810193736654
2848,2028-ex-seven-suas,CZ,W,onshore,wholesale_revenues_mn_EUR,54.8529901562154
2849,2028-ex-seven-suas,CZ,W,waste,wholesale_revenues_mn_EUR,78.03481063478692
2850,2028-ex-seven-suas,CZ,W,gas_ccgt,wholesale_revenues_mn_EUR,276.17306197171285
2851,2028-ex-seven-suas,CZ,W,gas_chp,wholesale_revenues_mn_EUR,221.63719905342788
2852,2028-ex-seven-suas,CZ,W,biogas,wholesale_revenues_mn_EUR,93.05978968694228
2853,2028-ex-seven-suas,CZ,W,lig_sc,wholesale_revenues_mn_EUR,122.92050066079068
2854,2028-ex-seven-suas,CZ,W,bio,wholesale_revenues_mn_EUR,0.0
2855,2028-ex-seven-suas,CZ,W,gas_eng_chp,wholesale_revenues_mn_EUR,115.81490700891791
2856,2028-ex-seven-suas,CZ,W,lig,wholesale_revenues_mn_EUR,91.78270703445364
2857,2028-ex-seven-suas,CZ,W,lig_ex,wholesale_revenues_mn_EUR,119.25617915644077
2858,2028-ex-seven-suas,CZ,W,coal,wholesale_revenues_mn_EUR,0.0
2859,2028-ex-seven-suas,CZ,W,coal_ex,wholesale_revenues_mn_EUR,10.966348853606886
2860,2028-ex-seven-suas,CZ,W,gas_peak,wholesale_revenues_mn_EUR,7.022456638258321
2861,2028-ex-seven-suas,CZ,W,lig_old,wholesale_revenues_mn_EUR,0.0
2862,2028-ex-seven-suas,CZ,W,b_CHP,wholesale_revenues_mn_EUR,1.0270511147281574
2863,2028-ex-seven-suas,CZ,W,lig_bp,wholesale_revenues_mn_EUR,144.16408964055083
2864,2028-ex-seven-suas,CZ,W,coal_bp,wholesale_revenues_mn_EUR,0.0
2865,2028-ex-seven-suas,CZ,W,dsr,wholesale_revenues_mn_EUR,0.0
2866,2028-ex-seven-suas,CZ,W,h_ror,wholesale_revenues_mn_EUR,61.44870185428061
2867,2028-ex-seven-suas,CZ,W,h_dams,wholesale_revenues_mn_EUR,48.84706183332401
2868,2028-ex-seven-suas,CZ,W,li,wholesale_revenues_mn_EUR,5.421738666504525
2869,2028-ex-seven-suas,CZ,W,pump_open,wholesale_revenues_mn_EUR,14.059943573564553
2870,2028-ex-seven-suas,CZ,W,pump,wholesale_revenues_mn_EUR,16.497803157054495
2871,2028-ex-seven-suas,CZ,W,IMPORT_EXPORT,wholesale_revenues_mn_EUR,12.285460122861352
2872,2028-ex-seven-suas,CZ,Y,TOTAL,avg_consumer_price_EUR_per_MWh,94.83721839190972
2873,2028-ex-seven-suas,CZ,S,TOTAL,avg_consumer_price_EUR_per_MWh,83.9966929699878
2874,2028-ex-seven-suas,CZ,W,TOTAL,avg_consumer_price_EUR_per_MWh,104.08555938575108
2875,2028-ex-seven-suas,CZ,Y,TOTAL,avg_producer_price_EUR_per_MWh,93.22984471389556
2876,2028-ex-seven-suas,CZ,S,TOTAL,avg_producer_price_EUR_per_MWh,81.20144334925604
2877,2028-ex-seven-suas,CZ,W,TOTAL,avg_producer_price_EUR_per_MWh,103.27639946559262
2878,2028-ex-seven-suas,CZ,Y,nuclear,capacity_factor,0.7964817503918005
2879,2028-ex-seven-suas,CZ,Y,solar,capacity_factor,0.1155803651180983
2880,2028-ex-seven-suas,CZ,Y,onshore,capacity_factor,0.2275685157653219
2881,2028-ex-seven-suas,CZ,Y,waste,capacity_factor,0.6666666666665816
2882,2028-ex-seven-suas,CZ,Y,gas_ccgt,capacity_factor,0.8921860658707039
2883,2028-ex-seven-suas,CZ,Y,gas_chp,capacity_factor,0.5333333333333414
2884,2028-ex-seven-suas,CZ,Y,biogas,capacity_factor,0.4404658743930371
2885,2028-ex-seven-suas,CZ,Y,lig_sc,capacity_factor,0.291756176722649
2886,2028-ex-seven-suas,CZ,Y,gas_eng_chp,capacity_factor,0.5333333333333693
2887,2028-ex-seven-suas,CZ,Y,lig,capacity_factor,0.1041645037186209
2888,2028-ex-seven-suas,CZ,Y,lig_ex,capacity_factor,0.5333333333333686
2889,2028-ex-seven-suas,CZ,Y,coal_ex,capacity_factor,0.5333333333333199
2890,2028-ex-seven-suas,CZ,Y,gas_peak,capacity_factor,0.0661603275198587
2891,2028-ex-seven-suas,CZ,Y,b_CHP,capacity_factor,0.0113776216004223
2892,2028-ex-seven-suas,CZ,Y,lig_bp,capacity_factor,0.5333333333333498
2893,2028-ex-seven-suas,CZ,Y,h_ror,capacity_factor,0.313514773706699
2894,2028-ex-seven-suas,CZ,Y,h_dams,capacity_factor,0.1529055631069936
2895,2028-ex-seven-suas,CZ,Y,li,capacity_factor,0.0962606499610468
2896,2028-ex-seven-suas,CZ,Y,pump_open,capacity_factor,0.0911770888783506
2897,2028-ex-seven-suas,CZ,Y,pump,capacity_factor,0.0827165743826116
2898,2028-ex-seven-suas,CZ,Y,TOTAL,capacity_factor,0.3349319532106625
2899,2028-ex-seven-suas,CZ,S,nuclear,capacity_factor,0.7758452989642761
2900,2028-ex-seven-suas,CZ,S,solar,capacity_factor,0.1628443259893839
2901,2028-ex-seven-suas,CZ,S,onshore,capacity_factor,0.2003858243334181
2902,2028-ex-seven-suas,CZ,S,waste,capacity_factor,0.4884615891153904
2903,2028-ex-seven-suas,CZ,S,gas_ccgt,capacity_factor,0.8078420821913446
2904,2028-ex-seven-suas,CZ,S,gas_chp,capacity_factor,0.2108450584449331
2905,2028-ex-seven-suas,CZ,S,biogas,capacity_factor,0.1995158655729373
2906,2028-ex-seven-suas,CZ,S,lig_sc,capacity_factor,0.0
2907,2028-ex-seven-suas,CZ,S,gas_eng_chp,capacity_factor,0.3452059384213446
2908,2028-ex-seven-suas,CZ,S,lig,capacity_factor,0.0
2909,2028-ex-seven-suas,CZ,S,lig_ex,capacity_factor,0.5083286002447878
2910,2028-ex-seven-suas,CZ,S,coal_ex,capacity_factor,0.5508836948688324
2911,2028-ex-seven-suas,CZ,S,gas_peak,capacity_factor,0.0
2912,2028-ex-seven-suas,CZ,S,b_CHP,capacity_factor,3.434065934065911e-05
2913,2028-ex-seven-suas,CZ,S,lig_bp,capacity_factor,0.169600675866214
2914,2028-ex-seven-suas,CZ,S,h_ror,capacity_factor,0.2979229739470703
2915,2028-ex-seven-suas,CZ,S,h_dams,capacity_factor,0.1428802785295496
2916,2028-ex-seven-suas,CZ,S,li,capacity_factor,0.0868238224361372
2917,2028-ex-seven-suas,CZ,S,pump_open,capacity_factor,0.125696234131104
2918,2028-ex-seven-suas,CZ,S,pump,capacity_factor,0.1189325399157613
2919,2028-ex-seven-suas,CZ,S,TOTAL,capacity_factor,1.343408383757053
2920,2028-ex-seven-suas,CZ,W,nuclear,capacity_factor,0.8170054343251856
2921,2028-ex-seven-suas,CZ,W,solar,capacity_factor,0.0685746772570383
2922,2028-ex-seven-suas,CZ,W,onshore,capacity_factor,0.2546026678997836
2923,2028-ex-seven-suas,CZ,W,waste,capacity_factor,0.8438979459797878
2924,2028-ex-seven-suas,CZ,W,gas_ccgt,capacity_factor,0.9760691534643836
2925,2028-ex-seven-suas,CZ,W,gas_chp,capacity_factor,0.8540593772114307
2926,2028-ex-seven-suas,CZ,W,biogas,capacity_factor,0.6800992164982731
2927,2028-ex-seven-suas,CZ,W,lig_sc,capacity_factor,0.5819180573976331
2928,2028-ex-seven-suas,CZ,W,gas_eng_chp,capacity_factor,0.7204327096939618
2929,2028-ex-seven-suas,CZ,W,lig,capacity_factor,0.2077598024988886
2930,2028-ex-seven-suas,CZ,W,lig_ex,capacity_factor,0.5582014285362195
2931,2028-ex-seven-suas,CZ,W,coal_ex,capacity_factor,0.5158788754127553
2932,2028-ex-seven-suas,CZ,W,gas_peak,capacity_factor,0.1319591231953465
2933,2028-ex-seven-suas,CZ,W,b_CHP,capacity_factor,0.0226589173997495
2934,2028-ex-seven-suas,CZ,W,lig_bp,capacity_factor,0.8950783806503918
2935,2028-ex-seven-suas,CZ,W,h_ror,capacity_factor,0.3290213723747449
2936,2028-ex-seven-suas,CZ,W,h_dams,capacity_factor,0.1628760647086048
2937,2028-ex-seven-suas,CZ,W,li,capacity_factor,0.1056459101224323
2938,2028-ex-seven-suas,CZ,W,pump_open,capacity_factor,0.0568465728346286
2939,2028-ex-seven-suas,CZ,W,pump,capacity_factor,0.0466985103004628
2940,2028-ex-seven-suas,CZ,W,TOTAL,capacity_factor,1.3360673543376154
2941,2028-ex-seven-suas,CZ,Y,li,capacity_factor_charging,0.0092986117748801
2942,2028-ex-seven-suas,CZ,Y,pump_open,capacity_factor_charging,0.1248870169975612
2943,2028-ex-seven-suas,CZ,Y,pump,capacity_factor_charging,0.1173063868628905
2944,2028-ex-seven-suas,CZ,S,li,capacity_factor_charging,0.0087800358879864
2945,2028-ex-seven-suas,CZ,S,pump_open,capacity_factor_charging,0.1795437885419221
2946,2028-ex-seven-suas,CZ,S,pump,capacity_factor_charging,0.1702555208125637
2947,2028-ex-seven-suas,CZ,W,li,capacity_factor_charging,0.0098143539137579
2948,2028-ex-seven-suas,CZ,W,pump_open,capacity_factor_charging,0.0705289163359564
2949,2028-ex-seven-suas,CZ,W,pump,capacity_factor_charging,0.064646592442997
2950,2028-ex-seven-suas,CZ,Y,nuclear,emissions_MtCO2,0.0
2951,2028-ex-seven-suas,CZ,Y,solar,emissions_MtCO2,0.0
2952,2028-ex-seven-suas,CZ,Y,onshore,emissions_MtCO2,0.0
2953,2028-ex-seven-suas,CZ,Y,waste,emissions_MtCO2,0.0
2954,2028-ex-seven-suas,CZ,Y,gas_ccgt,emissions_MtCO2,1.895661637225988
2955,2028-ex-seven-suas,CZ,Y,gas_chp,emissions_MtCO2,1.4030016000000214
2956,2028-ex-seven-suas,CZ,Y,biogas,emissions_MtCO2,0.0
2957,2028-ex-seven-suas,CZ,Y,lig_sc,emissions_MtCO2,1.0356274953341214
2958,2028-ex-seven-suas,CZ,Y,bio,emissions_MtCO2,0.0
2959,2028-ex-seven-suas,CZ,Y,gas_eng_chp,emissions_MtCO2,0.7567472000000509
2960,2028-ex-seven-suas,CZ,Y,lig,emissions_MtCO2,0.7877266430670488
2961,2028-ex-seven-suas,CZ,Y,lig_ex,emissions_MtCO2,5.389992960000357
2962,2028-ex-seven-suas,CZ,Y,coal,emissions_MtCO2,0.0
2963,2028-ex-seven-suas,CZ,Y,coal_ex,emissions_MtCO2,0.4539064780799886
2964,2028-ex-seven-suas,CZ,Y,gas_peak,emissions_MtCO2,0.0306822878838928
2965,2028-ex-seven-suas,CZ,Y,lig_old,emissions_MtCO2,0.0
2966,2028-ex-seven-suas,CZ,Y,b_CHP,emissions_MtCO2,0.0
2967,2028-ex-seven-suas,CZ,Y,lig_bp,emissions_MtCO2,3.2685312000001
2968,2028-ex-seven-suas,CZ,Y,coal_bp,emissions_MtCO2,0.0
2969,2028-ex-seven-suas,CZ,Y,dsr,emissions_MtCO2,0.0
2970,2028-ex-seven-suas,CZ,Y,eens,emissions_MtCO2,0.0
2971,2028-ex-seven-suas,CZ,Y,h_ror,emissions_MtCO2,0.0
2972,2028-ex-seven-suas,CZ,Y,h_dams,emissions_MtCO2,0.0
2973,2028-ex-seven-suas,CZ,Y,li,emissions_MtCO2,0.0
2974,2028-ex-seven-suas,CZ,Y,pump_open,emissions_MtCO2,0.0
2975,2028-ex-seven-suas,CZ,Y,pump,emissions_MtCO2,0.0
2976,2028-ex-seven-suas,CZ,Y,TOTAL,emissions_MtCO2,15.021877501591566
2977,2028-ex-seven-suas,CZ,S,nuclear,emissions_MtCO2,0.0
2978,2028-ex-seven-suas,CZ,S,solar,emissions_MtCO2,0.0
2979,2028-ex-seven-suas,CZ,S,onshore,emissions_MtCO2,0.0
2980,2028-ex-seven-suas,CZ,S,waste,emissions_MtCO2,0.0
2981,2028-ex-seven-suas,CZ,S,gas_ccgt,emissions_MtCO2,0.8558750798511103
2982,2028-ex-seven-suas,CZ,S,gas_chp,emissions_MtCO2,0.2765676559508265
2983,2028-ex-seven-suas,CZ,S,biogas,emissions_MtCO2,0.0
2984,2028-ex-seven-suas,CZ,S,lig_sc,emissions_MtCO2,0.0
2985,2028-ex-seven-suas,CZ,S,bio,emissions_MtCO2,0.0
2986,2028-ex-seven-suas,CZ,S,gas_eng_chp,emissions_MtCO2,0.2442355488334825
2987,2028-ex-seven-suas,CZ,S,lig,emissions_MtCO2,0.0
2988,2028-ex-seven-suas,CZ,S,lig_ex,emissions_MtCO2,2.561607220668817
2989,2028-ex-seven-suas,CZ,S,coal,emissions_MtCO2,0.0
2990,2028-ex-seven-suas,CZ,S,coal_ex,emissions_MtCO2,0.2337793220243263
2991,2028-ex-seven-suas,CZ,S,gas_peak,emissions_MtCO2,0.0
2992,2028-ex-seven-suas,CZ,S,lig_old,emissions_MtCO2,0.0
2993,2028-ex-seven-suas,CZ,S,b_CHP,emissions_MtCO2,0.0
2994,2028-ex-seven-suas,CZ,S,lig_bp,emissions_MtCO2,0.5182747002276625
2995,2028-ex-seven-suas,CZ,S,coal_bp,emissions_MtCO2,0.0
2996,2028-ex-seven-suas,CZ,S,dsr,emissions_MtCO2,0.0
2997,2028-ex-seven-suas,CZ,S,eens,emissions_MtCO2,0.0
2998,2028-ex-seven-suas,CZ,S,h_ror,emissions_MtCO2,0.0
2999,2028-ex-seven-suas,CZ,S,h_dams,emissions_MtCO2,0.0
3000,2028-ex-seven-suas,CZ,S,li,emissions_MtCO2,0.0
3001,2028-ex-seven-suas,CZ,S,pump_open,emissions_MtCO2,0.0
3002,2028-ex-seven-suas,CZ,S,pump,emissions_MtCO2,0.0
3003,2028-ex-seven-suas,CZ,S,TOTAL,emissions_MtCO2,30.043755003183133
3004,2028-ex-seven-suas,CZ,W,nuclear,emissions_MtCO2,0.0
3005,2028-ex-seven-suas,CZ,W,solar,emissions_MtCO2,0.0
3006,2028-ex-seven-suas,CZ,W,onshore,emissions_MtCO2,0.0
3007,2028-ex-seven-suas,CZ,W,waste,emissions_MtCO2,0.0
3008,2028-ex-seven-suas,CZ,W,gas_ccgt,emissions_MtCO2,1.039786557374877
3009,2028-ex-seven-suas,CZ,W,gas_chp,emissions_MtCO2,1.1264339440491948
3010,2028-ex-seven-suas,CZ,W,biogas,emissions_MtCO2,0.0
3011,2028-ex-seven-suas,CZ,W,lig_sc,emissions_MtCO2,1.0356274953341211
3012,2028-ex-seven-suas,CZ,W,bio,emissions_MtCO2,0.0
3013,2028-ex-seven-suas,CZ,W,gas_eng_chp,emissions_MtCO2,0.5125116511665682
3014,2028-ex-seven-suas,CZ,W,lig,emissions_MtCO2,0.7877266430670486
3015,2028-ex-seven-suas,CZ,W,lig_ex,emissions_MtCO2,2.8283857393315395
3016,2028-ex-seven-suas,CZ,W,coal,emissions_MtCO2,0.0
3017,2028-ex-seven-suas,CZ,W,coal_ex,emissions_MtCO2,0.2201271560556622
3018,2028-ex-seven-suas,CZ,W,gas_peak,emissions_MtCO2,0.0306822878838928
3019,2028-ex-seven-suas,CZ,W,lig_old,emissions_MtCO2,0.0
3020,2028-ex-seven-suas,CZ,W,b_CHP,emissions_MtCO2,0.0
3021,2028-ex-seven-suas,CZ,W,lig_bp,emissions_MtCO2,2.750256499772437
3022,2028-ex-seven-suas,CZ,W,coal_bp,emissions_MtCO2,0.0
3023,2028-ex-seven-suas,CZ,W,dsr,emissions_MtCO2,0.0
3024,2028-ex-seven-suas,CZ,W,eens,emissions_MtCO2,0.0
3025,2028-ex-seven-suas,CZ,W,h_ror,emissions_MtCO2,0.0
3026,2028-ex-seven-suas,CZ,W,h_dams,emissions_MtCO2,0.0
3027,2028-ex-seven-suas,CZ,W,li,emissions_MtCO2,0.0
3028,2028-ex-seven-suas,CZ,W,pump_open,emissions_MtCO2,0.0
3029,2028-ex-seven-suas,CZ,W,pump,emissions_MtCO2,0.0
3030,2028-ex-seven-suas,CZ,W,TOTAL,emissions_MtCO2,30.043755003183133
3031,2028-ex-seven-suas,CZ,Y,nuclear,power_share_high_value,0.9736869971251544
3032,2028-ex-seven-suas,CZ,Y,solar,power_share_high_value,0.859916113022058
3033,2028-ex-seven-suas,CZ,Y,onshore,power_share_high_value,0.9769400080004907
3034,2028-ex-seven-suas,CZ,S,nuclear,power_share_high_value,0.95266735385382
3035,2028-ex-seven-suas,CZ,S,solar,power_share_high_value,0.8255888533705309
3036,2028-ex-seven-suas,CZ,S,onshore,power_share_high_value,0.9580960044164342
3037,2028-ex-seven-suas,CZ,W,nuclear,power_share_high_value,0.993538611360946
3038,2028-ex-seven-suas,CZ,W,solar,power_share_high_value,0.940987628605498
3039,2028-ex-seven-suas,CZ,W,onshore,power_share_high_value,0.9916901948469335
3040,2028-ex-seven-suas,CZ,Y,nuclear,power_share_low_value,0.0261895108796199
3041,2028-ex-seven-suas,CZ,Y,solar,power_share_low_value,0.1393753575711899
3042,2028-ex-seven-suas,CZ,Y,onshore,power_share_low_value,0.0230599302105318
3043,2028-ex-seven-suas,CZ,S,nuclear,power_share_low_value,0.0473326461461801
3044,2028-ex-seven-suas,CZ,S,solar,power_share_low_value,0.1744111466294692
3045,2028-ex-seven-suas,CZ,S,onshore,power_share_low_value,0.0419039955835659
3046,2028-ex-seven-suas,CZ,W,nuclear,power_share_low_value,0.0062212669075963
3047,2028-ex-seven-suas,CZ,W,solar,power_share_low_value,0.0566304910292419
3048,2028-ex-seven-suas,CZ,W,onshore,power_share_low_value,0.0083096949986255
3049,2028-ex-seven-suas,CZ,Y,nuclear,power_share_zero_value,0.0001234919952254
3050,2028-ex-seven-suas,CZ,Y,solar,power_share_zero_value,0.0007085294067521
3051,2028-ex-seven-suas,CZ,Y,onshore,power_share_zero_value,6.178897752255471e-08
3052,2028-ex-seven-suas,CZ,S,nuclear,power_share_zero_value,0.0
3053,2028-ex-seven-suas,CZ,S,solar,power_share_zero_value,0.0
3054,2028-ex-seven-suas,CZ,S,onshore,power_share_zero_value,0.0
3055,2028-ex-seven-suas,CZ,W,nuclear,power_share_zero_value,0.0002401217314574
3056,2028-ex-seven-suas,CZ,W,solar,power_share_zero_value,0.0023818803652601
3057,2028-ex-seven-suas,CZ,W,onshore,power_share_zero_value,1.1015444080868253e-07
3058,2028-stress,CZ,Y,nuclear,capacity_GW,4.099
3059,2028-stress,CZ,Y,solar,capacity_GW,7.0
3060,2028-stress,CZ,Y,onshore,capacity_GW,0.5
3061,2028-stress,CZ,Y,waste,capacity_GW,0.19575
3062,2028-stress,CZ,Y,gas_ccgt,capacity_GW,0.6174
3063,2028-stress,CZ,Y,gas_chp,capacity_GW,0.7644
3064,2028-stress,CZ,Y,biogas,capacity_GW,0.279
3065,2028-stress,CZ,Y,lig_sc,capacity_GW,0.4356
3066,2028-stress,CZ,Y,bio,capacity_GW,0.0
3067,2028-stress,CZ,Y,gas_eng_chp,capacity_GW,0.33131249999999995
3068,2028-stress,CZ,Y,lig,capacity_GW,0.8632799999999999
3069,2028-stress,CZ,Y,lig_ex,capacity_GW,1.15368
3070,2028-stress,CZ,Y,coal,capacity_GW,0.0
3071,2028-stress,CZ,Y,coal_ex,capacity_GW,0.11484
3072,2028-stress,CZ,Y,gas_peak,capacity_GW,0.096255
3073,2028-stress,CZ,Y,lig_old,capacity_GW,0.0
3074,2028-stress,CZ,Y,b_CHP,capacity_GW,0.20925
3075,2028-stress,CZ,Y,lig_bp,capacity_GW,0.34979999999999994
3076,2028-stress,CZ,Y,coal_bp,capacity_GW,0.0
3077,2028-stress,CZ,Y,dsr,capacity_GW,0.0
3078,2028-stress,CZ,Y,h_ror,capacity_GW,0.415
3079,2028-stress,CZ,Y,h_dams,capacity_GW,0.609
3080,2028-stress,CZ,Y,li,capacity_GW,0.1
3081,2028-stress,CZ,Y,pump_open,capacity_GW,0.47
3082,2028-stress,CZ,Y,pump,capacity_GW,0.678
3083,2028-stress,CZ,Y,TOTAL,capacity_GW,19.281567499999998
3084,2028-stress,CZ,Y,h_ror,capacity_charging_GW,0.0
3085,2028-stress,CZ,Y,h_dams,capacity_charging_GW,0.0
3086,2028-stress,CZ,Y,li,capacity_charging_GW,1.25599
3087,2028-stress,CZ,Y,pump_open,capacity_charging_GW,0.44
3088,2028-stress,CZ,Y,pump,capacity_charging_GW,0.664
3089,2028-stress,CZ,Y,nuclear,capacity_paid_off_GW,0.0
3090,2028-stress,CZ,Y,solar,capacity_paid_off_GW,0.0
3091,2028-stress,CZ,Y,onshore,capacity_paid_off_GW,0.0
3092,2028-stress,CZ,Y,waste,capacity_paid_off_GW,0.0
3093,2028-stress,CZ,Y,gas_ccgt,capacity_paid_off_GW,0.0
3094,2028-stress,CZ,Y,gas_chp,capacity_paid_off_GW,0.0
3095,2028-stress,CZ,Y,biogas,capacity_paid_off_GW,0.0
3096,2028-stress,CZ,Y,lig_sc,capacity_paid_off_GW,0.0
3097,2028-stress,CZ,Y,bio,capacity_paid_off_GW,0.0
3098,2028-stress,CZ,Y,gas_eng_chp,capacity_paid_off_GW,0.0
3099,2028-stress,CZ,Y,lig,capacity_paid_off_GW,0.0
3100,2028-stress,CZ,Y,lig_ex,capacity_paid_off_GW,0.0
3101,2028-stress,CZ,Y,coal,capacity_paid_off_GW,0.0
3102,2028-stress,CZ,Y,coal_ex,capacity_paid_off_GW,0.0
3103,2028-stress,CZ,Y,gas_peak,capacity_paid_off_GW,0.0
3104,2028-stress,CZ,Y,lig_old,capacity_paid_off_GW,0.0
3105,2028-stress,CZ,Y,b_CHP,capacity_paid_off_GW,0.0
3106,2028-stress,CZ,Y,lig_bp,capacity_paid_off_GW,0.0
3107,2028-stress,CZ,Y,coal_bp,capacity_paid_off_GW,0.0
3108,2028-stress,CZ,Y,dsr,capacity_paid_off_GW,0.0
3109,2028-stress,CZ,Y,h_ror,capacity_paid_off_GW,0.0
3110,2028-stress,CZ,Y,h_dams,capacity_paid_off_GW,0.0
3111,2028-stress,CZ,Y,li,capacity_paid_off_GW,0.0
3112,2028-stress,CZ,Y,pump_open,capacity_paid_off_GW,0.0
3113,2028-stress,CZ,Y,pump,capacity_paid_off_GW,0.0
3114,2028-stress,CZ,Y,h_ror,capacity_charging_paid_off_GW,0.0
3115,2028-stress,CZ,Y,h_dams,capacity_charging_paid_off_GW,0.0
3116,2028-stress,CZ,Y,li,capacity_charging_paid_off_GW,0.0
3117,2028-stress,CZ,Y,pump_open,capacity_charging_paid_off_GW,0.0
3118,2028-stress,CZ,Y,pump,capacity_charging_paid_off_GW,0.0
3119,2028-stress,CZ,Y,TOTAL,load_TWh,66.590984337
3120,2028-stress,CZ,S,TOTAL,load_TWh,30.656589452
3121,2028-stress,CZ,W,TOTAL,load_TWh,35.934394885
3122,2028-stress,CZ,Y,TOTAL,import_TWh,16.821120110027127
3123,2028-stress,CZ,S,TOTAL,import_TWh,8.893458921810975
3124,2028-stress,CZ,W,TOTAL,import_TWh,7.927661188216148
3125,2028-stress,CZ,Y,TOTAL,export_TWh,2.565315994245814
3126,2028-stress,CZ,S,TOTAL,export_TWh,1.4120292889048285
3127,2028-stress,CZ,W,TOTAL,export_TWh,1.1532867053409857
3128,2028-stress,CZ,Y,TOTAL,net_import_TWh,14.255804115781313
3129,2028-stress,CZ,S,TOTAL,net_import_TWh,7.4814296329061465
3130,2028-stress,CZ,W,TOTAL,net_import_TWh,6.774374482875162
3131,2028-stress,CZ,Y,TOTAL,curtailment_TWh,2.663909981492907e-15
3132,2028-stress,CZ,S,TOTAL,curtailment_TWh,9.576979209668933e-16
3133,2028-stress,CZ,W,TOTAL,curtailment_TWh,1.7062120605260134e-15
3134,2028-stress,CZ,Y,nuclear,production_TWh,24.13186136693848
3135,2028-stress,CZ,Y,solar,production_TWh,7.087387989041789
3136,2028-stress,CZ,Y,onshore,production_TWh,0.9967500990521099
3137,2028-stress,CZ,Y,waste,production_TWh,1.1431799999998542
3138,2028-stress,CZ,Y,gas_ccgt,production_TWh,4.9510413407240215
3139,2028-stress,CZ,Y,gas_chp,production_TWh,2.4028297837370505
3140,2028-stress,CZ,Y,biogas,production_TWh,1.3938150190785839
3141,2028-stress,CZ,Y,lig_sc,production_TWh,1.4179516556849707
3142,2028-stress,CZ,Y,bio,production_TWh,0.0
3143,2028-stress,CZ,Y,gas_eng_chp,production_TWh,1.5478920000001006
3144,2028-stress,CZ,Y,lig,production_TWh,1.4974556471399838
3145,2028-stress,CZ,Y,lig_ex,production_TWh,2.175383231581677
3146,2028-stress,CZ,Y,coal,production_TWh,0.0
3147,2028-stress,CZ,Y,coal_ex,production_TWh,0.21646991957039796
3148,2028-stress,CZ,Y,gas_peak,production_TWh,0.1036325100978039
3149,2028-stress,CZ,Y,lig_old,production_TWh,0.0
3150,2028-stress,CZ,Y,b_CHP,production_TWh,0.013027724155555554
3151,2028-stress,CZ,Y,lig_bp,production_TWh,1.6342656000000737
3152,2028-stress,CZ,Y,coal_bp,production_TWh,0.0
3153,2028-stress,CZ,Y,dsr,production_TWh,0.0
3154,2028-stress,CZ,Y,eens,production_TWh,-9.529067727038648e-18
3155,2028-stress,CZ,Y,h_ror,production_TWh,1.1410130771395801
3156,2028-stress,CZ,Y,h_dams,production_TWh,0.8157267142857143
3157,2028-stress,CZ,Y,li,production_TWh,0.08649413230286547
3158,2028-stress,CZ,Y,pump_open,production_TWh,0.40140949627583705
3159,2028-stress,CZ,Y,pump,production_TWh,0.530377354921966
3160,2028-stress,CZ,Y,TOTAL,production_TWh,53.68796466172842
3161,2028-stress,CZ,S,nuclear,production_TWh,11.663389397825554
3162,2028-stress,CZ,S,solar,production_TWh,4.979128111451403
3163,2028-stress,CZ,S,onshore,production_TWh,0.4376426403441852
3164,2028-stress,CZ,S,waste,production_TWh,0.4095516552803584
3165,2028-stress,CZ,S,gas_ccgt,production_TWh,2.284162218593545
3166,2028-stress,CZ,S,gas_chp,production_TWh,0.37767708602884725
3167,2028-stress,CZ,S,biogas,production_TWh,0.45393732461685654
3168,2028-stress,CZ,S,lig_sc,production_TWh,0.0
3169,2028-stress,CZ,S,bio,production_TWh,0.0
3170,2028-stress,CZ,S,gas_eng_chp,production_TWh,0.4986349642698661
3171,2028-stress,CZ,S,lig,production_TWh,0.0
3172,2028-stress,CZ,S,lig_ex,production_TWh,1.0352022462453556
3173,2028-stress,CZ,S,coal,production_TWh,0.0
3174,2028-stress,CZ,S,coal_ex,production_TWh,0.1017918855798509
3175,2028-stress,CZ,S,gas_peak,production_TWh,0.0
3176,2028-stress,CZ,S,lig_old,production_TWh,0.0
3177,2028-stress,CZ,S,b_CHP,production_TWh,1.2554999999998222e-05
3178,2028-stress,CZ,S,lig_bp,production_TWh,0.2554665917112059
3179,2028-stress,CZ,S,coal_bp,production_TWh,0.0
3180,2028-stress,CZ,S,dsr,production_TWh,0.0
3181,2028-stress,CZ,S,eens,production_TWh,-9.529067727038648e-18
3182,2028-stress,CZ,S,h_ror,production_TWh,0.5404518396395801
3183,2028-stress,CZ,S,h_dams,production_TWh,0.38122824158992424
3184,2028-stress,CZ,S,li,production_TWh,0.03937608893204157
3185,2028-stress,CZ,S,pump_open,production_TWh,0.26961425331760325
3186,2028-stress,CZ,S,pump,production_TWh,0.37201518279081663
3187,2028-stress,CZ,S,TOTAL,production_TWh,107.37592932345684
3188,2028-stress,CZ,W,nuclear,production_TWh,12.468471969112926
3189,2028-stress,CZ,W,solar,production_TWh,2.1082598775903856
3190,2028-stress,CZ,W,onshore,production_TWh,0.5591074587079247
3191,2028-stress,CZ,W,waste,production_TWh,0.733628344719496
3192,2028-stress,CZ,W,gas_ccgt,production_TWh,2.666879122130477
3193,2028-stress,CZ,W,gas_chp,production_TWh,2.025152697708203
3194,2028-stress,CZ,W,biogas,production_TWh,0.9398776944617275
3195,2028-stress,CZ,W,lig_sc,production_TWh,1.4179516556849707
3196,2028-stress,CZ,W,bio,production_TWh,0.0
3197,2028-stress,CZ,W,gas_eng_chp,production_TWh,1.0492570357302347
3198,2028-stress,CZ,W,lig,production_TWh,1.4974556471399838
3199,2028-stress,CZ,W,lig_ex,production_TWh,1.1401809853363214
3200,2028-stress,CZ,W,coal,production_TWh,0.0
3201,2028-stress,CZ,W,coal_ex,production_TWh,0.11467803399054706
3202,2028-stress,CZ,W,gas_peak,production_TWh,0.1036325100978039
3203,2028-stress,CZ,W,lig_old,production_TWh,0.0
3204,2028-stress,CZ,W,b_CHP,production_TWh,0.013015169155555555
3205,2028-stress,CZ,W,lig_bp,production_TWh,1.3787990082888677
3206,2028-stress,CZ,W,coal_bp,production_TWh,0.0
3207,2028-stress,CZ,W,dsr,production_TWh,0.0
3208,2028-stress,CZ,W,eens,production_TWh,0.0
3209,2028-stress,CZ,W,h_ror,production_TWh,0.6005612375
3210,2028-stress,CZ,W,h_dams,production_TWh,0.4344984726957901
3211,2028-stress,CZ,W,li,production_TWh,0.0471180433708239
3212,2028-stress,CZ,W,pump_open,production_TWh,0.13179524295823383
3213,2028-stress,CZ,W,pump,production_TWh,0.15836217213114928
3214,2028-stress,CZ,W,TOTAL,production_TWh,107.37592932345684
3215,2028-stress,CZ,Y,gas_chp,production_el_eq_TWh,3.571276799999928
3216,2028-stress,CZ,Y,gas_eng_chp,production_el_eq_TWh,1.5478920000001006
3217,2028-stress,CZ,Y,lig_ex,production_el_eq_TWh,5.389992959999899
3218,2028-stress,CZ,Y,coal_ex,production_el_eq_TWh,0.5365324800000061
3219,2028-stress,CZ,Y,b_CHP,production_el_eq_TWh,0.03256931038888888
3220,2028-stress,CZ,Y,lig_bp,production_el_eq_TWh,1.6342656000000737
3221,2028-stress,CZ,Y,coal_bp,production_el_eq_TWh,0.0
3222,2028-stress,CZ,Y,eens,production_el_eq_TWh,0.0
3223,2028-stress,CZ,S,gas_chp,production_el_eq_TWh,0.7010911657441717
3224,2028-stress,CZ,S,gas_eng_chp,production_el_eq_TWh,0.4986349642698661
3225,2028-stress,CZ,S,lig_ex,production_el_eq_TWh,2.587998026327675
3226,2028-stress,CZ,S,coal_ex,production_el_eq_TWh,0.25447971394962726
3227,2028-stress,CZ,S,b_CHP,production_el_eq_TWh,3.138749999999555e-05
3228,2028-stress,CZ,S,lig_bp,production_el_eq_TWh,0.2554665917112059
3229,2028-stress,CZ,S,coal_bp,production_el_eq_TWh,0.0
3230,2028-stress,CZ,S,eens,production_el_eq_TWh,0.0
3231,2028-stress,CZ,W,gas_chp,production_el_eq_TWh,2.8701856342557566
3232,2028-stress,CZ,W,gas_eng_chp,production_el_eq_TWh,1.0492570357302347
3233,2028-stress,CZ,W,lig_ex,production_el_eq_TWh,2.8019949336722236
3234,2028-stress,CZ,W,coal_ex,production_el_eq_TWh,0.2820527660503787
3235,2028-stress,CZ,W,b_CHP,production_el_eq_TWh,0.03253792288888888
3236,2028-stress,CZ,W,lig_bp,production_el_eq_TWh,1.3787990082888677
3237,2028-stress,CZ,W,coal_bp,production_el_eq_TWh,0.0
3238,2028-stress,CZ,W,eens,production_el_eq_TWh,0.0
3239,2028-stress,CZ,Y,solar,production_used_TWh,7.087387989041789
3240,2028-stress,CZ,Y,onshore,production_used_TWh,0.9967500990521099
3241,2028-stress,CZ,S,solar,production_used_TWh,4.979128111451403
3242,2028-stress,CZ,S,onshore,production_used_TWh,0.4376426403441852
3243,2028-stress,CZ,W,solar,production_used_TWh,2.1082598775903856
3244,2028-stress,CZ,W,onshore,production_used_TWh,0.5591074587079247
3245,2028-stress,CZ,Y,solar,production_excess_TWh,0.0
3246,2028-stress,CZ,Y,onshore,production_excess_TWh,0.0
3247,2028-stress,CZ,S,solar,production_excess_TWh,0.0
3248,2028-stress,CZ,S,onshore,production_excess_TWh,0.0
3249,2028-stress,CZ,W,solar,production_excess_TWh,0.0
3250,2028-stress,CZ,W,onshore,production_excess_TWh,0.0
3251,2028-stress,CZ,Y,h_ror,discharged_TWh,1.1410130771395801
3252,2028-stress,CZ,Y,h_dams,discharged_TWh,0.8157267142857143
3253,2028-stress,CZ,Y,li,discharged_TWh,0.08649413230286547
3254,2028-stress,CZ,Y,pump_open,discharged_TWh,0.40140949627583705
3255,2028-stress,CZ,Y,pump,discharged_TWh,0.530377354921966
3256,2028-stress,CZ,Y,TOTAL,discharged_TWh,2.975020774925963
3257,2028-stress,CZ,S,h_ror,discharged_TWh,0.5404518396395801
3258,2028-stress,CZ,S,h_dams,discharged_TWh,0.38122824158992424
3259,2028-stress,CZ,S,li,discharged_TWh,0.03937608893204157
3260,2028-stress,CZ,S,pump_open,discharged_TWh,0.26961425331760325
3261,2028-stress,CZ,S,pump,discharged_TWh,0.37201518279081663
3262,2028-stress,CZ,S,TOTAL,discharged_TWh,5.950041549851926
3263,2028-stress,CZ,W,h_ror,discharged_TWh,0.6005612375
3264,2028-stress,CZ,W,h_dams,discharged_TWh,0.4344984726957901
3265,2028-stress,CZ,W,li,discharged_TWh,0.0471180433708239
3266,2028-stress,CZ,W,pump_open,discharged_TWh,0.13179524295823383
3267,2028-stress,CZ,W,pump,discharged_TWh,0.15836217213114928
3268,2028-stress,CZ,W,TOTAL,discharged_TWh,5.950041549851926
3269,2028-stress,CZ,Y,h_ror,charged_TWh,0.0
3270,2028-stress,CZ,Y,h_dams,charged_TWh,0.0
3271,2028-stress,CZ,Y,li,charged_TWh,0.09865250432229986
3272,2028-stress,CZ,Y,pump_open,charged_TWh,0.5174967210180278
3273,2028-stress,CZ,Y,pump,charged_TWh,0.7366352151693972
3274,2028-stress,CZ,Y,TOTAL,charged_TWh,1.352784440509725
3275,2028-stress,CZ,S,h_ror,charged_TWh,0.0
3276,2028-stress,CZ,S,h_dams,charged_TWh,0.0
3277,2028-stress,CZ,S,li,charged_TWh,0.0456497583112969
3278,2028-stress,CZ,S,pump_open,charged_TWh,0.3588825624781527
3279,2028-stress,CZ,S,pump,charged_TWh,0.5195901433336897
3280,2028-stress,CZ,S,TOTAL,charged_TWh,2.70556888101945
3281,2028-stress,CZ,W,h_ror,charged_TWh,0.0
3282,2028-stress,CZ,W,h_dams,charged_TWh,0.0
3283,2028-stress,CZ,W,li,charged_TWh,0.05300274601100296
3284,2028-stress,CZ,W,pump_open,charged_TWh,0.15861415853987504
3285,2028-stress,CZ,W,pump,charged_TWh,0.2170450718357074
3286,2028-stress,CZ,W,TOTAL,charged_TWh,2.70556888101945
3287,2028-stress,CZ,Y,h_ror,inflow_TWh,1.14275
3288,2028-stress,CZ,Y,h_dams,inflow_TWh,0.8157267142857143
3289,2028-stress,CZ,Y,pump_open,inflow_TWh,0.028811857142857143
3290,2028-stress,CZ,S,h_ror,inflow_TWh,0.5418
3291,2028-stress,CZ,S,h_dams,inflow_TWh,0.380473
3292,2028-stress,CZ,S,pump_open,inflow_TWh,0.011492
3293,2028-stress,CZ,W,h_ror,inflow_TWh,0.60095
3294,2028-stress,CZ,W,h_dams,inflow_TWh,0.43525371428571424
3295,2028-stress,CZ,W,pump_open,inflow_TWh,0.017319857142857144
3296,2028-stress,CZ,Y,gas_chp,heat_production_PJ,8.412818517092724
3297,2028-stress,CZ,Y,gas_eng_chp,heat_production_PJ,5.572411200000363
3298,2028-stress,CZ,Y,lig_ex,heat_production_PJ,32.40326606245568
3299,2028-stress,CZ,Y,coal_ex,heat_production_PJ,3.2262306091304485
3300,2028-stress,CZ,Y,b_CHP,heat_production_PJ,0.21104913131999992
3301,2028-stress,CZ,Y,lig_bp,heat_production_PJ,17.650068480000794
3302,2028-stress,CZ,Y,coal_bp,heat_production_PJ,0.0
3303,2028-stress,CZ,Y,eens,heat_production_PJ,3.430464381733913e-17
3304,2028-stress,CZ,S,gas_chp,heat_production_PJ,2.3285813739503363
3305,2028-stress,CZ,S,gas_eng_chp,heat_production_PJ,1.7950858713715179
3306,2028-stress,CZ,S,lig_ex,heat_production_PJ,15.652181463229779
3307,2028-stress,CZ,S,coal_ex,heat_production_PJ,1.5390933099673458
3308,2028-stress,CZ,S,b_CHP,heat_production_PJ,0.0002033909999999712
3309,2028-stress,CZ,S,lig_bp,heat_production_PJ,2.7590391904810234
3310,2028-stress,CZ,S,coal_bp,heat_production_PJ,0.0
3311,2028-stress,CZ,S,eens,heat_production_PJ,3.430464381733913e-17
3312,2028-stress,CZ,W,gas_chp,heat_production_PJ,6.084237143142388
3313,2028-stress,CZ,W,gas_eng_chp,heat_production_PJ,3.777325328628845
3314,2028-stress,CZ,W,lig_ex,heat_production_PJ,16.751084599225894
3315,2028-stress,CZ,W,coal_ex,heat_production_PJ,1.6871372991631026
3316,2028-stress,CZ,W,b_CHP,heat_production_PJ,0.21084574031999995
3317,2028-stress,CZ,W,lig_bp,heat_production_PJ,14.891029289519773
3318,2028-stress,CZ,W,coal_bp,heat_production_PJ,0.0
3319,2028-stress,CZ,W,eens,heat_production_PJ,0.0
3320,2028-stress,CZ,Y,waste,production_hours,6647.0
3321,2028-stress,CZ,Y,gas_ccgt,production_hours,8172.0
3322,2028-stress,CZ,Y,gas_chp,production_hours,7345.0
3323,2028-stress,CZ,Y,biogas,production_hours,5324.0
3324,2028-stress,CZ,Y,lig_sc,production_hours,3412.0
3325,2028-stress,CZ,Y,bio,production_hours,0.0
3326,2028-stress,CZ,Y,gas_eng_chp,production_hours,5411.0
3327,2028-stress,CZ,Y,lig,production_hours,2127.0
3328,2028-stress,CZ,Y,lig_ex,production_hours,8553.0
3329,2028-stress,CZ,Y,coal,production_hours,0.0
3330,2028-stress,CZ,Y,coal_ex,production_hours,8441.0
3331,2028-stress,CZ,Y,gas_peak,production_hours,1204.0
3332,2028-stress,CZ,Y,lig_old,production_hours,0.0
3333,2028-stress,CZ,Y,b_CHP,production_hours,219.0
3334,2028-stress,CZ,Y,lig_bp,production_hours,5801.0
3335,2028-stress,CZ,Y,coal_bp,production_hours,0.0
3336,2028-stress,CZ,Y,dsr,production_hours,0.0
3337,2028-stress,CZ,Y,eens,production_hours,0.0
3338,2028-stress,CZ,Y,h_ror,production_hours,8760.0
3339,2028-stress,CZ,Y,h_dams,production_hours,8760.0
3340,2028-stress,CZ,Y,li,production_hours,993.0
3341,2028-stress,CZ,Y,pump_open,production_hours,1357.0
3342,2028-stress,CZ,Y,pump,production_hours,1132.0
3343,2028-stress,CZ,S,waste,production_hours,2709.0
3344,2028-stress,CZ,S,gas_ccgt,production_hours,3838.0
3345,2028-stress,CZ,S,gas_chp,production_hours,2983.0
3346,2028-stress,CZ,S,biogas,production_hours,1805.0
3347,2028-stress,CZ,S,lig_sc,production_hours,0.0
3348,2028-stress,CZ,S,bio,production_hours,0.0
3349,2028-stress,CZ,S,gas_eng_chp,production_hours,1861.0
3350,2028-stress,CZ,S,lig,production_hours,0.0
3351,2028-stress,CZ,S,lig_ex,production_hours,4368.0
3352,2028-stress,CZ,S,coal,production_hours,0.0
3353,2028-stress,CZ,S,coal_ex,production_hours,4368.0
3354,2028-stress,CZ,S,gas_peak,production_hours,0.0
3355,2028-stress,CZ,S,lig_old,production_hours,0.0
3356,2028-stress,CZ,S,b_CHP,production_hours,1.0
3357,2028-stress,CZ,S,lig_bp,production_hours,1435.0
3358,2028-stress,CZ,S,coal_bp,production_hours,0.0
3359,2028-stress,CZ,S,dsr,production_hours,0.0
3360,2028-stress,CZ,S,eens,production_hours,0.0
3361,2028-stress,CZ,S,h_ror,production_hours,4368.0
3362,2028-stress,CZ,S,h_dams,production_hours,4368.0
3363,2028-stress,CZ,S,li,production_hours,450.0
3364,2028-stress,CZ,S,pump_open,production_hours,879.0
3365,2028-stress,CZ,S,pump,production_hours,775.0
3366,2028-stress,CZ,W,waste,production_hours,3938.0
3367,2028-stress,CZ,W,gas_ccgt,production_hours,4334.0
3368,2028-stress,CZ,W,gas_chp,production_hours,4362.0
3369,2028-stress,CZ,W,biogas,production_hours,3519.0
3370,2028-stress,CZ,W,lig_sc,production_hours,3412.0
3371,2028-stress,CZ,W,bio,production_hours,0.0
3372,2028-stress,CZ,W,gas_eng_chp,production_hours,3550.0
3373,2028-stress,CZ,W,lig,production_hours,2127.0
3374,2028-stress,CZ,W,lig_ex,production_hours,4185.0
3375,2028-stress,CZ,W,coal,production_hours,0.0
3376,2028-stress,CZ,W,coal_ex,production_hours,4073.0
3377,2028-stress,CZ,W,gas_peak,production_hours,1204.0
3378,2028-stress,CZ,W,lig_old,production_hours,0.0
3379,2028-stress,CZ,W,b_CHP,production_hours,218.0
3380,2028-stress,CZ,W,lig_bp,production_hours,4366.0
3381,2028-stress,CZ,W,coal_bp,production_hours,0.0
3382,2028-stress,CZ,W,dsr,production_hours,0.0
3383,2028-stress,CZ,W,eens,production_hours,0.0
3384,2028-stress,CZ,W,h_ror,production_hours,4392.0
3385,2028-stress,CZ,W,h_dams,production_hours,4392.0
3386,2028-stress,CZ,W,li,production_hours,543.0
3387,2028-stress,CZ,W,pump_open,production_hours,478.0
3388,2028-stress,CZ,W,pump,production_hours,357.0
3389,2028-stress,CZ,Y,nuclear,capex_mn_EUR_per_yr,2738.4690791124917
3390,2028-stress,CZ,Y,solar,capex_mn_EUR_per_yr,362.97951645653444
3391,2028-stress,CZ,Y,onshore,capex_mn_EUR_per_yr,68.82996852045387
3392,2028-stress,CZ,Y,waste,capex_mn_EUR_per_yr,228.2938717209026
3393,2028-stress,CZ,Y,gas_ccgt,capex_mn_EUR_per_yr,76.18061222457844
3394,2028-stress,CZ,Y,gas_chp,capex_mn_EUR_per_yr,138.841538451773
3395,2028-stress,CZ,Y,biogas,capex_mn_EUR_per_yr,16.217086196531145
3396,2028-stress,CZ,Y,lig_sc,capex_mn_EUR_per_yr,144.15255774515765
3397,2028-stress,CZ,Y,bio,capex_mn_EUR_per_yr,0.0
3398,2028-stress,CZ,Y,gas_eng_chp,capex_mn_EUR_per_yr,22.59441391073202
3399,2028-stress,CZ,Y,lig,capex_mn_EUR_per_yr,285.68415989494883
3400,2028-stress,CZ,Y,lig_ex,capex_mn_EUR_per_yr,381.78586505838734
3401,2028-stress,CZ,Y,coal,capex_mn_EUR_per_yr,0.0
3402,2028-stress,CZ,Y,coal_ex,capex_mn_EUR_per_yr,26.048184884115727
3403,2028-stress,CZ,Y,gas_peak,capex_mn_EUR_per_yr,7.893982066856129
3404,2028-stress,CZ,Y,lig_old,capex_mn_EUR_per_yr,0.0
3405,2028-stress,CZ,Y,b_CHP,capex_mn_EUR_per_yr,109.81713302115291
3406,2028-stress,CZ,Y,lig_bp,capex_mn_EUR_per_yr,115.75887212868723
3407,2028-stress,CZ,Y,coal_bp,capex_mn_EUR_per_yr,0.0
3408,2028-stress,CZ,Y,dsr,capex_mn_EUR_per_yr,0.0
3409,2028-stress,CZ,Y,h_ror,capex_mn_EUR_per_yr,84.30517292657983
3410,2028-stress,CZ,Y,h_dams,capex_mn_EUR_per_yr,123.71530195731836
3411,2028-stress,CZ,Y,li,capex_mn_EUR_per_yr,4.011568788183623
3412,2028-stress,CZ,Y,pump_open,capex_mn_EUR_per_yr,95.47814765178921
3413,2028-stress,CZ,Y,pump,capex_mn_EUR_per_yr,137.73230661258106
3414,2028-stress,CZ,S,nuclear,capex_mn_EUR_per_yr,2738.4690791124917
3415,2028-stress,CZ,S,solar,capex_mn_EUR_per_yr,362.97951645653444
3416,2028-stress,CZ,S,onshore,capex_mn_EUR_per_yr,68.82996852045387
3417,2028-stress,CZ,S,waste,capex_mn_EUR_per_yr,228.2938717209026
3418,2028-stress,CZ,S,gas_ccgt,capex_mn_EUR_per_yr,76.18061222457844
3419,2028-stress,CZ,S,gas_chp,capex_mn_EUR_per_yr,138.841538451773
3420,2028-stress,CZ,S,biogas,capex_mn_EUR_per_yr,16.217086196531145
3421,2028-stress,CZ,S,lig_sc,capex_mn_EUR_per_yr,144.15255774515765
3422,2028-stress,CZ,S,bio,capex_mn_EUR_per_yr,0.0
3423,2028-stress,CZ,S,gas_eng_chp,capex_mn_EUR_per_yr,22.59441391073202
3424,2028-stress,CZ,S,lig,capex_mn_EUR_per_yr,285.68415989494883
3425,2028-stress,CZ,S,lig_ex,capex_mn_EUR_per_yr,381.78586505838734
3426,2028-stress,CZ,S,coal,capex_mn_EUR_per_yr,0.0
3427,2028-stress,CZ,S,coal_ex,capex_mn_EUR_per_yr,26.048184884115727
3428,2028-stress,CZ,S,gas_peak,capex_mn_EUR_per_yr,7.893982066856129
3429,2028-stress,CZ,S,lig_old,capex_mn_EUR_per_yr,0.0
3430,2028-stress,CZ,S,b_CHP,capex_mn_EUR_per_yr,109.81713302115291
3431,2028-stress,CZ,S,lig_bp,capex_mn_EUR_per_yr,115.75887212868723
3432,2028-stress,CZ,S,coal_bp,capex_mn_EUR_per_yr,0.0
3433,2028-stress,CZ,S,dsr,capex_mn_EUR_per_yr,0.0
3434,2028-stress,CZ,S,h_ror,capex_mn_EUR_per_yr,84.30517292657983
3435,2028-stress,CZ,S,h_dams,capex_mn_EUR_per_yr,123.71530195731836
3436,2028-stress,CZ,S,li,capex_mn_EUR_per_yr,4.011568788183623
3437,2028-stress,CZ,S,pump_open,capex_mn_EUR_per_yr,95.47814765178921
3438,2028-stress,CZ,S,pump,capex_mn_EUR_per_yr,137.73230661258106
3439,2028-stress,CZ,W,nuclear,capex_mn_EUR_per_yr,2738.4690791124917
3440,2028-stress,CZ,W,solar,capex_mn_EUR_per_yr,362.97951645653444
3441,2028-stress,CZ,W,onshore,capex_mn_EUR_per_yr,68.82996852045387
3442,2028-stress,CZ,W,waste,capex_mn_EUR_per_yr,228.2938717209026
3443,2028-stress,CZ,W,gas_ccgt,capex_mn_EUR_per_yr,76.18061222457844
3444,2028-stress,CZ,W,gas_chp,capex_mn_EUR_per_yr,138.841538451773
3445,2028-stress,CZ,W,biogas,capex_mn_EUR_per_yr,16.217086196531145
3446,2028-stress,CZ,W,lig_sc,capex_mn_EUR_per_yr,144.15255774515765
3447,2028-stress,CZ,W,bio,capex_mn_EUR_per_yr,0.0
3448,2028-stress,CZ,W,gas_eng_chp,capex_mn_EUR_per_yr,22.59441391073202
3449,2028-stress,CZ,W,lig,capex_mn_EUR_per_yr,285.68415989494883
3450,2028-stress,CZ,W,lig_ex,capex_mn_EUR_per_yr,381.78586505838734
3451,2028-stress,CZ,W,coal,capex_mn_EUR_per_yr,0.0
3452,2028-stress,CZ,W,coal_ex,capex_mn_EUR_per_yr,26.048184884115727
3453,2028-stress,CZ,W,gas_peak,capex_mn_EUR_per_yr,7.893982066856129
3454,2028-stress,CZ,W,lig_old,capex_mn_EUR_per_yr,0.0
3455,2028-stress,CZ,W,b_CHP,capex_mn_EUR_per_yr,109.81713302115291
3456,2028-stress,CZ,W,lig_bp,capex_mn_EUR_per_yr,115.75887212868723
3457,2028-stress,CZ,W,coal_bp,capex_mn_EUR_per_yr,0.0
3458,2028-stress,CZ,W,dsr,capex_mn_EUR_per_yr,0.0
3459,2028-stress,CZ,W,h_ror,capex_mn_EUR_per_yr,84.30517292657983
3460,2028-stress,CZ,W,h_dams,capex_mn_EUR_per_yr,123.71530195731836
3461,2028-stress,CZ,W,li,capex_mn_EUR_per_yr,4.011568788183623
3462,2028-stress,CZ,W,pump_open,capex_mn_EUR_per_yr,95.47814765178921
3463,2028-stress,CZ,W,pump,capex_mn_EUR_per_yr,137.73230661258106
3464,2028-stress,CZ,Y,nuclear,opex_mn_EUR,494.9444766359082
3465,2028-stress,CZ,Y,solar,opex_mn_EUR,0.0
3466,2028-stress,CZ,Y,onshore,opex_mn_EUR,0.0
3467,2028-stress,CZ,Y,waste,opex_mn_EUR,45.56294877906714
3468,2028-stress,CZ,Y,gas_ccgt,opex_mn_EUR,421.10479243905513
3469,2028-stress,CZ,Y,gas_chp,opex_mn_EUR,208.94358849271197
3470,2028-stress,CZ,Y,biogas,opex_mn_EUR,137.2602100032108
3471,2028-stress,CZ,Y,lig_sc,opex_mn_EUR,147.2709914783478
3472,2028-stress,CZ,Y,bio,opex_mn_EUR,0.0
3473,2028-stress,CZ,Y,gas_eng_chp,opex_mn_EUR,167.56790840001088
3474,2028-stress,CZ,Y,lig,opex_mn_EUR,167.8043295779487
3475,2028-stress,CZ,Y,lig_ex,opex_mn_EUR,242.8349718404884
3476,2028-stress,CZ,Y,coal,opex_mn_EUR,0.0
3477,2028-stress,CZ,Y,coal_ex,opex_mn_EUR,24.434890538494923
3478,2028-stress,CZ,Y,gas_peak,opex_mn_EUR,12.522544379451473
3479,2028-stress,CZ,Y,lig_old,opex_mn_EUR,0.0
3480,2028-stress,CZ,Y,b_CHP,opex_mn_EUR,2.10764128149251
3481,2028-stress,CZ,Y,lig_bp,opex_mn_EUR,359.11088575807906
3482,2028-stress,CZ,Y,coal_bp,opex_mn_EUR,0.0
3483,2028-stress,CZ,Y,dsr,opex_mn_EUR,0.0
3484,2028-stress,CZ,Y,h_ror,opex_mn_EUR,2.2820261542791602
3485,2028-stress,CZ,Y,h_dams,opex_mn_EUR,2.447180142857143
3486,2028-stress,CZ,Y,li,opex_mn_EUR,0.4324706615143274
3487,2028-stress,CZ,Y,pump_open,opex_mn_EUR,1.6056379851033482
3488,2028-stress,CZ,Y,pump,opex_mn_EUR,2.121509419687864
3489,2028-stress,CZ,S,nuclear,opex_mn_EUR,239.2161165494021
3490,2028-stress,CZ,S,solar,opex_mn_EUR,0.0
3491,2028-stress,CZ,S,onshore,opex_mn_EUR,0.0
3492,2028-stress,CZ,S,waste,opex_mn_EUR,16.959761459256338
3493,2028-stress,CZ,S,gas_ccgt,opex_mn_EUR,196.3379230600164
3494,2028-stress,CZ,S,gas_chp,opex_mn_EUR,33.378959905763665
3495,2028-stress,CZ,S,biogas,opex_mn_EUR,45.03892845044651
3496,2028-stress,CZ,S,lig_sc,opex_mn_EUR,0.0
3497,2028-stress,CZ,S,bio,opex_mn_EUR,0.0
3498,2028-stress,CZ,S,gas_eng_chp,opex_mn_EUR,53.98000507645894
3499,2028-stress,CZ,S,lig,opex_mn_EUR,0.0
3500,2028-stress,CZ,S,lig_ex,opex_mn_EUR,115.03107017132541
3501,2028-stress,CZ,S,coal,opex_mn_EUR,0.0
3502,2028-stress,CZ,S,coal_ex,opex_mn_EUR,11.448989929411116
3503,2028-stress,CZ,S,gas_peak,opex_mn_EUR,0.0
3504,2028-stress,CZ,S,lig_old,opex_mn_EUR,0.0
3505,2028-stress,CZ,S,b_CHP,opex_mn_EUR,0.009626987999999738
3506,2028-stress,CZ,S,lig_bp,opex_mn_EUR,57.53024354575743
3507,2028-stress,CZ,S,coal_bp,opex_mn_EUR,0.0
3508,2028-stress,CZ,S,dsr,opex_mn_EUR,0.0
3509,2028-stress,CZ,S,h_ror,opex_mn_EUR,
3510,2028-stress,CZ,S,h_dams,opex_mn_EUR,1.1436847247697728
3511,2028-stress,CZ,S,li,opex_mn_EUR,0.19688044466020788
3512,2028-stress,CZ,S,pump_open,opex_mn_EUR,1.078457013270413
3513,2028-stress,CZ,S,pump,opex_mn_EUR,1.4880607311632665
3514,2028-stress,CZ,W,nuclear,opex_mn_EUR,255.72836008650606
3515,2028-stress,CZ,W,solar,opex_mn_EUR,0.0
3516,2028-stress,CZ,W,onshore,opex_mn_EUR,0.0
3517,2028-stress,CZ,W,waste,opex_mn_EUR,28.60318731981081
3518,2028-stress,CZ,W,gas_ccgt,opex_mn_EUR,224.76686937903875
3519,2028-stress,CZ,W,gas_chp,opex_mn_EUR,175.5646285869483
3520,2028-stress,CZ,W,biogas,opex_mn_EUR,92.22128155276431
3521,2028-stress,CZ,W,lig_sc,opex_mn_EUR,147.2709914783478
3522,2028-stress,CZ,W,bio,opex_mn_EUR,0.0
3523,2028-stress,CZ,W,gas_eng_chp,opex_mn_EUR,113.58790332355194
3524,2028-stress,CZ,W,lig,opex_mn_EUR,167.8043295779487
3525,2028-stress,CZ,W,lig_ex,opex_mn_EUR,127.80390166916294
3526,2028-stress,CZ,W,coal,opex_mn_EUR,0.0
3527,2028-stress,CZ,W,coal_ex,opex_mn_EUR,12.985900609083812
3528,2028-stress,CZ,W,gas_peak,opex_mn_EUR,12.522544379451473
3529,2028-stress,CZ,W,lig_old,opex_mn_EUR,0.0
3530,2028-stress,CZ,W,b_CHP,opex_mn_EUR,2.0980142934925103
3531,2028-stress,CZ,W,lig_bp,opex_mn_EUR,301.58064221232166
3532,2028-stress,CZ,W,coal_bp,opex_mn_EUR,0.0
3533,2028-stress,CZ,W,dsr,opex_mn_EUR,0.0
3534,2028-stress,CZ,W,h_ror,opex_mn_EUR,1.201122475
3535,2028-stress,CZ,W,h_dams,opex_mn_EUR,1.3034954180873701
3536,2028-stress,CZ,W,li,opex_mn_EUR,0.2355902168541195
3537,2028-stress,CZ,W,pump_open,opex_mn_EUR,0.5271809718329353
3538,2028-stress,CZ,W,pump,opex_mn_EUR,0.6334486885245971
3539,2028-stress,CZ,Y,h_ror,wholesale_expenses_mn_EUR,0.0
3540,2028-stress,CZ,Y,h_dams,wholesale_expenses_mn_EUR,0.0
3541,2028-stress,CZ,Y,li,wholesale_expenses_mn_EUR,8.775152598263174
3542,2028-stress,CZ,Y,pump_open,wholesale_expenses_mn_EUR,37.82546564224194
3543,2028-stress,CZ,Y,pump,wholesale_expenses_mn_EUR,53.56961299797076
3544,2028-stress,CZ,Y,IMPORT_EXPORT,wholesale_expenses_mn_EUR,1744.1046158651266
3545,2028-stress,CZ,S,h_ror,wholesale_expenses_mn_EUR,0.0
3546,2028-stress,CZ,S,h_dams,wholesale_expenses_mn_EUR,0.0
3547,2028-stress,CZ,S,li,wholesale_expenses_mn_EUR,2.5873861780716005
3548,2028-stress,CZ,S,pump_open,wholesale_expenses_mn_EUR,17.996573730176195
3549,2028-stress,CZ,S,pump,wholesale_expenses_mn_EUR,25.713858305088113
3550,2028-stress,CZ,S,IMPORT_EXPORT,wholesale_expenses_mn_EUR,668.171575370839
3551,2028-stress,CZ,W,h_ror,wholesale_expenses_mn_EUR,0.0
3552,2028-stress,CZ,W,h_dams,wholesale_expenses_mn_EUR,0.0
3553,2028-stress,CZ,W,li,wholesale_expenses_mn_EUR,6.187766420191573
3554,2028-stress,CZ,W,pump_open,wholesale_expenses_mn_EUR,19.828891912065746
3555,2028-stress,CZ,W,pump,wholesale_expenses_mn_EUR,27.85575469288264
3556,2028-stress,CZ,W,IMPORT_EXPORT,wholesale_expenses_mn_EUR,1075.9330404942875
3557,2028-stress,CZ,Y,nuclear,wholesale_revenues_mn_EUR,2796.810977798031
3558,2028-stress,CZ,Y,solar,wholesale_revenues_mn_EUR,557.8694412473427
3559,2028-stress,CZ,Y,onshore,wholesale_revenues_mn_EUR,116.92642327082162
3560,2028-stress,CZ,Y,waste,wholesale_revenues_mn_EUR,158.92105465479372
3561,2028-stress,CZ,Y,gas_ccgt,wholesale_revenues_mn_EUR,615.9594602669463
3562,2028-stress,CZ,Y,gas_chp,wholesale_revenues_mn_EUR,397.07284101928803
3563,2028-stress,CZ,Y,biogas,wholesale_revenues_mn_EUR,204.9610812771778
3564,2028-stress,CZ,Y,lig_sc,wholesale_revenues_mn_EUR,238.51045454228722
3565,2028-stress,CZ,Y,bio,wholesale_revenues_mn_EUR,0.0
3566,2028-stress,CZ,Y,gas_eng_chp,wholesale_revenues_mn_EUR,231.91515942278235
3567,2028-stress,CZ,Y,lig,wholesale_revenues_mn_EUR,331.3755360819186
3568,2028-stress,CZ,Y,lig_ex,wholesale_revenues_mn_EUR,310.43991393292185
3569,2028-stress,CZ,Y,coal,wholesale_revenues_mn_EUR,0.0
3570,2028-stress,CZ,Y,coal_ex,wholesale_revenues_mn_EUR,30.06002635525255
3571,2028-stress,CZ,Y,gas_peak,wholesale_revenues_mn_EUR,30.454840560501776
3572,2028-stress,CZ,Y,lig_old,wholesale_revenues_mn_EUR,0.0
3573,2028-stress,CZ,Y,b_CHP,wholesale_revenues_mn_EUR,16.48485793650229
3574,2028-stress,CZ,Y,lig_bp,wholesale_revenues_mn_EUR,237.70243288273423
3575,2028-stress,CZ,Y,coal_bp,wholesale_revenues_mn_EUR,0.0
3576,2028-stress,CZ,Y,dsr,wholesale_revenues_mn_EUR,0.0
3577,2028-stress,CZ,Y,h_ror,wholesale_revenues_mn_EUR,135.182418620196
3578,2028-stress,CZ,Y,h_dams,wholesale_revenues_mn_EUR,119.46075259770643
3579,2028-stress,CZ,Y,li,wholesale_revenues_mn_EUR,12.416478196368901
3580,2028-stress,CZ,Y,pump_open,wholesale_revenues_mn_EUR,69.9537881059351
3581,2028-stress,CZ,Y,pump,wholesale_revenues_mn_EUR,87.01307199915513
3582,2028-stress,CZ,Y,IMPORT_EXPORT,wholesale_revenues_mn_EUR,16.949165507460293
3583,2028-stress,CZ,S,nuclear,wholesale_revenues_mn_EUR,1020.2280345700233
3584,2028-stress,CZ,S,solar,wholesale_revenues_mn_EUR,316.8429453645201
3585,2028-stress,CZ,S,onshore,wholesale_revenues_mn_EUR,37.24347749481172
3586,2028-stress,CZ,S,waste,wholesale_revenues_mn_EUR,41.531767404323496
3587,2028-stress,CZ,S,gas_ccgt,wholesale_revenues_mn_EUR,215.62008925138105
3588,2028-stress,CZ,S,gas_chp,wholesale_revenues_mn_EUR,36.490982710522
3589,2028-stress,CZ,S,biogas,wholesale_revenues_mn_EUR,47.15653693289326
3590,2028-stress,CZ,S,lig_sc,wholesale_revenues_mn_EUR,0.0
3591,2028-stress,CZ,S,bio,wholesale_revenues_mn_EUR,0.0
3592,2028-stress,CZ,S,gas_eng_chp,wholesale_revenues_mn_EUR,51.510102093325166
3593,2028-stress,CZ,S,lig,wholesale_revenues_mn_EUR,0.0
3594,2028-stress,CZ,S,lig_ex,wholesale_revenues_mn_EUR,89.74692190122963
3595,2028-stress,CZ,S,coal,wholesale_revenues_mn_EUR,0.0
3596,2028-stress,CZ,S,coal_ex,wholesale_revenues_mn_EUR,8.826147359875899
3597,2028-stress,CZ,S,gas_peak,wholesale_revenues_mn_EUR,0.0
3598,2028-stress,CZ,S,lig_old,wholesale_revenues_mn_EUR,0.0
3599,2028-stress,CZ,S,b_CHP,wholesale_revenues_mn_EUR,0.001395689630072574
3600,2028-stress,CZ,S,lig_bp,wholesale_revenues_mn_EUR,24.15883321952798
3601,2028-stress,CZ,S,coal_bp,wholesale_revenues_mn_EUR,0.0
3602,2028-stress,CZ,S,dsr,wholesale_revenues_mn_EUR,0.0
3603,2028-stress,CZ,S,h_ror,wholesale_revenues_mn_EUR,47.49619254611783
3604,2028-stress,CZ,S,h_dams,wholesale_revenues_mn_EUR,37.88665369455703
3605,2028-stress,CZ,S,li,wholesale_revenues_mn_EUR,4.0837943850231495
3606,2028-stress,CZ,S,pump_open,wholesale_revenues_mn_EUR,28.194938537562727
3607,2028-stress,CZ,S,pump,wholesale_revenues_mn_EUR,38.62449428001289
3608,2028-stress,CZ,S,IMPORT_EXPORT,wholesale_revenues_mn_EUR,0.4902784848618475
3609,2028-stress,CZ,W,nuclear,wholesale_revenues_mn_EUR,1776.582943228008
3610,2028-stress,CZ,W,solar,wholesale_revenues_mn_EUR,241.02649588282264
3611,2028-stress,CZ,W,onshore,wholesale_revenues_mn_EUR,79.68294577600989
3612,2028-stress,CZ,W,waste,wholesale_revenues_mn_EUR,117.38928725047023
3613,2028-stress,CZ,W,gas_ccgt,wholesale_revenues_mn_EUR,400.3393710155653
3614,2028-stress,CZ,W,gas_chp,wholesale_revenues_mn_EUR,360.581858308766
3615,2028-stress,CZ,W,biogas,wholesale_revenues_mn_EUR,157.80454434428452
3616,2028-stress,CZ,W,lig_sc,wholesale_revenues_mn_EUR,238.51045454228722
3617,2028-stress,CZ,W,bio,wholesale_revenues_mn_EUR,0.0
3618,2028-stress,CZ,W,gas_eng_chp,wholesale_revenues_mn_EUR,180.4050573294572
3619,2028-stress,CZ,W,lig,wholesale_revenues_mn_EUR,331.3755360819186
3620,2028-stress,CZ,W,lig_ex,wholesale_revenues_mn_EUR,220.6929920316922
3621,2028-stress,CZ,W,coal,wholesale_revenues_mn_EUR,0.0
3622,2028-stress,CZ,W,coal_ex,wholesale_revenues_mn_EUR,21.23387899537665
3623,2028-stress,CZ,W,gas_peak,wholesale_revenues_mn_EUR,30.454840560501776
3624,2028-stress,CZ,W,lig_old,wholesale_revenues_mn_EUR,0.0
3625,2028-stress,CZ,W,b_CHP,wholesale_revenues_mn_EUR,16.483462246872218
3626,2028-stress,CZ,W,lig_bp,wholesale_revenues_mn_EUR,213.5435996632062
3627,2028-stress,CZ,W,coal_bp,wholesale_revenues_mn_EUR,0.0
3628,2028-stress,CZ,W,dsr,wholesale_revenues_mn_EUR,0.0
3629,2028-stress,CZ,W,h_ror,wholesale_revenues_mn_EUR,87.68622607407815
3630,2028-stress,CZ,W,h_dams,wholesale_revenues_mn_EUR,81.57409890314939
3631,2028-stress,CZ,W,li,wholesale_revenues_mn_EUR,8.33268381134575
3632,2028-stress,CZ,W,pump_open,wholesale_revenues_mn_EUR,41.75884956837237
3633,2028-stress,CZ,W,pump,wholesale_revenues_mn_EUR,48.38857771914224
3634,2028-stress,CZ,W,IMPORT_EXPORT,wholesale_revenues_mn_EUR,16.458887022598446
3635,2028-stress,CZ,Y,TOTAL,avg_consumer_price_EUR_per_MWh,125.03653410893214
3636,2028-stress,CZ,S,TOTAL,avg_consumer_price_EUR_per_MWh,86.99591846406985
3637,2028-stress,CZ,W,TOTAL,avg_consumer_price_EUR_per_MWh,157.4899965940531
3638,2028-stress,CZ,Y,TOTAL,avg_producer_price_EUR_per_MWh,123.74482765695703
3639,2028-stress,CZ,S,TOTAL,avg_producer_price_EUR_per_MWh,83.98413596169182
3640,2028-stress,CZ,W,TOTAL,avg_producer_price_EUR_per_MWh,155.44560869754451
3641,2028-stress,CZ,Y,nuclear,capacity_factor,0.672061160003901
3642,2028-stress,CZ,Y,solar,capacity_factor,0.11558036511809831
3643,2028-stress,CZ,Y,onshore,capacity_factor,0.2275685157653219
3644,2028-stress,CZ,Y,waste,capacity_factor,0.6666666666665816
3645,2028-stress,CZ,Y,gas_ccgt,capacity_factor,0.9154314345036597
3646,2028-stress,CZ,Y,gas_chp,capacity_factor,0.5333333333333227
3647,2028-stress,CZ,Y,biogas,capacity_factor,0.5702914105655323
3648,2028-stress,CZ,Y,lig_sc,capacity_factor,0.3715946449983885
3649,2028-stress,CZ,Y,gas_eng_chp,capacity_factor,0.5333333333333681
3650,2028-stress,CZ,Y,lig,capacity_factor,0.1980150420171913
3651,2028-stress,CZ,Y,lig_ex,capacity_factor,0.5333333333333232
3652,2028-stress,CZ,Y,coal_ex,capacity_factor,0.5333333333333394
3653,2028-stress,CZ,Y,gas_peak,capacity_factor,0.12290473447243554
3654,2028-stress,CZ,Y,b_CHP,capacity_factor,0.017768018193313192
3655,2028-stress,CZ,Y,lig_bp,capacity_factor,0.5333333333333574
3656,2028-stress,CZ,Y,h_ror,capacity_factor,0.3138617695823239
3657,2028-stress,CZ,Y,h_dams,capacity_factor,0.15290556310699369
3658,2028-stress,CZ,Y,li,capacity_factor,0.09873759395304277
3659,2028-stress,CZ,Y,pump_open,capacity_factor,0.09749574863398355
3660,2028-stress,CZ,Y,pump,capacity_factor,0.08929994122553002
3661,2028-stress,CZ,Y,TOTAL,capacity_factor,0.31785606067755673
3662,2028-stress,CZ,S,nuclear,capacity_factor,0.6514247085763767
3663,2028-stress,CZ,S,solar,capacity_factor,0.16284432598938392
3664,2028-stress,CZ,S,onshore,capacity_factor,0.20038582433341814
3665,2028-stress,CZ,S,waste,capacity_factor,0.47898761605401224
3666,2028-stress,CZ,S,gas_ccgt,capacity_factor,0.8469888416750414
3667,2028-stress,CZ,S,gas_chp,capacity_factor,0.20997673896359967
3668,2028-stress,CZ,S,biogas,capacity_factor,0.3724852336123719
3669,2028-stress,CZ,S,lig_sc,capacity_factor,0.0
3670,2028-stress,CZ,S,gas_eng_chp,capacity_factor,0.34455795144731566
3671,2028-stress,CZ,S,lig,capacity_factor,0.0
3672,2028-stress,CZ,S,lig_ex,capacity_factor,0.5135656253404607
3673,2028-stress,CZ,S,coal_ex,capacity_factor,0.5073145922357242
3674,2028-stress,CZ,S,gas_peak,capacity_factor,0.0
3675,2028-stress,CZ,S,b_CHP,capacity_factor,3.4340659340654475e-05
3676,2028-stress,CZ,S,lig_bp,capacity_factor,0.1671982313488437
3677,2028-stress,CZ,S,h_ror,capacity_factor,0.29814413678868235
3678,2028-stress,CZ,S,h_dams,capacity_factor,0.14331285359034668
3679,2028-stress,CZ,S,li,capacity_factor,0.09014672374551642
3680,2028-stress,CZ,S,pump_open,capacity_factor,0.13132952094419922
3681,2028-stress,CZ,S,pump,capacity_factor,0.1256169779918638
3682,2028-stress,CZ,S,TOTAL,capacity_factor,1.2749171664539363
3683,2028-stress,CZ,W,nuclear,capacity_factor,0.6925848439372861
3684,2028-stress,CZ,W,solar,capacity_factor,0.06857467725703831
3685,2028-stress,CZ,W,onshore,capacity_factor,0.2546026678997836
3686,2028-stress,CZ,W,waste,capacity_factor,0.8533201486965689
3687,2028-stress,CZ,W,gas_ccgt,capacity_factor,0.9835000240927777
3688,2028-stress,CZ,W,gas_chp,capacity_factor,0.854922951777528
3689,2028-stress,CZ,W,biogas,capacity_factor,0.7670166794479106
3690,2028-stress,CZ,W,lig_sc,capacity_factor,0.7411587181661847
3691,2028-stress,CZ,W,gas_eng_chp,capacity_factor,0.7210771557555624
3692,2028-stress,CZ,W,lig,capacity_factor,0.3949480346244526
3693,2028-stress,CZ,W,lig_ex,capacity_factor,0.5529930210639299
3694,2028-stress,CZ,W,coal_ex,capacity_factor,0.5592098955178526
3695,2028-stress,CZ,W,gas_peak,capacity_factor,0.2451378583739834
3696,2028-stress,CZ,W,b_CHP,capacity_factor,0.03540479038557003
3697,2028-stress,CZ,W,lig_bp,capacity_factor,0.8974676970556608
3698,2028-stress,CZ,W,h_ror,capacity_factor,0.3294935136721751
3699,2028-stress,CZ,W,h_dams,capacity_factor,0.16244585344595416
3700,2028-stress,CZ,W,li,capacity_factor,0.10728151951462635
3701,2028-stress,CZ,W,pump_open,capacity_factor,0.06384686032546305
3702,2028-stress,CZ,W,pump,capacity_factor,0.05318135821201772
3703,2028-stress,CZ,W,TOTAL,capacity_factor,1.2679504059815103
3704,2028-stress,CZ,Y,li,capacity_factor_charging,0.008966394164487962
3705,2028-stress,CZ,Y,pump_open,capacity_factor_charging,0.13426129125623384
3706,2028-stress,CZ,Y,pump,capacity_factor_charging,0.12664273793279235
3707,2028-stress,CZ,S,li,capacity_factor_charging,0.008320887900655681
3708,2028-stress,CZ,S,pump_open,capacity_factor_charging,0.18673127002068385
3709,2028-stress,CZ,S,pump,capacity_factor_charging,0.17914727017054813
3710,2028-stress,CZ,W,li,capacity_factor_charging,0.009608373071687281
3711,2028-stress,CZ,W,pump_open,capacity_factor_charging,0.082078033687218
3712,2028-stress,CZ,W,pump,capacity_factor_charging,0.07442511570726465
3713,2028-stress,CZ,Y,nuclear,emissions_MtCO2,0.0
3714,2028-stress,CZ,Y,solar,emissions_MtCO2,0.0
3715,2028-stress,CZ,Y,onshore,emissions_MtCO2,0.0
3716,2028-stress,CZ,Y,waste,emissions_MtCO2,0.0
3717,2028-stress,CZ,Y,gas_ccgt,emissions_MtCO2,1.945051955284437
3718,2028-stress,CZ,Y,gas_chp,emissions_MtCO2,1.4030015999999719
3719,2028-stress,CZ,Y,biogas,emissions_MtCO2,0.0
3720,2028-stress,CZ,Y,lig_sc,emissions_MtCO2,1.3190247959860195
3721,2028-stress,CZ,Y,bio,emissions_MtCO2,0.0
3722,2028-stress,CZ,Y,gas_eng_chp,emissions_MtCO2,0.7567472000000491
3723,2028-stress,CZ,Y,lig,emissions_MtCO2,1.4974556471399838
3724,2028-stress,CZ,Y,lig_ex,emissions_MtCO2,5.389992959999899
3725,2028-stress,CZ,Y,coal,emissions_MtCO2,0.0
3726,2028-stress,CZ,Y,coal_ex,emissions_MtCO2,0.45390647808000517
3727,2028-stress,CZ,Y,gas_peak,emissions_MtCO2,0.05699788055379214
3728,2028-stress,CZ,Y,lig_old,emissions_MtCO2,0.0
3729,2028-stress,CZ,Y,b_CHP,emissions_MtCO2,0.0
3730,2028-stress,CZ,Y,lig_bp,emissions_MtCO2,3.2685312000001474
3731,2028-stress,CZ,Y,coal_bp,emissions_MtCO2,0.0
3732,2028-stress,CZ,Y,dsr,emissions_MtCO2,0.0
3733,2028-stress,CZ,Y,eens,emissions_MtCO2,0.0
3734,2028-stress,CZ,Y,h_ror,emissions_MtCO2,0.0
3735,2028-stress,CZ,Y,h_dams,emissions_MtCO2,0.0
3736,2028-stress,CZ,Y,li,emissions_MtCO2,0.0
3737,2028-stress,CZ,Y,pump_open,emissions_MtCO2,0.0
3738,2028-stress,CZ,Y,pump,emissions_MtCO2,0.0
3739,2028-stress,CZ,Y,TOTAL,emissions_MtCO2,16.090709717044305
3740,2028-stress,CZ,S,nuclear,emissions_MtCO2,0.0
3741,2028-stress,CZ,S,solar,emissions_MtCO2,0.0
3742,2028-stress,CZ,S,onshore,emissions_MtCO2,0.0
3743,2028-stress,CZ,S,waste,emissions_MtCO2,0.0
3744,2028-stress,CZ,S,gas_ccgt,emissions_MtCO2,0.8973494430188926
3745,2028-stress,CZ,S,gas_chp,emissions_MtCO2,0.2754286722566389
3746,2028-stress,CZ,S,biogas,emissions_MtCO2,0.0
3747,2028-stress,CZ,S,lig_sc,emissions_MtCO2,0.0
3748,2028-stress,CZ,S,bio,emissions_MtCO2,0.0
3749,2028-stress,CZ,S,gas_eng_chp,emissions_MtCO2,0.24377709364304564
3750,2028-stress,CZ,S,lig,emissions_MtCO2,0.0
3751,2028-stress,CZ,S,lig_ex,emissions_MtCO2,2.587998026327675
3752,2028-stress,CZ,S,coal,emissions_MtCO2,0.0
3753,2028-stress,CZ,S,coal_ex,emissions_MtCO2,0.21528983800138468
3754,2028-stress,CZ,S,gas_peak,emissions_MtCO2,0.0
3755,2028-stress,CZ,S,lig_old,emissions_MtCO2,0.0
3756,2028-stress,CZ,S,b_CHP,emissions_MtCO2,0.0
3757,2028-stress,CZ,S,lig_bp,emissions_MtCO2,0.5109331834224118
3758,2028-stress,CZ,S,coal_bp,emissions_MtCO2,0.0
3759,2028-stress,CZ,S,dsr,emissions_MtCO2,0.0
3760,2028-stress,CZ,S,eens,emissions_MtCO2,0.0
3761,2028-stress,CZ,S,h_ror,emissions_MtCO2,0.0
3762,2028-stress,CZ,S,h_dams,emissions_MtCO2,0.0
3763,2028-stress,CZ,S,li,emissions_MtCO2,0.0
3764,2028-stress,CZ,S,pump_open,emissions_MtCO2,0.0
3765,2028-stress,CZ,S,pump,emissions_MtCO2,0.0
3766,2028-stress,CZ,S,TOTAL,emissions_MtCO2,32.18141943408861
3767,2028-stress,CZ,W,nuclear,emissions_MtCO2,0.0
3768,2028-stress,CZ,W,solar,emissions_MtCO2,0.0
3769,2028-stress,CZ,W,onshore,emissions_MtCO2,0.0
3770,2028-stress,CZ,W,waste,emissions_MtCO2,0.0
3771,2028-stress,CZ,W,gas_ccgt,emissions_MtCO2,1.0477025122655446
3772,2028-stress,CZ,W,gas_chp,emissions_MtCO2,1.1275729277433328
3773,2028-stress,CZ,W,biogas,emissions_MtCO2,0.0
3774,2028-stress,CZ,W,lig_sc,emissions_MtCO2,1.3190247959860195
3775,2028-stress,CZ,W,bio,emissions_MtCO2,0.0
3776,2028-stress,CZ,W,gas_eng_chp,emissions_MtCO2,0.5129701063570036
3777,2028-stress,CZ,W,lig,emissions_MtCO2,1.4974556471399838
3778,2028-stress,CZ,W,lig_ex,emissions_MtCO2,2.8019949336722236
3779,2028-stress,CZ,W,coal,emissions_MtCO2,0.0
3780,2028-stress,CZ,W,coal_ex,emissions_MtCO2,0.2386166400786204
3781,2028-stress,CZ,W,gas_peak,emissions_MtCO2,0.05699788055379214
3782,2028-stress,CZ,W,lig_old,emissions_MtCO2,0.0
3783,2028-stress,CZ,W,b_CHP,emissions_MtCO2,0.0
3784,2028-stress,CZ,W,lig_bp,emissions_MtCO2,2.7575980165777354
3785,2028-stress,CZ,W,coal_bp,emissions_MtCO2,0.0
3786,2028-stress,CZ,W,dsr,emissions_MtCO2,0.0
3787,2028-stress,CZ,W,eens,emissions_MtCO2,0.0
3788,2028-stress,CZ,W,h_ror,emissions_MtCO2,0.0
3789,2028-stress,CZ,W,h_dams,emissions_MtCO2,0.0
3790,2028-stress,CZ,W,li,emissions_MtCO2,0.0
3791,2028-stress,CZ,W,pump_open,emissions_MtCO2,0.0
3792,2028-stress,CZ,W,pump,emissions_MtCO2,0.0
3793,2028-stress,CZ,W,TOTAL,emissions_MtCO2,32.18141943408861
3794,2028-stress,CZ,Y,nuclear,power_share_high_value,0.9846709517600909
3795,2028-stress,CZ,Y,solar,power_share_high_value,0.9185594307649885
3796,2028-stress,CZ,Y,onshore,power_share_high_value,0.9866161064134896
3797,2028-stress,CZ,S,nuclear,power_share_high_value,0.9725907102754969
3798,2028-stress,CZ,S,solar,power_share_high_value,0.9006843912304058
3799,2028-stress,CZ,S,onshore,power_share_high_value,0.9751419460566011
3800,2028-stress,CZ,W,nuclear,power_share_high_value,0.9959711785082933
3801,2028-stress,CZ,W,solar,power_share_high_value,0.9607753419939543
3802,2028-stress,CZ,W,onshore,power_share_high_value,0.9955975316406293
3803,2028-stress,CZ,Y,nuclear,power_share_low_value,0.015329048239909236
3804,2028-stress,CZ,Y,solar,power_share_low_value,0.08144056923501157
3805,2028-stress,CZ,Y,onshore,power_share_low_value,0.013383893586510445
3806,2028-stress,CZ,S,nuclear,power_share_low_value,0.027409289724503013
3807,2028-stress,CZ,S,solar,power_share_low_value,0.0993156087695943
3808,2028-stress,CZ,S,onshore,power_share_low_value,0.024858053943399135
3809,2028-stress,CZ,W,nuclear,power_share_low_value,0.004028821491706693
3810,2028-stress,CZ,W,solar,power_share_low_value,0.039224658006045805
3811,2028-stress,CZ,W,onshore,power_share_low_value,0.004402468359370706
3812,2028-stress,CZ,Y,nuclear,power_share_zero_value,0.0
3813,2028-stress,CZ,Y,solar,power_share_zero_value,0.0
3814,2028-stress,CZ,Y,onshore,power_share_zero_value,0.0
3815,2028-stress,CZ,S,nuclear,power_share_zero_value,0.0
3816,2028-stress,CZ,S,solar,power_share_zero_value,0.0
3817,2028-stress,CZ,S,onshore,power_share_zero_value,0.0
3818,2028-stress,CZ,W,nuclear,power_share_zero_value,0.0
3819,2028-stress,CZ,W,solar,power_share_zero_value,0.0
3820,2028-stress,CZ,W,onshore,power_share_zero_value,0.0
