,name,region,season,source,stat,val
0,2028-base,CZ,Y,nuclear,capacity_GW,4.099
1,2028-base,CZ,Y,solar,capacity_GW,7.0
2,2028-base,CZ,Y,onshore,capacity_GW,0.5
3,2028-base,CZ,Y,waste,capacity_GW,0.19575
4,2028-base,CZ,Y,gas_ccgt,capacity_GW,0.6174
5,2028-base,CZ,Y,gas_chp,capacity_GW,0.7644
6,2028-base,CZ,Y,biogas,capacity_GW,0.279
7,2028-base,CZ,Y,lig_sc,capacity_GW,0.4356
8,2028-base,CZ,Y,bio,capacity_GW,0.0
9,2028-base,CZ,Y,gas_eng_chp,capacity_GW,0.3313124999999999
10,2028-base,CZ,Y,lig,capacity_GW,0.9702
11,2028-base,CZ,Y,lig_ex,capacity_GW,1.6533000000000002
12,2028-base,CZ,Y,coal,capacity_GW,0.0
13,2028-base,CZ,Y,coal_ex,capacity_GW,0.11484
14,2028-base,CZ,Y,gas_peak,capacity_GW,0.096255
15,2028-base,CZ,Y,lig_old,capacity_GW,1.2011999999999998
16,2028-base,CZ,Y,b_CHP,capacity_GW,0.20925
17,2028-base,CZ,Y,lig_bp,capacity_GW,0.35838
18,2028-base,CZ,Y,coal_bp,capacity_GW,0.0
19,2028-base,CZ,Y,dsr,capacity_GW,0.0
20,2028-base,CZ,Y,h_ror,capacity_GW,0.415
21,2028-base,CZ,Y,h_dams,capacity_GW,0.609
22,2028-base,CZ,Y,li,capacity_GW,0.1
23,2028-base,CZ,Y,pump_open,capacity_GW,0.47
24,2028-base,CZ,Y,pump,capacity_GW,0.678
25,2028-base,CZ,Y,TOTAL,capacity_GW,21.0978875
26,2028-base,CZ,Y,h_ror,capacity_charging_GW,0.0
27,2028-base,CZ,Y,h_dams,capacity_charging_GW,0.0
28,2028-base,CZ,Y,li,capacity_charging_GW,1.25599
29,2028-base,CZ,Y,pump_open,capacity_charging_GW,0.44
30,2028-base,CZ,Y,pump,capacity_charging_GW,0.664
31,2028-base,CZ,Y,nuclear,capacity_paid_off_GW,0.0
32,2028-base,CZ,Y,solar,capacity_paid_off_GW,0.0
33,2028-base,CZ,Y,onshore,capacity_paid_off_GW,0.0
34,2028-base,CZ,Y,waste,capacity_paid_off_GW,0.0
35,2028-base,CZ,Y,gas_ccgt,capacity_paid_off_GW,0.0
36,2028-base,CZ,Y,gas_chp,capacity_paid_off_GW,0.0
37,2028-base,CZ,Y,biogas,capacity_paid_off_GW,0.0
38,2028-base,CZ,Y,lig_sc,capacity_paid_off_GW,0.0
39,2028-base,CZ,Y,bio,capacity_paid_off_GW,0.0
40,2028-base,CZ,Y,gas_eng_chp,capacity_paid_off_GW,0.0
41,2028-base,CZ,Y,lig,capacity_paid_off_GW,0.0
42,2028-base,CZ,Y,lig_ex,capacity_paid_off_GW,0.0
43,2028-base,CZ,Y,coal,capacity_paid_off_GW,0.0
44,2028-base,CZ,Y,coal_ex,capacity_paid_off_GW,0.0
45,2028-base,CZ,Y,gas_peak,capacity_paid_off_GW,0.0
46,2028-base,CZ,Y,lig_old,capacity_paid_off_GW,0.0
47,2028-base,CZ,Y,b_CHP,capacity_paid_off_GW,0.0
48,2028-base,CZ,Y,lig_bp,capacity_paid_off_GW,0.0
49,2028-base,CZ,Y,coal_bp,capacity_paid_off_GW,0.0
50,2028-base,CZ,Y,dsr,capacity_paid_off_GW,0.0
51,2028-base,CZ,Y,h_ror,capacity_paid_off_GW,0.0
52,2028-base,CZ,Y,h_dams,capacity_paid_off_GW,0.0
53,2028-base,CZ,Y,li,capacity_paid_off_GW,0.0
54,2028-base,CZ,Y,pump_open,capacity_paid_off_GW,0.0
55,2028-base,CZ,Y,pump,capacity_paid_off_GW,0.0
56,2028-base,CZ,Y,h_ror,capacity_charging_paid_off_GW,0.0
57,2028-base,CZ,Y,h_dams,capacity_charging_paid_off_GW,0.0
58,2028-base,CZ,Y,li,capacity_charging_paid_off_GW,0.0
59,2028-base,CZ,Y,pump_open,capacity_charging_paid_off_GW,0.0
60,2028-base,CZ,Y,pump,capacity_charging_paid_off_GW,0.0
61,2028-base,CZ,Y,TOTAL,load_TWh,65.445813863
62,2028-base,CZ,S,TOTAL,load_TWh,30.420967933
63,2028-base,CZ,W,TOTAL,load_TWh,35.02484593
64,2028-base,CZ,Y,TOTAL,import_TWh,15.15923730821919
65,2028-base,CZ,S,TOTAL,import_TWh,6.899252590546363
66,2028-base,CZ,W,TOTAL,import_TWh,8.259984717672829
67,2028-base,CZ,Y,TOTAL,export_TWh,3.429824959964567
68,2028-base,CZ,S,TOTAL,export_TWh,1.860716915335878
69,2028-base,CZ,W,TOTAL,export_TWh,1.569108044628688
70,2028-base,CZ,Y,TOTAL,net_import_TWh,11.729412348254623
71,2028-base,CZ,S,TOTAL,net_import_TWh,5.038535675210484
72,2028-base,CZ,W,TOTAL,net_import_TWh,6.690876673044141
73,2028-base,CZ,Y,TOTAL,curtailment_TWh,0.0016810312348236
74,2028-base,CZ,S,TOTAL,curtailment_TWh,0.0016667770512331
75,2028-base,CZ,W,TOTAL,curtailment_TWh,1.4254183590578578e-05
76,2028-base,CZ,Y,nuclear,production_TWh,28.59946136693848
77,2028-base,CZ,Y,solar,production_TWh,7.288972627569825
78,2028-base,CZ,Y,onshore,production_TWh,1.1568520113309682
79,2028-base,CZ,Y,waste,production_TWh,1.1431799999998669
80,2028-base,CZ,Y,gas_ccgt,production_TWh,4.31169041242772
81,2028-base,CZ,Y,gas_chp,production_TWh,3.0229845325010567
82,2028-base,CZ,Y,biogas,production_TWh,0.5338832526091968
83,2028-base,CZ,Y,lig_sc,production_TWh,0.4223046987661855
84,2028-base,CZ,Y,bio,production_TWh,0.0
85,2028-base,CZ,Y,gas_eng_chp,production_TWh,1.5478920000001055
86,2028-base,CZ,Y,lig,production_TWh,0.0738827631577118
87,2028-base,CZ,Y,lig_ex,production_TWh,2.593093262193088
88,2028-base,CZ,Y,coal,production_TWh,0.0
89,2028-base,CZ,Y,coal_ex,production_TWh,0.0015287500571428
90,2028-base,CZ,Y,gas_peak,production_TWh,0.0082305921924557
91,2028-base,CZ,Y,lig_old,production_TWh,0.0
92,2028-base,CZ,Y,b_CHP,production_TWh,6.251245612134921e-20
93,2028-base,CZ,Y,lig_bp,production_TWh,1.6743513600000277
94,2028-base,CZ,Y,coal_bp,production_TWh,0.0
95,2028-base,CZ,Y,dsr,production_TWh,0.0
96,2028-base,CZ,Y,eens,production_TWh,-3.2421144887221065e-19
97,2028-base,CZ,Y,h_ror,production_TWh,1.0807349982351124
98,2028-base,CZ,Y,h_dams,production_TWh,0.6465864285714287
99,2028-base,CZ,Y,li,production_TWh,0.0904449968093256
100,2028-base,CZ,Y,pump_open,production_TWh,0.4478271957106601
101,2028-base,CZ,Y,pump,production_TWh,0.5880329955240894
102,2028-base,CZ,Y,TOTAL,production_TWh,55.231934244594434
103,2028-base,CZ,S,nuclear,production_TWh,13.891069397825554
104,2028-base,CZ,S,solar,production_TWh,4.984703703493123
105,2028-base,CZ,S,onshore,production_TWh,0.4407310789794552
106,2028-base,CZ,S,waste,production_TWh,0.474597726588518
107,2028-base,CZ,S,gas_ccgt,production_TWh,1.9132673389550223
108,2028-base,CZ,S,gas_chp,production_TWh,0.8672088250219396
109,2028-base,CZ,S,biogas,production_TWh,0.0555722564176231
110,2028-base,CZ,S,lig_sc,production_TWh,0.0
111,2028-base,CZ,S,bio,production_TWh,0.0
112,2028-base,CZ,S,gas_eng_chp,production_TWh,0.7152534529299762
113,2028-base,CZ,S,lig,production_TWh,0.0
114,2028-base,CZ,S,lig_ex,production_TWh,0.8890645565648645
115,2028-base,CZ,S,coal,production_TWh,0.0
116,2028-base,CZ,S,coal_ex,production_TWh,2.66428571428588e-05
117,2028-base,CZ,S,gas_peak,production_TWh,0.0
118,2028-base,CZ,S,lig_old,production_TWh,0.0
119,2028-base,CZ,S,b_CHP,production_TWh,6.251245612134921e-20
120,2028-base,CZ,S,lig_bp,production_TWh,0.4956177246811283
121,2028-base,CZ,S,coal_bp,production_TWh,0.0
122,2028-base,CZ,S,dsr,production_TWh,0.0
123,2028-base,CZ,S,eens,production_TWh,-3.2421144887221065e-19
124,2028-base,CZ,S,h_ror,production_TWh,0.5367368125
125,2028-base,CZ,S,h_dams,production_TWh,0.3671077341161424
126,2028-base,CZ,S,li,production_TWh,0.0377583453165426
127,2028-base,CZ,S,pump_open,production_TWh,0.2701447963384499
128,2028-base,CZ,S,pump,production_TWh,0.3691126060395677
129,2028-base,CZ,S,TOTAL,production_TWh,110.46386848918888
130,2028-base,CZ,W,nuclear,production_TWh,14.708391969112927
131,2028-base,CZ,W,solar,production_TWh,2.3042689240767014
132,2028-base,CZ,W,onshore,production_TWh,0.7161209323515131
133,2028-base,CZ,W,waste,production_TWh,0.6685822734113487
134,2028-base,CZ,W,gas_ccgt,production_TWh,2.398423073472697
135,2028-base,CZ,W,gas_chp,production_TWh,2.1557757074791173
136,2028-base,CZ,W,biogas,production_TWh,0.4783109961915736
137,2028-base,CZ,W,lig_sc,production_TWh,0.4223046987661855
138,2028-base,CZ,W,bio,production_TWh,0.0
139,2028-base,CZ,W,gas_eng_chp,production_TWh,0.8326385470701295
140,2028-base,CZ,W,lig,production_TWh,0.0738827631577118
141,2028-base,CZ,W,lig_ex,production_TWh,1.7040287056282233
142,2028-base,CZ,W,coal,production_TWh,0.0
143,2028-base,CZ,W,coal_ex,production_TWh,0.0015021072
144,2028-base,CZ,W,gas_peak,production_TWh,0.0082305921924557
145,2028-base,CZ,W,lig_old,production_TWh,0.0
146,2028-base,CZ,W,b_CHP,production_TWh,0.0
147,2028-base,CZ,W,lig_bp,production_TWh,1.1787336353188995
148,2028-base,CZ,W,coal_bp,production_TWh,0.0
149,2028-base,CZ,W,dsr,production_TWh,0.0
150,2028-base,CZ,W,eens,production_TWh,0.0
151,2028-base,CZ,W,h_ror,production_TWh,0.5439981857351126
152,2028-base,CZ,W,h_dams,production_TWh,0.2794786944552861
153,2028-base,CZ,W,li,production_TWh,0.0526866514927829
154,2028-base,CZ,W,pump_open,production_TWh,0.1776823993722101
155,2028-base,CZ,W,pump,production_TWh,0.2189203894845216
156,2028-base,CZ,W,TOTAL,production_TWh,110.46386848918888
157,2028-base,CZ,Y,gas_chp,production_el_eq_TWh,3.571276799999822
158,2028-base,CZ,Y,gas_eng_chp,production_el_eq_TWh,1.5478920000001055
159,2028-base,CZ,Y,lig_ex,production_el_eq_TWh,6.099750158893902
160,2028-base,CZ,Y,coal_ex,production_el_eq_TWh,0.0030467051428571
161,2028-base,CZ,Y,b_CHP,production_el_eq_TWh,1.5628114030337312e-19
162,2028-base,CZ,Y,lig_bp,production_el_eq_TWh,1.6743513600000277
163,2028-base,CZ,Y,coal_bp,production_el_eq_TWh,0.0
164,2028-base,CZ,Y,eens,production_el_eq_TWh,0.0
165,2028-base,CZ,S,gas_chp,production_el_eq_TWh,1.143492897351156
166,2028-base,CZ,S,gas_eng_chp,production_el_eq_TWh,0.7152534529299762
167,2028-base,CZ,S,lig_ex,production_el_eq_TWh,2.221045602410652
168,2028-base,CZ,S,coal_ex,production_el_eq_TWh,6.660714285714707e-05
169,2028-base,CZ,S,b_CHP,production_el_eq_TWh,1.5628114030337312e-19
170,2028-base,CZ,S,lig_bp,production_el_eq_TWh,0.4956177246811283
171,2028-base,CZ,S,coal_bp,production_el_eq_TWh,0.0
172,2028-base,CZ,S,eens,production_el_eq_TWh,0.0
173,2028-base,CZ,W,gas_chp,production_el_eq_TWh,2.427783902648666
174,2028-base,CZ,W,gas_eng_chp,production_el_eq_TWh,0.8326385470701295
175,2028-base,CZ,W,lig_ex,production_el_eq_TWh,3.87870455648325
176,2028-base,CZ,W,coal_ex,production_el_eq_TWh,0.002980098
177,2028-base,CZ,W,b_CHP,production_el_eq_TWh,0.0
178,2028-base,CZ,W,lig_bp,production_el_eq_TWh,1.1787336353188995
179,2028-base,CZ,W,coal_bp,production_el_eq_TWh,0.0
180,2028-base,CZ,W,eens,production_el_eq_TWh,0.0
181,2028-base,CZ,Y,solar,production_used_TWh,7.288312905158242
182,2028-base,CZ,Y,onshore,production_used_TWh,1.156836440042388
183,2028-base,CZ,S,solar,production_used_TWh,4.984043981081542
184,2028-base,CZ,S,onshore,production_used_TWh,0.4407155076908752
185,2028-base,CZ,W,solar,production_used_TWh,2.3042689240767014
186,2028-base,CZ,W,onshore,production_used_TWh,0.7161209323515131
187,2028-base,CZ,Y,solar,production_excess_TWh,0.0006597224115811
188,2028-base,CZ,Y,onshore,production_excess_TWh,1.5571288579908217e-05
189,2028-base,CZ,S,solar,production_excess_TWh,0.0006597224115811
190,2028-base,CZ,S,onshore,production_excess_TWh,1.5571288579908217e-05
191,2028-base,CZ,W,solar,production_excess_TWh,0.0
192,2028-base,CZ,W,onshore,production_excess_TWh,0.0
193,2028-base,CZ,Y,h_ror,discharged_TWh,1.0807349982351124
194,2028-base,CZ,Y,h_dams,discharged_TWh,0.6465864285714287
195,2028-base,CZ,Y,li,discharged_TWh,0.0904449968093256
196,2028-base,CZ,Y,pump_open,discharged_TWh,0.4478271957106601
197,2028-base,CZ,Y,pump,discharged_TWh,0.5880329955240894
198,2028-base,CZ,Y,TOTAL,discharged_TWh,2.8536266148506164
199,2028-base,CZ,S,h_ror,discharged_TWh,0.5367368125
200,2028-base,CZ,S,h_dams,discharged_TWh,0.3671077341161424
201,2028-base,CZ,S,li,discharged_TWh,0.0377583453165426
202,2028-base,CZ,S,pump_open,discharged_TWh,0.2701447963384499
203,2028-base,CZ,S,pump,discharged_TWh,0.3691126060395677
204,2028-base,CZ,S,TOTAL,discharged_TWh,5.707253229701233
205,2028-base,CZ,W,h_ror,discharged_TWh,0.5439981857351126
206,2028-base,CZ,W,h_dams,discharged_TWh,0.2794786944552861
207,2028-base,CZ,W,li,discharged_TWh,0.0526866514927829
208,2028-base,CZ,W,pump_open,discharged_TWh,0.1776823993722101
209,2028-base,CZ,W,pump,discharged_TWh,0.2189203894845216
210,2028-base,CZ,W,TOTAL,discharged_TWh,5.707253229701233
211,2028-base,CZ,Y,h_ror,charged_TWh,0.0
212,2028-base,CZ,Y,h_dams,charged_TWh,0.0
213,2028-base,CZ,Y,li,charged_TWh,0.1170506393596376
214,2028-base,CZ,Y,pump_open,charged_TWh,0.5800885654711547
215,2028-base,CZ,Y,pump,charged_TWh,0.8167124937834576
216,2028-base,CZ,Y,TOTAL,charged_TWh,1.5138516986142498
217,2028-base,CZ,S,h_ror,charged_TWh,0.0
218,2028-base,CZ,S,h_dams,charged_TWh,0.0
219,2028-base,CZ,S,li,charged_TWh,0.0563580899806849
220,2028-base,CZ,S,pump_open,charged_TWh,0.3542304075910594
221,2028-base,CZ,S,pump,charged_TWh,0.5132854662125573
222,2028-base,CZ,S,TOTAL,charged_TWh,3.0277033972285
223,2028-base,CZ,W,h_ror,charged_TWh,0.0
224,2028-base,CZ,W,h_dams,charged_TWh,0.0
225,2028-base,CZ,W,li,charged_TWh,0.0606925493789527
226,2028-base,CZ,W,pump_open,charged_TWh,0.2258581578800953
227,2028-base,CZ,W,pump,charged_TWh,0.3034270275709002
228,2028-base,CZ,W,TOTAL,charged_TWh,3.0277033972285
229,2028-base,CZ,Y,h_ror,inflow_TWh,1.085317
230,2028-base,CZ,Y,h_dams,inflow_TWh,0.6465864285714287
231,2028-base,CZ,Y,pump_open,inflow_TWh,0.0301634285714285
232,2028-base,CZ,S,h_ror,inflow_TWh,0.54068
233,2028-base,CZ,S,h_dams,inflow_TWh,0.366456
234,2028-base,CZ,S,pump_open,inflow_TWh,0.014669
235,2028-base,CZ,W,h_ror,inflow_TWh,0.544637
236,2028-base,CZ,W,h_dams,inflow_TWh,0.2801304285714285
237,2028-base,CZ,W,pump_open,inflow_TWh,0.0154944285714285
238,2028-base,CZ,Y,gas_chp,heat_production_PJ,3.9477043259911073
239,2028-base,CZ,Y,gas_eng_chp,heat_production_PJ,5.5724112000003805
240,2028-base,CZ,Y,lig_ex,heat_production_PJ,35.34710151874421
241,2028-base,CZ,Y,coal_ex,heat_production_PJ,0.015300987264
242,2028-base,CZ,Y,b_CHP,heat_production_PJ,1.0127017891658576e-18
243,2028-base,CZ,Y,lig_bp,heat_production_PJ,18.08299468800029
244,2028-base,CZ,Y,coal_bp,heat_production_PJ,0.0
245,2028-base,CZ,Y,eens,heat_production_PJ,1.1671612159399585e-18
246,2028-base,CZ,S,gas_chp,heat_production_PJ,1.989245320770357
247,2028-base,CZ,S,gas_eng_chp,heat_production_PJ,2.5749124305479145
248,2028-base,CZ,S,lig_ex,heat_production_PJ,13.426368942125544
249,2028-base,CZ,S,coal_ex,heat_production_PJ,0.00040284
250,2028-base,CZ,S,b_CHP,heat_production_PJ,1.0127017891658576e-18
251,2028-base,CZ,S,lig_bp,heat_production_PJ,5.352671426556185
252,2028-base,CZ,S,coal_bp,heat_production_PJ,0.0
253,2028-base,CZ,S,eens,heat_production_PJ,1.1671612159399585e-18
254,2028-base,CZ,W,gas_chp,heat_production_PJ,1.9584590052207496
255,2028-base,CZ,W,gas_eng_chp,heat_production_PJ,2.9974987694524664
256,2028-base,CZ,W,lig_ex,heat_production_PJ,21.920732576618672
257,2028-base,CZ,W,coal_ex,heat_production_PJ,0.014898147264
258,2028-base,CZ,W,b_CHP,heat_production_PJ,0.0
259,2028-base,CZ,W,lig_bp,heat_production_PJ,12.730323261444113
260,2028-base,CZ,W,coal_bp,heat_production_PJ,0.0
261,2028-base,CZ,W,eens,heat_production_PJ,0.0
262,2028-base,CZ,Y,waste,production_hours,6744.0
263,2028-base,CZ,Y,gas_ccgt,production_hours,7312.0
264,2028-base,CZ,Y,gas_chp,production_hours,8299.0
265,2028-base,CZ,Y,biogas,production_hours,2182.0
266,2028-base,CZ,Y,lig_sc,production_hours,1198.0
267,2028-base,CZ,Y,bio,production_hours,0.0
268,2028-base,CZ,Y,gas_eng_chp,production_hours,5357.0
269,2028-base,CZ,Y,lig,production_hours,169.0
270,2028-base,CZ,Y,lig_ex,production_hours,8760.0
271,2028-base,CZ,Y,coal,production_hours,0.0
272,2028-base,CZ,Y,coal_ex,production_hours,58.0
273,2028-base,CZ,Y,gas_peak,production_hours,116.0
274,2028-base,CZ,Y,lig_old,production_hours,0.0
275,2028-base,CZ,Y,b_CHP,production_hours,0.0
276,2028-base,CZ,Y,lig_bp,production_hours,6969.0
277,2028-base,CZ,Y,coal_bp,production_hours,0.0
278,2028-base,CZ,Y,dsr,production_hours,0.0
279,2028-base,CZ,Y,eens,production_hours,0.0
280,2028-base,CZ,Y,h_ror,production_hours,8760.0
281,2028-base,CZ,Y,h_dams,production_hours,8760.0
282,2028-base,CZ,Y,li,production_hours,1020.0
283,2028-base,CZ,Y,pump_open,production_hours,1514.0
284,2028-base,CZ,Y,pump,production_hours,1264.0
285,2028-base,CZ,S,waste,production_hours,2978.0
286,2028-base,CZ,S,gas_ccgt,production_hours,3311.0
287,2028-base,CZ,S,gas_chp,production_hours,3995.0
288,2028-base,CZ,S,biogas,production_hours,280.0
289,2028-base,CZ,S,lig_sc,production_hours,0.0
290,2028-base,CZ,S,bio,production_hours,0.0
291,2028-base,CZ,S,gas_eng_chp,production_hours,2460.0
292,2028-base,CZ,S,lig,production_hours,0.0
293,2028-base,CZ,S,lig_ex,production_hours,4368.0
294,2028-base,CZ,S,coal,production_hours,0.0
295,2028-base,CZ,S,coal_ex,production_hours,14.0
296,2028-base,CZ,S,gas_peak,production_hours,0.0
297,2028-base,CZ,S,lig_old,production_hours,0.0
298,2028-base,CZ,S,b_CHP,production_hours,0.0
299,2028-base,CZ,S,lig_bp,production_hours,2654.0
300,2028-base,CZ,S,coal_bp,production_hours,0.0
301,2028-base,CZ,S,dsr,production_hours,0.0
302,2028-base,CZ,S,eens,production_hours,0.0
303,2028-base,CZ,S,h_ror,production_hours,4368.0
304,2028-base,CZ,S,h_dams,production_hours,4368.0
305,2028-base,CZ,S,li,production_hours,424.0
306,2028-base,CZ,S,pump_open,production_hours,913.0
307,2028-base,CZ,S,pump,production_hours,788.0
308,2028-base,CZ,W,waste,production_hours,3766.0
309,2028-base,CZ,W,gas_ccgt,production_hours,4001.0
310,2028-base,CZ,W,gas_chp,production_hours,4304.0
311,2028-base,CZ,W,biogas,production_hours,1902.0
312,2028-base,CZ,W,lig_sc,production_hours,1198.0
313,2028-base,CZ,W,bio,production_hours,0.0
314,2028-base,CZ,W,gas_eng_chp,production_hours,2897.0
315,2028-base,CZ,W,lig,production_hours,169.0
316,2028-base,CZ,W,lig_ex,production_hours,4392.0
317,2028-base,CZ,W,coal,production_hours,0.0
318,2028-base,CZ,W,coal_ex,production_hours,44.0
319,2028-base,CZ,W,gas_peak,production_hours,116.0
320,2028-base,CZ,W,lig_old,production_hours,0.0
321,2028-base,CZ,W,b_CHP,production_hours,0.0
322,2028-base,CZ,W,lig_bp,production_hours,4315.0
323,2028-base,CZ,W,coal_bp,production_hours,0.0
324,2028-base,CZ,W,dsr,production_hours,0.0
325,2028-base,CZ,W,eens,production_hours,0.0
326,2028-base,CZ,W,h_ror,production_hours,4392.0
327,2028-base,CZ,W,h_dams,production_hours,4392.0
328,2028-base,CZ,W,li,production_hours,596.0
329,2028-base,CZ,W,pump_open,production_hours,601.0
330,2028-base,CZ,W,pump,production_hours,476.0
331,2028-base,CZ,Y,nuclear,capex_mn_EUR_per_yr,2738.469079112492
332,2028-base,CZ,Y,solar,capex_mn_EUR_per_yr,362.9795164565344
333,2028-base,CZ,Y,onshore,capex_mn_EUR_per_yr,68.82996852045387
334,2028-base,CZ,Y,waste,capex_mn_EUR_per_yr,228.2938717209026
335,2028-base,CZ,Y,gas_ccgt,capex_mn_EUR_per_yr,76.18061222457844
336,2028-base,CZ,Y,gas_chp,capex_mn_EUR_per_yr,138.841538451773
337,2028-base,CZ,Y,biogas,capex_mn_EUR_per_yr,16.217086196531145
338,2028-base,CZ,Y,lig_sc,capex_mn_EUR_per_yr,144.15255774515765
339,2028-base,CZ,Y,bio,capex_mn_EUR_per_yr,0.0
340,2028-base,CZ,Y,gas_eng_chp,capex_mn_EUR_per_yr,22.59441391073202
341,2028-base,CZ,Y,lig,capex_mn_EUR_per_yr,321.06706043239666
342,2028-base,CZ,Y,lig_ex,capex_mn_EUR_per_yr,547.1244805327576
343,2028-base,CZ,Y,coal,capex_mn_EUR_per_yr,0.0
344,2028-base,CZ,Y,coal_ex,capex_mn_EUR_per_yr,26.048184884115727
345,2028-base,CZ,Y,gas_peak,capex_mn_EUR_per_yr,7.893982066856129
346,2028-base,CZ,Y,lig_old,capex_mn_EUR_per_yr,397.5115986305863
347,2028-base,CZ,Y,b_CHP,capex_mn_EUR_per_yr,109.81713302115293
348,2028-base,CZ,Y,lig_bp,capex_mn_EUR_per_yr,118.59824069033428
349,2028-base,CZ,Y,coal_bp,capex_mn_EUR_per_yr,0.0
350,2028-base,CZ,Y,dsr,capex_mn_EUR_per_yr,0.0
351,2028-base,CZ,Y,h_ror,capex_mn_EUR_per_yr,84.30517292657983
352,2028-base,CZ,Y,h_dams,capex_mn_EUR_per_yr,123.71530195731836
353,2028-base,CZ,Y,li,capex_mn_EUR_per_yr,4.011568788183623
354,2028-base,CZ,Y,pump_open,capex_mn_EUR_per_yr,95.4781476517892
355,2028-base,CZ,Y,pump,capex_mn_EUR_per_yr,137.73230661258106
356,2028-base,CZ,S,nuclear,capex_mn_EUR_per_yr,2738.469079112492
357,2028-base,CZ,S,solar,capex_mn_EUR_per_yr,362.9795164565344
358,2028-base,CZ,S,onshore,capex_mn_EUR_per_yr,68.82996852045387
359,2028-base,CZ,S,waste,capex_mn_EUR_per_yr,228.2938717209026
360,2028-base,CZ,S,gas_ccgt,capex_mn_EUR_per_yr,76.18061222457844
361,2028-base,CZ,S,gas_chp,capex_mn_EUR_per_yr,138.841538451773
362,2028-base,CZ,S,biogas,capex_mn_EUR_per_yr,16.217086196531145
363,2028-base,CZ,S,lig_sc,capex_mn_EUR_per_yr,144.15255774515765
364,2028-base,CZ,S,bio,capex_mn_EUR_per_yr,0.0
365,2028-base,CZ,S,gas_eng_chp,capex_mn_EUR_per_yr,22.59441391073202
366,2028-base,CZ,S,lig,capex_mn_EUR_per_yr,321.06706043239666
367,2028-base,CZ,S,lig_ex,capex_mn_EUR_per_yr,547.1244805327576
368,2028-base,CZ,S,coal,capex_mn_EUR_per_yr,0.0
369,2028-base,CZ,S,coal_ex,capex_mn_EUR_per_yr,26.048184884115727
370,2028-base,CZ,S,gas_peak,capex_mn_EUR_per_yr,7.893982066856129
371,2028-base,CZ,S,lig_old,capex_mn_EUR_per_yr,397.5115986305863
372,2028-base,CZ,S,b_CHP,capex_mn_EUR_per_yr,109.81713302115293
373,2028-base,CZ,S,lig_bp,capex_mn_EUR_per_yr,118.59824069033428
374,2028-base,CZ,S,coal_bp,capex_mn_EUR_per_yr,0.0
375,2028-base,CZ,S,dsr,capex_mn_EUR_per_yr,0.0
376,2028-base,CZ,S,h_ror,capex_mn_EUR_per_yr,84.30517292657983
377,2028-base,CZ,S,h_dams,capex_mn_EUR_per_yr,123.71530195731836
378,2028-base,CZ,S,li,capex_mn_EUR_per_yr,4.011568788183623
379,2028-base,CZ,S,pump_open,capex_mn_EUR_per_yr,95.4781476517892
380,2028-base,CZ,S,pump,capex_mn_EUR_per_yr,137.73230661258106
381,2028-base,CZ,W,nuclear,capex_mn_EUR_per_yr,2738.469079112492
382,2028-base,CZ,W,solar,capex_mn_EUR_per_yr,362.9795164565344
383,2028-base,CZ,W,onshore,capex_mn_EUR_per_yr,68.82996852045387
384,2028-base,CZ,W,waste,capex_mn_EUR_per_yr,228.2938717209026
385,2028-base,CZ,W,gas_ccgt,capex_mn_EUR_per_yr,76.18061222457844
386,2028-base,CZ,W,gas_chp,capex_mn_EUR_per_yr,138.841538451773
387,2028-base,CZ,W,biogas,capex_mn_EUR_per_yr,16.217086196531145
388,2028-base,CZ,W,lig_sc,capex_mn_EUR_per_yr,144.15255774515765
389,2028-base,CZ,W,bio,capex_mn_EUR_per_yr,0.0
390,2028-base,CZ,W,gas_eng_chp,capex_mn_EUR_per_yr,22.59441391073202
391,2028-base,CZ,W,lig,capex_mn_EUR_per_yr,321.06706043239666
392,2028-base,CZ,W,lig_ex,capex_mn_EUR_per_yr,547.1244805327576
393,2028-base,CZ,W,coal,capex_mn_EUR_per_yr,0.0
394,2028-base,CZ,W,coal_ex,capex_mn_EUR_per_yr,26.048184884115727
395,2028-base,CZ,W,gas_peak,capex_mn_EUR_per_yr,7.893982066856129
396,2028-base,CZ,W,lig_old,capex_mn_EUR_per_yr,397.5115986305863
397,2028-base,CZ,W,b_CHP,capex_mn_EUR_per_yr,109.81713302115293
398,2028-base,CZ,W,lig_bp,capex_mn_EUR_per_yr,118.59824069033428
399,2028-base,CZ,W,coal_bp,capex_mn_EUR_per_yr,0.0
400,2028-base,CZ,W,dsr,capex_mn_EUR_per_yr,0.0
401,2028-base,CZ,W,h_ror,capex_mn_EUR_per_yr,84.30517292657983
402,2028-base,CZ,W,h_dams,capex_mn_EUR_per_yr,123.71530195731836
403,2028-base,CZ,W,li,capex_mn_EUR_per_yr,4.011568788183623
404,2028-base,CZ,W,pump_open,capex_mn_EUR_per_yr,95.4781476517892
405,2028-base,CZ,W,pump,capex_mn_EUR_per_yr,137.73230661258106
406,2028-base,CZ,Y,nuclear,opex_mn_EUR,586.5749526359082
407,2028-base,CZ,Y,solar,opex_mn_EUR,0.0
408,2028-base,CZ,Y,onshore,opex_mn_EUR,0.0
409,2028-base,CZ,Y,waste,opex_mn_EUR,46.20982191821792
410,2028-base,CZ,Y,gas_ccgt,opex_mn_EUR,368.4892738499872
411,2028-base,CZ,Y,gas_chp,opex_mn_EUR,264.4120944472604
412,2028-base,CZ,Y,biogas,opex_mn_EUR,52.7686201474537
413,2028-base,CZ,Y,lig_sc,opex_mn_EUR,44.875195268448365
414,2028-base,CZ,Y,bio,opex_mn_EUR,0.0
415,2028-base,CZ,Y,gas_eng_chp,opex_mn_EUR,167.56790840001142
416,2028-base,CZ,Y,lig,opex_mn_EUR,8.495540727370821
417,2028-base,CZ,Y,lig_ex,opex_mn_EUR,288.6594987800152
418,2028-base,CZ,Y,coal,opex_mn_EUR,0.0
419,2028-base,CZ,Y,coal_ex,opex_mn_EUR,0.1961338287673744
420,2028-base,CZ,Y,gas_peak,opex_mn_EUR,1.005364432071348
421,2028-base,CZ,Y,lig_old,opex_mn_EUR,0.0
422,2028-base,CZ,Y,b_CHP,opex_mn_EUR,9.488464728759757e-18
423,2028-base,CZ,Y,lig_bp,opex_mn_EUR,367.5861163637241
424,2028-base,CZ,Y,coal_bp,opex_mn_EUR,0.0
425,2028-base,CZ,Y,dsr,opex_mn_EUR,0.0
426,2028-base,CZ,Y,h_ror,opex_mn_EUR,2.161469996470225
427,2028-base,CZ,Y,h_dams,opex_mn_EUR,1.939759285714286
428,2028-base,CZ,Y,li,opex_mn_EUR,0.452224984046628
429,2028-base,CZ,Y,pump_open,opex_mn_EUR,1.7913087828426404
430,2028-base,CZ,Y,pump,opex_mn_EUR,2.352131982096357
431,2028-base,CZ,S,nuclear,opex_mn_EUR,284.9058333494021
432,2028-base,CZ,S,solar,opex_mn_EUR,0.0
433,2028-base,CZ,S,onshore,opex_mn_EUR,0.0
434,2028-base,CZ,S,waste,opex_mn_EUR,19.80157268449457
435,2028-base,CZ,S,gas_ccgt,opex_mn_EUR,165.59358451695093
436,2028-base,CZ,S,gas_chp,opex_mn_EUR,76.42852956334085
437,2028-base,CZ,S,biogas,opex_mn_EUR,5.517633121347524
438,2028-base,CZ,S,lig_sc,opex_mn_EUR,0.0
439,2028-base,CZ,S,bio,opex_mn_EUR,0.0
440,2028-base,CZ,S,gas_eng_chp,opex_mn_EUR,77.43015990996396
441,2028-base,CZ,S,lig,opex_mn_EUR,0.0
442,2028-base,CZ,S,lig_ex,opex_mn_EUR,99.04133155695364
443,2028-base,CZ,S,coal,opex_mn_EUR,0.0
444,2028-base,CZ,S,coal_ex,opex_mn_EUR,0.004343957111739
445,2028-base,CZ,S,gas_peak,opex_mn_EUR,0.0
446,2028-base,CZ,S,lig_old,opex_mn_EUR,0.0
447,2028-base,CZ,S,b_CHP,opex_mn_EUR,9.488464728759757e-18
448,2028-base,CZ,S,lig_bp,opex_mn_EUR,109.11089197468098
449,2028-base,CZ,S,coal_bp,opex_mn_EUR,0.0
450,2028-base,CZ,S,dsr,opex_mn_EUR,0.0
451,2028-base,CZ,S,h_ror,opex_mn_EUR,
452,2028-base,CZ,S,h_dams,opex_mn_EUR,1.1013232023484272
453,2028-base,CZ,S,li,opex_mn_EUR,0.1887917265827133
454,2028-base,CZ,S,pump_open,opex_mn_EUR,1.0805791853537998
455,2028-base,CZ,S,pump,opex_mn_EUR,1.476450424158271
456,2028-base,CZ,W,nuclear,opex_mn_EUR,301.6691192865061
457,2028-base,CZ,W,solar,opex_mn_EUR,0.0
458,2028-base,CZ,W,onshore,opex_mn_EUR,0.0
459,2028-base,CZ,W,waste,opex_mn_EUR,26.40824923372335
460,2028-base,CZ,W,gas_ccgt,opex_mn_EUR,202.89568933303624
461,2028-base,CZ,W,gas_chp,opex_mn_EUR,187.9835648839196
462,2028-base,CZ,W,biogas,opex_mn_EUR,47.25098702610617
463,2028-base,CZ,W,lig_sc,opex_mn_EUR,44.875195268448365
464,2028-base,CZ,W,bio,opex_mn_EUR,0.0
465,2028-base,CZ,W,gas_eng_chp,opex_mn_EUR,90.13774849004746
466,2028-base,CZ,W,lig,opex_mn_EUR,8.495540727370821
467,2028-base,CZ,W,lig_ex,opex_mn_EUR,189.61816722306148
468,2028-base,CZ,W,coal,opex_mn_EUR,0.0
469,2028-base,CZ,W,coal_ex,opex_mn_EUR,0.1917898716556354
470,2028-base,CZ,W,gas_peak,opex_mn_EUR,1.005364432071348
471,2028-base,CZ,W,lig_old,opex_mn_EUR,0.0
472,2028-base,CZ,W,b_CHP,opex_mn_EUR,0.0
473,2028-base,CZ,W,lig_bp,opex_mn_EUR,258.4752243890431
474,2028-base,CZ,W,coal_bp,opex_mn_EUR,0.0
475,2028-base,CZ,W,dsr,opex_mn_EUR,0.0
476,2028-base,CZ,W,h_ror,opex_mn_EUR,1.0879963714702252
477,2028-base,CZ,W,h_dams,opex_mn_EUR,0.8384360833658585
478,2028-base,CZ,W,li,opex_mn_EUR,0.2634332574639147
479,2028-base,CZ,W,pump_open,opex_mn_EUR,0.7107295974888403
480,2028-base,CZ,W,pump,opex_mn_EUR,0.8756815579380866
481,2028-base,CZ,Y,h_ror,wholesale_expenses_mn_EUR,0.0
482,2028-base,CZ,Y,h_dams,wholesale_expenses_mn_EUR,0.0
483,2028-base,CZ,Y,li,wholesale_expenses_mn_EUR,6.7165332027048
484,2028-base,CZ,Y,pump_open,wholesale_expenses_mn_EUR,29.10294660305045
485,2028-base,CZ,Y,pump,wholesale_expenses_mn_EUR,40.066924018614
486,2028-base,CZ,Y,IMPORT_EXPORT,wholesale_expenses_mn_EUR,1040.7762938586634
487,2028-base,CZ,S,h_ror,wholesale_expenses_mn_EUR,0.0
488,2028-base,CZ,S,h_dams,wholesale_expenses_mn_EUR,0.0
489,2028-base,CZ,S,li,wholesale_expenses_mn_EUR,2.2250294274121187
490,2028-base,CZ,S,pump_open,wholesale_expenses_mn_EUR,16.177608641109988
491,2028-base,CZ,S,pump,wholesale_expenses_mn_EUR,23.264094990672163
492,2028-base,CZ,S,IMPORT_EXPORT,wholesale_expenses_mn_EUR,415.5507477616856
493,2028-base,CZ,W,h_ror,wholesale_expenses_mn_EUR,0.0
494,2028-base,CZ,W,h_dams,wholesale_expenses_mn_EUR,0.0
495,2028-base,CZ,W,li,wholesale_expenses_mn_EUR,4.4915037752926805
496,2028-base,CZ,W,pump_open,wholesale_expenses_mn_EUR,12.925337961940466
497,2028-base,CZ,W,pump,wholesale_expenses_mn_EUR,16.80282902794183
498,2028-base,CZ,W,IMPORT_EXPORT,wholesale_expenses_mn_EUR,625.2255460969777
499,2028-base,CZ,Y,nuclear,wholesale_revenues_mn_EUR,2513.495384972989
500,2028-base,CZ,Y,solar,wholesale_revenues_mn_EUR,464.8647146730476
501,2028-base,CZ,Y,onshore,wholesale_revenues_mn_EUR,97.4921473270706
502,2028-base,CZ,Y,waste,wholesale_revenues_mn_EUR,112.10816376161604
503,2028-base,CZ,Y,gas_ccgt,wholesale_revenues_mn_EUR,407.3133944658321
504,2028-base,CZ,Y,gas_chp,wholesale_revenues_mn_EUR,298.4459013330749
505,2028-base,CZ,Y,biogas,wholesale_revenues_mn_EUR,57.87211611581208
506,2028-base,CZ,Y,lig_sc,wholesale_revenues_mn_EUR,46.55862644648157
507,2028-base,CZ,Y,bio,wholesale_revenues_mn_EUR,0.0
508,2028-base,CZ,Y,gas_eng_chp,wholesale_revenues_mn_EUR,156.78635770198164
509,2028-base,CZ,Y,lig,wholesale_revenues_mn_EUR,8.585095645653563
510,2028-base,CZ,Y,lig_ex,wholesale_revenues_mn_EUR,234.4898787458372
511,2028-base,CZ,Y,coal,wholesale_revenues_mn_EUR,0.0
512,2028-base,CZ,Y,coal_ex,wholesale_revenues_mn_EUR,0.1830749182835708
513,2028-base,CZ,Y,gas_peak,wholesale_revenues_mn_EUR,1.037503779913136
514,2028-base,CZ,Y,lig_old,wholesale_revenues_mn_EUR,0.0
515,2028-base,CZ,Y,b_CHP,wholesale_revenues_mn_EUR,-1.0851373996517417e-19
516,2028-base,CZ,Y,lig_bp,wholesale_revenues_mn_EUR,158.1212123571991
517,2028-base,CZ,Y,coal_bp,wholesale_revenues_mn_EUR,0.0
518,2028-base,CZ,Y,dsr,wholesale_revenues_mn_EUR,0.0
519,2028-base,CZ,Y,h_ror,wholesale_revenues_mn_EUR,94.52258168046184
520,2028-base,CZ,Y,h_dams,wholesale_revenues_mn_EUR,63.24827048281718
521,2028-base,CZ,Y,li,wholesale_revenues_mn_EUR,9.407873148518746
522,2028-base,CZ,Y,pump_open,wholesale_revenues_mn_EUR,45.96318471293374
523,2028-base,CZ,Y,pump,wholesale_revenues_mn_EUR,59.69525740059546
524,2028-base,CZ,Y,IMPORT_EXPORT,wholesale_revenues_mn_EUR,15.5508286374202
525,2028-base,CZ,S,nuclear,wholesale_revenues_mn_EUR,1140.43192556103
526,2028-base,CZ,S,solar,wholesale_revenues_mn_EUR,303.6059257913666
527,2028-base,CZ,S,onshore,wholesale_revenues_mn_EUR,34.43047034365586
528,2028-base,CZ,S,waste,wholesale_revenues_mn_EUR,45.20538467808728
529,2028-base,CZ,S,gas_ccgt,wholesale_revenues_mn_EUR,173.64648907467293
530,2028-base,CZ,S,gas_chp,wholesale_revenues_mn_EUR,80.13796274529052
531,2028-base,CZ,S,biogas,wholesale_revenues_mn_EUR,5.556493505791325
532,2028-base,CZ,S,lig_sc,wholesale_revenues_mn_EUR,0.0
533,2028-base,CZ,S,bio,wholesale_revenues_mn_EUR,0.0
534,2028-base,CZ,S,gas_eng_chp,wholesale_revenues_mn_EUR,69.16808636945665
535,2028-base,CZ,S,lig,wholesale_revenues_mn_EUR,0.0
536,2028-base,CZ,S,lig_ex,wholesale_revenues_mn_EUR,70.88488779473111
537,2028-base,CZ,S,coal,wholesale_revenues_mn_EUR,0.0
538,2028-base,CZ,S,coal_ex,wholesale_revenues_mn_EUR,0.0009042758576677
539,2028-base,CZ,S,gas_peak,wholesale_revenues_mn_EUR,0.0
540,2028-base,CZ,S,lig_old,wholesale_revenues_mn_EUR,0.0
541,2028-base,CZ,S,b_CHP,wholesale_revenues_mn_EUR,-1.0851373996517417e-19
542,2028-base,CZ,S,lig_bp,wholesale_revenues_mn_EUR,43.0102836734492
543,2028-base,CZ,S,coal_bp,wholesale_revenues_mn_EUR,0.0
544,2028-base,CZ,S,dsr,wholesale_revenues_mn_EUR,0.0
545,2028-base,CZ,S,h_ror,wholesale_revenues_mn_EUR,44.23184721325973
546,2028-base,CZ,S,h_dams,wholesale_revenues_mn_EUR,33.64793930405916
547,2028-base,CZ,S,li,wholesale_revenues_mn_EUR,3.674659658383257
548,2028-base,CZ,S,pump_open,wholesale_revenues_mn_EUR,26.3768085522326
549,2028-base,CZ,S,pump,wholesale_revenues_mn_EUR,35.89081248384365
550,2028-base,CZ,S,IMPORT_EXPORT,wholesale_revenues_mn_EUR,3.221980824555477
551,2028-base,CZ,W,nuclear,wholesale_revenues_mn_EUR,1373.0634594119588
552,2028-base,CZ,W,solar,wholesale_revenues_mn_EUR,161.2587888816809
553,2028-base,CZ,W,onshore,wholesale_revenues_mn_EUR,63.06167698341474
554,2028-base,CZ,W,waste,wholesale_revenues_mn_EUR,66.90277908352877
555,2028-base,CZ,W,gas_ccgt,wholesale_revenues_mn_EUR,233.6669053911592
556,2028-base,CZ,W,gas_chp,wholesale_revenues_mn_EUR,218.3079385877844
557,2028-base,CZ,W,biogas,wholesale_revenues_mn_EUR,52.31562261002075
558,2028-base,CZ,W,lig_sc,wholesale_revenues_mn_EUR,46.55862644648156
559,2028-base,CZ,W,bio,wholesale_revenues_mn_EUR,0.0
560,2028-base,CZ,W,gas_eng_chp,wholesale_revenues_mn_EUR,87.61827133252498
561,2028-base,CZ,W,lig,wholesale_revenues_mn_EUR,8.585095645653563
562,2028-base,CZ,W,lig_ex,wholesale_revenues_mn_EUR,163.604990951106
563,2028-base,CZ,W,coal,wholesale_revenues_mn_EUR,0.0
564,2028-base,CZ,W,coal_ex,wholesale_revenues_mn_EUR,0.182170642425903
565,2028-base,CZ,W,gas_peak,wholesale_revenues_mn_EUR,1.037503779913136
566,2028-base,CZ,W,lig_old,wholesale_revenues_mn_EUR,0.0
567,2028-base,CZ,W,b_CHP,wholesale_revenues_mn_EUR,0.0
568,2028-base,CZ,W,lig_bp,wholesale_revenues_mn_EUR,115.11092868374992
569,2028-base,CZ,W,coal_bp,wholesale_revenues_mn_EUR,0.0
570,2028-base,CZ,W,dsr,wholesale_revenues_mn_EUR,0.0
571,2028-base,CZ,W,h_ror,wholesale_revenues_mn_EUR,50.29073446720209
572,2028-base,CZ,W,h_dams,wholesale_revenues_mn_EUR,29.60033117875804
573,2028-base,CZ,W,li,wholesale_revenues_mn_EUR,5.73321349013549
574,2028-base,CZ,W,pump_open,wholesale_revenues_mn_EUR,19.58637616070113
575,2028-base,CZ,W,pump,wholesale_revenues_mn_EUR,23.8044449167518
576,2028-base,CZ,W,IMPORT_EXPORT,wholesale_revenues_mn_EUR,12.32884781286472
577,2028-base,CZ,Y,TOTAL,avg_consumer_price_EUR_per_MWh,88.30472150265993
578,2028-base,CZ,S,TOTAL,avg_consumer_price_EUR_per_MWh,81.53775260854101
579,2028-base,CZ,W,TOTAL,avg_consumer_price_EUR_per_MWh,94.1821989980078
580,2028-base,CZ,Y,TOTAL,avg_producer_price_EUR_per_MWh,87.00841585910324
581,2028-base,CZ,S,TOTAL,avg_producer_price_EUR_per_MWh,79.51105482163112
582,2028-base,CZ,W,TOTAL,avg_producer_price_EUR_per_MWh,93.71293954636047
583,2028-base,CZ,Y,nuclear,capacity_factor,0.7964817503918005
584,2028-base,CZ,Y,solar,capacity_factor,0.1188677858377336
585,2028-base,CZ,Y,onshore,capacity_factor,0.2641214637741936
586,2028-base,CZ,Y,waste,capacity_factor,0.666666666666589
587,2028-base,CZ,Y,gas_ccgt,capacity_factor,0.7972175281427122
588,2028-base,CZ,Y,gas_chp,capacity_factor,0.5333333333333069
589,2028-base,CZ,Y,biogas,capacity_factor,0.2184429275335905
590,2028-base,CZ,Y,lig_sc,capacity_factor,0.110671026046629
591,2028-base,CZ,Y,gas_eng_chp,capacity_factor,0.5333333333333699
592,2028-base,CZ,Y,lig,capacity_factor,0.0086931615989491
593,2028-base,CZ,Y,lig_ex,capacity_factor,0.4211688812007852
594,2028-base,CZ,Y,coal_ex,capacity_factor,0.0030285387559832
595,2028-base,CZ,Y,gas_peak,capacity_factor,0.0097612105217753
596,2028-base,CZ,Y,lig_old,capacity_factor,0.0
597,2028-base,CZ,Y,b_CHP,capacity_factor,8.525836473127721e-20
598,2028-base,CZ,Y,lig_bp,capacity_factor,0.5333333333333422
599,2028-base,CZ,Y,h_ror,capacity_factor,0.2972809039542038
600,2028-base,CZ,Y,h_dams,capacity_factor,0.1212007161548291
601,2028-base,CZ,Y,li,capacity_factor,0.1032477132526547
602,2028-base,CZ,Y,pump_open,capacity_factor,0.1087698425412076
603,2028-base,CZ,Y,pump,capacity_factor,0.0990074546955337
604,2028-base,CZ,Y,TOTAL,capacity_factor,0.2988458121565673
605,2028-base,CZ,S,nuclear,capacity_factor,0.7758452989642761
606,2028-base,CZ,S,solar,capacity_factor,0.1630266779007431
607,2028-base,CZ,S,onshore,capacity_factor,0.2017999445876626
608,2028-base,CZ,S,waste,capacity_factor,0.5550616893189503
609,2028-base,CZ,S,gas_ccgt,capacity_factor,0.7094575306626092
610,2028-base,CZ,S,gas_chp,capacity_factor,0.3424760164521157
611,2028-base,CZ,S,biogas,capacity_factor,0.0456006672981927
612,2028-base,CZ,S,lig_sc,capacity_factor,0.0
613,2028-base,CZ,S,gas_eng_chp,capacity_factor,0.4942418445686703
614,2028-base,CZ,S,lig,capacity_factor,0.0
615,2028-base,CZ,S,lig_ex,capacity_factor,0.3075552749549535
616,2028-base,CZ,S,coal_ex,capacity_factor,0.0001327837688675
617,2028-base,CZ,S,gas_peak,capacity_factor,0.0
618,2028-base,CZ,S,lig_old,capacity_factor,0.0
619,2028-base,CZ,S,b_CHP,capacity_factor,1.7098518201602297e-19
620,2028-base,CZ,S,lig_bp,capacity_factor,0.3166069432160894
621,2028-base,CZ,S,h_ror,capacity_factor,0.2960947154000618
622,2028-base,CZ,S,h_dams,capacity_factor,0.1380046156387935
623,2028-base,CZ,S,li,capacity_factor,0.086443098252158
624,2028-base,CZ,S,pump_open,capacity_factor,0.1315879492724894
625,2028-base,CZ,S,pump,capacity_factor,0.1246368757359664
626,2028-base,CZ,S,TOTAL,capacity_factor,1.198667268540078
627,2028-base,CZ,W,nuclear,capacity_factor,0.8170054343251856
628,2028-base,CZ,W,solar,capacity_factor,0.0749501991958333
629,2028-base,CZ,W,onshore,capacity_factor,0.3261024282110715
630,2028-base,CZ,W,waste,capacity_factor,0.7776617807500327
631,2028-base,CZ,W,gas_ccgt,capacity_factor,0.8844979627950552
632,2028-base,CZ,W,gas_chp,capacity_factor,0.723147714056677
633,2028-base,CZ,W,biogas,capacity_factor,0.3903406945436584
634,2028-base,CZ,W,lig_sc,capacity_factor,0.2207372923880851
635,2028-base,CZ,W,gas_eng_chp,capacity_factor,0.5722112074053661
636,2028-base,CZ,W,lig,capacity_factor,0.0173388195826034
637,2028-base,CZ,W,lig_ex,capacity_factor,0.5341616480682243
638,2028-base,CZ,W,coal_ex,capacity_factor,0.0059084699453551
639,2028-base,CZ,W,gas_peak,capacity_factor,0.0194690810953443
640,2028-base,CZ,W,lig_old,capacity_factor,0.0
641,2028-base,CZ,W,b_CHP,capacity_factor,0.0
642,2028-base,CZ,W,lig_bp,capacity_factor,0.7488754262368396
643,2028-base,CZ,W,h_ror,capacity_factor,0.2984606106036785
644,2028-base,CZ,W,h_dams,capacity_factor,0.1044886412582087
645,2028-base,CZ,W,li,capacity_factor,0.119960499755881
646,2028-base,CZ,W,pump_open,capacity_factor,0.086076424917747
647,2028-base,CZ,W,pump,capacity_factor,0.0735180851361961
648,2028-base,CZ,W,TOTAL,capacity_factor,1.192117174176471
649,2028-base,CZ,Y,li,capacity_factor_charging,0.0106385760494739
650,2028-base,CZ,Y,pump_open,capacity_factor_charging,0.1505003542629604
651,2028-base,CZ,Y,pump,capacity_factor_charging,0.140409668431166
652,2028-base,CZ,S,li,capacity_factor_charging,0.0102727674005734
653,2028-base,CZ,S,pump_open,capacity_factor_charging,0.1843106932604163
654,2028-base,CZ,S,pump,capacity_factor_charging,0.1769735074268769
655,2028-base,CZ,W,li,capacity_factor_charging,0.0110023857440088
656,2028-base,CZ,W,pump_open,capacity_factor_charging,0.1168747712163103
657,2028-base,CZ,W,pump,capacity_factor_charging,0.1040456318343388
658,2028-base,CZ,Y,nuclear,emissions_MtCO2,0.0
659,2028-base,CZ,Y,solar,emissions_MtCO2,0.0
660,2028-base,CZ,Y,onshore,emissions_MtCO2,0.0
661,2028-base,CZ,Y,waste,emissions_MtCO2,0.0
662,2028-base,CZ,Y,gas_ccgt,emissions_MtCO2,1.69387837631089
663,2028-base,CZ,Y,gas_chp,emissions_MtCO2,1.40300159999993
664,2028-base,CZ,Y,biogas,emissions_MtCO2,0.0
665,2028-base,CZ,Y,lig_sc,emissions_MtCO2,0.3928415802476145
666,2028-base,CZ,Y,bio,emissions_MtCO2,0.0
667,2028-base,CZ,Y,gas_eng_chp,emissions_MtCO2,0.7567472000000517
668,2028-base,CZ,Y,lig,emissions_MtCO2,0.0738827631577118
669,2028-base,CZ,Y,lig_ex,emissions_MtCO2,6.099750158893902
670,2028-base,CZ,Y,coal,emissions_MtCO2,0.0
671,2028-base,CZ,Y,coal_ex,emissions_MtCO2,0.0025775125508571
672,2028-base,CZ,Y,gas_peak,emissions_MtCO2,0.0045268257058506
673,2028-base,CZ,Y,lig_old,emissions_MtCO2,0.0
674,2028-base,CZ,Y,b_CHP,emissions_MtCO2,0.0
675,2028-base,CZ,Y,lig_bp,emissions_MtCO2,3.3487027200000554
676,2028-base,CZ,Y,coal_bp,emissions_MtCO2,0.0
677,2028-base,CZ,Y,dsr,emissions_MtCO2,0.0
678,2028-base,CZ,Y,eens,emissions_MtCO2,0.0
679,2028-base,CZ,Y,h_ror,emissions_MtCO2,0.0
680,2028-base,CZ,Y,h_dams,emissions_MtCO2,0.0
681,2028-base,CZ,Y,li,emissions_MtCO2,0.0
682,2028-base,CZ,Y,pump_open,emissions_MtCO2,0.0
683,2028-base,CZ,Y,pump,emissions_MtCO2,0.0
684,2028-base,CZ,Y,TOTAL,emissions_MtCO2,13.775908736866862
685,2028-base,CZ,S,nuclear,emissions_MtCO2,0.0
686,2028-base,CZ,S,solar,emissions_MtCO2,0.0
687,2028-base,CZ,S,onshore,emissions_MtCO2,0.0
688,2028-base,CZ,S,waste,emissions_MtCO2,0.0
689,2028-base,CZ,S,gas_ccgt,emissions_MtCO2,0.7516407403037588
690,2028-base,CZ,S,gas_chp,emissions_MtCO2,0.4492293525308112
691,2028-base,CZ,S,biogas,emissions_MtCO2,0.0
692,2028-base,CZ,S,lig_sc,emissions_MtCO2,0.0
693,2028-base,CZ,S,bio,emissions_MtCO2,0.0
694,2028-base,CZ,S,gas_eng_chp,emissions_MtCO2,0.3496794658768772
695,2028-base,CZ,S,lig,emissions_MtCO2,0.0
696,2028-base,CZ,S,lig_ex,emissions_MtCO2,2.221045602410652
697,2028-base,CZ,S,coal,emissions_MtCO2,0.0
698,2028-base,CZ,S,coal_ex,emissions_MtCO2,5.634964285714643e-05
699,2028-base,CZ,S,gas_peak,emissions_MtCO2,0.0
700,2028-base,CZ,S,lig_old,emissions_MtCO2,0.0
701,2028-base,CZ,S,b_CHP,emissions_MtCO2,0.0
702,2028-base,CZ,S,lig_bp,emissions_MtCO2,0.9912354493622566
703,2028-base,CZ,S,coal_bp,emissions_MtCO2,0.0
704,2028-base,CZ,S,dsr,emissions_MtCO2,0.0
705,2028-base,CZ,S,eens,emissions_MtCO2,0.0
706,2028-base,CZ,S,h_ror,emissions_MtCO2,0.0
707,2028-base,CZ,S,h_dams,emissions_MtCO2,0.0
708,2028-base,CZ,S,li,emissions_MtCO2,0.0
709,2028-base,CZ,S,pump_open,emissions_MtCO2,0.0
710,2028-base,CZ,S,pump,emissions_MtCO2,0.0
711,2028-base,CZ,S,TOTAL,emissions_MtCO2,27.551817473733724
712,2028-base,CZ,W,nuclear,emissions_MtCO2,0.0
713,2028-base,CZ,W,solar,emissions_MtCO2,0.0
714,2028-base,CZ,W,onshore,emissions_MtCO2,0.0
715,2028-base,CZ,W,waste,emissions_MtCO2,0.0
716,2028-base,CZ,W,gas_ccgt,emissions_MtCO2,0.9422376360071312
717,2028-base,CZ,W,gas_chp,emissions_MtCO2,0.9537722474691188
718,2028-base,CZ,W,biogas,emissions_MtCO2,0.0
719,2028-base,CZ,W,lig_sc,emissions_MtCO2,0.3928415802476145
720,2028-base,CZ,W,bio,emissions_MtCO2,0.0
721,2028-base,CZ,W,gas_eng_chp,emissions_MtCO2,0.4070677341231744
722,2028-base,CZ,W,lig,emissions_MtCO2,0.0738827631577118
723,2028-base,CZ,W,lig_ex,emissions_MtCO2,3.87870455648325
724,2028-base,CZ,W,coal,emissions_MtCO2,0.0
725,2028-base,CZ,W,coal_ex,emissions_MtCO2,0.002521162908
726,2028-base,CZ,W,gas_peak,emissions_MtCO2,0.0045268257058506
727,2028-base,CZ,W,lig_old,emissions_MtCO2,0.0
728,2028-base,CZ,W,b_CHP,emissions_MtCO2,0.0
729,2028-base,CZ,W,lig_bp,emissions_MtCO2,2.357467270637799
730,2028-base,CZ,W,coal_bp,emissions_MtCO2,0.0
731,2028-base,CZ,W,dsr,emissions_MtCO2,0.0
732,2028-base,CZ,W,eens,emissions_MtCO2,0.0
733,2028-base,CZ,W,h_ror,emissions_MtCO2,0.0
734,2028-base,CZ,W,h_dams,emissions_MtCO2,0.0
735,2028-base,CZ,W,li,emissions_MtCO2,0.0
736,2028-base,CZ,W,pump_open,emissions_MtCO2,0.0
737,2028-base,CZ,W,pump,emissions_MtCO2,0.0
738,2028-base,CZ,W,TOTAL,emissions_MtCO2,27.551817473733724
739,2028-base,CZ,Y,nuclear,power_share_high_value,0.9786385409486282
740,2028-base,CZ,Y,solar,power_share_high_value,0.8964303630209196
741,2028-base,CZ,Y,onshore,power_share_high_value,0.9783129599015136
742,2028-base,CZ,S,nuclear,power_share_high_value,0.9645933345082156
743,2028-base,CZ,S,solar,power_share_high_value,0.8762446870257733
744,2028-base,CZ,S,onshore,power_share_high_value,0.9566012743470046
745,2028-base,CZ,W,nuclear,power_share_high_value,0.9919032770108888
746,2028-base,CZ,W,solar,power_share_high_value,0.9400969736492066
747,2028-base,CZ,W,onshore,power_share_high_value,0.9916752485438516
748,2028-base,CZ,Y,nuclear,power_share_low_value,0.0207494883953647
749,2028-base,CZ,Y,solar,power_share_low_value,0.100457274537837
750,2028-base,CZ,Y,onshore,power_share_low_value,0.020528191986764
751,2028-base,CZ,S,nuclear,power_share_low_value,0.034400967068754
752,2028-base,CZ,S,solar,power_share_low_value,0.119922340009647
753,2028-base,CZ,S,onshore,power_share_low_value,0.0412869934168666
754,2028-base,CZ,W,nuclear,power_share_low_value,0.0078566012576539
755,2028-base,CZ,W,solar,power_share_low_value,0.0583495227332401
756,2028-base,CZ,W,onshore,power_share_low_value,0.0077523484954044
757,2028-base,CZ,Y,nuclear,power_share_zero_value,0.000611970656007
758,2028-base,CZ,Y,solar,power_share_zero_value,0.0031123624412432
759,2028-base,CZ,Y,onshore,power_share_zero_value,0.0011588481117225
760,2028-base,CZ,S,nuclear,power_share_zero_value,0.0010056984230301
761,2028-base,CZ,S,solar,power_share_zero_value,0.0038329729645797
762,2028-base,CZ,S,onshore,power_share_zero_value,0.0021117322361287
763,2028-base,CZ,W,nuclear,power_share_zero_value,0.0002401217314574
764,2028-base,CZ,W,solar,power_share_zero_value,0.0015535036175531
765,2028-base,CZ,W,onshore,power_share_zero_value,0.0005724029607438
766,2028-base-plus,CZ,Y,nuclear,capacity_GW,4.099
767,2028-base-plus,CZ,Y,solar,capacity_GW,7.0
768,2028-base-plus,CZ,Y,onshore,capacity_GW,0.5
769,2028-base-plus,CZ,Y,waste,capacity_GW,0.19575
770,2028-base-plus,CZ,Y,gas_ccgt,capacity_GW,0.6174
771,2028-base-plus,CZ,Y,gas_chp,capacity_GW,0.7644
772,2028-base-plus,CZ,Y,biogas,capacity_GW,0.279
773,2028-base-plus,CZ,Y,lig_sc,capacity_GW,0.4356
774,2028-base-plus,CZ,Y,bio,capacity_GW,0.0
775,2028-base-plus,CZ,Y,gas_eng_chp,capacity_GW,0.3313124999999999
776,2028-base-plus,CZ,Y,lig,capacity_GW,0.9702
777,2028-base-plus,CZ,Y,lig_ex,capacity_GW,1.6533000000000002
778,2028-base-plus,CZ,Y,coal,capacity_GW,0.0
779,2028-base-plus,CZ,Y,coal_ex,capacity_GW,0.11484
780,2028-base-plus,CZ,Y,gas_peak,capacity_GW,0.096255
781,2028-base-plus,CZ,Y,lig_old,capacity_GW,1.2011999999999998
782,2028-base-plus,CZ,Y,b_CHP,capacity_GW,0.20925
783,2028-base-plus,CZ,Y,lig_bp,capacity_GW,0.35838
784,2028-base-plus,CZ,Y,coal_bp,capacity_GW,0.0
785,2028-base-plus,CZ,Y,dsr,capacity_GW,0.0
786,2028-base-plus,CZ,Y,h_ror,capacity_GW,0.415
787,2028-base-plus,CZ,Y,h_dams,capacity_GW,0.609
788,2028-base-plus,CZ,Y,li,capacity_GW,0.1
789,2028-base-plus,CZ,Y,pump_open,capacity_GW,0.47
790,2028-base-plus,CZ,Y,pump,capacity_GW,0.678
791,2028-base-plus,CZ,Y,TOTAL,capacity_GW,21.0978875
792,2028-base-plus,CZ,Y,h_ror,capacity_charging_GW,0.0
793,2028-base-plus,CZ,Y,h_dams,capacity_charging_GW,0.0
794,2028-base-plus,CZ,Y,li,capacity_charging_GW,1.25599
795,2028-base-plus,CZ,Y,pump_open,capacity_charging_GW,0.44
796,2028-base-plus,CZ,Y,pump,capacity_charging_GW,0.664
797,2028-base-plus,CZ,Y,nuclear,capacity_paid_off_GW,0.0
798,2028-base-plus,CZ,Y,solar,capacity_paid_off_GW,0.0
799,2028-base-plus,CZ,Y,onshore,capacity_paid_off_GW,0.0
800,2028-base-plus,CZ,Y,waste,capacity_paid_off_GW,0.0
801,2028-base-plus,CZ,Y,gas_ccgt,capacity_paid_off_GW,0.0
802,2028-base-plus,CZ,Y,gas_chp,capacity_paid_off_GW,0.0
803,2028-base-plus,CZ,Y,biogas,capacity_paid_off_GW,0.0
804,2028-base-plus,CZ,Y,lig_sc,capacity_paid_off_GW,0.0
805,2028-base-plus,CZ,Y,bio,capacity_paid_off_GW,0.0
806,2028-base-plus,CZ,Y,gas_eng_chp,capacity_paid_off_GW,0.0
807,2028-base-plus,CZ,Y,lig,capacity_paid_off_GW,0.0
808,2028-base-plus,CZ,Y,lig_ex,capacity_paid_off_GW,0.0
809,2028-base-plus,CZ,Y,coal,capacity_paid_off_GW,0.0
810,2028-base-plus,CZ,Y,coal_ex,capacity_paid_off_GW,0.0
811,2028-base-plus,CZ,Y,gas_peak,capacity_paid_off_GW,0.0
812,2028-base-plus,CZ,Y,lig_old,capacity_paid_off_GW,0.0
813,2028-base-plus,CZ,Y,b_CHP,capacity_paid_off_GW,0.0
814,2028-base-plus,CZ,Y,lig_bp,capacity_paid_off_GW,0.0
815,2028-base-plus,CZ,Y,coal_bp,capacity_paid_off_GW,0.0
816,2028-base-plus,CZ,Y,dsr,capacity_paid_off_GW,0.0
817,2028-base-plus,CZ,Y,h_ror,capacity_paid_off_GW,0.0
818,2028-base-plus,CZ,Y,h_dams,capacity_paid_off_GW,0.0
819,2028-base-plus,CZ,Y,li,capacity_paid_off_GW,0.0
820,2028-base-plus,CZ,Y,pump_open,capacity_paid_off_GW,0.0
821,2028-base-plus,CZ,Y,pump,capacity_paid_off_GW,0.0
822,2028-base-plus,CZ,Y,h_ror,capacity_charging_paid_off_GW,0.0
823,2028-base-plus,CZ,Y,h_dams,capacity_charging_paid_off_GW,0.0
824,2028-base-plus,CZ,Y,li,capacity_charging_paid_off_GW,0.0
825,2028-base-plus,CZ,Y,pump_open,capacity_charging_paid_off_GW,0.0
826,2028-base-plus,CZ,Y,pump,capacity_charging_paid_off_GW,0.0
827,2028-base-plus,CZ,Y,TOTAL,load_TWh,65.445813863
828,2028-base-plus,CZ,S,TOTAL,load_TWh,30.420967933
829,2028-base-plus,CZ,W,TOTAL,load_TWh,35.02484593
830,2028-base-plus,CZ,Y,TOTAL,import_TWh,17.693717982824623
831,2028-base-plus,CZ,S,TOTAL,import_TWh,8.00320850615103
832,2028-base-plus,CZ,W,TOTAL,import_TWh,9.690509476673594
833,2028-base-plus,CZ,Y,TOTAL,export_TWh,5.270376990817835
834,2028-base-plus,CZ,S,TOTAL,export_TWh,2.790215505416527
835,2028-base-plus,CZ,W,TOTAL,export_TWh,2.4801614854013074
836,2028-base-plus,CZ,Y,TOTAL,net_import_TWh,12.42334099200679
837,2028-base-plus,CZ,S,TOTAL,net_import_TWh,5.212993000734502
838,2028-base-plus,CZ,W,TOTAL,net_import_TWh,7.210347991272286
839,2028-base-plus,CZ,Y,TOTAL,curtailment_TWh,0.001841951187463
840,2028-base-plus,CZ,S,TOTAL,curtailment_TWh,0.0006889387320246
841,2028-base-plus,CZ,W,TOTAL,curtailment_TWh,0.0011530124554384
842,2028-base-plus,CZ,Y,nuclear,production_TWh,28.59946136693848
843,2028-base-plus,CZ,Y,solar,production_TWh,7.288972627569825
844,2028-base-plus,CZ,Y,onshore,production_TWh,1.1568520113309682
845,2028-base-plus,CZ,Y,waste,production_TWh,1.1431799999998664
846,2028-base-plus,CZ,Y,gas_ccgt,production_TWh,4.006101199560862
847,2028-base-plus,CZ,Y,gas_chp,production_TWh,2.901459256822482
848,2028-base-plus,CZ,Y,biogas,production_TWh,0.4170333753983151
849,2028-base-plus,CZ,Y,lig_sc,production_TWh,0.3405384015351874
850,2028-base-plus,CZ,Y,bio,production_TWh,0.0
851,2028-base-plus,CZ,Y,gas_eng_chp,production_TWh,1.5478920000001126
852,2028-base-plus,CZ,Y,lig,production_TWh,0.0993584620736425
853,2028-base-plus,CZ,Y,lig_ex,production_TWh,2.525438010957725
854,2028-base-plus,CZ,Y,coal,production_TWh,0.0
855,2028-base-plus,CZ,Y,coal_ex,production_TWh,0.0017835382666666
856,2028-base-plus,CZ,Y,gas_peak,production_TWh,0.0097119531910831
857,2028-base-plus,CZ,Y,lig_old,production_TWh,0.0
858,2028-base-plus,CZ,Y,b_CHP,production_TWh,8.24703268638889e-20
859,2028-base-plus,CZ,Y,lig_bp,production_TWh,1.674351360000047
860,2028-base-plus,CZ,Y,coal_bp,production_TWh,0.0
861,2028-base-plus,CZ,Y,dsr,production_TWh,0.0
862,2028-base-plus,CZ,Y,eens,production_TWh,-5.286437954055135e-20
863,2028-base-plus,CZ,Y,h_ror,production_TWh,1.0807517397589224
864,2028-base-plus,CZ,Y,h_dams,production_TWh,0.6465864285714287
865,2028-base-plus,CZ,Y,li,production_TWh,0.0864930372561408
866,2028-base-plus,CZ,Y,pump_open,production_TWh,0.4777307119111601
867,2028-base-plus,CZ,Y,pump,production_TWh,0.6301262991644947
868,2028-base-plus,CZ,Y,TOTAL,production_TWh,54.63382178030741
869,2028-base-plus,CZ,S,nuclear,production_TWh,13.891069397825554
870,2028-base-plus,CZ,S,solar,production_TWh,4.984703703493123
871,2028-base-plus,CZ,S,onshore,production_TWh,0.4407310789794552
872,2028-base-plus,CZ,S,waste,production_TWh,0.4834135836434399
873,2028-base-plus,CZ,S,gas_ccgt,production_TWh,1.7510860146608078
874,2028-base-plus,CZ,S,gas_chp,production_TWh,0.9038430617981732
875,2028-base-plus,CZ,S,biogas,production_TWh,0.0188031735253076
876,2028-base-plus,CZ,S,lig_sc,production_TWh,0.0
877,2028-base-plus,CZ,S,bio,production_TWh,0.0
878,2028-base-plus,CZ,S,gas_eng_chp,production_TWh,0.7335422644066818
879,2028-base-plus,CZ,S,lig,production_TWh,0.0
880,2028-base-plus,CZ,S,lig_ex,production_TWh,0.8298953685248771
881,2028-base-plus,CZ,S,coal,production_TWh,0.0
882,2028-base-plus,CZ,S,coal_ex,production_TWh,4.666666666666289e-06
883,2028-base-plus,CZ,S,gas_peak,production_TWh,0.0
884,2028-base-plus,CZ,S,lig_old,production_TWh,0.0
885,2028-base-plus,CZ,S,b_CHP,production_TWh,8.24703268638889e-20
886,2028-base-plus,CZ,S,lig_bp,production_TWh,0.5386988030541937
887,2028-base-plus,CZ,S,coal_bp,production_TWh,0.0
888,2028-base-plus,CZ,S,dsr,production_TWh,0.0
889,2028-base-plus,CZ,S,eens,production_TWh,-5.286437954055135e-20
890,2028-base-plus,CZ,S,h_ror,production_TWh,0.5367368125
891,2028-base-plus,CZ,S,h_dams,production_TWh,0.3661963605132965
892,2028-base-plus,CZ,S,li,production_TWh,0.0372205527636988
893,2028-base-plus,CZ,S,pump_open,production_TWh,0.2957592165229213
894,2028-base-plus,CZ,S,pump,production_TWh,0.4083595265151905
895,2028-base-plus,CZ,S,TOTAL,production_TWh,109.26764356061484
896,2028-base-plus,CZ,W,nuclear,production_TWh,14.708391969112927
897,2028-base-plus,CZ,W,solar,production_TWh,2.3042689240767014
898,2028-base-plus,CZ,W,onshore,production_TWh,0.7161209323515131
899,2028-base-plus,CZ,W,waste,production_TWh,0.6597664163564264
900,2028-base-plus,CZ,W,gas_ccgt,production_TWh,2.2550151849000537
901,2028-base-plus,CZ,W,gas_chp,production_TWh,1.9976161950243088
902,2028-base-plus,CZ,W,biogas,production_TWh,0.3982302018730074
903,2028-base-plus,CZ,W,lig_sc,production_TWh,0.3405384015351874
904,2028-base-plus,CZ,W,bio,production_TWh,0.0
905,2028-base-plus,CZ,W,gas_eng_chp,production_TWh,0.8143497355934309
906,2028-base-plus,CZ,W,lig,production_TWh,0.0993584620736425
907,2028-base-plus,CZ,W,lig_ex,production_TWh,1.6955426424328477
908,2028-base-plus,CZ,W,coal,production_TWh,0.0
909,2028-base-plus,CZ,W,coal_ex,production_TWh,0.0017788715999999
910,2028-base-plus,CZ,W,gas_peak,production_TWh,0.0097119531910831
911,2028-base-plus,CZ,W,lig_old,production_TWh,0.0
912,2028-base-plus,CZ,W,b_CHP,production_TWh,0.0
913,2028-base-plus,CZ,W,lig_bp,production_TWh,1.135652556945853
914,2028-base-plus,CZ,W,coal_bp,production_TWh,0.0
915,2028-base-plus,CZ,W,dsr,production_TWh,0.0
916,2028-base-plus,CZ,W,eens,production_TWh,0.0
917,2028-base-plus,CZ,W,h_ror,production_TWh,0.5440149272589221
918,2028-base-plus,CZ,W,h_dams,production_TWh,0.2803900680581319
919,2028-base-plus,CZ,W,li,production_TWh,0.0492724844924419
920,2028-base-plus,CZ,W,pump_open,production_TWh,0.1819714953882388
921,2028-base-plus,CZ,W,pump,production_TWh,0.2217667726493042
922,2028-base-plus,CZ,W,TOTAL,production_TWh,109.26764356061484
923,2028-base-plus,CZ,Y,gas_chp,production_el_eq_TWh,3.571276799999823
924,2028-base-plus,CZ,Y,gas_eng_chp,production_el_eq_TWh,1.5478920000001126
925,2028-base-plus,CZ,Y,lig_ex,production_el_eq_TWh,5.944573050002391
926,2028-base-plus,CZ,Y,coal_ex,production_el_eq_TWh,0.0040195826666666
927,2028-base-plus,CZ,Y,b_CHP,production_el_eq_TWh,2.0617581715972226e-19
928,2028-base-plus,CZ,Y,lig_bp,production_el_eq_TWh,1.674351360000047
929,2028-base-plus,CZ,Y,coal_bp,production_el_eq_TWh,0.0
930,2028-base-plus,CZ,Y,eens,production_el_eq_TWh,0.0
931,2028-base-plus,CZ,S,gas_chp,production_el_eq_TWh,1.2296376739120425
932,2028-base-plus,CZ,S,gas_eng_chp,production_el_eq_TWh,0.7335422644066818
933,2028-base-plus,CZ,S,lig_ex,production_el_eq_TWh,2.0738546907402338
934,2028-base-plus,CZ,S,coal_ex,production_el_eq_TWh,1.1666666666665828e-05
935,2028-base-plus,CZ,S,b_CHP,production_el_eq_TWh,2.0617581715972226e-19
936,2028-base-plus,CZ,S,lig_bp,production_el_eq_TWh,0.5386988030541937
937,2028-base-plus,CZ,S,coal_bp,production_el_eq_TWh,0.0
938,2028-base-plus,CZ,S,eens,production_el_eq_TWh,0.0
939,2028-base-plus,CZ,W,gas_chp,production_el_eq_TWh,2.3416391260877805
940,2028-base-plus,CZ,W,gas_eng_chp,production_el_eq_TWh,0.8143497355934309
941,2028-base-plus,CZ,W,lig_ex,production_el_eq_TWh,3.870718359262157
942,2028-base-plus,CZ,W,coal_ex,production_el_eq_TWh,0.0040079159999999
943,2028-base-plus,CZ,W,b_CHP,production_el_eq_TWh,0.0
944,2028-base-plus,CZ,W,lig_bp,production_el_eq_TWh,1.135652556945853
945,2028-base-plus,CZ,W,coal_bp,production_el_eq_TWh,0.0
946,2028-base-plus,CZ,W,eens,production_el_eq_TWh,0.0
947,2028-base-plus,CZ,Y,solar,production_used_TWh,7.288307312347343
948,2028-base-plus,CZ,Y,onshore,production_used_TWh,1.1567958968530303
949,2028-base-plus,CZ,S,solar,production_used_TWh,4.984703703493123
950,2028-base-plus,CZ,S,onshore,production_used_TWh,0.4407310789794552
951,2028-base-plus,CZ,W,solar,production_used_TWh,2.30360360885422
952,2028-base-plus,CZ,W,onshore,production_used_TWh,0.716064817873575
953,2028-base-plus,CZ,Y,solar,production_excess_TWh,0.0006653152224811
954,2028-base-plus,CZ,Y,onshore,production_excess_TWh,5.611447793799108e-05
955,2028-base-plus,CZ,S,solar,production_excess_TWh,0.0
956,2028-base-plus,CZ,S,onshore,production_excess_TWh,0.0
957,2028-base-plus,CZ,W,solar,production_excess_TWh,0.0006653152224811
958,2028-base-plus,CZ,W,onshore,production_excess_TWh,5.611447793799108e-05
959,2028-base-plus,CZ,Y,h_ror,discharged_TWh,1.0807517397589224
960,2028-base-plus,CZ,Y,h_dams,discharged_TWh,0.6465864285714287
961,2028-base-plus,CZ,Y,li,discharged_TWh,0.0864930372561408
962,2028-base-plus,CZ,Y,pump_open,discharged_TWh,0.4777307119111601
963,2028-base-plus,CZ,Y,pump,discharged_TWh,0.6301262991644947
964,2028-base-plus,CZ,Y,TOTAL,discharged_TWh,2.9216882166621465
965,2028-base-plus,CZ,S,h_ror,discharged_TWh,0.5367368125
966,2028-base-plus,CZ,S,h_dams,discharged_TWh,0.3661963605132965
967,2028-base-plus,CZ,S,li,discharged_TWh,0.0372205527636988
968,2028-base-plus,CZ,S,pump_open,discharged_TWh,0.2957592165229213
969,2028-base-plus,CZ,S,pump,discharged_TWh,0.4083595265151905
970,2028-base-plus,CZ,S,TOTAL,discharged_TWh,5.843376433324293
971,2028-base-plus,CZ,W,h_ror,discharged_TWh,0.5440149272589221
972,2028-base-plus,CZ,W,h_dams,discharged_TWh,0.2803900680581319
973,2028-base-plus,CZ,W,li,discharged_TWh,0.0492724844924419
974,2028-base-plus,CZ,W,pump_open,discharged_TWh,0.1819714953882388
975,2028-base-plus,CZ,W,pump,discharged_TWh,0.2217667726493042
976,2028-base-plus,CZ,W,TOTAL,discharged_TWh,5.843376433324293
977,2028-base-plus,CZ,Y,h_ror,charged_TWh,0.0
978,2028-base-plus,CZ,Y,h_dams,charged_TWh,0.0
979,2028-base-plus,CZ,Y,li,charged_TWh,0.1127103157597552
980,2028-base-plus,CZ,Y,pump_open,charged_TWh,0.6216212268607382
981,2028-base-plus,CZ,Y,pump,charged_TWh,0.8751754155062428
982,2028-base-plus,CZ,Y,TOTAL,charged_TWh,1.6095069581267365
983,2028-base-plus,CZ,S,h_ror,charged_TWh,0.0
984,2028-base-plus,CZ,S,h_dams,charged_TWh,0.0
985,2028-base-plus,CZ,S,li,charged_TWh,0.0568906452603987
986,2028-base-plus,CZ,S,pump_open,charged_TWh,0.3886453604998086
987,2028-base-plus,CZ,S,pump,charged_TWh,0.5658637086356567
988,2028-base-plus,CZ,S,TOTAL,charged_TWh,3.219013916253473
989,2028-base-plus,CZ,W,h_ror,charged_TWh,0.0
990,2028-base-plus,CZ,W,h_dams,charged_TWh,0.0
991,2028-base-plus,CZ,W,li,charged_TWh,0.0558196704993564
992,2028-base-plus,CZ,W,pump_open,charged_TWh,0.2329758663609295
993,2028-base-plus,CZ,W,pump,charged_TWh,0.309311706870586
994,2028-base-plus,CZ,W,TOTAL,charged_TWh,3.219013916253473
995,2028-base-plus,CZ,Y,h_ror,inflow_TWh,1.085317
996,2028-base-plus,CZ,Y,h_dams,inflow_TWh,0.6465864285714287
997,2028-base-plus,CZ,Y,pump_open,inflow_TWh,0.0301634285714285
998,2028-base-plus,CZ,S,h_ror,inflow_TWh,0.54068
999,2028-base-plus,CZ,S,h_dams,inflow_TWh,0.366456
1000,2028-base-plus,CZ,S,pump_open,inflow_TWh,0.014669
1001,2028-base-plus,CZ,W,h_ror,inflow_TWh,0.544637
1002,2028-base-plus,CZ,W,h_dams,inflow_TWh,0.2801304285714285
1003,2028-base-plus,CZ,W,pump_open,inflow_TWh,0.0154944285714285
1004,2028-base-plus,CZ,Y,gas_chp,heat_production_PJ,4.822686310876858
1005,2028-base-plus,CZ,Y,gas_eng_chp,heat_production_PJ,5.572411200000405
1006,2028-base-plus,CZ,Y,lig_ex,heat_production_PJ,34.46488119357023
1007,2028-base-plus,CZ,Y,coal_ex,heat_production_PJ,0.0225393275519999
1008,2028-base-plus,CZ,Y,b_CHP,heat_production_PJ,1.3360192951950002e-18
1009,2028-base-plus,CZ,Y,lig_bp,heat_production_PJ,18.082994688000504
1010,2028-base-plus,CZ,Y,coal_bp,heat_production_PJ,0.0
1011,2028-base-plus,CZ,Y,eens,heat_production_PJ,1.903117663459849e-19
1012,2028-base-plus,CZ,S,gas_chp,heat_production_PJ,2.3457212072198588
1013,2028-base-plus,CZ,S,gas_eng_chp,heat_production_PJ,2.6407521518640547
1014,2028-base-plus,CZ,S,lig_ex,heat_production_PJ,12.539109967930797
1015,2028-base-plus,CZ,S,coal_ex,heat_production_PJ,7.055999999999534e-05
1016,2028-base-plus,CZ,S,b_CHP,heat_production_PJ,1.3360192951950002e-18
1017,2028-base-plus,CZ,S,lig_bp,heat_production_PJ,5.817947072985292
1018,2028-base-plus,CZ,S,coal_bp,heat_production_PJ,0.0
1019,2028-base-plus,CZ,S,eens,heat_production_PJ,1.903117663459849e-19
1020,2028-base-plus,CZ,W,gas_chp,heat_production_PJ,2.476965103656998
1021,2028-base-plus,CZ,W,gas_eng_chp,heat_production_PJ,2.931659048136352
1022,2028-base-plus,CZ,W,lig_ex,heat_production_PJ,21.92577122563944
1023,2028-base-plus,CZ,W,coal_ex,heat_production_PJ,0.0224687675519999
1024,2028-base-plus,CZ,W,b_CHP,heat_production_PJ,0.0
1025,2028-base-plus,CZ,W,lig_bp,heat_production_PJ,12.265047615015211
1026,2028-base-plus,CZ,W,coal_bp,heat_production_PJ,0.0
1027,2028-base-plus,CZ,W,eens,heat_production_PJ,0.0
1028,2028-base-plus,CZ,Y,waste,production_hours,6689.0
1029,2028-base-plus,CZ,Y,gas_ccgt,production_hours,6778.0
1030,2028-base-plus,CZ,Y,gas_chp,production_hours,8319.0
1031,2028-base-plus,CZ,Y,biogas,production_hours,1637.0
1032,2028-base-plus,CZ,Y,lig_sc,production_hours,996.0
1033,2028-base-plus,CZ,Y,bio,production_hours,0.0
1034,2028-base-plus,CZ,Y,gas_eng_chp,production_hours,5225.0
1035,2028-base-plus,CZ,Y,lig,production_hours,235.0
1036,2028-base-plus,CZ,Y,lig_ex,production_hours,7576.0
1037,2028-base-plus,CZ,Y,coal,production_hours,0.0
1038,2028-base-plus,CZ,Y,coal_ex,production_hours,59.0
1039,2028-base-plus,CZ,Y,gas_peak,production_hours,122.0
1040,2028-base-plus,CZ,Y,lig_old,production_hours,0.0
1041,2028-base-plus,CZ,Y,b_CHP,production_hours,0.0
1042,2028-base-plus,CZ,Y,lig_bp,production_hours,6918.0
1043,2028-base-plus,CZ,Y,coal_bp,production_hours,0.0
1044,2028-base-plus,CZ,Y,dsr,production_hours,0.0
1045,2028-base-plus,CZ,Y,eens,production_hours,0.0
1046,2028-base-plus,CZ,Y,h_ror,production_hours,8760.0
1047,2028-base-plus,CZ,Y,h_dams,production_hours,8760.0
1048,2028-base-plus,CZ,Y,li,production_hours,971.0
1049,2028-base-plus,CZ,Y,pump_open,production_hours,1538.0
1050,2028-base-plus,CZ,Y,pump,production_hours,1239.0
1051,2028-base-plus,CZ,S,waste,production_hours,2997.0
1052,2028-base-plus,CZ,S,gas_ccgt,production_hours,3053.0
1053,2028-base-plus,CZ,S,gas_chp,production_hours,4038.0
1054,2028-base-plus,CZ,S,biogas,production_hours,102.0
1055,2028-base-plus,CZ,S,lig_sc,production_hours,0.0
1056,2028-base-plus,CZ,S,bio,production_hours,0.0
1057,2028-base-plus,CZ,S,gas_eng_chp,production_hours,2413.0
1058,2028-base-plus,CZ,S,lig,production_hours,0.0
1059,2028-base-plus,CZ,S,lig_ex,production_hours,3184.0
1060,2028-base-plus,CZ,S,coal,production_hours,0.0
1061,2028-base-plus,CZ,S,coal_ex,production_hours,14.0
1062,2028-base-plus,CZ,S,gas_peak,production_hours,0.0
1063,2028-base-plus,CZ,S,lig_old,production_hours,0.0
1064,2028-base-plus,CZ,S,b_CHP,production_hours,0.0
1065,2028-base-plus,CZ,S,lig_bp,production_hours,2618.0
1066,2028-base-plus,CZ,S,coal_bp,production_hours,0.0
1067,2028-base-plus,CZ,S,dsr,production_hours,0.0
1068,2028-base-plus,CZ,S,eens,production_hours,0.0
1069,2028-base-plus,CZ,S,h_ror,production_hours,4368.0
1070,2028-base-plus,CZ,S,h_dams,production_hours,4368.0
1071,2028-base-plus,CZ,S,li,production_hours,416.0
1072,2028-base-plus,CZ,S,pump_open,production_hours,916.0
1073,2028-base-plus,CZ,S,pump,production_hours,777.0
1074,2028-base-plus,CZ,W,waste,production_hours,3692.0
1075,2028-base-plus,CZ,W,gas_ccgt,production_hours,3725.0
1076,2028-base-plus,CZ,W,gas_chp,production_hours,4281.0
1077,2028-base-plus,CZ,W,biogas,production_hours,1535.0
1078,2028-base-plus,CZ,W,lig_sc,production_hours,996.0
1079,2028-base-plus,CZ,W,bio,production_hours,0.0
1080,2028-base-plus,CZ,W,gas_eng_chp,production_hours,2812.0
1081,2028-base-plus,CZ,W,lig,production_hours,235.0
1082,2028-base-plus,CZ,W,lig_ex,production_hours,4392.0
1083,2028-base-plus,CZ,W,coal,production_hours,0.0
1084,2028-base-plus,CZ,W,coal_ex,production_hours,45.0
1085,2028-base-plus,CZ,W,gas_peak,production_hours,122.0
1086,2028-base-plus,CZ,W,lig_old,production_hours,0.0
1087,2028-base-plus,CZ,W,b_CHP,production_hours,0.0
1088,2028-base-plus,CZ,W,lig_bp,production_hours,4300.0
1089,2028-base-plus,CZ,W,coal_bp,production_hours,0.0
1090,2028-base-plus,CZ,W,dsr,production_hours,0.0
1091,2028-base-plus,CZ,W,eens,production_hours,0.0
1092,2028-base-plus,CZ,W,h_ror,production_hours,4392.0
1093,2028-base-plus,CZ,W,h_dams,production_hours,4392.0
1094,2028-base-plus,CZ,W,li,production_hours,555.0
1095,2028-base-plus,CZ,W,pump_open,production_hours,622.0
1096,2028-base-plus,CZ,W,pump,production_hours,462.0
1097,2028-base-plus,CZ,Y,nuclear,capex_mn_EUR_per_yr,2738.469079112492
1098,2028-base-plus,CZ,Y,solar,capex_mn_EUR_per_yr,362.9795164565344
1099,2028-base-plus,CZ,Y,onshore,capex_mn_EUR_per_yr,68.82996852045387
1100,2028-base-plus,CZ,Y,waste,capex_mn_EUR_per_yr,228.2938717209026
1101,2028-base-plus,CZ,Y,gas_ccgt,capex_mn_EUR_per_yr,76.18061222457844
1102,2028-base-plus,CZ,Y,gas_chp,capex_mn_EUR_per_yr,138.841538451773
1103,2028-base-plus,CZ,Y,biogas,capex_mn_EUR_per_yr,16.217086196531145
1104,2028-base-plus,CZ,Y,lig_sc,capex_mn_EUR_per_yr,144.15255774515765
1105,2028-base-plus,CZ,Y,bio,capex_mn_EUR_per_yr,0.0
1106,2028-base-plus,CZ,Y,gas_eng_chp,capex_mn_EUR_per_yr,22.59441391073202
1107,2028-base-plus,CZ,Y,lig,capex_mn_EUR_per_yr,321.06706043239666
1108,2028-base-plus,CZ,Y,lig_ex,capex_mn_EUR_per_yr,547.1244805327576
1109,2028-base-plus,CZ,Y,coal,capex_mn_EUR_per_yr,0.0
1110,2028-base-plus,CZ,Y,coal_ex,capex_mn_EUR_per_yr,26.048184884115727
1111,2028-base-plus,CZ,Y,gas_peak,capex_mn_EUR_per_yr,7.893982066856129
1112,2028-base-plus,CZ,Y,lig_old,capex_mn_EUR_per_yr,397.5115986305863
1113,2028-base-plus,CZ,Y,b_CHP,capex_mn_EUR_per_yr,109.81713302115293
1114,2028-base-plus,CZ,Y,lig_bp,capex_mn_EUR_per_yr,118.59824069033428
1115,2028-base-plus,CZ,Y,coal_bp,capex_mn_EUR_per_yr,0.0
1116,2028-base-plus,CZ,Y,dsr,capex_mn_EUR_per_yr,0.0
1117,2028-base-plus,CZ,Y,h_ror,capex_mn_EUR_per_yr,84.30517292657983
1118,2028-base-plus,CZ,Y,h_dams,capex_mn_EUR_per_yr,123.71530195731836
1119,2028-base-plus,CZ,Y,li,capex_mn_EUR_per_yr,4.011568788183623
1120,2028-base-plus,CZ,Y,pump_open,capex_mn_EUR_per_yr,95.4781476517892
1121,2028-base-plus,CZ,Y,pump,capex_mn_EUR_per_yr,137.73230661258106
1122,2028-base-plus,CZ,S,nuclear,capex_mn_EUR_per_yr,2738.469079112492
1123,2028-base-plus,CZ,S,solar,capex_mn_EUR_per_yr,362.9795164565344
1124,2028-base-plus,CZ,S,onshore,capex_mn_EUR_per_yr,68.82996852045387
1125,2028-base-plus,CZ,S,waste,capex_mn_EUR_per_yr,228.2938717209026
1126,2028-base-plus,CZ,S,gas_ccgt,capex_mn_EUR_per_yr,76.18061222457844
1127,2028-base-plus,CZ,S,gas_chp,capex_mn_EUR_per_yr,138.841538451773
1128,2028-base-plus,CZ,S,biogas,capex_mn_EUR_per_yr,16.217086196531145
1129,2028-base-plus,CZ,S,lig_sc,capex_mn_EUR_per_yr,144.15255774515765
1130,2028-base-plus,CZ,S,bio,capex_mn_EUR_per_yr,0.0
1131,2028-base-plus,CZ,S,gas_eng_chp,capex_mn_EUR_per_yr,22.59441391073202
1132,2028-base-plus,CZ,S,lig,capex_mn_EUR_per_yr,321.06706043239666
1133,2028-base-plus,CZ,S,lig_ex,capex_mn_EUR_per_yr,547.1244805327576
1134,2028-base-plus,CZ,S,coal,capex_mn_EUR_per_yr,0.0
1135,2028-base-plus,CZ,S,coal_ex,capex_mn_EUR_per_yr,26.048184884115727
1136,2028-base-plus,CZ,S,gas_peak,capex_mn_EUR_per_yr,7.893982066856129
1137,2028-base-plus,CZ,S,lig_old,capex_mn_EUR_per_yr,397.5115986305863
1138,2028-base-plus,CZ,S,b_CHP,capex_mn_EUR_per_yr,109.81713302115293
1139,2028-base-plus,CZ,S,lig_bp,capex_mn_EUR_per_yr,118.59824069033428
1140,2028-base-plus,CZ,S,coal_bp,capex_mn_EUR_per_yr,0.0
1141,2028-base-plus,CZ,S,dsr,capex_mn_EUR_per_yr,0.0
1142,2028-base-plus,CZ,S,h_ror,capex_mn_EUR_per_yr,84.30517292657983
1143,2028-base-plus,CZ,S,h_dams,capex_mn_EUR_per_yr,123.71530195731836
1144,2028-base-plus,CZ,S,li,capex_mn_EUR_per_yr,4.011568788183623
1145,2028-base-plus,CZ,S,pump_open,capex_mn_EUR_per_yr,95.4781476517892
1146,2028-base-plus,CZ,S,pump,capex_mn_EUR_per_yr,137.73230661258106
1147,2028-base-plus,CZ,W,nuclear,capex_mn_EUR_per_yr,2738.469079112492
1148,2028-base-plus,CZ,W,solar,capex_mn_EUR_per_yr,362.9795164565344
1149,2028-base-plus,CZ,W,onshore,capex_mn_EUR_per_yr,68.82996852045387
1150,2028-base-plus,CZ,W,waste,capex_mn_EUR_per_yr,228.2938717209026
1151,2028-base-plus,CZ,W,gas_ccgt,capex_mn_EUR_per_yr,76.18061222457844
1152,2028-base-plus,CZ,W,gas_chp,capex_mn_EUR_per_yr,138.841538451773
1153,2028-base-plus,CZ,W,biogas,capex_mn_EUR_per_yr,16.217086196531145
1154,2028-base-plus,CZ,W,lig_sc,capex_mn_EUR_per_yr,144.15255774515765
1155,2028-base-plus,CZ,W,bio,capex_mn_EUR_per_yr,0.0
1156,2028-base-plus,CZ,W,gas_eng_chp,capex_mn_EUR_per_yr,22.59441391073202
1157,2028-base-plus,CZ,W,lig,capex_mn_EUR_per_yr,321.06706043239666
1158,2028-base-plus,CZ,W,lig_ex,capex_mn_EUR_per_yr,547.1244805327576
1159,2028-base-plus,CZ,W,coal,capex_mn_EUR_per_yr,0.0
1160,2028-base-plus,CZ,W,coal_ex,capex_mn_EUR_per_yr,26.048184884115727
1161,2028-base-plus,CZ,W,gas_peak,capex_mn_EUR_per_yr,7.893982066856129
1162,2028-base-plus,CZ,W,lig_old,capex_mn_EUR_per_yr,397.5115986305863
1163,2028-base-plus,CZ,W,b_CHP,capex_mn_EUR_per_yr,109.81713302115293
1164,2028-base-plus,CZ,W,lig_bp,capex_mn_EUR_per_yr,118.59824069033428
1165,2028-base-plus,CZ,W,coal_bp,capex_mn_EUR_per_yr,0.0
1166,2028-base-plus,CZ,W,dsr,capex_mn_EUR_per_yr,0.0
1167,2028-base-plus,CZ,W,h_ror,capex_mn_EUR_per_yr,84.30517292657983
1168,2028-base-plus,CZ,W,h_dams,capex_mn_EUR_per_yr,123.71530195731836
1169,2028-base-plus,CZ,W,li,capex_mn_EUR_per_yr,4.011568788183623
1170,2028-base-plus,CZ,W,pump_open,capex_mn_EUR_per_yr,95.4781476517892
1171,2028-base-plus,CZ,W,pump,capex_mn_EUR_per_yr,137.73230661258106
1172,2028-base-plus,CZ,Y,nuclear,opex_mn_EUR,586.5749526359082
1173,2028-base-plus,CZ,Y,solar,opex_mn_EUR,0.0
1174,2028-base-plus,CZ,Y,onshore,opex_mn_EUR,0.0
1175,2028-base-plus,CZ,Y,waste,opex_mn_EUR,46.25736087787785
1176,2028-base-plus,CZ,Y,gas_ccgt,opex_mn_EUR,343.76280400821975
1177,2028-base-plus,CZ,Y,gas_chp,opex_mn_EUR,253.8288552590569
1178,2028-base-plus,CZ,Y,biogas,opex_mn_EUR,41.11780636768672
1179,2028-base-plus,CZ,Y,lig_sc,opex_mn_EUR,36.43106574091772
1180,2028-base-plus,CZ,Y,bio,opex_mn_EUR,0.0
1181,2028-base-plus,CZ,Y,gas_eng_chp,opex_mn_EUR,167.5679084000122
1182,2028-base-plus,CZ,Y,lig,opex_mn_EUR,11.448929687771852
1183,2028-base-plus,CZ,Y,lig_ex,opex_mn_EUR,281.57159637643406
1184,2028-base-plus,CZ,Y,coal,opex_mn_EUR,0.0
1185,2028-base-plus,CZ,Y,coal_ex,opex_mn_EUR,0.2312995033552693
1186,2028-base-plus,CZ,Y,gas_peak,opex_mn_EUR,1.1781165561908566
1187,2028-base-plus,CZ,Y,lig_old,opex_mn_EUR,0.0
1188,2028-base-plus,CZ,Y,b_CHP,opex_mn_EUR,1.251777383531813e-17
1189,2028-base-plus,CZ,Y,lig_bp,opex_mn_EUR,367.7224146928119
1190,2028-base-plus,CZ,Y,coal_bp,opex_mn_EUR,0.0
1191,2028-base-plus,CZ,Y,dsr,opex_mn_EUR,0.0
1192,2028-base-plus,CZ,Y,h_ror,opex_mn_EUR,2.1615034795178447
1193,2028-base-plus,CZ,Y,h_dams,opex_mn_EUR,1.939759285714286
1194,2028-base-plus,CZ,Y,li,opex_mn_EUR,0.4324651862807042
1195,2028-base-plus,CZ,Y,pump_open,opex_mn_EUR,1.9109228476446405
1196,2028-base-plus,CZ,Y,pump,opex_mn_EUR,2.520505196657979
1197,2028-base-plus,CZ,S,nuclear,opex_mn_EUR,284.9058333494021
1198,2028-base-plus,CZ,S,solar,opex_mn_EUR,0.0
1199,2028-base-plus,CZ,S,onshore,opex_mn_EUR,0.0
1200,2028-base-plus,CZ,S,waste,opex_mn_EUR,20.157847970272435
1201,2028-base-plus,CZ,S,gas_ccgt,opex_mn_EUR,152.85377672726173
1202,2028-base-plus,CZ,S,gas_chp,opex_mn_EUR,79.61530273680881
1203,2028-base-plus,CZ,S,biogas,opex_mn_EUR,1.863870698623904
1204,2028-base-plus,CZ,S,lig_sc,opex_mn_EUR,0.0
1205,2028-base-plus,CZ,S,bio,opex_mn_EUR,0.0
1206,2028-base-plus,CZ,S,gas_eng_chp,opex_mn_EUR,79.41002535682554
1207,2028-base-plus,CZ,S,lig,opex_mn_EUR,0.0
1208,2028-base-plus,CZ,S,lig_ex,opex_mn_EUR,92.6421250418322
1209,2028-base-plus,CZ,S,coal,opex_mn_EUR,0.0
1210,2028-base-plus,CZ,S,coal_ex,opex_mn_EUR,0.0007467665749497
1211,2028-base-plus,CZ,S,gas_peak,opex_mn_EUR,0.0
1212,2028-base-plus,CZ,S,lig_old,opex_mn_EUR,0.0
1213,2028-base-plus,CZ,S,b_CHP,opex_mn_EUR,1.251777383531813e-17
1214,2028-base-plus,CZ,S,lig_bp,opex_mn_EUR,118.43249523171626
1215,2028-base-plus,CZ,S,coal_bp,opex_mn_EUR,0.0
1216,2028-base-plus,CZ,S,dsr,opex_mn_EUR,0.0
1217,2028-base-plus,CZ,S,h_ror,opex_mn_EUR,
1218,2028-base-plus,CZ,S,h_dams,opex_mn_EUR,1.0985890815398898
1219,2028-base-plus,CZ,S,li,opex_mn_EUR,0.1861027638184944
1220,2028-base-plus,CZ,S,pump_open,opex_mn_EUR,1.1830368660916852
1221,2028-base-plus,CZ,S,pump,opex_mn_EUR,1.633438106060762
1222,2028-base-plus,CZ,W,nuclear,opex_mn_EUR,301.6691192865061
1223,2028-base-plus,CZ,W,solar,opex_mn_EUR,0.0
1224,2028-base-plus,CZ,W,onshore,opex_mn_EUR,0.0
1225,2028-base-plus,CZ,W,waste,opex_mn_EUR,26.09951290760542
1226,2028-base-plus,CZ,W,gas_ccgt,opex_mn_EUR,190.909027280958
1227,2028-base-plus,CZ,W,gas_chp,opex_mn_EUR,174.2135525222481
1228,2028-base-plus,CZ,W,biogas,opex_mn_EUR,39.25393566906282
1229,2028-base-plus,CZ,W,lig_sc,opex_mn_EUR,36.43106574091772
1230,2028-base-plus,CZ,W,bio,opex_mn_EUR,0.0
1231,2028-base-plus,CZ,W,gas_eng_chp,opex_mn_EUR,88.15788304318663
1232,2028-base-plus,CZ,W,lig,opex_mn_EUR,11.448929687771852
1233,2028-base-plus,CZ,W,lig_ex,opex_mn_EUR,188.92947133460177
1234,2028-base-plus,CZ,W,coal,opex_mn_EUR,0.0
1235,2028-base-plus,CZ,W,coal_ex,opex_mn_EUR,0.2305527367803195
1236,2028-base-plus,CZ,W,gas_peak,opex_mn_EUR,1.1781165561908566
1237,2028-base-plus,CZ,W,lig_old,opex_mn_EUR,0.0
1238,2028-base-plus,CZ,W,b_CHP,opex_mn_EUR,0.0
1239,2028-base-plus,CZ,W,lig_bp,opex_mn_EUR,249.2899194610956
1240,2028-base-plus,CZ,W,coal_bp,opex_mn_EUR,0.0
1241,2028-base-plus,CZ,W,dsr,opex_mn_EUR,0.0
1242,2028-base-plus,CZ,W,h_ror,opex_mn_EUR,1.0880298545178442
1243,2028-base-plus,CZ,W,h_dams,opex_mn_EUR,0.8411702041743959
1244,2028-base-plus,CZ,W,li,opex_mn_EUR,0.2463624224622097
1245,2028-base-plus,CZ,W,pump_open,opex_mn_EUR,0.7278859815529555
1246,2028-base-plus,CZ,W,pump,opex_mn_EUR,0.8870670905972169
1247,2028-base-plus,CZ,Y,h_ror,wholesale_expenses_mn_EUR,0.0
1248,2028-base-plus,CZ,Y,h_dams,wholesale_expenses_mn_EUR,0.0
1249,2028-base-plus,CZ,Y,li,wholesale_expenses_mn_EUR,5.967155345787781
1250,2028-base-plus,CZ,Y,pump_open,wholesale_expenses_mn_EUR,27.02254169043268
1251,2028-base-plus,CZ,Y,pump,wholesale_expenses_mn_EUR,37.21923013376722
1252,2028-base-plus,CZ,Y,IMPORT_EXPORT,wholesale_expenses_mn_EUR,1054.6674955055482
1253,2028-base-plus,CZ,S,h_ror,wholesale_expenses_mn_EUR,0.0
1254,2028-base-plus,CZ,S,h_dams,wholesale_expenses_mn_EUR,0.0
1255,2028-base-plus,CZ,S,li,wholesale_expenses_mn_EUR,1.961449943258226
1256,2028-base-plus,CZ,S,pump_open,wholesale_expenses_mn_EUR,14.944898657398348
1257,2028-base-plus,CZ,S,pump,wholesale_expenses_mn_EUR,21.823982565738834
1258,2028-base-plus,CZ,S,IMPORT_EXPORT,wholesale_expenses_mn_EUR,406.7237377845016
1259,2028-base-plus,CZ,W,h_ror,wholesale_expenses_mn_EUR,0.0
1260,2028-base-plus,CZ,W,h_dams,wholesale_expenses_mn_EUR,0.0
1261,2028-base-plus,CZ,W,li,wholesale_expenses_mn_EUR,4.005705402529554
1262,2028-base-plus,CZ,W,pump_open,wholesale_expenses_mn_EUR,12.077643033034336
1263,2028-base-plus,CZ,W,pump,wholesale_expenses_mn_EUR,15.395247568028386
1264,2028-base-plus,CZ,W,IMPORT_EXPORT,wholesale_expenses_mn_EUR,647.9437577210465
1265,2028-base-plus,CZ,Y,nuclear,wholesale_revenues_mn_EUR,2431.8208660559085
1266,2028-base-plus,CZ,Y,solar,wholesale_revenues_mn_EUR,427.6712457446713
1267,2028-base-plus,CZ,Y,onshore,wholesale_revenues_mn_EUR,93.1741172426956
1268,2028-base-plus,CZ,Y,waste,wholesale_revenues_mn_EUR,110.5083932203
1269,2028-base-plus,CZ,Y,gas_ccgt,wholesale_revenues_mn_EUR,376.4292437689053
1270,2028-base-plus,CZ,Y,gas_chp,wholesale_revenues_mn_EUR,281.73282190269896
1271,2028-base-plus,CZ,Y,biogas,wholesale_revenues_mn_EUR,45.48523783544232
1272,2028-base-plus,CZ,Y,lig_sc,wholesale_revenues_mn_EUR,38.02024452377171
1273,2028-base-plus,CZ,Y,bio,wholesale_revenues_mn_EUR,0.0
1274,2028-base-plus,CZ,Y,gas_eng_chp,wholesale_revenues_mn_EUR,154.8164152640724
1275,2028-base-plus,CZ,Y,lig,wholesale_revenues_mn_EUR,11.57839066541697
1276,2028-base-plus,CZ,Y,lig_ex,wholesale_revenues_mn_EUR,221.193729483306
1277,2028-base-plus,CZ,Y,coal,wholesale_revenues_mn_EUR,0.0
1278,2028-base-plus,CZ,Y,coal_ex,wholesale_revenues_mn_EUR,0.2156531088044858
1279,2028-base-plus,CZ,Y,gas_peak,wholesale_revenues_mn_EUR,1.2158241933479947
1280,2028-base-plus,CZ,Y,lig_old,wholesale_revenues_mn_EUR,0.0
1281,2028-base-plus,CZ,Y,b_CHP,wholesale_revenues_mn_EUR,6.192418238323644e-19
1282,2028-base-plus,CZ,Y,lig_bp,wholesale_revenues_mn_EUR,154.80644072510134
1283,2028-base-plus,CZ,Y,coal_bp,wholesale_revenues_mn_EUR,0.0
1284,2028-base-plus,CZ,Y,dsr,wholesale_revenues_mn_EUR,0.0
1285,2028-base-plus,CZ,Y,h_ror,wholesale_revenues_mn_EUR,91.18602276344087
1286,2028-base-plus,CZ,Y,h_dams,wholesale_revenues_mn_EUR,61.91843417853154
1287,2028-base-plus,CZ,Y,li,wholesale_revenues_mn_EUR,8.772539090234257
1288,2028-base-plus,CZ,Y,pump_open,wholesale_revenues_mn_EUR,47.9551423271432
1289,2028-base-plus,CZ,Y,pump,wholesale_revenues_mn_EUR,62.48259041100229
1290,2028-base-plus,CZ,Y,IMPORT_EXPORT,wholesale_revenues_mn_EUR,21.90556025172129
1291,2028-base-plus,CZ,S,nuclear,wholesale_revenues_mn_EUR,1099.1843265989062
1292,2028-base-plus,CZ,S,solar,wholesale_revenues_mn_EUR,275.2460891008907
1293,2028-base-plus,CZ,S,onshore,wholesale_revenues_mn_EUR,32.78720236259662
1294,2028-base-plus,CZ,S,waste,wholesale_revenues_mn_EUR,45.63217999199404
1295,2028-base-plus,CZ,S,gas_ccgt,wholesale_revenues_mn_EUR,159.27286705107088
1296,2028-base-plus,CZ,S,gas_chp,wholesale_revenues_mn_EUR,82.01253538823336
1297,2028-base-plus,CZ,S,biogas,wholesale_revenues_mn_EUR,1.8757760805989856
1298,2028-base-plus,CZ,S,lig_sc,wholesale_revenues_mn_EUR,0.0
1299,2028-base-plus,CZ,S,bio,wholesale_revenues_mn_EUR,0.0
1300,2028-base-plus,CZ,S,gas_eng_chp,wholesale_revenues_mn_EUR,70.43640146845286
1301,2028-base-plus,CZ,S,lig,wholesale_revenues_mn_EUR,0.0
1302,2028-base-plus,CZ,S,lig_ex,wholesale_revenues_mn_EUR,62.72082528866698
1303,2028-base-plus,CZ,S,coal,wholesale_revenues_mn_EUR,0.0
1304,2028-base-plus,CZ,S,coal_ex,wholesale_revenues_mn_EUR,0.0001435034051738
1305,2028-base-plus,CZ,S,gas_peak,wholesale_revenues_mn_EUR,0.0
1306,2028-base-plus,CZ,S,lig_old,wholesale_revenues_mn_EUR,0.0
1307,2028-base-plus,CZ,S,b_CHP,wholesale_revenues_mn_EUR,6.192418238323644e-19
1308,2028-base-plus,CZ,S,lig_bp,wholesale_revenues_mn_EUR,45.82751562194839
1309,2028-base-plus,CZ,S,coal_bp,wholesale_revenues_mn_EUR,0.0
1310,2028-base-plus,CZ,S,dsr,wholesale_revenues_mn_EUR,0.0
1311,2028-base-plus,CZ,S,h_ror,wholesale_revenues_mn_EUR,42.53579242265856
1312,2028-base-plus,CZ,S,h_dams,wholesale_revenues_mn_EUR,32.89822207042396
1313,2028-base-plus,CZ,S,li,wholesale_revenues_mn_EUR,3.579253475906233
1314,2028-base-plus,CZ,S,pump_open,wholesale_revenues_mn_EUR,28.51737365892274
1315,2028-base-plus,CZ,S,pump,wholesale_revenues_mn_EUR,39.182280717382014
1316,2028-base-plus,CZ,S,IMPORT_EXPORT,wholesale_revenues_mn_EUR,4.599928909921257
1317,2028-base-plus,CZ,W,nuclear,wholesale_revenues_mn_EUR,1332.6365394570023
1318,2028-base-plus,CZ,W,solar,wholesale_revenues_mn_EUR,152.42515664378064
1319,2028-base-plus,CZ,W,onshore,wholesale_revenues_mn_EUR,60.38691488009899
1320,2028-base-plus,CZ,W,waste,wholesale_revenues_mn_EUR,64.87621322830594
1321,2028-base-plus,CZ,W,gas_ccgt,wholesale_revenues_mn_EUR,217.1563767178344
1322,2028-base-plus,CZ,W,gas_chp,wholesale_revenues_mn_EUR,199.7202865144656
1323,2028-base-plus,CZ,W,biogas,wholesale_revenues_mn_EUR,43.60946175484334
1324,2028-base-plus,CZ,W,lig_sc,wholesale_revenues_mn_EUR,38.02024452377171
1325,2028-base-plus,CZ,W,bio,wholesale_revenues_mn_EUR,0.0
1326,2028-base-plus,CZ,W,gas_eng_chp,wholesale_revenues_mn_EUR,84.38001379561952
1327,2028-base-plus,CZ,W,lig,wholesale_revenues_mn_EUR,11.57839066541697
1328,2028-base-plus,CZ,W,lig_ex,wholesale_revenues_mn_EUR,158.47290419463894
1329,2028-base-plus,CZ,W,coal,wholesale_revenues_mn_EUR,0.0
1330,2028-base-plus,CZ,W,coal_ex,wholesale_revenues_mn_EUR,0.215509605399312
1331,2028-base-plus,CZ,W,gas_peak,wholesale_revenues_mn_EUR,1.2158241933479947
1332,2028-base-plus,CZ,W,lig_old,wholesale_revenues_mn_EUR,0.0
1333,2028-base-plus,CZ,W,b_CHP,wholesale_revenues_mn_EUR,0.0
1334,2028-base-plus,CZ,W,lig_bp,wholesale_revenues_mn_EUR,108.97892510315296
1335,2028-base-plus,CZ,W,coal_bp,wholesale_revenues_mn_EUR,0.0
1336,2028-base-plus,CZ,W,dsr,wholesale_revenues_mn_EUR,0.0
1337,2028-base-plus,CZ,W,h_ror,wholesale_revenues_mn_EUR,48.65023034078231
1338,2028-base-plus,CZ,W,h_dams,wholesale_revenues_mn_EUR,29.02021210810757
1339,2028-base-plus,CZ,W,li,wholesale_revenues_mn_EUR,5.193285614328024
1340,2028-base-plus,CZ,W,pump_open,wholesale_revenues_mn_EUR,19.43776866822046
1341,2028-base-plus,CZ,W,pump,wholesale_revenues_mn_EUR,23.30030969362028
1342,2028-base-plus,CZ,W,IMPORT_EXPORT,wholesale_revenues_mn_EUR,17.305631341800037
1343,2028-base-plus,CZ,Y,TOTAL,avg_consumer_price_EUR_per_MWh,85.30815807805145
1344,2028-base-plus,CZ,S,TOTAL,avg_consumer_price_EUR_per_MWh,78.39878612175569
1345,2028-base-plus,CZ,W,TOTAL,avg_consumer_price_EUR_per_MWh,91.30932031413164
1346,2028-base-plus,CZ,Y,TOTAL,avg_producer_price_EUR_per_MWh,84.0937769156686
1347,2028-base-plus,CZ,S,TOTAL,avg_producer_price_EUR_per_MWh,76.29442541900245
1348,2028-base-plus,CZ,W,TOTAL,avg_producer_price_EUR_per_MWh,91.15719136073344
1349,2028-base-plus,CZ,Y,nuclear,capacity_factor,0.7964817503918005
1350,2028-base-plus,CZ,Y,solar,capacity_factor,0.1188677858377336
1351,2028-base-plus,CZ,Y,onshore,capacity_factor,0.2641214637741936
1352,2028-base-plus,CZ,Y,waste,capacity_factor,0.6666666666665887
1353,2028-base-plus,CZ,Y,gas_ccgt,capacity_factor,0.7407150769911646
1354,2028-base-plus,CZ,Y,gas_chp,capacity_factor,0.5333333333333069
1355,2028-base-plus,CZ,Y,biogas,capacity_factor,0.1706327946344229
1356,2028-base-plus,CZ,Y,lig_sc,capacity_factor,0.0892429907038387
1357,2028-base-plus,CZ,Y,gas_eng_chp,capacity_factor,0.5333333333333722
1358,2028-base-plus,CZ,Y,lig,capacity_factor,0.0116906722233097
1359,2028-base-plus,CZ,Y,lig_ex,capacity_factor,0.4104543818135412
1360,2028-base-plus,CZ,Y,coal_ex,capacity_factor,0.0039956153674465
1361,2028-base-plus,CZ,Y,gas_peak,capacity_factor,0.0115180557436299
1362,2028-base-plus,CZ,Y,lig_old,capacity_factor,0.0
1363,2028-base-plus,CZ,Y,b_CHP,capacity_factor,1.1247814665320385e-19
1364,2028-base-plus,CZ,Y,lig_bp,capacity_factor,0.5333333333333483
1365,2028-base-plus,CZ,Y,h_ror,capacity_factor,0.2972855090936135
1366,2028-base-plus,CZ,Y,h_dams,capacity_factor,0.1212007161548291
1367,2028-base-plus,CZ,Y,li,capacity_factor,0.0987363438997041
1368,2028-base-plus,CZ,Y,pump_open,capacity_factor,0.116032913609045
1369,2028-base-plus,CZ,Y,pump,capacity_factor,0.1060947285133037
1370,2028-base-plus,CZ,Y,TOTAL,capacity_factor,0.2956095792127915
1371,2028-base-plus,CZ,S,nuclear,capacity_factor,0.7758452989642761
1372,2028-base-plus,CZ,S,solar,capacity_factor,0.1630266779007431
1373,2028-base-plus,CZ,S,onshore,capacity_factor,0.2017999445876626
1374,2028-base-plus,CZ,S,waste,capacity_factor,0.5653721991161073
1375,2028-base-plus,CZ,S,gas_ccgt,capacity_factor,0.6493191696972208
1376,2028-base-plus,CZ,S,gas_chp,capacity_factor,0.3682763690236718
1377,2028-base-plus,CZ,S,biogas,capacity_factor,0.0154292324147167
1378,2028-base-plus,CZ,S,lig_sc,capacity_factor,0.0
1379,2028-base-plus,CZ,S,gas_eng_chp,capacity_factor,0.5068794569873001
1380,2028-base-plus,CZ,S,lig,capacity_factor,0.0
1381,2028-base-plus,CZ,S,lig_ex,capacity_factor,0.2871732795287759
1382,2028-base-plus,CZ,S,coal_ex,capacity_factor,2.325792555677446e-05
1383,2028-base-plus,CZ,S,gas_peak,capacity_factor,0.0
1384,2028-base-plus,CZ,S,lig_old,capacity_factor,0.0
1385,2028-base-plus,CZ,S,b_CHP,capacity_factor,2.2557430510120563e-19
1386,2028-base-plus,CZ,S,lig_bp,capacity_factor,0.3441276872389643
1387,2028-base-plus,CZ,S,h_ror,capacity_factor,0.2960947154000618
1388,2028-base-plus,CZ,S,h_dams,capacity_factor,0.1376620084091559
1389,2028-base-plus,CZ,S,li,capacity_factor,0.0852118881952813
1390,2028-base-plus,CZ,S,pump_open,capacity_factor,0.1440647730705524
1391,2028-base-plus,CZ,S,pump,capacity_factor,0.1378892368591061
1392,2028-base-plus,CZ,S,TOTAL,capacity_factor,1.1856867737655925
1393,2028-base-plus,CZ,W,nuclear,capacity_factor,0.8170054343251856
1394,2028-base-plus,CZ,W,solar,capacity_factor,0.0749501991958333
1395,2028-base-plus,CZ,W,onshore,capacity_factor,0.3261024282110715
1396,2028-base-plus,CZ,W,waste,capacity_factor,0.7674076125364663
1397,2028-base-plus,CZ,W,gas_ccgt,capacity_factor,0.8316115530977096
1398,2028-base-plus,CZ,W,gas_chp,capacity_factor,0.6974883470182992
1399,2028-base-plus,CZ,W,biogas,capacity_factor,0.3249882499567537
1400,2028-base-plus,CZ,W,lig_sc,capacity_factor,0.1779983147918096
1401,2028-base-plus,CZ,W,gas_eng_chp,capacity_factor,0.5596426529780998
1402,2028-base-plus,CZ,W,lig,capacity_factor,0.0233174609918472
1403,2028-base-plus,CZ,W,lig_ex,capacity_factor,0.5330618168727065
1404,2028-base-plus,CZ,W,coal_ex,capacity_factor,0.0079462659380692
1405,2028-base-plus,CZ,W,gas_peak,capacity_factor,0.0229731712919395
1406,2028-base-plus,CZ,W,lig_old,capacity_factor,0.0
1407,2028-base-plus,CZ,W,b_CHP,capacity_factor,0.0
1408,2028-base-plus,CZ,W,lig_bp,capacity_factor,0.7215050687933366
1409,2028-base-plus,CZ,W,h_ror,capacity_factor,0.2984697957178013
1410,2028-base-plus,CZ,W,h_dams,capacity_factor,0.1048293763171926
1411,2028-base-plus,CZ,W,li,capacity_factor,0.1121868954745945
1412,2028-base-plus,CZ,W,pump_open,capacity_factor,0.0881542337074365
1413,2028-base-plus,CZ,W,pump,capacity_factor,0.0744739606502652
1414,2028-base-plus,CZ,W,TOTAL,capacity_factor,1.1792076110674197
1415,2028-base-plus,CZ,Y,li,capacity_factor_charging,0.0102440898429116
1416,2028-base-plus,CZ,Y,pump_open,capacity_factor_charging,0.161275743789108
1417,2028-base-plus,CZ,Y,pump,capacity_factor_charging,0.1504606466114875
1418,2028-base-plus,CZ,S,li,capacity_factor_charging,0.0103698398265254
1419,2028-base-plus,CZ,S,pump_open,capacity_factor_charging,0.202217241352298
1420,2028-base-plus,CZ,S,pump,capacity_factor_charging,0.1951017354568192
1421,2028-base-plus,CZ,W,li,capacity_factor_charging,0.0101190270176781
1422,2028-base-plus,CZ,W,pump_open,capacity_factor_charging,0.120557970256318
1423,2028-base-plus,CZ,W,pump,capacity_factor_charging,0.1060634981423597
1424,2028-base-plus,CZ,Y,nuclear,emissions_MtCO2,0.0
1425,2028-base-plus,CZ,Y,solar,emissions_MtCO2,0.0
1426,2028-base-plus,CZ,Y,onshore,emissions_MtCO2,0.0
1427,2028-base-plus,CZ,Y,waste,emissions_MtCO2,0.0
1428,2028-base-plus,CZ,Y,gas_ccgt,emissions_MtCO2,1.5738254712560529
1429,2028-base-plus,CZ,Y,gas_chp,emissions_MtCO2,1.4030015999999303
1430,2028-base-plus,CZ,Y,biogas,emissions_MtCO2,0.0
1431,2028-base-plus,CZ,Y,lig_sc,emissions_MtCO2,0.3167799084048255
1432,2028-base-plus,CZ,Y,bio,emissions_MtCO2,0.0
1433,2028-base-plus,CZ,Y,gas_eng_chp,emissions_MtCO2,0.756747200000055
1434,2028-base-plus,CZ,Y,lig,emissions_MtCO2,0.0993584620736425
1435,2028-base-plus,CZ,Y,lig_ex,emissions_MtCO2,5.944573050002391
1436,2028-base-plus,CZ,Y,coal,emissions_MtCO2,0.0
1437,2028-base-plus,CZ,Y,coal_ex,emissions_MtCO2,0.0034005669359999
1438,2028-base-plus,CZ,Y,gas_peak,emissions_MtCO2,0.0053415742550957
1439,2028-base-plus,CZ,Y,lig_old,emissions_MtCO2,0.0
1440,2028-base-plus,CZ,Y,b_CHP,emissions_MtCO2,0.0
1441,2028-base-plus,CZ,Y,lig_bp,emissions_MtCO2,3.348702720000094
1442,2028-base-plus,CZ,Y,coal_bp,emissions_MtCO2,0.0
1443,2028-base-plus,CZ,Y,dsr,emissions_MtCO2,0.0
1444,2028-base-plus,CZ,Y,eens,emissions_MtCO2,0.0
1445,2028-base-plus,CZ,Y,h_ror,emissions_MtCO2,0.0
1446,2028-base-plus,CZ,Y,h_dams,emissions_MtCO2,0.0
1447,2028-base-plus,CZ,Y,li,emissions_MtCO2,0.0
1448,2028-base-plus,CZ,Y,pump_open,emissions_MtCO2,0.0
1449,2028-base-plus,CZ,Y,pump,emissions_MtCO2,0.0
1450,2028-base-plus,CZ,Y,TOTAL,emissions_MtCO2,13.451730552928089
1451,2028-base-plus,CZ,S,nuclear,emissions_MtCO2,0.0
1452,2028-base-plus,CZ,S,solar,emissions_MtCO2,0.0
1453,2028-base-plus,CZ,S,onshore,emissions_MtCO2,0.0
1454,2028-base-plus,CZ,S,waste,emissions_MtCO2,0.0
1455,2028-base-plus,CZ,S,gas_ccgt,emissions_MtCO2,0.6879266486167459
1456,2028-base-plus,CZ,S,gas_chp,emissions_MtCO2,0.483071943322588
1457,2028-base-plus,CZ,S,biogas,emissions_MtCO2,0.0
1458,2028-base-plus,CZ,S,lig_sc,emissions_MtCO2,0.0
1459,2028-base-plus,CZ,S,bio,emissions_MtCO2,0.0
1460,2028-base-plus,CZ,S,gas_eng_chp,emissions_MtCO2,0.3586206625988222
1461,2028-base-plus,CZ,S,lig,emissions_MtCO2,0.0
1462,2028-base-plus,CZ,S,lig_ex,emissions_MtCO2,2.0738546907402338
1463,2028-base-plus,CZ,S,coal,emissions_MtCO2,0.0
1464,2028-base-plus,CZ,S,coal_ex,emissions_MtCO2,9.86999999999929e-06
1465,2028-base-plus,CZ,S,gas_peak,emissions_MtCO2,0.0
1466,2028-base-plus,CZ,S,lig_old,emissions_MtCO2,0.0
1467,2028-base-plus,CZ,S,b_CHP,emissions_MtCO2,0.0
1468,2028-base-plus,CZ,S,lig_bp,emissions_MtCO2,1.0773976061083874
1469,2028-base-plus,CZ,S,coal_bp,emissions_MtCO2,0.0
1470,2028-base-plus,CZ,S,dsr,emissions_MtCO2,0.0
1471,2028-base-plus,CZ,S,eens,emissions_MtCO2,0.0
1472,2028-base-plus,CZ,S,h_ror,emissions_MtCO2,0.0
1473,2028-base-plus,CZ,S,h_dams,emissions_MtCO2,0.0
1474,2028-base-plus,CZ,S,li,emissions_MtCO2,0.0
1475,2028-base-plus,CZ,S,pump_open,emissions_MtCO2,0.0
1476,2028-base-plus,CZ,S,pump,emissions_MtCO2,0.0
1477,2028-base-plus,CZ,S,TOTAL,emissions_MtCO2,26.903461105856177
1478,2028-base-plus,CZ,W,nuclear,emissions_MtCO2,0.0
1479,2028-base-plus,CZ,W,solar,emissions_MtCO2,0.0
1480,2028-base-plus,CZ,W,onshore,emissions_MtCO2,0.0
1481,2028-base-plus,CZ,W,waste,emissions_MtCO2,0.0
1482,2028-base-plus,CZ,W,gas_ccgt,emissions_MtCO2,0.8858988226393067
1483,2028-base-plus,CZ,W,gas_chp,emissions_MtCO2,0.9199296566773424
1484,2028-base-plus,CZ,W,biogas,emissions_MtCO2,0.0
1485,2028-base-plus,CZ,W,lig_sc,emissions_MtCO2,0.3167799084048255
1486,2028-base-plus,CZ,W,bio,emissions_MtCO2,0.0
1487,2028-base-plus,CZ,W,gas_eng_chp,emissions_MtCO2,0.3981265374012329
1488,2028-base-plus,CZ,W,lig,emissions_MtCO2,0.0993584620736425
1489,2028-base-plus,CZ,W,lig_ex,emissions_MtCO2,3.870718359262157
1490,2028-base-plus,CZ,W,coal,emissions_MtCO2,0.0
1491,2028-base-plus,CZ,W,coal_ex,emissions_MtCO2,0.0033906969359999
1492,2028-base-plus,CZ,W,gas_peak,emissions_MtCO2,0.0053415742550957
1493,2028-base-plus,CZ,W,lig_old,emissions_MtCO2,0.0
1494,2028-base-plus,CZ,W,b_CHP,emissions_MtCO2,0.0
1495,2028-base-plus,CZ,W,lig_bp,emissions_MtCO2,2.271305113891706
1496,2028-base-plus,CZ,W,coal_bp,emissions_MtCO2,0.0
1497,2028-base-plus,CZ,W,dsr,emissions_MtCO2,0.0
1498,2028-base-plus,CZ,W,eens,emissions_MtCO2,0.0
1499,2028-base-plus,CZ,W,h_ror,emissions_MtCO2,0.0
1500,2028-base-plus,CZ,W,h_dams,emissions_MtCO2,0.0
1501,2028-base-plus,CZ,W,li,emissions_MtCO2,0.0
1502,2028-base-plus,CZ,W,pump_open,emissions_MtCO2,0.0
1503,2028-base-plus,CZ,W,pump,emissions_MtCO2,0.0
1504,2028-base-plus,CZ,W,TOTAL,emissions_MtCO2,26.903461105856177
1505,2028-base-plus,CZ,Y,nuclear,power_share_high_value,0.9786385409486282
1506,2028-base-plus,CZ,Y,solar,power_share_high_value,0.8964303630209196
1507,2028-base-plus,CZ,Y,onshore,power_share_high_value,0.9783129599015136
1508,2028-base-plus,CZ,S,nuclear,power_share_high_value,0.9645933345082156
1509,2028-base-plus,CZ,S,solar,power_share_high_value,0.8762446870257733
1510,2028-base-plus,CZ,S,onshore,power_share_high_value,0.9566012743470046
1511,2028-base-plus,CZ,W,nuclear,power_share_high_value,0.9919032770108888
1512,2028-base-plus,CZ,W,solar,power_share_high_value,0.9400969736492066
1513,2028-base-plus,CZ,W,onshore,power_share_high_value,0.9916752485438516
1514,2028-base-plus,CZ,Y,nuclear,power_share_low_value,0.020734153713996
1515,2028-base-plus,CZ,Y,solar,power_share_low_value,0.1004705872122944
1516,2028-base-plus,CZ,Y,onshore,power_share_low_value,0.0202690186158232
1517,2028-base-plus,CZ,S,nuclear,power_share_low_value,0.0346238641962247
1518,2028-base-plus,CZ,S,solar,power_share_low_value,0.1209396437467108
1519,2028-base-plus,CZ,S,onshore,power_share_low_value,0.0415585620630652
1520,2028-base-plus,CZ,W,nuclear,power_share_low_value,0.0076162729402503
1521,2028-base-plus,CZ,W,solar,power_share_low_value,0.0561909543760363
1522,2028-base-plus,CZ,W,onshore,power_share_low_value,0.00716653406245
1523,2028-base-plus,CZ,Y,nuclear,power_share_zero_value,0.0006273053373757
1524,2028-base-plus,CZ,Y,solar,power_share_zero_value,0.0030990497667858
1525,2028-base-plus,CZ,Y,onshore,power_share_zero_value,0.0014180214826633
1526,2028-base-plus,CZ,S,nuclear,power_share_zero_value,0.0007828012955594
1527,2028-base-plus,CZ,S,solar,power_share_zero_value,0.0028156692275159
1528,2028-base-plus,CZ,S,onshore,power_share_zero_value,0.00184016358993
1529,2028-base-plus,CZ,W,nuclear,power_share_zero_value,0.000480450048861
1530,2028-base-plus,CZ,W,solar,power_share_zero_value,0.0037120719747569
1531,2028-base-plus,CZ,W,onshore,power_share_zero_value,0.0011582173936983
1532,2028-ex-seven,CZ,Y,nuclear,capacity_GW,4.099
1533,2028-ex-seven,CZ,Y,solar,capacity_GW,7.0
1534,2028-ex-seven,CZ,Y,onshore,capacity_GW,0.5
1535,2028-ex-seven,CZ,Y,waste,capacity_GW,0.19575
1536,2028-ex-seven,CZ,Y,gas_ccgt,capacity_GW,0.6174
1537,2028-ex-seven,CZ,Y,gas_chp,capacity_GW,0.7644
1538,2028-ex-seven,CZ,Y,biogas,capacity_GW,0.279
1539,2028-ex-seven,CZ,Y,lig_sc,capacity_GW,0.4356
1540,2028-ex-seven,CZ,Y,bio,capacity_GW,0.0
1541,2028-ex-seven,CZ,Y,gas_eng_chp,capacity_GW,0.3313124999999999
1542,2028-ex-seven,CZ,Y,lig,capacity_GW,0.9702
1543,2028-ex-seven,CZ,Y,lig_ex,capacity_GW,1.38666
1544,2028-ex-seven,CZ,Y,coal,capacity_GW,0.0
1545,2028-ex-seven,CZ,Y,coal_ex,capacity_GW,0.11484
1546,2028-ex-seven,CZ,Y,gas_peak,capacity_GW,0.096255
1547,2028-ex-seven,CZ,Y,lig_old,capacity_GW,0.0
1548,2028-ex-seven,CZ,Y,b_CHP,capacity_GW,0.20925
1549,2028-ex-seven,CZ,Y,lig_bp,capacity_GW,0.35838
1550,2028-ex-seven,CZ,Y,coal_bp,capacity_GW,0.0
1551,2028-ex-seven,CZ,Y,dsr,capacity_GW,0.0
1552,2028-ex-seven,CZ,Y,h_ror,capacity_GW,0.415
1553,2028-ex-seven,CZ,Y,h_dams,capacity_GW,0.609
1554,2028-ex-seven,CZ,Y,li,capacity_GW,0.1
1555,2028-ex-seven,CZ,Y,pump_open,capacity_GW,0.47
1556,2028-ex-seven,CZ,Y,pump,capacity_GW,0.678
1557,2028-ex-seven,CZ,Y,TOTAL,capacity_GW,19.6300475
1558,2028-ex-seven,CZ,Y,h_ror,capacity_charging_GW,0.0
1559,2028-ex-seven,CZ,Y,h_dams,capacity_charging_GW,0.0
1560,2028-ex-seven,CZ,Y,li,capacity_charging_GW,1.25599
1561,2028-ex-seven,CZ,Y,pump_open,capacity_charging_GW,0.44
1562,2028-ex-seven,CZ,Y,pump,capacity_charging_GW,0.664
1563,2028-ex-seven,CZ,Y,nuclear,capacity_paid_off_GW,0.0
1564,2028-ex-seven,CZ,Y,solar,capacity_paid_off_GW,0.0
1565,2028-ex-seven,CZ,Y,onshore,capacity_paid_off_GW,0.0
1566,2028-ex-seven,CZ,Y,waste,capacity_paid_off_GW,0.0
1567,2028-ex-seven,CZ,Y,gas_ccgt,capacity_paid_off_GW,0.0
1568,2028-ex-seven,CZ,Y,gas_chp,capacity_paid_off_GW,0.0
1569,2028-ex-seven,CZ,Y,biogas,capacity_paid_off_GW,0.0
1570,2028-ex-seven,CZ,Y,lig_sc,capacity_paid_off_GW,0.0
1571,2028-ex-seven,CZ,Y,bio,capacity_paid_off_GW,0.0
1572,2028-ex-seven,CZ,Y,gas_eng_chp,capacity_paid_off_GW,0.0
1573,2028-ex-seven,CZ,Y,lig,capacity_paid_off_GW,0.0
1574,2028-ex-seven,CZ,Y,lig_ex,capacity_paid_off_GW,0.0
1575,2028-ex-seven,CZ,Y,coal,capacity_paid_off_GW,0.0
1576,2028-ex-seven,CZ,Y,coal_ex,capacity_paid_off_GW,0.0
1577,2028-ex-seven,CZ,Y,gas_peak,capacity_paid_off_GW,0.0
1578,2028-ex-seven,CZ,Y,lig_old,capacity_paid_off_GW,0.0
1579,2028-ex-seven,CZ,Y,b_CHP,capacity_paid_off_GW,0.0
1580,2028-ex-seven,CZ,Y,lig_bp,capacity_paid_off_GW,0.0
1581,2028-ex-seven,CZ,Y,coal_bp,capacity_paid_off_GW,0.0
1582,2028-ex-seven,CZ,Y,dsr,capacity_paid_off_GW,0.0
1583,2028-ex-seven,CZ,Y,h_ror,capacity_paid_off_GW,0.0
1584,2028-ex-seven,CZ,Y,h_dams,capacity_paid_off_GW,0.0
1585,2028-ex-seven,CZ,Y,li,capacity_paid_off_GW,0.0
1586,2028-ex-seven,CZ,Y,pump_open,capacity_paid_off_GW,0.0
1587,2028-ex-seven,CZ,Y,pump,capacity_paid_off_GW,0.0
1588,2028-ex-seven,CZ,Y,h_ror,capacity_charging_paid_off_GW,0.0
1589,2028-ex-seven,CZ,Y,h_dams,capacity_charging_paid_off_GW,0.0
1590,2028-ex-seven,CZ,Y,li,capacity_charging_paid_off_GW,0.0
1591,2028-ex-seven,CZ,Y,pump_open,capacity_charging_paid_off_GW,0.0
1592,2028-ex-seven,CZ,Y,pump,capacity_charging_paid_off_GW,0.0
1593,2028-ex-seven,CZ,Y,TOTAL,load_TWh,65.445813863
1594,2028-ex-seven,CZ,S,TOTAL,load_TWh,30.420967933
1595,2028-ex-seven,CZ,W,TOTAL,load_TWh,35.02484593
1596,2028-ex-seven,CZ,Y,TOTAL,import_TWh,15.165794847087934
1597,2028-ex-seven,CZ,S,TOTAL,import_TWh,6.898655020796997
1598,2028-ex-seven,CZ,W,TOTAL,import_TWh,8.267139826290936
1599,2028-ex-seven,CZ,Y,TOTAL,export_TWh,3.4271856669803347
1600,2028-ex-seven,CZ,S,TOTAL,export_TWh,1.860808303182423
1601,2028-ex-seven,CZ,W,TOTAL,export_TWh,1.566377363797912
1602,2028-ex-seven,CZ,Y,TOTAL,net_import_TWh,11.738609180107598
1603,2028-ex-seven,CZ,S,TOTAL,net_import_TWh,5.037846717614574
1604,2028-ex-seven,CZ,W,TOTAL,net_import_TWh,6.700762462493024
1605,2028-ex-seven,CZ,Y,TOTAL,curtailment_TWh,0.0006823193918055
1606,2028-ex-seven,CZ,S,TOTAL,curtailment_TWh,0.0006680652082149
1607,2028-ex-seven,CZ,W,TOTAL,curtailment_TWh,1.4254183590633148e-05
1608,2028-ex-seven,CZ,Y,nuclear,production_TWh,28.59946136693848
1609,2028-ex-seven,CZ,Y,solar,production_TWh,7.288972627569825
1610,2028-ex-seven,CZ,Y,onshore,production_TWh,1.1568520113309682
1611,2028-ex-seven,CZ,Y,waste,production_TWh,1.143179999999868
1612,2028-ex-seven,CZ,Y,gas_ccgt,production_TWh,4.311600428076848
1613,2028-ex-seven,CZ,Y,gas_chp,production_TWh,3.02293178199893
1614,2028-ex-seven,CZ,Y,biogas,production_TWh,0.5342226604669451
1615,2028-ex-seven,CZ,Y,lig_sc,production_TWh,0.4232874319174631
1616,2028-ex-seven,CZ,Y,bio,production_TWh,0.0
1617,2028-ex-seven,CZ,Y,gas_eng_chp,production_TWh,1.5478920000001044
1618,2028-ex-seven,CZ,Y,lig,production_TWh,0.0787387467217374
1619,2028-ex-seven,CZ,Y,lig_ex,production_TWh,2.5772034349797264
1620,2028-ex-seven,CZ,Y,coal,production_TWh,0.0
1621,2028-ex-seven,CZ,Y,coal_ex,production_TWh,0.0020237104571428
1622,2028-ex-seven,CZ,Y,gas_peak,production_TWh,0.00838379314365
1623,2028-ex-seven,CZ,Y,lig_old,production_TWh,0.0
1624,2028-ex-seven,CZ,Y,b_CHP,production_TWh,3.0000693287648e-20
1625,2028-ex-seven,CZ,Y,lig_bp,production_TWh,1.6743513600000404
1626,2028-ex-seven,CZ,Y,coal_bp,production_TWh,0.0
1627,2028-ex-seven,CZ,Y,dsr,production_TWh,0.0
1628,2028-ex-seven,CZ,Y,eens,production_TWh,3.325054319246718e-20
1629,2028-ex-seven,CZ,Y,h_ror,production_TWh,1.0807349982351124
1630,2028-ex-seven,CZ,Y,h_dams,production_TWh,0.6465864285714287
1631,2028-ex-seven,CZ,Y,li,production_TWh,0.0904375153022313
1632,2028-ex-seven,CZ,Y,pump_open,production_TWh,0.4487355677941055
1633,2028-ex-seven,CZ,Y,pump,production_TWh,0.5871024164866332
1634,2028-ex-seven,CZ,Y,TOTAL,production_TWh,55.22269827999125
1635,2028-ex-seven,CZ,S,nuclear,production_TWh,13.891069397825554
1636,2028-ex-seven,CZ,S,solar,production_TWh,4.984703703493123
1637,2028-ex-seven,CZ,S,onshore,production_TWh,0.4407310789794552
1638,2028-ex-seven,CZ,S,waste,production_TWh,0.474883006810644
1639,2028-ex-seven,CZ,S,gas_ccgt,production_TWh,1.9131773546041504
1640,2028-ex-seven,CZ,S,gas_chp,production_TWh,0.8673712886310453
1641,2028-ex-seven,CZ,S,biogas,production_TWh,0.0555742426507442
1642,2028-ex-seven,CZ,S,lig_sc,production_TWh,0.0
1643,2028-ex-seven,CZ,S,bio,production_TWh,0.0
1644,2028-ex-seven,CZ,S,gas_eng_chp,production_TWh,0.7149248209890139
1645,2028-ex-seven,CZ,S,lig,production_TWh,0.0
1646,2028-ex-seven,CZ,S,lig_ex,production_TWh,0.8893392598595684
1647,2028-ex-seven,CZ,S,coal,production_TWh,0.0
1648,2028-ex-seven,CZ,S,coal_ex,production_TWh,2.6642857142850674e-05
1649,2028-ex-seven,CZ,S,gas_peak,production_TWh,0.0
1650,2028-ex-seven,CZ,S,lig_old,production_TWh,0.0
1651,2028-ex-seven,CZ,S,b_CHP,production_TWh,3.0000693287648e-20
1652,2028-ex-seven,CZ,S,lig_bp,production_TWh,0.4955212076130375
1653,2028-ex-seven,CZ,S,coal_bp,production_TWh,0.0
1654,2028-ex-seven,CZ,S,dsr,production_TWh,0.0
1655,2028-ex-seven,CZ,S,eens,production_TWh,3.3250543192467084e-20
1656,2028-ex-seven,CZ,S,h_ror,production_TWh,0.5367368125
1657,2028-ex-seven,CZ,S,h_dams,production_TWh,0.3671208314868624
1658,2028-ex-seven,CZ,S,li,production_TWh,0.0377480892343438
1659,2028-ex-seven,CZ,S,pump_open,production_TWh,0.2708965788813054
1660,2028-ex-seven,CZ,S,pump,production_TWh,0.3688580352967153
1661,2028-ex-seven,CZ,S,TOTAL,production_TWh,110.4453965599825
1662,2028-ex-seven,CZ,W,nuclear,production_TWh,14.708391969112927
1663,2028-ex-seven,CZ,W,solar,production_TWh,2.3042689240767014
1664,2028-ex-seven,CZ,W,onshore,production_TWh,0.7161209323515131
1665,2028-ex-seven,CZ,W,waste,production_TWh,0.6682969931892239
1666,2028-ex-seven,CZ,W,gas_ccgt,production_TWh,2.398423073472697
1667,2028-ex-seven,CZ,W,gas_chp,production_TWh,2.1555604933678847
1668,2028-ex-seven,CZ,W,biogas,production_TWh,0.4786484178162009
1669,2028-ex-seven,CZ,W,lig_sc,production_TWh,0.4232874319174631
1670,2028-ex-seven,CZ,W,bio,production_TWh,0.0
1671,2028-ex-seven,CZ,W,gas_eng_chp,production_TWh,0.8329671790110901
1672,2028-ex-seven,CZ,W,lig,production_TWh,0.0787387467217374
1673,2028-ex-seven,CZ,W,lig_ex,production_TWh,1.687864175120158
1674,2028-ex-seven,CZ,W,coal,production_TWh,0.0
1675,2028-ex-seven,CZ,W,coal_ex,production_TWh,0.0019970676
1676,2028-ex-seven,CZ,W,gas_peak,production_TWh,0.00838379314365
1677,2028-ex-seven,CZ,W,lig_old,production_TWh,0.0
1678,2028-ex-seven,CZ,W,b_CHP,production_TWh,0.0
1679,2028-ex-seven,CZ,W,lig_bp,production_TWh,1.1788301523870028
1680,2028-ex-seven,CZ,W,coal_bp,production_TWh,0.0
1681,2028-ex-seven,CZ,W,dsr,production_TWh,0.0
1682,2028-ex-seven,CZ,W,eens,production_TWh,0.0
1683,2028-ex-seven,CZ,W,h_ror,production_TWh,0.5439981857351126
1684,2028-ex-seven,CZ,W,h_dams,production_TWh,0.2794655970845661
1685,2028-ex-seven,CZ,W,li,production_TWh,0.0526894260678874
1686,2028-ex-seven,CZ,W,pump_open,production_TWh,0.1778389889128
1687,2028-ex-seven,CZ,W,pump,production_TWh,0.2182443811899178
1688,2028-ex-seven,CZ,W,TOTAL,production_TWh,110.4453965599825
1689,2028-ex-seven,CZ,Y,gas_chp,production_el_eq_TWh,3.5712767999998336
1690,2028-ex-seven,CZ,Y,gas_eng_chp,production_el_eq_TWh,1.5478920000001044
1691,2028-ex-seven,CZ,Y,lig_ex,production_el_eq_TWh,6.083002695150429
1692,2028-ex-seven,CZ,Y,coal_ex,production_el_eq_TWh,0.0043616231428571
1693,2028-ex-seven,CZ,Y,b_CHP,production_el_eq_TWh,7.500173321911994e-20
1694,2028-ex-seven,CZ,Y,lig_bp,production_el_eq_TWh,1.6743513600000404
1695,2028-ex-seven,CZ,Y,coal_bp,production_el_eq_TWh,0.0
1696,2028-ex-seven,CZ,Y,eens,production_el_eq_TWh,0.0
1697,2028-ex-seven,CZ,S,gas_chp,production_el_eq_TWh,1.1433854626196358
1698,2028-ex-seven,CZ,S,gas_eng_chp,production_el_eq_TWh,0.7149248209890139
1699,2028-ex-seven,CZ,S,lig_ex,production_el_eq_TWh,2.221733869929101
1700,2028-ex-seven,CZ,S,coal_ex,production_el_eq_TWh,6.66071428571266e-05
1701,2028-ex-seven,CZ,S,b_CHP,production_el_eq_TWh,7.500173321911994e-20
1702,2028-ex-seven,CZ,S,lig_bp,production_el_eq_TWh,0.4955212076130375
1703,2028-ex-seven,CZ,S,coal_bp,production_el_eq_TWh,0.0
1704,2028-ex-seven,CZ,S,eens,production_el_eq_TWh,0.0
1705,2028-ex-seven,CZ,W,gas_chp,production_el_eq_TWh,2.427891337380198
1706,2028-ex-seven,CZ,W,gas_eng_chp,production_el_eq_TWh,0.8329671790110901
1707,2028-ex-seven,CZ,W,lig_ex,production_el_eq_TWh,3.861268825221327
1708,2028-ex-seven,CZ,W,coal_ex,production_el_eq_TWh,0.004295016
1709,2028-ex-seven,CZ,W,b_CHP,production_el_eq_TWh,0.0
1710,2028-ex-seven,CZ,W,lig_bp,production_el_eq_TWh,1.1788301523870028
1711,2028-ex-seven,CZ,W,coal_bp,production_el_eq_TWh,0.0
1712,2028-ex-seven,CZ,W,eens,production_el_eq_TWh,0.0
1713,2028-ex-seven,CZ,Y,solar,production_used_TWh,7.288972627569825
1714,2028-ex-seven,CZ,Y,onshore,production_used_TWh,1.1568520113309682
1715,2028-ex-seven,CZ,S,solar,production_used_TWh,4.984703703493123
1716,2028-ex-seven,CZ,S,onshore,production_used_TWh,0.4407310789794552
1717,2028-ex-seven,CZ,W,solar,production_used_TWh,2.3042689240767014
1718,2028-ex-seven,CZ,W,onshore,production_used_TWh,0.7161209323515131
1719,2028-ex-seven,CZ,Y,solar,production_excess_TWh,0.0
1720,2028-ex-seven,CZ,Y,onshore,production_excess_TWh,0.0
1721,2028-ex-seven,CZ,S,solar,production_excess_TWh,0.0
1722,2028-ex-seven,CZ,S,onshore,production_excess_TWh,0.0
1723,2028-ex-seven,CZ,W,solar,production_excess_TWh,0.0
1724,2028-ex-seven,CZ,W,onshore,production_excess_TWh,0.0
1725,2028-ex-seven,CZ,Y,h_ror,discharged_TWh,1.0807349982351124
1726,2028-ex-seven,CZ,Y,h_dams,discharged_TWh,0.6465864285714287
1727,2028-ex-seven,CZ,Y,li,discharged_TWh,0.0904375153022313
1728,2028-ex-seven,CZ,Y,pump_open,discharged_TWh,0.4487355677941055
1729,2028-ex-seven,CZ,Y,pump,discharged_TWh,0.5871024164866332
1730,2028-ex-seven,CZ,Y,TOTAL,discharged_TWh,2.853596926389512
1731,2028-ex-seven,CZ,S,h_ror,discharged_TWh,0.5367368125
1732,2028-ex-seven,CZ,S,h_dams,discharged_TWh,0.3671208314868624
1733,2028-ex-seven,CZ,S,li,discharged_TWh,0.0377480892343438
1734,2028-ex-seven,CZ,S,pump_open,discharged_TWh,0.2708965788813054
1735,2028-ex-seven,CZ,S,pump,discharged_TWh,0.3688580352967153
1736,2028-ex-seven,CZ,S,TOTAL,discharged_TWh,5.707193852779023
1737,2028-ex-seven,CZ,W,h_ror,discharged_TWh,0.5439981857351126
1738,2028-ex-seven,CZ,W,h_dams,discharged_TWh,0.2794655970845661
1739,2028-ex-seven,CZ,W,li,discharged_TWh,0.0526894260678874
1740,2028-ex-seven,CZ,W,pump_open,discharged_TWh,0.1778389889128
1741,2028-ex-seven,CZ,W,pump,discharged_TWh,0.2182443811899178
1742,2028-ex-seven,CZ,W,TOTAL,discharged_TWh,5.707193852779023
1743,2028-ex-seven,CZ,Y,h_ror,charged_TWh,0.0
1744,2028-ex-seven,CZ,Y,h_dams,charged_TWh,0.0
1745,2028-ex-seven,CZ,Y,li,charged_TWh,0.1180410614441026
1746,2028-ex-seven,CZ,Y,pump_open,charged_TWh,0.581350193364829
1747,2028-ex-seven,CZ,Y,pump,charged_TWh,0.8154200228981017
1748,2028-ex-seven,CZ,Y,TOTAL,charged_TWh,1.5148112777070333
1749,2028-ex-seven,CZ,S,h_ror,charged_TWh,0.0
1750,2028-ex-seven,CZ,S,h_dams,charged_TWh,0.0
1751,2028-ex-seven,CZ,S,li,charged_TWh,0.0573565180761143
1752,2028-ex-seven,CZ,S,pump_open,charged_TWh,0.3554355232264648
1753,2028-ex-seven,CZ,S,pump,charged_TWh,0.5121010298164852
1754,2028-ex-seven,CZ,S,TOTAL,charged_TWh,3.0296225554140666
1755,2028-ex-seven,CZ,W,h_ror,charged_TWh,0.0
1756,2028-ex-seven,CZ,W,h_dams,charged_TWh,0.0
1757,2028-ex-seven,CZ,W,li,charged_TWh,0.0606845433679882
1758,2028-ex-seven,CZ,W,pump_open,charged_TWh,0.2259146701383641
1759,2028-ex-seven,CZ,W,pump,charged_TWh,0.3033189930816164
1760,2028-ex-seven,CZ,W,TOTAL,charged_TWh,3.0296225554140666
1761,2028-ex-seven,CZ,Y,h_ror,inflow_TWh,1.085317
1762,2028-ex-seven,CZ,Y,h_dams,inflow_TWh,0.6465864285714287
1763,2028-ex-seven,CZ,Y,pump_open,inflow_TWh,0.0301634285714285
1764,2028-ex-seven,CZ,S,h_ror,inflow_TWh,0.54068
1765,2028-ex-seven,CZ,S,h_dams,inflow_TWh,0.366456
1766,2028-ex-seven,CZ,S,pump_open,inflow_TWh,0.014669
1767,2028-ex-seven,CZ,W,h_ror,inflow_TWh,0.544637
1768,2028-ex-seven,CZ,W,h_dams,inflow_TWh,0.2801304285714285
1769,2028-ex-seven,CZ,W,pump_open,inflow_TWh,0.0154944285714285
1770,2028-ex-seven,CZ,Y,gas_chp,heat_production_PJ,3.948084129606507
1771,2028-ex-seven,CZ,Y,gas_eng_chp,heat_production_PJ,5.572411200000376
1772,2028-ex-seven,CZ,Y,lig_ex,heat_production_PJ,35.33845654252068
1773,2028-ex-seven,CZ,Y,coal_ex,heat_production_PJ,0.0235661598719999
1774,2028-ex-seven,CZ,Y,b_CHP,heat_production_PJ,4.860112312598975e-19
1775,2028-ex-seven,CZ,Y,lig_bp,heat_production_PJ,18.08299468800044
1776,2028-ex-seven,CZ,Y,coal_bp,heat_production_PJ,0.0
1777,2028-ex-seven,CZ,Y,eens,heat_production_PJ,-1.1970195549288186e-19
1778,2028-ex-seven,CZ,S,gas_chp,heat_production_PJ,1.987302052717852
1779,2028-ex-seven,CZ,S,gas_eng_chp,heat_production_PJ,2.57372935556045
1780,2028-ex-seven,CZ,S,lig_ex,heat_production_PJ,13.430537669500891
1781,2028-ex-seven,CZ,S,coal_ex,heat_production_PJ,0.0004028399999999
1782,2028-ex-seven,CZ,S,b_CHP,heat_production_PJ,4.860112312598975e-19
1783,2028-ex-seven,CZ,S,lig_bp,heat_production_PJ,5.351629042220805
1784,2028-ex-seven,CZ,S,coal_bp,heat_production_PJ,0.0
1785,2028-ex-seven,CZ,S,eens,heat_production_PJ,-1.197019554928815e-19
1786,2028-ex-seven,CZ,W,gas_chp,heat_production_PJ,1.9607820768886552
1787,2028-ex-seven,CZ,W,gas_eng_chp,heat_production_PJ,2.998681844439924
1788,2028-ex-seven,CZ,W,lig_ex,heat_production_PJ,21.907918873019792
1789,2028-ex-seven,CZ,W,coal_ex,heat_production_PJ,0.0231633198719999
1790,2028-ex-seven,CZ,W,b_CHP,heat_production_PJ,0.0
1791,2028-ex-seven,CZ,W,lig_bp,heat_production_PJ,12.731365645779627
1792,2028-ex-seven,CZ,W,coal_bp,heat_production_PJ,0.0
1793,2028-ex-seven,CZ,W,eens,heat_production_PJ,0.0
1794,2028-ex-seven,CZ,Y,waste,production_hours,6742.0
1795,2028-ex-seven,CZ,Y,gas_ccgt,production_hours,7312.0
1796,2028-ex-seven,CZ,Y,gas_chp,production_hours,8299.0
1797,2028-ex-seven,CZ,Y,biogas,production_hours,2182.0
1798,2028-ex-seven,CZ,Y,lig_sc,production_hours,1199.0
1799,2028-ex-seven,CZ,Y,bio,production_hours,0.0
1800,2028-ex-seven,CZ,Y,gas_eng_chp,production_hours,5355.0
1801,2028-ex-seven,CZ,Y,lig,production_hours,176.0
1802,2028-ex-seven,CZ,Y,lig_ex,production_hours,8760.0
1803,2028-ex-seven,CZ,Y,coal,production_hours,0.0
1804,2028-ex-seven,CZ,Y,coal_ex,production_hours,60.0
1805,2028-ex-seven,CZ,Y,gas_peak,production_hours,116.0
1806,2028-ex-seven,CZ,Y,lig_old,production_hours,0.0
1807,2028-ex-seven,CZ,Y,b_CHP,production_hours,0.0
1808,2028-ex-seven,CZ,Y,lig_bp,production_hours,6969.0
1809,2028-ex-seven,CZ,Y,coal_bp,production_hours,0.0
1810,2028-ex-seven,CZ,Y,dsr,production_hours,0.0
1811,2028-ex-seven,CZ,Y,eens,production_hours,0.0
1812,2028-ex-seven,CZ,Y,h_ror,production_hours,8760.0
1813,2028-ex-seven,CZ,Y,h_dams,production_hours,8760.0
1814,2028-ex-seven,CZ,Y,li,production_hours,1030.0
1815,2028-ex-seven,CZ,Y,pump_open,production_hours,1501.0
1816,2028-ex-seven,CZ,Y,pump,production_hours,1271.0
1817,2028-ex-seven,CZ,S,waste,production_hours,2979.0
1818,2028-ex-seven,CZ,S,gas_ccgt,production_hours,3311.0
1819,2028-ex-seven,CZ,S,gas_chp,production_hours,3995.0
1820,2028-ex-seven,CZ,S,biogas,production_hours,280.0
1821,2028-ex-seven,CZ,S,lig_sc,production_hours,0.0
1822,2028-ex-seven,CZ,S,bio,production_hours,0.0
1823,2028-ex-seven,CZ,S,gas_eng_chp,production_hours,2459.0
1824,2028-ex-seven,CZ,S,lig,production_hours,0.0
1825,2028-ex-seven,CZ,S,lig_ex,production_hours,4368.0
1826,2028-ex-seven,CZ,S,coal,production_hours,0.0
1827,2028-ex-seven,CZ,S,coal_ex,production_hours,14.0
1828,2028-ex-seven,CZ,S,gas_peak,production_hours,0.0
1829,2028-ex-seven,CZ,S,lig_old,production_hours,0.0
1830,2028-ex-seven,CZ,S,b_CHP,production_hours,0.0
1831,2028-ex-seven,CZ,S,lig_bp,production_hours,2654.0
1832,2028-ex-seven,CZ,S,coal_bp,production_hours,0.0
1833,2028-ex-seven,CZ,S,dsr,production_hours,0.0
1834,2028-ex-seven,CZ,S,eens,production_hours,0.0
1835,2028-ex-seven,CZ,S,h_ror,production_hours,4368.0
1836,2028-ex-seven,CZ,S,h_dams,production_hours,4368.0
1837,2028-ex-seven,CZ,S,li,production_hours,430.0
1838,2028-ex-seven,CZ,S,pump_open,production_hours,914.0
1839,2028-ex-seven,CZ,S,pump,production_hours,783.0
1840,2028-ex-seven,CZ,W,waste,production_hours,3763.0
1841,2028-ex-seven,CZ,W,gas_ccgt,production_hours,4001.0
1842,2028-ex-seven,CZ,W,gas_chp,production_hours,4304.0
1843,2028-ex-seven,CZ,W,biogas,production_hours,1902.0
1844,2028-ex-seven,CZ,W,lig_sc,production_hours,1199.0
1845,2028-ex-seven,CZ,W,bio,production_hours,0.0
1846,2028-ex-seven,CZ,W,gas_eng_chp,production_hours,2896.0
1847,2028-ex-seven,CZ,W,lig,production_hours,176.0
1848,2028-ex-seven,CZ,W,lig_ex,production_hours,4392.0
1849,2028-ex-seven,CZ,W,coal,production_hours,0.0
1850,2028-ex-seven,CZ,W,coal_ex,production_hours,46.0
1851,2028-ex-seven,CZ,W,gas_peak,production_hours,116.0
1852,2028-ex-seven,CZ,W,lig_old,production_hours,0.0
1853,2028-ex-seven,CZ,W,b_CHP,production_hours,0.0
1854,2028-ex-seven,CZ,W,lig_bp,production_hours,4315.0
1855,2028-ex-seven,CZ,W,coal_bp,production_hours,0.0
1856,2028-ex-seven,CZ,W,dsr,production_hours,0.0
1857,2028-ex-seven,CZ,W,eens,production_hours,0.0
1858,2028-ex-seven,CZ,W,h_ror,production_hours,4392.0
1859,2028-ex-seven,CZ,W,h_dams,production_hours,4392.0
1860,2028-ex-seven,CZ,W,li,production_hours,600.0
1861,2028-ex-seven,CZ,W,pump_open,production_hours,587.0
1862,2028-ex-seven,CZ,W,pump,production_hours,488.0
1863,2028-ex-seven,CZ,Y,nuclear,capex_mn_EUR_per_yr,2738.469079112492
1864,2028-ex-seven,CZ,Y,solar,capex_mn_EUR_per_yr,362.9795164565344
1865,2028-ex-seven,CZ,Y,onshore,capex_mn_EUR_per_yr,68.82996852045387
1866,2028-ex-seven,CZ,Y,waste,capex_mn_EUR_per_yr,228.2938717209026
1867,2028-ex-seven,CZ,Y,gas_ccgt,capex_mn_EUR_per_yr,76.18061222457844
1868,2028-ex-seven,CZ,Y,gas_chp,capex_mn_EUR_per_yr,138.841538451773
1869,2028-ex-seven,CZ,Y,biogas,capex_mn_EUR_per_yr,16.217086196531145
1870,2028-ex-seven,CZ,Y,lig_sc,capex_mn_EUR_per_yr,144.15255774515765
1871,2028-ex-seven,CZ,Y,bio,capex_mn_EUR_per_yr,0.0
1872,2028-ex-seven,CZ,Y,gas_eng_chp,capex_mn_EUR_per_yr,22.59441391073202
1873,2028-ex-seven,CZ,Y,lig,capex_mn_EUR_per_yr,321.06706043239666
1874,2028-ex-seven,CZ,Y,lig_ex,capex_mn_EUR_per_yr,458.8856421554186
1875,2028-ex-seven,CZ,Y,coal,capex_mn_EUR_per_yr,0.0
1876,2028-ex-seven,CZ,Y,coal_ex,capex_mn_EUR_per_yr,26.048184884115727
1877,2028-ex-seven,CZ,Y,gas_peak,capex_mn_EUR_per_yr,7.893982066856129
1878,2028-ex-seven,CZ,Y,lig_old,capex_mn_EUR_per_yr,0.0
1879,2028-ex-seven,CZ,Y,b_CHP,capex_mn_EUR_per_yr,109.81713302115293
1880,2028-ex-seven,CZ,Y,lig_bp,capex_mn_EUR_per_yr,118.59824069033428
1881,2028-ex-seven,CZ,Y,coal_bp,capex_mn_EUR_per_yr,0.0
1882,2028-ex-seven,CZ,Y,dsr,capex_mn_EUR_per_yr,0.0
1883,2028-ex-seven,CZ,Y,h_ror,capex_mn_EUR_per_yr,84.30517292657983
1884,2028-ex-seven,CZ,Y,h_dams,capex_mn_EUR_per_yr,123.71530195731836
1885,2028-ex-seven,CZ,Y,li,capex_mn_EUR_per_yr,4.011568788183623
1886,2028-ex-seven,CZ,Y,pump_open,capex_mn_EUR_per_yr,95.4781476517892
1887,2028-ex-seven,CZ,Y,pump,capex_mn_EUR_per_yr,137.73230661258106
1888,2028-ex-seven,CZ,S,nuclear,capex_mn_EUR_per_yr,2738.469079112492
1889,2028-ex-seven,CZ,S,solar,capex_mn_EUR_per_yr,362.9795164565344
1890,2028-ex-seven,CZ,S,onshore,capex_mn_EUR_per_yr,68.82996852045387
1891,2028-ex-seven,CZ,S,waste,capex_mn_EUR_per_yr,228.2938717209026
1892,2028-ex-seven,CZ,S,gas_ccgt,capex_mn_EUR_per_yr,76.18061222457844
1893,2028-ex-seven,CZ,S,gas_chp,capex_mn_EUR_per_yr,138.841538451773
1894,2028-ex-seven,CZ,S,biogas,capex_mn_EUR_per_yr,16.217086196531145
1895,2028-ex-seven,CZ,S,lig_sc,capex_mn_EUR_per_yr,144.15255774515765
1896,2028-ex-seven,CZ,S,bio,capex_mn_EUR_per_yr,0.0
1897,2028-ex-seven,CZ,S,gas_eng_chp,capex_mn_EUR_per_yr,22.59441391073202
1898,2028-ex-seven,CZ,S,lig,capex_mn_EUR_per_yr,321.06706043239666
1899,2028-ex-seven,CZ,S,lig_ex,capex_mn_EUR_per_yr,458.8856421554186
1900,2028-ex-seven,CZ,S,coal,capex_mn_EUR_per_yr,0.0
1901,2028-ex-seven,CZ,S,coal_ex,capex_mn_EUR_per_yr,26.048184884115727
1902,2028-ex-seven,CZ,S,gas_peak,capex_mn_EUR_per_yr,7.893982066856129
1903,2028-ex-seven,CZ,S,lig_old,capex_mn_EUR_per_yr,0.0
1904,2028-ex-seven,CZ,S,b_CHP,capex_mn_EUR_per_yr,109.81713302115293
1905,2028-ex-seven,CZ,S,lig_bp,capex_mn_EUR_per_yr,118.59824069033428
1906,2028-ex-seven,CZ,S,coal_bp,capex_mn_EUR_per_yr,0.0
1907,2028-ex-seven,CZ,S,dsr,capex_mn_EUR_per_yr,0.0
1908,2028-ex-seven,CZ,S,h_ror,capex_mn_EUR_per_yr,84.30517292657983
1909,2028-ex-seven,CZ,S,h_dams,capex_mn_EUR_per_yr,123.71530195731836
1910,2028-ex-seven,CZ,S,li,capex_mn_EUR_per_yr,4.011568788183623
1911,2028-ex-seven,CZ,S,pump_open,capex_mn_EUR_per_yr,95.4781476517892
1912,2028-ex-seven,CZ,S,pump,capex_mn_EUR_per_yr,137.73230661258106
1913,2028-ex-seven,CZ,W,nuclear,capex_mn_EUR_per_yr,2738.469079112492
1914,2028-ex-seven,CZ,W,solar,capex_mn_EUR_per_yr,362.9795164565344
1915,2028-ex-seven,CZ,W,onshore,capex_mn_EUR_per_yr,68.82996852045387
1916,2028-ex-seven,CZ,W,waste,capex_mn_EUR_per_yr,228.2938717209026
1917,2028-ex-seven,CZ,W,gas_ccgt,capex_mn_EUR_per_yr,76.18061222457844
1918,2028-ex-seven,CZ,W,gas_chp,capex_mn_EUR_per_yr,138.841538451773
1919,2028-ex-seven,CZ,W,biogas,capex_mn_EUR_per_yr,16.217086196531145
1920,2028-ex-seven,CZ,W,lig_sc,capex_mn_EUR_per_yr,144.15255774515765
1921,2028-ex-seven,CZ,W,bio,capex_mn_EUR_per_yr,0.0
1922,2028-ex-seven,CZ,W,gas_eng_chp,capex_mn_EUR_per_yr,22.59441391073202
1923,2028-ex-seven,CZ,W,lig,capex_mn_EUR_per_yr,321.06706043239666
1924,2028-ex-seven,CZ,W,lig_ex,capex_mn_EUR_per_yr,458.8856421554186
1925,2028-ex-seven,CZ,W,coal,capex_mn_EUR_per_yr,0.0
1926,2028-ex-seven,CZ,W,coal_ex,capex_mn_EUR_per_yr,26.048184884115727
1927,2028-ex-seven,CZ,W,gas_peak,capex_mn_EUR_per_yr,7.893982066856129
1928,2028-ex-seven,CZ,W,lig_old,capex_mn_EUR_per_yr,0.0
1929,2028-ex-seven,CZ,W,b_CHP,capex_mn_EUR_per_yr,109.81713302115293
1930,2028-ex-seven,CZ,W,lig_bp,capex_mn_EUR_per_yr,118.59824069033428
1931,2028-ex-seven,CZ,W,coal_bp,capex_mn_EUR_per_yr,0.0
1932,2028-ex-seven,CZ,W,dsr,capex_mn_EUR_per_yr,0.0
1933,2028-ex-seven,CZ,W,h_ror,capex_mn_EUR_per_yr,84.30517292657983
1934,2028-ex-seven,CZ,W,h_dams,capex_mn_EUR_per_yr,123.71530195731836
1935,2028-ex-seven,CZ,W,li,capex_mn_EUR_per_yr,4.011568788183623
1936,2028-ex-seven,CZ,W,pump_open,capex_mn_EUR_per_yr,95.4781476517892
1937,2028-ex-seven,CZ,W,pump,capex_mn_EUR_per_yr,137.73230661258106
1938,2028-ex-seven,CZ,Y,nuclear,opex_mn_EUR,586.5749526359082
1939,2028-ex-seven,CZ,Y,solar,opex_mn_EUR,0.0
1940,2028-ex-seven,CZ,Y,onshore,opex_mn_EUR,0.0
1941,2028-ex-seven,CZ,Y,waste,opex_mn_EUR,46.21298008367976
1942,2028-ex-seven,CZ,Y,gas_ccgt,opex_mn_EUR,368.4829965045729
1943,2028-ex-seven,CZ,Y,gas_chp,opex_mn_EUR,264.4061623850538
1944,2028-ex-seven,CZ,Y,biogas,opex_mn_EUR,52.80253032611566
1945,2028-ex-seven,CZ,Y,lig_sc,opex_mn_EUR,44.97386182766056
1946,2028-ex-seven,CZ,Y,bio,opex_mn_EUR,0.0
1947,2028-ex-seven,CZ,Y,gas_eng_chp,opex_mn_EUR,167.56790840001128
1948,2028-ex-seven,CZ,Y,lig,opex_mn_EUR,9.044648820822896
1949,2028-ex-seven,CZ,Y,lig_ex,opex_mn_EUR,286.81594436130524
1950,2028-ex-seven,CZ,Y,coal,opex_mn_EUR,0.0
1951,2028-ex-seven,CZ,Y,coal_ex,opex_mn_EUR,0.2594184759322299
1952,2028-ex-seven,CZ,Y,gas_peak,opex_mn_EUR,1.0242844090972818
1953,2028-ex-seven,CZ,Y,lig_old,opex_mn_EUR,0.0
1954,2028-ex-seven,CZ,Y,b_CHP,opex_mn_EUR,4.553660786349594e-18
1955,2028-ex-seven,CZ,Y,lig_bp,opex_mn_EUR,367.5813422385738
1956,2028-ex-seven,CZ,Y,coal_bp,opex_mn_EUR,0.0
1957,2028-ex-seven,CZ,Y,dsr,opex_mn_EUR,0.0
1958,2028-ex-seven,CZ,Y,h_ror,opex_mn_EUR,2.161469996470225
1959,2028-ex-seven,CZ,Y,h_dams,opex_mn_EUR,1.939759285714286
1960,2028-ex-seven,CZ,Y,li,opex_mn_EUR,0.4521875765111566
1961,2028-ex-seven,CZ,Y,pump_open,opex_mn_EUR,1.794942271176422
1962,2028-ex-seven,CZ,Y,pump,opex_mn_EUR,2.3484096659465328
1963,2028-ex-seven,CZ,S,nuclear,opex_mn_EUR,284.9058333494021
1964,2028-ex-seven,CZ,S,solar,opex_mn_EUR,0.0
1965,2028-ex-seven,CZ,S,onshore,opex_mn_EUR,0.0
1966,2028-ex-seven,CZ,S,waste,opex_mn_EUR,19.813336803323832
1967,2028-ex-seven,CZ,S,gas_ccgt,opex_mn_EUR,165.58730717153662
1968,2028-ex-seven,CZ,S,gas_chp,opex_mn_EUR,76.44618851019877
1969,2028-ex-seven,CZ,S,biogas,opex_mn_EUR,5.5178332611328615
1970,2028-ex-seven,CZ,S,lig_sc,opex_mn_EUR,0.0
1971,2028-ex-seven,CZ,S,bio,opex_mn_EUR,0.0
1972,2028-ex-seven,CZ,S,gas_eng_chp,opex_mn_EUR,77.39458367662179
1973,2028-ex-seven,CZ,S,lig,opex_mn_EUR,0.0
1974,2028-ex-seven,CZ,S,lig_ex,opex_mn_EUR,99.07059437517016
1975,2028-ex-seven,CZ,S,coal,opex_mn_EUR,0.0
1976,2028-ex-seven,CZ,S,coal_ex,opex_mn_EUR,0.0043439571117381
1977,2028-ex-seven,CZ,S,gas_peak,opex_mn_EUR,0.0
1978,2028-ex-seven,CZ,S,lig_old,opex_mn_EUR,0.0
1979,2028-ex-seven,CZ,S,b_CHP,opex_mn_EUR,4.553660786349594e-18
1980,2028-ex-seven,CZ,S,lig_bp,opex_mn_EUR,109.09020108878416
1981,2028-ex-seven,CZ,S,coal_bp,opex_mn_EUR,0.0
1982,2028-ex-seven,CZ,S,dsr,opex_mn_EUR,0.0
1983,2028-ex-seven,CZ,S,h_ror,opex_mn_EUR,
1984,2028-ex-seven,CZ,S,h_dams,opex_mn_EUR,1.101362494460587
1985,2028-ex-seven,CZ,S,li,opex_mn_EUR,0.1887404461717191
1986,2028-ex-seven,CZ,S,pump_open,opex_mn_EUR,1.0835863155252217
1987,2028-ex-seven,CZ,S,pump,opex_mn_EUR,1.4754321411868614
1988,2028-ex-seven,CZ,W,nuclear,opex_mn_EUR,301.6691192865061
1989,2028-ex-seven,CZ,W,solar,opex_mn_EUR,0.0
1990,2028-ex-seven,CZ,W,onshore,opex_mn_EUR,0.0
1991,2028-ex-seven,CZ,W,waste,opex_mn_EUR,26.39964328035592
1992,2028-ex-seven,CZ,W,gas_ccgt,opex_mn_EUR,202.89568933303624
1993,2028-ex-seven,CZ,W,gas_chp,opex_mn_EUR,187.95997387485505
1994,2028-ex-seven,CZ,W,biogas,opex_mn_EUR,47.28469706498281
1995,2028-ex-seven,CZ,W,lig_sc,opex_mn_EUR,44.97386182766056
1996,2028-ex-seven,CZ,W,bio,opex_mn_EUR,0.0
1997,2028-ex-seven,CZ,W,gas_eng_chp,opex_mn_EUR,90.17332472338944
1998,2028-ex-seven,CZ,W,lig,opex_mn_EUR,9.044648820822896
1999,2028-ex-seven,CZ,W,lig_ex,opex_mn_EUR,187.74534998613504
2000,2028-ex-seven,CZ,W,coal,opex_mn_EUR,0.0
2001,2028-ex-seven,CZ,W,coal_ex,opex_mn_EUR,0.2550745188204918
2002,2028-ex-seven,CZ,W,gas_peak,opex_mn_EUR,1.0242844090972818
2003,2028-ex-seven,CZ,W,lig_old,opex_mn_EUR,0.0
2004,2028-ex-seven,CZ,W,b_CHP,opex_mn_EUR,0.0
2005,2028-ex-seven,CZ,W,lig_bp,opex_mn_EUR,258.49114114978966
2006,2028-ex-seven,CZ,W,coal_bp,opex_mn_EUR,0.0
2007,2028-ex-seven,CZ,W,dsr,opex_mn_EUR,0.0
2008,2028-ex-seven,CZ,W,h_ror,opex_mn_EUR,1.0879963714702252
2009,2028-ex-seven,CZ,W,h_dams,opex_mn_EUR,0.8383967912536984
2010,2028-ex-seven,CZ,W,li,opex_mn_EUR,0.2634471303394374
2011,2028-ex-seven,CZ,W,pump_open,opex_mn_EUR,0.7113559556512001
2012,2028-ex-seven,CZ,W,pump,opex_mn_EUR,0.8729775247596714
2013,2028-ex-seven,CZ,Y,h_ror,wholesale_expenses_mn_EUR,0.0
2014,2028-ex-seven,CZ,Y,h_dams,wholesale_expenses_mn_EUR,0.0
2015,2028-ex-seven,CZ,Y,li,wholesale_expenses_mn_EUR,6.717631665071426
2016,2028-ex-seven,CZ,Y,pump_open,wholesale_expenses_mn_EUR,29.1931595921594
2017,2028-ex-seven,CZ,Y,pump,wholesale_expenses_mn_EUR,39.97459389537073
2018,2028-ex-seven,CZ,Y,IMPORT_EXPORT,wholesale_expenses_mn_EUR,1041.6131692842555
2019,2028-ex-seven,CZ,S,h_ror,wholesale_expenses_mn_EUR,0.0
2020,2028-ex-seven,CZ,S,h_dams,wholesale_expenses_mn_EUR,0.0
2021,2028-ex-seven,CZ,S,li,wholesale_expenses_mn_EUR,2.2250245697039386
2022,2028-ex-seven,CZ,S,pump_open,wholesale_expenses_mn_EUR,16.255049174912177
2023,2028-ex-seven,CZ,S,pump,wholesale_expenses_mn_EUR,23.188221691256384
2024,2028-ex-seven,CZ,S,IMPORT_EXPORT,wholesale_expenses_mn_EUR,415.4649882939496
2025,2028-ex-seven,CZ,W,h_ror,wholesale_expenses_mn_EUR,0.0
2026,2028-ex-seven,CZ,W,h_dams,wholesale_expenses_mn_EUR,0.0
2027,2028-ex-seven,CZ,W,li,wholesale_expenses_mn_EUR,4.492607095367488
2028,2028-ex-seven,CZ,W,pump_open,wholesale_expenses_mn_EUR,12.938110417247216
2029,2028-ex-seven,CZ,W,pump,wholesale_expenses_mn_EUR,16.786372204114343
2030,2028-ex-seven,CZ,W,IMPORT_EXPORT,wholesale_expenses_mn_EUR,626.1481809903064
2031,2028-ex-seven,CZ,Y,nuclear,wholesale_revenues_mn_EUR,2513.652059598337
2032,2028-ex-seven,CZ,Y,solar,wholesale_revenues_mn_EUR,464.92007439013184
2033,2028-ex-seven,CZ,Y,onshore,wholesale_revenues_mn_EUR,97.49432785011815
2034,2028-ex-seven,CZ,Y,waste,wholesale_revenues_mn_EUR,112.12135607407726
2035,2028-ex-seven,CZ,Y,gas_ccgt,wholesale_revenues_mn_EUR,407.3387297556808
2036,2028-ex-seven,CZ,Y,gas_chp,wholesale_revenues_mn_EUR,298.47589629567614
2037,2028-ex-seven,CZ,Y,biogas,wholesale_revenues_mn_EUR,57.92040323714238
2038,2028-ex-seven,CZ,Y,lig_sc,wholesale_revenues_mn_EUR,46.67862813182756
2039,2028-ex-seven,CZ,Y,bio,wholesale_revenues_mn_EUR,0.0
2040,2028-ex-seven,CZ,Y,gas_eng_chp,wholesale_revenues_mn_EUR,156.80430348729098
2041,2028-ex-seven,CZ,Y,lig,wholesale_revenues_mn_EUR,9.17031423162748
2042,2028-ex-seven,CZ,Y,lig_ex,wholesale_revenues_mn_EUR,232.65544263100224
2043,2028-ex-seven,CZ,Y,coal,wholesale_revenues_mn_EUR,0.0
2044,2028-ex-seven,CZ,Y,coal_ex,wholesale_revenues_mn_EUR,0.2412855024535819
2045,2028-ex-seven,CZ,Y,gas_peak,wholesale_revenues_mn_EUR,1.0583287591666162
2046,2028-ex-seven,CZ,Y,lig_old,wholesale_revenues_mn_EUR,0.0
2047,2028-ex-seven,CZ,Y,b_CHP,wholesale_revenues_mn_EUR,6.814817208102956e-19
2048,2028-ex-seven,CZ,Y,lig_bp,wholesale_revenues_mn_EUR,158.13877837031677
2049,2028-ex-seven,CZ,Y,coal_bp,wholesale_revenues_mn_EUR,0.0
2050,2028-ex-seven,CZ,Y,dsr,wholesale_revenues_mn_EUR,0.0
2051,2028-ex-seven,CZ,Y,h_ror,wholesale_revenues_mn_EUR,94.52938933717316
2052,2028-ex-seven,CZ,Y,h_dams,wholesale_revenues_mn_EUR,63.2580536466598
2053,2028-ex-seven,CZ,Y,li,wholesale_revenues_mn_EUR,9.407941043156915
2054,2028-ex-seven,CZ,Y,pump_open,wholesale_revenues_mn_EUR,46.06331697150299
2055,2028-ex-seven,CZ,Y,pump,wholesale_revenues_mn_EUR,59.60605761960958
2056,2028-ex-seven,CZ,Y,IMPORT_EXPORT,wholesale_revenues_mn_EUR,15.25489558300123
2057,2028-ex-seven,CZ,S,nuclear,wholesale_revenues_mn_EUR,1140.4319470940457
2058,2028-ex-seven,CZ,S,solar,wholesale_revenues_mn_EUR,303.60706340148926
2059,2028-ex-seven,CZ,S,onshore,wholesale_revenues_mn_EUR,34.43067022206659
2060,2028-ex-seven,CZ,S,waste,wholesale_revenues_mn_EUR,45.23081098576292
2061,2028-ex-seven,CZ,S,gas_ccgt,wholesale_revenues_mn_EUR,173.63958869034457
2062,2028-ex-seven,CZ,S,gas_chp,wholesale_revenues_mn_EUR,80.15598648340138
2063,2028-ex-seven,CZ,S,biogas,wholesale_revenues_mn_EUR,5.556597553205805
2064,2028-ex-seven,CZ,S,lig_sc,wholesale_revenues_mn_EUR,0.0
2065,2028-ex-seven,CZ,S,bio,wholesale_revenues_mn_EUR,0.0
2066,2028-ex-seven,CZ,S,gas_eng_chp,wholesale_revenues_mn_EUR,69.13508729053154
2067,2028-ex-seven,CZ,S,lig,wholesale_revenues_mn_EUR,0.0
2068,2028-ex-seven,CZ,S,lig_ex,wholesale_revenues_mn_EUR,70.90971255725938
2069,2028-ex-seven,CZ,S,coal,wholesale_revenues_mn_EUR,0.0
2070,2028-ex-seven,CZ,S,coal_ex,wholesale_revenues_mn_EUR,0.0009042848931677
2071,2028-ex-seven,CZ,S,gas_peak,wholesale_revenues_mn_EUR,0.0
2072,2028-ex-seven,CZ,S,lig_old,wholesale_revenues_mn_EUR,0.0
2073,2028-ex-seven,CZ,S,b_CHP,wholesale_revenues_mn_EUR,6.814817208102958e-19
2074,2028-ex-seven,CZ,S,lig_bp,wholesale_revenues_mn_EUR,43.0013882651844
2075,2028-ex-seven,CZ,S,coal_bp,wholesale_revenues_mn_EUR,0.0
2076,2028-ex-seven,CZ,S,dsr,wholesale_revenues_mn_EUR,0.0
2077,2028-ex-seven,CZ,S,h_ror,wholesale_revenues_mn_EUR,44.231884584749
2078,2028-ex-seven,CZ,S,h_dams,wholesale_revenues_mn_EUR,33.64899479431308
2079,2028-ex-seven,CZ,S,li,wholesale_revenues_mn_EUR,3.6736288052686352
2080,2028-ex-seven,CZ,S,pump_open,wholesale_revenues_mn_EUR,26.446692102281794
2081,2028-ex-seven,CZ,S,pump,wholesale_revenues_mn_EUR,35.866957870149584
2082,2028-ex-seven,CZ,S,IMPORT_EXPORT,wholesale_revenues_mn_EUR,3.2029138658053826
2083,2028-ex-seven,CZ,W,nuclear,wholesale_revenues_mn_EUR,1373.2201125042914
2084,2028-ex-seven,CZ,W,solar,wholesale_revenues_mn_EUR,161.31301098864256
2085,2028-ex-seven,CZ,W,onshore,wholesale_revenues_mn_EUR,63.06365762805157
2086,2028-ex-seven,CZ,W,waste,wholesale_revenues_mn_EUR,66.89054508831431
2087,2028-ex-seven,CZ,W,gas_ccgt,wholesale_revenues_mn_EUR,233.69914106533625
2088,2028-ex-seven,CZ,W,gas_chp,wholesale_revenues_mn_EUR,218.3199098122748
2089,2028-ex-seven,CZ,W,biogas,wholesale_revenues_mn_EUR,52.36380568393658
2090,2028-ex-seven,CZ,W,lig_sc,wholesale_revenues_mn_EUR,46.67862813182756
2091,2028-ex-seven,CZ,W,bio,wholesale_revenues_mn_EUR,0.0
2092,2028-ex-seven,CZ,W,gas_eng_chp,wholesale_revenues_mn_EUR,87.66921619675942
2093,2028-ex-seven,CZ,W,lig,wholesale_revenues_mn_EUR,9.17031423162748
2094,2028-ex-seven,CZ,W,lig_ex,wholesale_revenues_mn_EUR,161.74573007374286
2095,2028-ex-seven,CZ,W,coal,wholesale_revenues_mn_EUR,0.0
2096,2028-ex-seven,CZ,W,coal_ex,wholesale_revenues_mn_EUR,0.2403812175604141
2097,2028-ex-seven,CZ,W,gas_peak,wholesale_revenues_mn_EUR,1.0583287591666162
2098,2028-ex-seven,CZ,W,lig_old,wholesale_revenues_mn_EUR,0.0
2099,2028-ex-seven,CZ,W,b_CHP,wholesale_revenues_mn_EUR,0.0
2100,2028-ex-seven,CZ,W,lig_bp,wholesale_revenues_mn_EUR,115.13739010513238
2101,2028-ex-seven,CZ,W,coal_bp,wholesale_revenues_mn_EUR,0.0
2102,2028-ex-seven,CZ,W,dsr,wholesale_revenues_mn_EUR,0.0
2103,2028-ex-seven,CZ,W,h_ror,wholesale_revenues_mn_EUR,50.29750475242417
2104,2028-ex-seven,CZ,W,h_dams,wholesale_revenues_mn_EUR,29.609058852346728
2105,2028-ex-seven,CZ,W,li,wholesale_revenues_mn_EUR,5.734312237888283
2106,2028-ex-seven,CZ,W,pump_open,wholesale_revenues_mn_EUR,19.6166248692212
2107,2028-ex-seven,CZ,W,pump,wholesale_revenues_mn_EUR,23.73909974946
2108,2028-ex-seven,CZ,W,IMPORT_EXPORT,wholesale_revenues_mn_EUR,12.051981717195847
2109,2028-ex-seven,CZ,Y,TOTAL,avg_consumer_price_EUR_per_MWh,88.31210953968278
2110,2028-ex-seven,CZ,S,TOTAL,avg_consumer_price_EUR_per_MWh,81.53772887339078
2111,2028-ex-seven,CZ,W,TOTAL,avg_consumer_price_EUR_per_MWh,94.19602455895448
2112,2028-ex-seven,CZ,Y,TOTAL,avg_producer_price_EUR_per_MWh,87.01065724897072
2113,2028-ex-seven,CZ,S,TOTAL,avg_producer_price_EUR_per_MWh,79.51122877298297
2114,2028-ex-seven,CZ,W,TOTAL,avg_producer_price_EUR_per_MWh,93.71937091138705
2115,2028-ex-seven,CZ,Y,nuclear,capacity_factor,0.7964817503918005
2116,2028-ex-seven,CZ,Y,solar,capacity_factor,0.1188677858377336
2117,2028-ex-seven,CZ,Y,onshore,capacity_factor,0.2641214637741936
2118,2028-ex-seven,CZ,Y,waste,capacity_factor,0.6666666666665897
2119,2028-ex-seven,CZ,Y,gas_ccgt,capacity_factor,0.7972008903290216
2120,2028-ex-seven,CZ,Y,gas_chp,capacity_factor,0.5333333333333086
2121,2028-ex-seven,CZ,Y,biogas,capacity_factor,0.2185817991796144
2122,2028-ex-seven,CZ,Y,lig_sc,capacity_factor,0.1109285654168981
2123,2028-ex-seven,CZ,Y,gas_eng_chp,capacity_factor,0.5333333333333694
2124,2028-ex-seven,CZ,Y,lig,capacity_factor,0.0092645242286034
2125,2028-ex-seven,CZ,Y,lig_ex,capacity_factor,0.5007764703385387
2126,2028-ex-seven,CZ,Y,coal_ex,capacity_factor,0.004335616381554
2127,2028-ex-seven,CZ,Y,gas_peak,capacity_factor,0.0099429017903713
2128,2028-ex-seven,CZ,Y,b_CHP,capacity_factor,4.0916806172904943e-20
2129,2028-ex-seven,CZ,Y,lig_bp,capacity_factor,0.5333333333333462
2130,2028-ex-seven,CZ,Y,h_ror,capacity_factor,0.2972809039542038
2131,2028-ex-seven,CZ,Y,h_dams,capacity_factor,0.1212007161548291
2132,2028-ex-seven,CZ,Y,li,capacity_factor,0.1032391727194421
2133,2028-ex-seven,CZ,Y,pump_open,capacity_factor,0.1089904711440069
2134,2028-ex-seven,CZ,Y,pump,capacity_factor,0.0988507725661415
2135,2028-ex-seven,CZ,Y,TOTAL,capacity_factor,0.3211383462452947
2136,2028-ex-seven,CZ,S,nuclear,capacity_factor,0.7758452989642761
2137,2028-ex-seven,CZ,S,solar,capacity_factor,0.1630266779007431
2138,2028-ex-seven,CZ,S,onshore,capacity_factor,0.2017999445876626
2139,2028-ex-seven,CZ,S,waste,capacity_factor,0.5553953363491643
2140,2028-ex-seven,CZ,S,gas_ccgt,capacity_factor,0.7094241636186692
2141,2028-ex-seven,CZ,S,gas_chp,capacity_factor,0.3424438397600131
2142,2028-ex-seven,CZ,S,biogas,capacity_factor,0.0456022971322425
2143,2028-ex-seven,CZ,S,lig_sc,capacity_factor,0.0
2144,2028-ex-seven,CZ,S,gas_eng_chp,capacity_factor,0.494014759112431
2145,2028-ex-seven,CZ,S,lig,capacity_factor,0.0
2146,2028-ex-seven,CZ,S,lig_ex,capacity_factor,0.3668085229873221
2147,2028-ex-seven,CZ,S,coal_ex,capacity_factor,0.0001327837688674
2148,2028-ex-seven,CZ,S,gas_peak,capacity_factor,0.0
2149,2028-ex-seven,CZ,S,b_CHP,capacity_factor,8.205842996214451e-20
2150,2028-ex-seven,CZ,S,lig_bp,capacity_factor,0.316545286878201
2151,2028-ex-seven,CZ,S,h_ror,capacity_factor,0.2960947154000618
2152,2028-ex-seven,CZ,S,h_dams,capacity_factor,0.1380095392550623
2153,2028-ex-seven,CZ,S,li,capacity_factor,0.0864196182104941
2154,2028-ex-seven,CZ,S,pump_open,capacity_factor,0.1319541437150774
2155,2028-ex-seven,CZ,S,pump,capacity_factor,0.1245509157835732
2156,2028-ex-seven,CZ,S,TOTAL,capacity_factor,1.2880823777970611
2157,2028-ex-seven,CZ,W,nuclear,capacity_factor,0.8170054343251856
2158,2028-ex-seven,CZ,W,solar,capacity_factor,0.0749501991958333
2159,2028-ex-seven,CZ,W,onshore,capacity_factor,0.3261024282110715
2160,2028-ex-seven,CZ,W,waste,capacity_factor,0.7773299569276355
2161,2028-ex-seven,CZ,W,gas_ccgt,capacity_factor,0.8844979627950552
2162,2028-ex-seven,CZ,W,gas_chp,capacity_factor,0.7231797149198647
2163,2028-ex-seven,CZ,W,biogas,capacity_factor,0.3906160580463998
2164,2028-ex-seven,CZ,W,lig_sc,capacity_factor,0.2212509638096601
2165,2028-ex-seven,CZ,W,gas_eng_chp,capacity_factor,0.5724370519574717
2166,2028-ex-seven,CZ,W,lig,capacity_factor,0.0184784226417499
2167,2028-ex-seven,CZ,W,lig_ex,capacity_factor,0.6340123524036828
2168,2028-ex-seven,CZ,W,coal_ex,capacity_factor,0.0085154826958105
2169,2028-ex-seven,CZ,W,gas_peak,capacity_factor,0.019831470784074
2170,2028-ex-seven,CZ,W,b_CHP,capacity_factor,0.0
2171,2028-ex-seven,CZ,W,lig_bp,capacity_factor,0.7489367456548566
2172,2028-ex-seven,CZ,W,h_ror,capacity_factor,0.2984606106036785
2173,2028-ex-seven,CZ,W,h_dams,capacity_factor,0.1044837445469468
2174,2028-ex-seven,CZ,W,li,capacity_factor,0.1199668170944614
2175,2028-ex-seven,CZ,W,pump_open,capacity_factor,0.0861522831225051
2176,2028-ex-seven,CZ,W,pump,capacity_factor,0.0732910672897887
2177,2028-ex-seven,CZ,W,TOTAL,capacity_factor,1.2810436762790445
2178,2028-ex-seven,CZ,Y,li,capacity_factor_charging,0.0107285941879847
2179,2028-ex-seven,CZ,Y,pump_open,capacity_factor_charging,0.1508276757380731
2180,2028-ex-seven,CZ,Y,pump,capacity_factor_charging,0.1401874661141314
2181,2028-ex-seven,CZ,S,li,capacity_factor_charging,0.0104547575921157
2182,2028-ex-seven,CZ,S,pump_open,capacity_factor_charging,0.1849377306165005
2183,2028-ex-seven,CZ,S,pump,capacity_factor_charging,0.176565130651895
2184,2028-ex-seven,CZ,W,li,capacity_factor_charging,0.0110009344090129
2185,2028-ex-seven,CZ,W,pump_open,capacity_factor_charging,0.1169040146021506
2186,2028-ex-seven,CZ,W,pump,capacity_factor_charging,0.1040085866284867
2187,2028-ex-seven,CZ,Y,nuclear,emissions_MtCO2,0.0
2188,2028-ex-seven,CZ,Y,solar,emissions_MtCO2,0.0
2189,2028-ex-seven,CZ,Y,onshore,emissions_MtCO2,0.0
2190,2028-ex-seven,CZ,Y,waste,emissions_MtCO2,0.0
2191,2028-ex-seven,CZ,Y,gas_ccgt,emissions_MtCO2,1.6938430253159045
2192,2028-ex-seven,CZ,Y,gas_chp,emissions_MtCO2,1.4030015999999346
2193,2028-ex-seven,CZ,Y,biogas,emissions_MtCO2,0.0
2194,2028-ex-seven,CZ,Y,lig_sc,emissions_MtCO2,0.3937557506208959
2195,2028-ex-seven,CZ,Y,bio,emissions_MtCO2,0.0
2196,2028-ex-seven,CZ,Y,gas_eng_chp,emissions_MtCO2,0.756747200000051
2197,2028-ex-seven,CZ,Y,lig,emissions_MtCO2,0.0787387467217374
2198,2028-ex-seven,CZ,Y,lig_ex,emissions_MtCO2,6.083002695150429
2199,2028-ex-seven,CZ,Y,coal,emissions_MtCO2,0.0
2200,2028-ex-seven,CZ,Y,coal_ex,emissions_MtCO2,0.0036899331788571
2201,2028-ex-seven,CZ,Y,gas_peak,emissions_MtCO2,0.0046110862290075
2202,2028-ex-seven,CZ,Y,lig_old,emissions_MtCO2,0.0
2203,2028-ex-seven,CZ,Y,b_CHP,emissions_MtCO2,0.0
2204,2028-ex-seven,CZ,Y,lig_bp,emissions_MtCO2,3.3487027200000807
2205,2028-ex-seven,CZ,Y,coal_bp,emissions_MtCO2,0.0
2206,2028-ex-seven,CZ,Y,dsr,emissions_MtCO2,0.0
2207,2028-ex-seven,CZ,Y,eens,emissions_MtCO2,0.0
2208,2028-ex-seven,CZ,Y,h_ror,emissions_MtCO2,0.0
2209,2028-ex-seven,CZ,Y,h_dams,emissions_MtCO2,0.0
2210,2028-ex-seven,CZ,Y,li,emissions_MtCO2,0.0
2211,2028-ex-seven,CZ,Y,pump_open,emissions_MtCO2,0.0
2212,2028-ex-seven,CZ,Y,pump,emissions_MtCO2,0.0
2213,2028-ex-seven,CZ,Y,TOTAL,emissions_MtCO2,13.766092757216896
2214,2028-ex-seven,CZ,S,nuclear,emissions_MtCO2,0.0
2215,2028-ex-seven,CZ,S,solar,emissions_MtCO2,0.0
2216,2028-ex-seven,CZ,S,onshore,emissions_MtCO2,0.0
2217,2028-ex-seven,CZ,S,waste,emissions_MtCO2,0.0
2218,2028-ex-seven,CZ,S,gas_ccgt,emissions_MtCO2,0.7516053893087734
2219,2028-ex-seven,CZ,S,gas_chp,emissions_MtCO2,0.4491871460291426
2220,2028-ex-seven,CZ,S,biogas,emissions_MtCO2,0.0
2221,2028-ex-seven,CZ,S,lig_sc,emissions_MtCO2,0.0
2222,2028-ex-seven,CZ,S,bio,emissions_MtCO2,0.0
2223,2028-ex-seven,CZ,S,gas_eng_chp,emissions_MtCO2,0.3495188013724067
2224,2028-ex-seven,CZ,S,lig,emissions_MtCO2,0.0
2225,2028-ex-seven,CZ,S,lig_ex,emissions_MtCO2,2.221733869929101
2226,2028-ex-seven,CZ,S,coal,emissions_MtCO2,0.0
2227,2028-ex-seven,CZ,S,coal_ex,emissions_MtCO2,5.634964285712911e-05
2228,2028-ex-seven,CZ,S,gas_peak,emissions_MtCO2,0.0
2229,2028-ex-seven,CZ,S,lig_old,emissions_MtCO2,0.0
2230,2028-ex-seven,CZ,S,b_CHP,emissions_MtCO2,0.0
2231,2028-ex-seven,CZ,S,lig_bp,emissions_MtCO2,0.9910424152260752
2232,2028-ex-seven,CZ,S,coal_bp,emissions_MtCO2,0.0
2233,2028-ex-seven,CZ,S,dsr,emissions_MtCO2,0.0
2234,2028-ex-seven,CZ,S,eens,emissions_MtCO2,0.0
2235,2028-ex-seven,CZ,S,h_ror,emissions_MtCO2,0.0
2236,2028-ex-seven,CZ,S,h_dams,emissions_MtCO2,0.0
2237,2028-ex-seven,CZ,S,li,emissions_MtCO2,0.0
2238,2028-ex-seven,CZ,S,pump_open,emissions_MtCO2,0.0
2239,2028-ex-seven,CZ,S,pump,emissions_MtCO2,0.0
2240,2028-ex-seven,CZ,S,TOTAL,emissions_MtCO2,27.53218551443379
2241,2028-ex-seven,CZ,W,nuclear,emissions_MtCO2,0.0
2242,2028-ex-seven,CZ,W,solar,emissions_MtCO2,0.0
2243,2028-ex-seven,CZ,W,onshore,emissions_MtCO2,0.0
2244,2028-ex-seven,CZ,W,waste,emissions_MtCO2,0.0
2245,2028-ex-seven,CZ,W,gas_ccgt,emissions_MtCO2,0.9422376360071312
2246,2028-ex-seven,CZ,W,gas_chp,emissions_MtCO2,0.953814453970792
2247,2028-ex-seven,CZ,W,biogas,emissions_MtCO2,0.0
2248,2028-ex-seven,CZ,W,lig_sc,emissions_MtCO2,0.393755750620896
2249,2028-ex-seven,CZ,W,bio,emissions_MtCO2,0.0
2250,2028-ex-seven,CZ,W,gas_eng_chp,emissions_MtCO2,0.407228398627644
2251,2028-ex-seven,CZ,W,lig,emissions_MtCO2,0.0787387467217374
2252,2028-ex-seven,CZ,W,lig_ex,emissions_MtCO2,3.861268825221327
2253,2028-ex-seven,CZ,W,coal,emissions_MtCO2,0.0
2254,2028-ex-seven,CZ,W,coal_ex,emissions_MtCO2,0.003633583536
2255,2028-ex-seven,CZ,W,gas_peak,emissions_MtCO2,0.0046110862290075
2256,2028-ex-seven,CZ,W,lig_old,emissions_MtCO2,0.0
2257,2028-ex-seven,CZ,W,b_CHP,emissions_MtCO2,0.0
2258,2028-ex-seven,CZ,W,lig_bp,emissions_MtCO2,2.3576603047740057
2259,2028-ex-seven,CZ,W,coal_bp,emissions_MtCO2,0.0
2260,2028-ex-seven,CZ,W,dsr,emissions_MtCO2,0.0
2261,2028-ex-seven,CZ,W,eens,emissions_MtCO2,0.0
2262,2028-ex-seven,CZ,W,h_ror,emissions_MtCO2,0.0
2263,2028-ex-seven,CZ,W,h_dams,emissions_MtCO2,0.0
2264,2028-ex-seven,CZ,W,li,emissions_MtCO2,0.0
2265,2028-ex-seven,CZ,W,pump_open,emissions_MtCO2,0.0
2266,2028-ex-seven,CZ,W,pump,emissions_MtCO2,0.0
2267,2028-ex-seven,CZ,W,TOTAL,emissions_MtCO2,27.53218551443379
2268,2028-ex-seven,CZ,Y,nuclear,power_share_high_value,0.9786385409486282
2269,2028-ex-seven,CZ,Y,solar,power_share_high_value,0.8964303630209196
2270,2028-ex-seven,CZ,Y,onshore,power_share_high_value,0.9783129599015136
2271,2028-ex-seven,CZ,S,nuclear,power_share_high_value,0.9645933345082156
2272,2028-ex-seven,CZ,S,solar,power_share_high_value,0.8762446870257733
2273,2028-ex-seven,CZ,S,onshore,power_share_high_value,0.9566012743470046
2274,2028-ex-seven,CZ,W,nuclear,power_share_high_value,0.9919032770108888
2275,2028-ex-seven,CZ,W,solar,power_share_high_value,0.9400969736492066
2276,2028-ex-seven,CZ,W,onshore,power_share_high_value,0.9916752485438516
2277,2028-ex-seven,CZ,Y,nuclear,power_share_low_value,0.0208577519541271
2278,2028-ex-seven,CZ,Y,solar,power_share_low_value,0.1011529772060757
2279,2028-ex-seven,CZ,Y,onshore,power_share_low_value,0.020631652707136
2280,2028-ex-seven,CZ,S,nuclear,power_share_low_value,0.0346238641962247
2281,2028-ex-seven,CZ,S,solar,power_share_low_value,0.1209396437467108
2282,2028-ex-seven,CZ,S,onshore,power_share_low_value,0.0415585620630652
2283,2028-ex-seven,CZ,W,nuclear,power_share_low_value,0.0078566012576539
2284,2028-ex-seven,CZ,W,solar,power_share_low_value,0.0583495227332401
2285,2028-ex-seven,CZ,W,onshore,power_share_low_value,0.0077523484954044
2286,2028-ex-seven,CZ,Y,nuclear,power_share_zero_value,0.0005037070972446
2287,2028-ex-seven,CZ,Y,solar,power_share_zero_value,0.0024166597730045
2288,2028-ex-seven,CZ,Y,onshore,power_share_zero_value,0.0010553873913505
2289,2028-ex-seven,CZ,S,nuclear,power_share_zero_value,0.0007828012955594
2290,2028-ex-seven,CZ,S,solar,power_share_zero_value,0.0028156692275159
2291,2028-ex-seven,CZ,S,onshore,power_share_zero_value,0.00184016358993
2292,2028-ex-seven,CZ,W,nuclear,power_share_zero_value,0.0002401217314574
2293,2028-ex-seven,CZ,W,solar,power_share_zero_value,0.0015535036175531
2294,2028-ex-seven,CZ,W,onshore,power_share_zero_value,0.0005724029607438
2295,2028-ex-seven-suas,CZ,Y,nuclear,capacity_GW,4.099
2296,2028-ex-seven-suas,CZ,Y,solar,capacity_GW,7.0
2297,2028-ex-seven-suas,CZ,Y,onshore,capacity_GW,0.5
2298,2028-ex-seven-suas,CZ,Y,waste,capacity_GW,0.19575
2299,2028-ex-seven-suas,CZ,Y,gas_ccgt,capacity_GW,0.6174
2300,2028-ex-seven-suas,CZ,Y,gas_chp,capacity_GW,0.7644
2301,2028-ex-seven-suas,CZ,Y,biogas,capacity_GW,0.279
2302,2028-ex-seven-suas,CZ,Y,lig_sc,capacity_GW,0.4356
2303,2028-ex-seven-suas,CZ,Y,bio,capacity_GW,0.0
2304,2028-ex-seven-suas,CZ,Y,gas_eng_chp,capacity_GW,0.3313124999999999
2305,2028-ex-seven-suas,CZ,Y,lig,capacity_GW,0.8632799999999999
2306,2028-ex-seven-suas,CZ,Y,lig_ex,capacity_GW,1.15368
2307,2028-ex-seven-suas,CZ,Y,coal,capacity_GW,0.0
2308,2028-ex-seven-suas,CZ,Y,coal_ex,capacity_GW,0.11484
2309,2028-ex-seven-suas,CZ,Y,gas_peak,capacity_GW,0.096255
2310,2028-ex-seven-suas,CZ,Y,lig_old,capacity_GW,0.0
2311,2028-ex-seven-suas,CZ,Y,b_CHP,capacity_GW,0.20925
2312,2028-ex-seven-suas,CZ,Y,lig_bp,capacity_GW,0.3497999999999999
2313,2028-ex-seven-suas,CZ,Y,coal_bp,capacity_GW,0.0
2314,2028-ex-seven-suas,CZ,Y,dsr,capacity_GW,0.0
2315,2028-ex-seven-suas,CZ,Y,h_ror,capacity_GW,0.415
2316,2028-ex-seven-suas,CZ,Y,h_dams,capacity_GW,0.609
2317,2028-ex-seven-suas,CZ,Y,li,capacity_GW,0.1
2318,2028-ex-seven-suas,CZ,Y,pump_open,capacity_GW,0.47
2319,2028-ex-seven-suas,CZ,Y,pump,capacity_GW,0.678
2320,2028-ex-seven-suas,CZ,Y,TOTAL,capacity_GW,19.2815675
2321,2028-ex-seven-suas,CZ,Y,h_ror,capacity_charging_GW,0.0
2322,2028-ex-seven-suas,CZ,Y,h_dams,capacity_charging_GW,0.0
2323,2028-ex-seven-suas,CZ,Y,li,capacity_charging_GW,1.25599
2324,2028-ex-seven-suas,CZ,Y,pump_open,capacity_charging_GW,0.44
2325,2028-ex-seven-suas,CZ,Y,pump,capacity_charging_GW,0.664
2326,2028-ex-seven-suas,CZ,Y,nuclear,capacity_paid_off_GW,0.0
2327,2028-ex-seven-suas,CZ,Y,solar,capacity_paid_off_GW,0.0
2328,2028-ex-seven-suas,CZ,Y,onshore,capacity_paid_off_GW,0.0
2329,2028-ex-seven-suas,CZ,Y,waste,capacity_paid_off_GW,0.0
2330,2028-ex-seven-suas,CZ,Y,gas_ccgt,capacity_paid_off_GW,0.0
2331,2028-ex-seven-suas,CZ,Y,gas_chp,capacity_paid_off_GW,0.0
2332,2028-ex-seven-suas,CZ,Y,biogas,capacity_paid_off_GW,0.0
2333,2028-ex-seven-suas,CZ,Y,lig_sc,capacity_paid_off_GW,0.0
2334,2028-ex-seven-suas,CZ,Y,bio,capacity_paid_off_GW,0.0
2335,2028-ex-seven-suas,CZ,Y,gas_eng_chp,capacity_paid_off_GW,0.0
2336,2028-ex-seven-suas,CZ,Y,lig,capacity_paid_off_GW,0.0
2337,2028-ex-seven-suas,CZ,Y,lig_ex,capacity_paid_off_GW,0.0
2338,2028-ex-seven-suas,CZ,Y,coal,capacity_paid_off_GW,0.0
2339,2028-ex-seven-suas,CZ,Y,coal_ex,capacity_paid_off_GW,0.0
2340,2028-ex-seven-suas,CZ,Y,gas_peak,capacity_paid_off_GW,0.0
2341,2028-ex-seven-suas,CZ,Y,lig_old,capacity_paid_off_GW,0.0
2342,2028-ex-seven-suas,CZ,Y,b_CHP,capacity_paid_off_GW,0.0
2343,2028-ex-seven-suas,CZ,Y,lig_bp,capacity_paid_off_GW,0.0
2344,2028-ex-seven-suas,CZ,Y,coal_bp,capacity_paid_off_GW,0.0
2345,2028-ex-seven-suas,CZ,Y,dsr,capacity_paid_off_GW,0.0
2346,2028-ex-seven-suas,CZ,Y,h_ror,capacity_paid_off_GW,0.0
2347,2028-ex-seven-suas,CZ,Y,h_dams,capacity_paid_off_GW,0.0
2348,2028-ex-seven-suas,CZ,Y,li,capacity_paid_off_GW,0.0
2349,2028-ex-seven-suas,CZ,Y,pump_open,capacity_paid_off_GW,0.0
2350,2028-ex-seven-suas,CZ,Y,pump,capacity_paid_off_GW,0.0
2351,2028-ex-seven-suas,CZ,Y,h_ror,capacity_charging_paid_off_GW,0.0
2352,2028-ex-seven-suas,CZ,Y,h_dams,capacity_charging_paid_off_GW,0.0
2353,2028-ex-seven-suas,CZ,Y,li,capacity_charging_paid_off_GW,0.0
2354,2028-ex-seven-suas,CZ,Y,pump_open,capacity_charging_paid_off_GW,0.0
2355,2028-ex-seven-suas,CZ,Y,pump,capacity_charging_paid_off_GW,0.0
2356,2028-ex-seven-suas,CZ,Y,TOTAL,load_TWh,65.445813863
2357,2028-ex-seven-suas,CZ,S,TOTAL,load_TWh,30.420967933
2358,2028-ex-seven-suas,CZ,W,TOTAL,load_TWh,35.02484593
2359,2028-ex-seven-suas,CZ,Y,TOTAL,import_TWh,15.327944438341866
2360,2028-ex-seven-suas,CZ,S,TOTAL,import_TWh,6.950464177008792
2361,2028-ex-seven-suas,CZ,W,TOTAL,import_TWh,8.377480261333075
2362,2028-ex-seven-suas,CZ,Y,TOTAL,export_TWh,3.376024463859619
2363,2028-ex-seven-suas,CZ,S,TOTAL,export_TWh,1.853682120326843
2364,2028-ex-seven-suas,CZ,W,TOTAL,export_TWh,1.5223423435327752
2365,2028-ex-seven-suas,CZ,Y,TOTAL,net_import_TWh,11.951919974482248
2366,2028-ex-seven-suas,CZ,S,TOTAL,net_import_TWh,5.096782056681949
2367,2028-ex-seven-suas,CZ,W,TOTAL,net_import_TWh,6.855137917800299
2368,2028-ex-seven-suas,CZ,Y,TOTAL,curtailment_TWh,0.0006850897105563
2369,2028-ex-seven-suas,CZ,S,TOTAL,curtailment_TWh,0.0006708355269658
2370,2028-ex-seven-suas,CZ,W,TOTAL,curtailment_TWh,1.4254183590577668e-05
2371,2028-ex-seven-suas,CZ,Y,nuclear,production_TWh,28.59946136693848
2372,2028-ex-seven-suas,CZ,Y,solar,production_TWh,7.288972627569825
2373,2028-ex-seven-suas,CZ,Y,onshore,production_TWh,1.1568520113309682
2374,2028-ex-seven-suas,CZ,Y,waste,production_TWh,1.1431799999998664
2375,2028-ex-seven-suas,CZ,Y,gas_ccgt,production_TWh,4.311578387274484
2376,2028-ex-seven-suas,CZ,Y,gas_chp,production_TWh,2.915615180343589
2377,2028-ex-seven-suas,CZ,Y,biogas,production_TWh,0.5624392435124547
2378,2028-ex-seven-suas,CZ,Y,lig_sc,production_TWh,0.431539933004059
2379,2028-ex-seven-suas,CZ,Y,bio,production_TWh,0.0
2380,2028-ex-seven-suas,CZ,Y,gas_eng_chp,production_TWh,1.5478920000001024
2381,2028-ex-seven-suas,CZ,Y,lig,production_TWh,0.1016171927267098
2382,2028-ex-seven-suas,CZ,Y,lig_ex,production_TWh,2.2304333999535
2383,2028-ex-seven-suas,CZ,Y,coal,production_TWh,0.0
2384,2028-ex-seven-suas,CZ,Y,coal_ex,production_TWh,0.221660554086997
2385,2028-ex-seven-suas,CZ,Y,gas_peak,production_TWh,0.0108849933352091
2386,2028-ex-seven-suas,CZ,Y,lig_old,production_TWh,0.0
2387,2028-ex-seven-suas,CZ,Y,b_CHP,production_TWh,-2.597428445167478e-19
2388,2028-ex-seven-suas,CZ,Y,lig_bp,production_TWh,1.6342656000000837
2389,2028-ex-seven-suas,CZ,Y,coal_bp,production_TWh,0.0
2390,2028-ex-seven-suas,CZ,Y,dsr,production_TWh,0.0
2391,2028-ex-seven-suas,CZ,Y,eens,production_TWh,7.155165349104622e-18
2392,2028-ex-seven-suas,CZ,Y,h_ror,production_TWh,1.0807349982351124
2393,2028-ex-seven-suas,CZ,Y,h_dams,production_TWh,0.6465864285714287
2394,2028-ex-seven-suas,CZ,Y,li,production_TWh,0.0906479455965733
2395,2028-ex-seven-suas,CZ,Y,pump_open,production_TWh,0.448200536376845
2396,2028-ex-seven-suas,CZ,Y,pump,production_TWh,0.5890616983679232
2397,2028-ex-seven-suas,CZ,Y,TOTAL,production_TWh,55.01162409722421
2398,2028-ex-seven-suas,CZ,S,nuclear,production_TWh,13.891069397825554
2399,2028-ex-seven-suas,CZ,S,solar,production_TWh,4.984703703493123
2400,2028-ex-seven-suas,CZ,S,onshore,production_TWh,0.4407310789794552
2401,2028-ex-seven-suas,CZ,S,waste,production_TWh,0.4750171871026074
2402,2028-ex-seven-suas,CZ,S,gas_ccgt,production_TWh,1.9151979632746456
2403,2028-ex-seven-suas,CZ,S,gas_chp,production_TWh,0.8204219782969863
2404,2028-ex-seven-suas,CZ,S,biogas,production_TWh,0.0719953037202756
2405,2028-ex-seven-suas,CZ,S,lig_sc,production_TWh,0.0
2406,2028-ex-seven-suas,CZ,S,bio,production_TWh,0.0
2407,2028-ex-seven-suas,CZ,S,gas_eng_chp,production_TWh,0.7068347714313935
2408,2028-ex-seven-suas,CZ,S,lig,production_TWh,0.0
2409,2028-ex-seven-suas,CZ,S,lig_ex,production_TWh,0.8141465004166428
2410,2028-ex-seven-suas,CZ,S,coal,production_TWh,0.0
2411,2028-ex-seven-suas,CZ,S,coal_ex,production_TWh,0.0878260429337971
2412,2028-ex-seven-suas,CZ,S,gas_peak,production_TWh,0.0
2413,2028-ex-seven-suas,CZ,S,lig_old,production_TWh,0.0
2414,2028-ex-seven-suas,CZ,S,b_CHP,production_TWh,-2.597428445167478e-19
2415,2028-ex-seven-suas,CZ,S,lig_bp,production_TWh,0.4602797442941042
2416,2028-ex-seven-suas,CZ,S,coal_bp,production_TWh,0.0
2417,2028-ex-seven-suas,CZ,S,dsr,production_TWh,0.0
2418,2028-ex-seven-suas,CZ,S,eens,production_TWh,7.155165349104622e-18
2419,2028-ex-seven-suas,CZ,S,h_ror,production_TWh,0.5367368125
2420,2028-ex-seven-suas,CZ,S,h_dams,production_TWh,0.3669619142052756
2421,2028-ex-seven-suas,CZ,S,li,production_TWh,0.0381135438513813
2422,2028-ex-seven-suas,CZ,S,pump_open,production_TWh,0.2698055519994721
2423,2028-ex-seven-suas,CZ,S,pump,production_TWh,0.3715043365350082
2424,2028-ex-seven-suas,CZ,S,TOTAL,production_TWh,110.02324819444844
2425,2028-ex-seven-suas,CZ,W,nuclear,production_TWh,14.708391969112927
2426,2028-ex-seven-suas,CZ,W,solar,production_TWh,2.3042689240767014
2427,2028-ex-seven-suas,CZ,W,onshore,production_TWh,0.7161209323515131
2428,2028-ex-seven-suas,CZ,W,waste,production_TWh,0.6681628128972589
2429,2028-ex-seven-suas,CZ,W,gas_ccgt,production_TWh,2.3963804239998376
2430,2028-ex-seven-suas,CZ,W,gas_chp,production_TWh,2.095193202046602
2431,2028-ex-seven-suas,CZ,W,biogas,production_TWh,0.490443939792179
2432,2028-ex-seven-suas,CZ,W,lig_sc,production_TWh,0.431539933004059
2433,2028-ex-seven-suas,CZ,W,bio,production_TWh,0.0
2434,2028-ex-seven-suas,CZ,W,gas_eng_chp,production_TWh,0.841057228568709
2435,2028-ex-seven-suas,CZ,W,lig,production_TWh,0.1016171927267098
2436,2028-ex-seven-suas,CZ,W,lig_ex,production_TWh,1.4162868995368574
2437,2028-ex-seven-suas,CZ,W,coal,production_TWh,0.0
2438,2028-ex-seven-suas,CZ,W,coal_ex,production_TWh,0.1338345111531999
2439,2028-ex-seven-suas,CZ,W,gas_peak,production_TWh,0.0108849933352091
2440,2028-ex-seven-suas,CZ,W,lig_old,production_TWh,0.0
2441,2028-ex-seven-suas,CZ,W,b_CHP,production_TWh,0.0
2442,2028-ex-seven-suas,CZ,W,lig_bp,production_TWh,1.173985855705979
2443,2028-ex-seven-suas,CZ,W,coal_bp,production_TWh,0.0
2444,2028-ex-seven-suas,CZ,W,dsr,production_TWh,0.0
2445,2028-ex-seven-suas,CZ,W,eens,production_TWh,0.0
2446,2028-ex-seven-suas,CZ,W,h_ror,production_TWh,0.5439981857351126
2447,2028-ex-seven-suas,CZ,W,h_dams,production_TWh,0.2796245143661529
2448,2028-ex-seven-suas,CZ,W,li,production_TWh,0.052534401745192
2449,2028-ex-seven-suas,CZ,W,pump_open,production_TWh,0.1783949843773728
2450,2028-ex-seven-suas,CZ,W,pump,production_TWh,0.217557361832915
2451,2028-ex-seven-suas,CZ,W,TOTAL,production_TWh,110.02324819444844
2452,2028-ex-seven-suas,CZ,Y,gas_chp,production_el_eq_TWh,3.571276799999864
2453,2028-ex-seven-suas,CZ,Y,gas_eng_chp,production_el_eq_TWh,1.5478920000001024
2454,2028-ex-seven-suas,CZ,Y,lig_ex,production_el_eq_TWh,5.389992960000131
2455,2028-ex-seven-suas,CZ,Y,coal_ex,production_el_eq_TWh,0.5365324800000447
2456,2028-ex-seven-suas,CZ,Y,b_CHP,production_el_eq_TWh,-6.493571112918692e-19
2457,2028-ex-seven-suas,CZ,Y,lig_bp,production_el_eq_TWh,1.6342656000000837
2458,2028-ex-seven-suas,CZ,Y,coal_bp,production_el_eq_TWh,0.0
2459,2028-ex-seven-suas,CZ,Y,eens,production_el_eq_TWh,0.0
2460,2028-ex-seven-suas,CZ,S,gas_chp,production_el_eq_TWh,1.1252633601042097
2461,2028-ex-seven-suas,CZ,S,gas_eng_chp,production_el_eq_TWh,0.7068347714313935
2462,2028-ex-seven-suas,CZ,S,lig_ex,production_el_eq_TWh,2.035092666152152
2463,2028-ex-seven-suas,CZ,S,coal_ex,production_el_eq_TWh,0.2193716029382343
2464,2028-ex-seven-suas,CZ,S,b_CHP,production_el_eq_TWh,-6.493571112918692e-19
2465,2028-ex-seven-suas,CZ,S,lig_bp,production_el_eq_TWh,0.4602797442941042
2466,2028-ex-seven-suas,CZ,S,coal_bp,production_el_eq_TWh,0.0
2467,2028-ex-seven-suas,CZ,S,eens,production_el_eq_TWh,0.0
2468,2028-ex-seven-suas,CZ,W,gas_chp,production_el_eq_TWh,2.446013439895655
2469,2028-ex-seven-suas,CZ,W,gas_eng_chp,production_el_eq_TWh,0.841057228568709
2470,2028-ex-seven-suas,CZ,W,lig_ex,production_el_eq_TWh,3.354900293847979
2471,2028-ex-seven-suas,CZ,W,coal_ex,production_el_eq_TWh,0.3171608770618102
2472,2028-ex-seven-suas,CZ,W,b_CHP,production_el_eq_TWh,0.0
2473,2028-ex-seven-suas,CZ,W,lig_bp,production_el_eq_TWh,1.173985855705979
2474,2028-ex-seven-suas,CZ,W,coal_bp,production_el_eq_TWh,0.0
2475,2028-ex-seven-suas,CZ,W,eens,production_el_eq_TWh,0.0
2476,2028-ex-seven-suas,CZ,Y,solar,production_used_TWh,7.288972627569825
2477,2028-ex-seven-suas,CZ,Y,onshore,production_used_TWh,1.1568520113309682
2478,2028-ex-seven-suas,CZ,S,solar,production_used_TWh,4.984703703493123
2479,2028-ex-seven-suas,CZ,S,onshore,production_used_TWh,0.4407310789794552
2480,2028-ex-seven-suas,CZ,W,solar,production_used_TWh,2.3042689240767014
2481,2028-ex-seven-suas,CZ,W,onshore,production_used_TWh,0.7161209323515131
2482,2028-ex-seven-suas,CZ,Y,solar,production_excess_TWh,0.0
2483,2028-ex-seven-suas,CZ,Y,onshore,production_excess_TWh,0.0
2484,2028-ex-seven-suas,CZ,S,solar,production_excess_TWh,0.0
2485,2028-ex-seven-suas,CZ,S,onshore,production_excess_TWh,0.0
2486,2028-ex-seven-suas,CZ,W,solar,production_excess_TWh,0.0
2487,2028-ex-seven-suas,CZ,W,onshore,production_excess_TWh,0.0
2488,2028-ex-seven-suas,CZ,Y,h_ror,discharged_TWh,1.0807349982351124
2489,2028-ex-seven-suas,CZ,Y,h_dams,discharged_TWh,0.6465864285714287
2490,2028-ex-seven-suas,CZ,Y,li,discharged_TWh,0.0906479455965733
2491,2028-ex-seven-suas,CZ,Y,pump_open,discharged_TWh,0.448200536376845
2492,2028-ex-seven-suas,CZ,Y,pump,discharged_TWh,0.5890616983679232
2493,2028-ex-seven-suas,CZ,Y,TOTAL,discharged_TWh,2.8552316071478825
2494,2028-ex-seven-suas,CZ,S,h_ror,discharged_TWh,0.5367368125
2495,2028-ex-seven-suas,CZ,S,h_dams,discharged_TWh,0.3669619142052756
2496,2028-ex-seven-suas,CZ,S,li,discharged_TWh,0.0381135438513813
2497,2028-ex-seven-suas,CZ,S,pump_open,discharged_TWh,0.2698055519994721
2498,2028-ex-seven-suas,CZ,S,pump,discharged_TWh,0.3715043365350082
2499,2028-ex-seven-suas,CZ,S,TOTAL,discharged_TWh,5.710463214295765
2500,2028-ex-seven-suas,CZ,W,h_ror,discharged_TWh,0.5439981857351126
2501,2028-ex-seven-suas,CZ,W,h_dams,discharged_TWh,0.2796245143661529
2502,2028-ex-seven-suas,CZ,W,li,discharged_TWh,0.052534401745192
2503,2028-ex-seven-suas,CZ,W,pump_open,discharged_TWh,0.1783949843773728
2504,2028-ex-seven-suas,CZ,W,pump,discharged_TWh,0.217557361832915
2505,2028-ex-seven-suas,CZ,W,TOTAL,discharged_TWh,5.710463214295765
2506,2028-ex-seven-suas,CZ,Y,h_ror,charged_TWh,0.0
2507,2028-ex-seven-suas,CZ,Y,h_dams,charged_TWh,0.0
2508,2028-ex-seven-suas,CZ,Y,li,charged_TWh,0.1182967770884856
2509,2028-ex-seven-suas,CZ,Y,pump_open,charged_TWh,0.5806070941741892
2510,2028-ex-seven-suas,CZ,Y,pump,charged_TWh,0.8181412477332268
2511,2028-ex-seven-suas,CZ,Y,TOTAL,charged_TWh,1.5170451189959016
2512,2028-ex-seven-suas,CZ,S,h_ror,charged_TWh,0.0
2513,2028-ex-seven-suas,CZ,S,h_dams,charged_TWh,0.0
2514,2028-ex-seven-suas,CZ,S,li,charged_TWh,0.0576732024991073
2515,2028-ex-seven-suas,CZ,S,pump_open,charged_TWh,0.3537132409118658
2516,2028-ex-seven-suas,CZ,S,pump,charged_TWh,0.5151026756037318
2517,2028-ex-seven-suas,CZ,S,TOTAL,charged_TWh,3.034090237991803
2518,2028-ex-seven-suas,CZ,W,h_ror,charged_TWh,0.0
2519,2028-ex-seven-suas,CZ,W,h_dams,charged_TWh,0.0
2520,2028-ex-seven-suas,CZ,W,li,charged_TWh,0.0606235745893782
2521,2028-ex-seven-suas,CZ,W,pump_open,charged_TWh,0.2268938532623235
2522,2028-ex-seven-suas,CZ,W,pump,charged_TWh,0.303038572129495
2523,2028-ex-seven-suas,CZ,W,TOTAL,charged_TWh,3.034090237991803
2524,2028-ex-seven-suas,CZ,Y,h_ror,inflow_TWh,1.085317
2525,2028-ex-seven-suas,CZ,Y,h_dams,inflow_TWh,0.6465864285714287
2526,2028-ex-seven-suas,CZ,Y,pump_open,inflow_TWh,0.0301634285714285
2527,2028-ex-seven-suas,CZ,S,h_ror,inflow_TWh,0.54068
2528,2028-ex-seven-suas,CZ,S,h_dams,inflow_TWh,0.366456
2529,2028-ex-seven-suas,CZ,S,pump_open,inflow_TWh,0.014669
2530,2028-ex-seven-suas,CZ,W,h_ror,inflow_TWh,0.544637
2531,2028-ex-seven-suas,CZ,W,h_dams,inflow_TWh,0.2801304285714285
2532,2028-ex-seven-suas,CZ,W,pump_open,inflow_TWh,0.0154944285714285
2533,2028-ex-seven-suas,CZ,Y,gas_chp,heat_production_PJ,4.720763661525184
2534,2028-ex-seven-suas,CZ,Y,gas_eng_chp,heat_production_PJ,5.572411200000369
2535,2028-ex-seven-suas,CZ,Y,lig_ex,heat_production_PJ,31.848360365270025
2536,2028-ex-seven-suas,CZ,Y,coal_ex,heat_production_PJ,3.1739090132035184
2537,2028-ex-seven-suas,CZ,Y,b_CHP,heat_production_PJ,-4.207834081171313e-18
2538,2028-ex-seven-suas,CZ,Y,lig_bp,heat_production_PJ,17.6500684800009
2539,2028-ex-seven-suas,CZ,Y,coal_bp,heat_production_PJ,0.0
2540,2028-ex-seven-suas,CZ,Y,eens,heat_production_PJ,-2.5758595256776642e-17
2541,2028-ex-seven-suas,CZ,S,gas_chp,heat_production_PJ,2.1948579490120075
2542,2028-ex-seven-suas,CZ,S,gas_eng_chp,heat_production_PJ,2.5446051771530165
2543,2028-ex-seven-suas,CZ,S,lig_ex,heat_production_PJ,12.307137350613925
2544,2028-ex-seven-suas,CZ,S,coal_ex,heat_production_PJ,1.3259792448447267
2545,2028-ex-seven-suas,CZ,S,b_CHP,heat_production_PJ,-4.207834081171313e-18
2546,2028-ex-seven-suas,CZ,S,lig_bp,heat_production_PJ,4.971021238376326
2547,2028-ex-seven-suas,CZ,S,coal_bp,heat_production_PJ,0.0
2548,2028-ex-seven-suas,CZ,S,eens,heat_production_PJ,-2.5758595256776642e-17
2549,2028-ex-seven-suas,CZ,W,gas_chp,heat_production_PJ,2.5259057125131763
2550,2028-ex-seven-suas,CZ,W,gas_eng_chp,heat_production_PJ,3.0278060228473525
2551,2028-ex-seven-suas,CZ,W,lig_ex,heat_production_PJ,19.541223014656104
2552,2028-ex-seven-suas,CZ,W,coal_ex,heat_production_PJ,1.847929768358792
2553,2028-ex-seven-suas,CZ,W,b_CHP,heat_production_PJ,0.0
2554,2028-ex-seven-suas,CZ,W,lig_bp,heat_production_PJ,12.679047241624572
2555,2028-ex-seven-suas,CZ,W,coal_bp,heat_production_PJ,0.0
2556,2028-ex-seven-suas,CZ,W,eens,heat_production_PJ,0.0
2557,2028-ex-seven-suas,CZ,Y,waste,production_hours,6754.0
2558,2028-ex-seven-suas,CZ,Y,gas_ccgt,production_hours,7346.0
2559,2028-ex-seven-suas,CZ,Y,gas_chp,production_hours,8326.0
2560,2028-ex-seven-suas,CZ,Y,biogas,production_hours,2269.0
2561,2028-ex-seven-suas,CZ,Y,lig_sc,production_hours,1199.0
2562,2028-ex-seven-suas,CZ,Y,bio,production_hours,0.0
2563,2028-ex-seven-suas,CZ,Y,gas_eng_chp,production_hours,5369.0
2564,2028-ex-seven-suas,CZ,Y,lig,production_hours,232.0
2565,2028-ex-seven-suas,CZ,Y,lig_ex,production_hours,8760.0
2566,2028-ex-seven-suas,CZ,Y,coal,production_hours,0.0
2567,2028-ex-seven-suas,CZ,Y,coal_ex,production_hours,8760.0
2568,2028-ex-seven-suas,CZ,Y,gas_peak,production_hours,145.0
2569,2028-ex-seven-suas,CZ,Y,lig_old,production_hours,0.0
2570,2028-ex-seven-suas,CZ,Y,b_CHP,production_hours,0.0
2571,2028-ex-seven-suas,CZ,Y,lig_bp,production_hours,6949.0
2572,2028-ex-seven-suas,CZ,Y,coal_bp,production_hours,0.0
2573,2028-ex-seven-suas,CZ,Y,dsr,production_hours,0.0
2574,2028-ex-seven-suas,CZ,Y,eens,production_hours,0.0
2575,2028-ex-seven-suas,CZ,Y,h_ror,production_hours,8760.0
2576,2028-ex-seven-suas,CZ,Y,h_dams,production_hours,8760.0
2577,2028-ex-seven-suas,CZ,Y,li,production_hours,1036.0
2578,2028-ex-seven-suas,CZ,Y,pump_open,production_hours,1493.0
2579,2028-ex-seven-suas,CZ,Y,pump,production_hours,1260.0
2580,2028-ex-seven-suas,CZ,S,waste,production_hours,2988.0
2581,2028-ex-seven-suas,CZ,S,gas_ccgt,production_hours,3346.0
2582,2028-ex-seven-suas,CZ,S,gas_chp,production_hours,4016.0
2583,2028-ex-seven-suas,CZ,S,biogas,production_hours,311.0
2584,2028-ex-seven-suas,CZ,S,lig_sc,production_hours,0.0
2585,2028-ex-seven-suas,CZ,S,bio,production_hours,0.0
2586,2028-ex-seven-suas,CZ,S,gas_eng_chp,production_hours,2431.0
2587,2028-ex-seven-suas,CZ,S,lig,production_hours,0.0
2588,2028-ex-seven-suas,CZ,S,lig_ex,production_hours,4368.0
2589,2028-ex-seven-suas,CZ,S,coal,production_hours,0.0
2590,2028-ex-seven-suas,CZ,S,coal_ex,production_hours,4368.0
2591,2028-ex-seven-suas,CZ,S,gas_peak,production_hours,0.0
2592,2028-ex-seven-suas,CZ,S,lig_old,production_hours,0.0
2593,2028-ex-seven-suas,CZ,S,b_CHP,production_hours,0.0
2594,2028-ex-seven-suas,CZ,S,lig_bp,production_hours,2629.0
2595,2028-ex-seven-suas,CZ,S,coal_bp,production_hours,0.0
2596,2028-ex-seven-suas,CZ,S,dsr,production_hours,0.0
2597,2028-ex-seven-suas,CZ,S,eens,production_hours,0.0
2598,2028-ex-seven-suas,CZ,S,h_ror,production_hours,4368.0
2599,2028-ex-seven-suas,CZ,S,h_dams,production_hours,4368.0
2600,2028-ex-seven-suas,CZ,S,li,production_hours,431.0
2601,2028-ex-seven-suas,CZ,S,pump_open,production_hours,895.0
2602,2028-ex-seven-suas,CZ,S,pump,production_hours,777.0
2603,2028-ex-seven-suas,CZ,W,waste,production_hours,3766.0
2604,2028-ex-seven-suas,CZ,W,gas_ccgt,production_hours,4000.0
2605,2028-ex-seven-suas,CZ,W,gas_chp,production_hours,4310.0
2606,2028-ex-seven-suas,CZ,W,biogas,production_hours,1958.0
2607,2028-ex-seven-suas,CZ,W,lig_sc,production_hours,1199.0
2608,2028-ex-seven-suas,CZ,W,bio,production_hours,0.0
2609,2028-ex-seven-suas,CZ,W,gas_eng_chp,production_hours,2938.0
2610,2028-ex-seven-suas,CZ,W,lig,production_hours,232.0
2611,2028-ex-seven-suas,CZ,W,lig_ex,production_hours,4392.0
2612,2028-ex-seven-suas,CZ,W,coal,production_hours,0.0
2613,2028-ex-seven-suas,CZ,W,coal_ex,production_hours,4392.0
2614,2028-ex-seven-suas,CZ,W,gas_peak,production_hours,145.0
2615,2028-ex-seven-suas,CZ,W,lig_old,production_hours,0.0
2616,2028-ex-seven-suas,CZ,W,b_CHP,production_hours,0.0
2617,2028-ex-seven-suas,CZ,W,lig_bp,production_hours,4320.0
2618,2028-ex-seven-suas,CZ,W,coal_bp,production_hours,0.0
2619,2028-ex-seven-suas,CZ,W,dsr,production_hours,0.0
2620,2028-ex-seven-suas,CZ,W,eens,production_hours,0.0
2621,2028-ex-seven-suas,CZ,W,h_ror,production_hours,4392.0
2622,2028-ex-seven-suas,CZ,W,h_dams,production_hours,4392.0
2623,2028-ex-seven-suas,CZ,W,li,production_hours,605.0
2624,2028-ex-seven-suas,CZ,W,pump_open,production_hours,598.0
2625,2028-ex-seven-suas,CZ,W,pump,production_hours,483.0
2626,2028-ex-seven-suas,CZ,Y,nuclear,capex_mn_EUR_per_yr,2738.469079112492
2627,2028-ex-seven-suas,CZ,Y,solar,capex_mn_EUR_per_yr,362.9795164565344
2628,2028-ex-seven-suas,CZ,Y,onshore,capex_mn_EUR_per_yr,68.82996852045387
2629,2028-ex-seven-suas,CZ,Y,waste,capex_mn_EUR_per_yr,228.2938717209026
2630,2028-ex-seven-suas,CZ,Y,gas_ccgt,capex_mn_EUR_per_yr,76.18061222457844
2631,2028-ex-seven-suas,CZ,Y,gas_chp,capex_mn_EUR_per_yr,138.841538451773
2632,2028-ex-seven-suas,CZ,Y,biogas,capex_mn_EUR_per_yr,16.217086196531145
2633,2028-ex-seven-suas,CZ,Y,lig_sc,capex_mn_EUR_per_yr,144.15255774515765
2634,2028-ex-seven-suas,CZ,Y,bio,capex_mn_EUR_per_yr,0.0
2635,2028-ex-seven-suas,CZ,Y,gas_eng_chp,capex_mn_EUR_per_yr,22.59441391073202
2636,2028-ex-seven-suas,CZ,Y,lig,capex_mn_EUR_per_yr,285.68415989494883
2637,2028-ex-seven-suas,CZ,Y,lig_ex,capex_mn_EUR_per_yr,381.78586505838734
2638,2028-ex-seven-suas,CZ,Y,coal,capex_mn_EUR_per_yr,0.0
2639,2028-ex-seven-suas,CZ,Y,coal_ex,capex_mn_EUR_per_yr,26.048184884115727
2640,2028-ex-seven-suas,CZ,Y,gas_peak,capex_mn_EUR_per_yr,7.893982066856129
2641,2028-ex-seven-suas,CZ,Y,lig_old,capex_mn_EUR_per_yr,0.0
2642,2028-ex-seven-suas,CZ,Y,b_CHP,capex_mn_EUR_per_yr,109.81713302115293
2643,2028-ex-seven-suas,CZ,Y,lig_bp,capex_mn_EUR_per_yr,115.75887212868724
2644,2028-ex-seven-suas,CZ,Y,coal_bp,capex_mn_EUR_per_yr,0.0
2645,2028-ex-seven-suas,CZ,Y,dsr,capex_mn_EUR_per_yr,0.0
2646,2028-ex-seven-suas,CZ,Y,h_ror,capex_mn_EUR_per_yr,84.30517292657983
2647,2028-ex-seven-suas,CZ,Y,h_dams,capex_mn_EUR_per_yr,123.71530195731836
2648,2028-ex-seven-suas,CZ,Y,li,capex_mn_EUR_per_yr,4.011568788183623
2649,2028-ex-seven-suas,CZ,Y,pump_open,capex_mn_EUR_per_yr,95.4781476517892
2650,2028-ex-seven-suas,CZ,Y,pump,capex_mn_EUR_per_yr,137.73230661258106
2651,2028-ex-seven-suas,CZ,S,nuclear,capex_mn_EUR_per_yr,2738.469079112492
2652,2028-ex-seven-suas,CZ,S,solar,capex_mn_EUR_per_yr,362.9795164565344
2653,2028-ex-seven-suas,CZ,S,onshore,capex_mn_EUR_per_yr,68.82996852045387
2654,2028-ex-seven-suas,CZ,S,waste,capex_mn_EUR_per_yr,228.2938717209026
2655,2028-ex-seven-suas,CZ,S,gas_ccgt,capex_mn_EUR_per_yr,76.18061222457844
2656,2028-ex-seven-suas,CZ,S,gas_chp,capex_mn_EUR_per_yr,138.841538451773
2657,2028-ex-seven-suas,CZ,S,biogas,capex_mn_EUR_per_yr,16.217086196531145
2658,2028-ex-seven-suas,CZ,S,lig_sc,capex_mn_EUR_per_yr,144.15255774515765
2659,2028-ex-seven-suas,CZ,S,bio,capex_mn_EUR_per_yr,0.0
2660,2028-ex-seven-suas,CZ,S,gas_eng_chp,capex_mn_EUR_per_yr,22.59441391073202
2661,2028-ex-seven-suas,CZ,S,lig,capex_mn_EUR_per_yr,285.68415989494883
2662,2028-ex-seven-suas,CZ,S,lig_ex,capex_mn_EUR_per_yr,381.78586505838734
2663,2028-ex-seven-suas,CZ,S,coal,capex_mn_EUR_per_yr,0.0
2664,2028-ex-seven-suas,CZ,S,coal_ex,capex_mn_EUR_per_yr,26.048184884115727
2665,2028-ex-seven-suas,CZ,S,gas_peak,capex_mn_EUR_per_yr,7.893982066856129
2666,2028-ex-seven-suas,CZ,S,lig_old,capex_mn_EUR_per_yr,0.0
2667,2028-ex-seven-suas,CZ,S,b_CHP,capex_mn_EUR_per_yr,109.81713302115293
2668,2028-ex-seven-suas,CZ,S,lig_bp,capex_mn_EUR_per_yr,115.75887212868724
2669,2028-ex-seven-suas,CZ,S,coal_bp,capex_mn_EUR_per_yr,0.0
2670,2028-ex-seven-suas,CZ,S,dsr,capex_mn_EUR_per_yr,0.0
2671,2028-ex-seven-suas,CZ,S,h_ror,capex_mn_EUR_per_yr,84.30517292657983
2672,2028-ex-seven-suas,CZ,S,h_dams,capex_mn_EUR_per_yr,123.71530195731836
2673,2028-ex-seven-suas,CZ,S,li,capex_mn_EUR_per_yr,4.011568788183623
2674,2028-ex-seven-suas,CZ,S,pump_open,capex_mn_EUR_per_yr,95.4781476517892
2675,2028-ex-seven-suas,CZ,S,pump,capex_mn_EUR_per_yr,137.73230661258106
2676,2028-ex-seven-suas,CZ,W,nuclear,capex_mn_EUR_per_yr,2738.469079112492
2677,2028-ex-seven-suas,CZ,W,solar,capex_mn_EUR_per_yr,362.9795164565344
2678,2028-ex-seven-suas,CZ,W,onshore,capex_mn_EUR_per_yr,68.82996852045387
2679,2028-ex-seven-suas,CZ,W,waste,capex_mn_EUR_per_yr,228.2938717209026
2680,2028-ex-seven-suas,CZ,W,gas_ccgt,capex_mn_EUR_per_yr,76.18061222457844
2681,2028-ex-seven-suas,CZ,W,gas_chp,capex_mn_EUR_per_yr,138.841538451773
2682,2028-ex-seven-suas,CZ,W,biogas,capex_mn_EUR_per_yr,16.217086196531145
2683,2028-ex-seven-suas,CZ,W,lig_sc,capex_mn_EUR_per_yr,144.15255774515765
2684,2028-ex-seven-suas,CZ,W,bio,capex_mn_EUR_per_yr,0.0
2685,2028-ex-seven-suas,CZ,W,gas_eng_chp,capex_mn_EUR_per_yr,22.59441391073202
2686,2028-ex-seven-suas,CZ,W,lig,capex_mn_EUR_per_yr,285.68415989494883
2687,2028-ex-seven-suas,CZ,W,lig_ex,capex_mn_EUR_per_yr,381.78586505838734
2688,2028-ex-seven-suas,CZ,W,coal,capex_mn_EUR_per_yr,0.0
2689,2028-ex-seven-suas,CZ,W,coal_ex,capex_mn_EUR_per_yr,26.048184884115727
2690,2028-ex-seven-suas,CZ,W,gas_peak,capex_mn_EUR_per_yr,7.893982066856129
2691,2028-ex-seven-suas,CZ,W,lig_old,capex_mn_EUR_per_yr,0.0
2692,2028-ex-seven-suas,CZ,W,b_CHP,capex_mn_EUR_per_yr,109.81713302115293
2693,2028-ex-seven-suas,CZ,W,lig_bp,capex_mn_EUR_per_yr,115.75887212868724
2694,2028-ex-seven-suas,CZ,W,coal_bp,capex_mn_EUR_per_yr,0.0
2695,2028-ex-seven-suas,CZ,W,dsr,capex_mn_EUR_per_yr,0.0
2696,2028-ex-seven-suas,CZ,W,h_ror,capex_mn_EUR_per_yr,84.30517292657983
2697,2028-ex-seven-suas,CZ,W,h_dams,capex_mn_EUR_per_yr,123.71530195731836
2698,2028-ex-seven-suas,CZ,W,li,capex_mn_EUR_per_yr,4.011568788183623
2699,2028-ex-seven-suas,CZ,W,pump_open,capex_mn_EUR_per_yr,95.4781476517892
2700,2028-ex-seven-suas,CZ,W,pump,capex_mn_EUR_per_yr,137.73230661258106
2701,2028-ex-seven-suas,CZ,Y,nuclear,opex_mn_EUR,586.5749526359082
2702,2028-ex-seven-suas,CZ,Y,solar,opex_mn_EUR,0.0
2703,2028-ex-seven-suas,CZ,Y,onshore,opex_mn_EUR,0.0
2704,2028-ex-seven-suas,CZ,Y,waste,opex_mn_EUR,46.20037229259923
2705,2028-ex-seven-suas,CZ,Y,gas_ccgt,opex_mn_EUR,368.4851923151056
2706,2028-ex-seven-suas,CZ,Y,gas_chp,opex_mn_EUR,254.63648623570236
2707,2028-ex-seven-suas,CZ,Y,biogas,opex_mn_EUR,55.6014423863061
2708,2028-ex-seven-suas,CZ,Y,lig_sc,opex_mn_EUR,45.85248682516383
2709,2028-ex-seven-suas,CZ,Y,bio,opex_mn_EUR,0.0
2710,2028-ex-seven-suas,CZ,Y,gas_eng_chp,opex_mn_EUR,167.56790840001105
2711,2028-ex-seven-suas,CZ,Y,lig,opex_mn_EUR,11.641960260001866
2712,2028-ex-seven-suas,CZ,Y,lig_ex,opex_mn_EUR,248.39046683774603
2713,2028-ex-seven-suas,CZ,Y,coal,opex_mn_EUR,0.0
2714,2028-ex-seven-suas,CZ,Y,coal_ex,opex_mn_EUR,24.950234278352838
2715,2028-ex-seven-suas,CZ,Y,gas_peak,opex_mn_EUR,1.330530852748899
2716,2028-ex-seven-suas,CZ,Y,lig_old,opex_mn_EUR,0.0
2717,2028-ex-seven-suas,CZ,Y,b_CHP,opex_mn_EUR,-3.942511575550133e-17
2718,2028-ex-seven-suas,CZ,Y,lig_bp,opex_mn_EUR,358.74875459305133
2719,2028-ex-seven-suas,CZ,Y,coal_bp,opex_mn_EUR,0.0
2720,2028-ex-seven-suas,CZ,Y,dsr,opex_mn_EUR,0.0
2721,2028-ex-seven-suas,CZ,Y,h_ror,opex_mn_EUR,2.161469996470225
2722,2028-ex-seven-suas,CZ,Y,h_dams,opex_mn_EUR,1.939759285714286
2723,2028-ex-seven-suas,CZ,Y,li,opex_mn_EUR,0.4532397279828667
2724,2028-ex-seven-suas,CZ,Y,pump_open,opex_mn_EUR,1.79280214550738
2725,2028-ex-seven-suas,CZ,Y,pump,opex_mn_EUR,2.356246793471693
2726,2028-ex-seven-suas,CZ,S,nuclear,opex_mn_EUR,284.9058333494021
2727,2028-ex-seven-suas,CZ,S,solar,opex_mn_EUR,0.0
2728,2028-ex-seven-suas,CZ,S,onshore,opex_mn_EUR,0.0
2729,2028-ex-seven-suas,CZ,S,waste,opex_mn_EUR,19.81585378406442
2730,2028-ex-seven-suas,CZ,S,gas_ccgt,opex_mn_EUR,165.75354482568014
2731,2028-ex-seven-suas,CZ,S,gas_chp,opex_mn_EUR,72.02102491725952
2732,2028-ex-seven-suas,CZ,S,biogas,opex_mn_EUR,7.147309240447426
2733,2028-ex-seven-suas,CZ,S,lig_sc,opex_mn_EUR,0.0
2734,2028-ex-seven-suas,CZ,S,bio,opex_mn_EUR,0.0
2735,2028-ex-seven-suas,CZ,S,gas_eng_chp,opex_mn_EUR,76.51879086728962
2736,2028-ex-seven-suas,CZ,S,lig,opex_mn_EUR,0.0
2737,2028-ex-seven-suas,CZ,S,lig_ex,opex_mn_EUR,90.74616908544104
2738,2028-ex-seven-suas,CZ,S,coal,opex_mn_EUR,0.0
2739,2028-ex-seven-suas,CZ,S,coal_ex,opex_mn_EUR,9.8771828731085
2740,2028-ex-seven-suas,CZ,S,gas_peak,opex_mn_EUR,0.0
2741,2028-ex-seven-suas,CZ,S,lig_old,opex_mn_EUR,0.0
2742,2028-ex-seven-suas,CZ,S,b_CHP,opex_mn_EUR,-3.942511575550133e-17
2743,2028-ex-seven-suas,CZ,S,lig_bp,opex_mn_EUR,101.41827278915828
2744,2028-ex-seven-suas,CZ,S,coal_bp,opex_mn_EUR,0.0
2745,2028-ex-seven-suas,CZ,S,dsr,opex_mn_EUR,0.0
2746,2028-ex-seven-suas,CZ,S,h_ror,opex_mn_EUR,
2747,2028-ex-seven-suas,CZ,S,h_dams,opex_mn_EUR,1.100885742615827
2748,2028-ex-seven-suas,CZ,S,li,opex_mn_EUR,0.1905677192569067
2749,2028-ex-seven-suas,CZ,S,pump_open,opex_mn_EUR,1.0792222079978886
2750,2028-ex-seven-suas,CZ,S,pump,opex_mn_EUR,1.486017346140033
2751,2028-ex-seven-suas,CZ,W,nuclear,opex_mn_EUR,301.6691192865061
2752,2028-ex-seven-suas,CZ,W,solar,opex_mn_EUR,0.0
2753,2028-ex-seven-suas,CZ,W,onshore,opex_mn_EUR,0.0
2754,2028-ex-seven-suas,CZ,W,waste,opex_mn_EUR,26.38451850853481
2755,2028-ex-seven-suas,CZ,W,gas_ccgt,opex_mn_EUR,202.73164748942543
2756,2028-ex-seven-suas,CZ,W,gas_chp,opex_mn_EUR,182.61546131844284
2757,2028-ex-seven-suas,CZ,W,biogas,opex_mn_EUR,48.45413314585868
2758,2028-ex-seven-suas,CZ,W,lig_sc,opex_mn_EUR,45.85248682516383
2759,2028-ex-seven-suas,CZ,W,bio,opex_mn_EUR,0.0
2760,2028-ex-seven-suas,CZ,W,gas_eng_chp,opex_mn_EUR,91.04911753272144
2761,2028-ex-seven-suas,CZ,W,lig,opex_mn_EUR,11.641960260001865
2762,2028-ex-seven-suas,CZ,W,lig_ex,opex_mn_EUR,157.64429775230496
2763,2028-ex-seven-suas,CZ,W,coal,opex_mn_EUR,0.0
2764,2028-ex-seven-suas,CZ,W,coal_ex,opex_mn_EUR,15.07305140524433
2765,2028-ex-seven-suas,CZ,W,gas_peak,opex_mn_EUR,1.330530852748899
2766,2028-ex-seven-suas,CZ,W,lig_old,opex_mn_EUR,0.0
2767,2028-ex-seven-suas,CZ,W,b_CHP,opex_mn_EUR,0.0
2768,2028-ex-seven-suas,CZ,W,lig_bp,opex_mn_EUR,257.330481803893
2769,2028-ex-seven-suas,CZ,W,coal_bp,opex_mn_EUR,0.0
2770,2028-ex-seven-suas,CZ,W,dsr,opex_mn_EUR,0.0
2771,2028-ex-seven-suas,CZ,W,h_ror,opex_mn_EUR,1.0879963714702252
2772,2028-ex-seven-suas,CZ,W,h_dams,opex_mn_EUR,0.8388735430984587
2773,2028-ex-seven-suas,CZ,W,li,opex_mn_EUR,0.26267200872596
2774,2028-ex-seven-suas,CZ,W,pump_open,opex_mn_EUR,0.7135799375094912
2775,2028-ex-seven-suas,CZ,W,pump,opex_mn_EUR,0.8702294473316602
2776,2028-ex-seven-suas,CZ,Y,h_ror,wholesale_expenses_mn_EUR,0.0
2777,2028-ex-seven-suas,CZ,Y,h_dams,wholesale_expenses_mn_EUR,0.0
2778,2028-ex-seven-suas,CZ,Y,li,wholesale_expenses_mn_EUR,6.7433764881348575
2779,2028-ex-seven-suas,CZ,Y,pump_open,wholesale_expenses_mn_EUR,29.176682662905364
2780,2028-ex-seven-suas,CZ,Y,pump,wholesale_expenses_mn_EUR,40.20907567941678
2781,2028-ex-seven-suas,CZ,Y,IMPORT_EXPORT,wholesale_expenses_mn_EUR,1062.5252484878113
2782,2028-ex-seven-suas,CZ,S,h_ror,wholesale_expenses_mn_EUR,0.0
2783,2028-ex-seven-suas,CZ,S,h_dams,wholesale_expenses_mn_EUR,0.0
2784,2028-ex-seven-suas,CZ,S,li,wholesale_expenses_mn_EUR,2.2512251395587666
2785,2028-ex-seven-suas,CZ,S,pump_open,wholesale_expenses_mn_EUR,16.14569129831914
2786,2028-ex-seven-suas,CZ,S,pump,wholesale_expenses_mn_EUR,23.39770129596144
2787,2028-ex-seven-suas,CZ,S,IMPORT_EXPORT,wholesale_expenses_mn_EUR,421.0593309581851
2788,2028-ex-seven-suas,CZ,W,h_ror,wholesale_expenses_mn_EUR,0.0
2789,2028-ex-seven-suas,CZ,W,h_dams,wholesale_expenses_mn_EUR,0.0
2790,2028-ex-seven-suas,CZ,W,li,wholesale_expenses_mn_EUR,4.492151348576091
2791,2028-ex-seven-suas,CZ,W,pump_open,wholesale_expenses_mn_EUR,13.030991364586225
2792,2028-ex-seven-suas,CZ,W,pump,wholesale_expenses_mn_EUR,16.811374383455338
2793,2028-ex-seven-suas,CZ,W,IMPORT_EXPORT,wholesale_expenses_mn_EUR,641.4659175296264
2794,2028-ex-seven-suas,CZ,Y,nuclear,wholesale_revenues_mn_EUR,2516.824313929392
2795,2028-ex-seven-suas,CZ,Y,solar,wholesale_revenues_mn_EUR,465.2989392762133
2796,2028-ex-seven-suas,CZ,Y,onshore,wholesale_revenues_mn_EUR,97.60044451797503
2797,2028-ex-seven-suas,CZ,Y,waste,wholesale_revenues_mn_EUR,112.28397208581283
2798,2028-ex-seven-suas,CZ,Y,gas_ccgt,wholesale_revenues_mn_EUR,407.92675000901096
2799,2028-ex-seven-suas,CZ,Y,gas_chp,wholesale_revenues_mn_EUR,288.43458764144475
2800,2028-ex-seven-suas,CZ,Y,biogas,wholesale_revenues_mn_EUR,60.866537370150674
2801,2028-ex-seven-suas,CZ,Y,lig_sc,wholesale_revenues_mn_EUR,47.66403214422623
2802,2028-ex-seven-suas,CZ,Y,bio,wholesale_revenues_mn_EUR,0.0
2803,2028-ex-seven-suas,CZ,Y,gas_eng_chp,wholesale_revenues_mn_EUR,157.0549966733218
2804,2028-ex-seven-suas,CZ,Y,lig,wholesale_revenues_mn_EUR,11.789939926208582
2805,2028-ex-seven-suas,CZ,Y,lig_ex,wholesale_revenues_mn_EUR,199.48660543879453
2806,2028-ex-seven-suas,CZ,Y,coal,wholesale_revenues_mn_EUR,0.0
2807,2028-ex-seven-suas,CZ,Y,coal_ex,wholesale_revenues_mn_EUR,20.14603554088181
2808,2028-ex-seven-suas,CZ,Y,gas_peak,wholesale_revenues_mn_EUR,1.368382603521073
2809,2028-ex-seven-suas,CZ,Y,lig_old,wholesale_revenues_mn_EUR,0.0
2810,2028-ex-seven-suas,CZ,Y,b_CHP,wholesale_revenues_mn_EUR,-3.5684848145191085e-18
2811,2028-ex-seven-suas,CZ,Y,lig_bp,wholesale_revenues_mn_EUR,154.72907527713429
2812,2028-ex-seven-suas,CZ,Y,coal_bp,wholesale_revenues_mn_EUR,0.0
2813,2028-ex-seven-suas,CZ,Y,dsr,wholesale_revenues_mn_EUR,0.0
2814,2028-ex-seven-suas,CZ,Y,h_ror,wholesale_revenues_mn_EUR,94.64061843237435
2815,2028-ex-seven-suas,CZ,Y,h_dams,wholesale_revenues_mn_EUR,63.3305612747092
2816,2028-ex-seven-suas,CZ,Y,li,wholesale_revenues_mn_EUR,9.444376632571828
2817,2028-ex-seven-suas,CZ,Y,pump_open,wholesale_revenues_mn_EUR,46.080892269730754
2818,2028-ex-seven-suas,CZ,Y,pump,wholesale_revenues_mn_EUR,59.88443550188824
2819,2028-ex-seven-suas,CZ,Y,IMPORT_EXPORT,wholesale_revenues_mn_EUR,13.573165083995123
2820,2028-ex-seven-suas,CZ,S,nuclear,wholesale_revenues_mn_EUR,1141.0300384857258
2821,2028-ex-seven-suas,CZ,S,solar,wholesale_revenues_mn_EUR,303.7094781198515
2822,2028-ex-seven-suas,CZ,S,onshore,wholesale_revenues_mn_EUR,34.44309629366525
2823,2028-ex-seven-suas,CZ,S,waste,wholesale_revenues_mn_EUR,45.27334462354515
2824,2028-ex-seven-suas,CZ,S,gas_ccgt,wholesale_revenues_mn_EUR,173.92300020325607
2825,2028-ex-seven-suas,CZ,S,gas_chp,wholesale_revenues_mn_EUR,75.4695208280156
2826,2028-ex-seven-suas,CZ,S,biogas,wholesale_revenues_mn_EUR,7.204104915642814
2827,2028-ex-seven-suas,CZ,S,lig_sc,wholesale_revenues_mn_EUR,0.0
2828,2028-ex-seven-suas,CZ,S,bio,wholesale_revenues_mn_EUR,0.0
2829,2028-ex-seven-suas,CZ,S,gas_eng_chp,wholesale_revenues_mn_EUR,68.45809297517874
2830,2028-ex-seven-suas,CZ,S,lig,wholesale_revenues_mn_EUR,0.0
2831,2028-ex-seven-suas,CZ,S,lig_ex,wholesale_revenues_mn_EUR,64.83072414009908
2832,2028-ex-seven-suas,CZ,S,coal,wholesale_revenues_mn_EUR,0.0
2833,2028-ex-seven-suas,CZ,S,coal_ex,wholesale_revenues_mn_EUR,7.201031857757634
2834,2028-ex-seven-suas,CZ,S,gas_peak,wholesale_revenues_mn_EUR,0.0
2835,2028-ex-seven-suas,CZ,S,lig_old,wholesale_revenues_mn_EUR,0.0
2836,2028-ex-seven-suas,CZ,S,b_CHP,wholesale_revenues_mn_EUR,-3.5684848145191085e-18
2837,2028-ex-seven-suas,CZ,S,lig_bp,wholesale_revenues_mn_EUR,40.003708119889765
2838,2028-ex-seven-suas,CZ,S,coal_bp,wholesale_revenues_mn_EUR,0.0
2839,2028-ex-seven-suas,CZ,S,dsr,wholesale_revenues_mn_EUR,0.0
2840,2028-ex-seven-suas,CZ,S,h_ror,wholesale_revenues_mn_EUR,44.253426546655554
2841,2028-ex-seven-suas,CZ,S,h_dams,wholesale_revenues_mn_EUR,33.65143683451147
2842,2028-ex-seven-suas,CZ,S,li,wholesale_revenues_mn_EUR,3.712464959004063
2843,2028-ex-seven-suas,CZ,S,pump_open,wholesale_revenues_mn_EUR,26.364667238718816
2844,2028-ex-seven-suas,CZ,S,pump,wholesale_revenues_mn_EUR,36.152281050240646
2845,2028-ex-seven-suas,CZ,S,IMPORT_EXPORT,wholesale_revenues_mn_EUR,3.007609932998613
2846,2028-ex-seven-suas,CZ,W,nuclear,wholesale_revenues_mn_EUR,1375.7942754436665
2847,2028-ex-seven-suas,CZ,W,solar,wholesale_revenues_mn_EUR,161.5894611563618
2848,2028-ex-seven-suas,CZ,W,onshore,wholesale_revenues_mn_EUR,63.15734822430978
2849,2028-ex-seven-suas,CZ,W,waste,wholesale_revenues_mn_EUR,67.01062746226768
2850,2028-ex-seven-suas,CZ,W,gas_ccgt,wholesale_revenues_mn_EUR,234.00374980575484
2851,2028-ex-seven-suas,CZ,W,gas_chp,wholesale_revenues_mn_EUR,212.9650668134291
2852,2028-ex-seven-suas,CZ,W,biogas,wholesale_revenues_mn_EUR,53.66243245450786
2853,2028-ex-seven-suas,CZ,W,lig_sc,wholesale_revenues_mn_EUR,47.66403214422624
2854,2028-ex-seven-suas,CZ,W,bio,wholesale_revenues_mn_EUR,0.0
2855,2028-ex-seven-suas,CZ,W,gas_eng_chp,wholesale_revenues_mn_EUR,88.59690369814301
2856,2028-ex-seven-suas,CZ,W,lig,wholesale_revenues_mn_EUR,11.789939926208582
2857,2028-ex-seven-suas,CZ,W,lig_ex,wholesale_revenues_mn_EUR,134.65588129869545
2858,2028-ex-seven-suas,CZ,W,coal,wholesale_revenues_mn_EUR,0.0
2859,2028-ex-seven-suas,CZ,W,coal_ex,wholesale_revenues_mn_EUR,12.94500368312418
2860,2028-ex-seven-suas,CZ,W,gas_peak,wholesale_revenues_mn_EUR,1.368382603521073
2861,2028-ex-seven-suas,CZ,W,lig_old,wholesale_revenues_mn_EUR,0.0
2862,2028-ex-seven-suas,CZ,W,b_CHP,wholesale_revenues_mn_EUR,0.0
2863,2028-ex-seven-suas,CZ,W,lig_bp,wholesale_revenues_mn_EUR,114.7253671572445
2864,2028-ex-seven-suas,CZ,W,coal_bp,wholesale_revenues_mn_EUR,0.0
2865,2028-ex-seven-suas,CZ,W,dsr,wholesale_revenues_mn_EUR,0.0
2866,2028-ex-seven-suas,CZ,W,h_ror,wholesale_revenues_mn_EUR,50.38719188571882
2867,2028-ex-seven-suas,CZ,W,h_dams,wholesale_revenues_mn_EUR,29.67912444019772
2868,2028-ex-seven-suas,CZ,W,li,wholesale_revenues_mn_EUR,5.731911673567763
2869,2028-ex-seven-suas,CZ,W,pump_open,wholesale_revenues_mn_EUR,19.71622503101194
2870,2028-ex-seven-suas,CZ,W,pump,wholesale_revenues_mn_EUR,23.732154451647595
2871,2028-ex-seven-suas,CZ,W,IMPORT_EXPORT,wholesale_revenues_mn_EUR,10.565555150996508
2872,2028-ex-seven-suas,CZ,Y,TOTAL,avg_consumer_price_EUR_per_MWh,88.42982254255362
2873,2028-ex-seven-suas,CZ,S,TOTAL,avg_consumer_price_EUR_per_MWh,81.58308123696614
2874,2028-ex-seven-suas,CZ,W,TOTAL,avg_consumer_price_EUR_per_MWh,94.37658668019172
2875,2028-ex-seven-suas,CZ,Y,TOTAL,avg_producer_price_EUR_per_MWh,87.07417050169227
2876,2028-ex-seven-suas,CZ,S,TOTAL,avg_producer_price_EUR_per_MWh,79.51712156751312
2877,2028-ex-seven-suas,CZ,W,TOTAL,avg_producer_price_EUR_per_MWh,93.85595995587636
2878,2028-ex-seven-suas,CZ,Y,nuclear,capacity_factor,0.7964817503918005
2879,2028-ex-seven-suas,CZ,Y,solar,capacity_factor,0.1188677858377336
2880,2028-ex-seven-suas,CZ,Y,onshore,capacity_factor,0.2641214637741936
2881,2028-ex-seven-suas,CZ,Y,waste,capacity_factor,0.6666666666665887
2882,2028-ex-seven-suas,CZ,Y,gas_ccgt,capacity_factor,0.7971968150563793
2883,2028-ex-seven-suas,CZ,Y,gas_chp,capacity_factor,0.5333333333333131
2884,2028-ex-seven-suas,CZ,Y,biogas,capacity_factor,0.2301268569714303
2885,2028-ex-seven-suas,CZ,Y,lig_sc,capacity_factor,0.1130912521342679
2886,2028-ex-seven-suas,CZ,Y,gas_eng_chp,capacity_factor,0.5333333333333686
2887,2028-ex-seven-suas,CZ,Y,lig,capacity_factor,0.0134372812482822
2888,2028-ex-seven-suas,CZ,Y,lig_ex,capacity_factor,0.5333333333333463
2889,2028-ex-seven-suas,CZ,Y,coal_ex,capacity_factor,0.5333333333333778
2890,2028-ex-seven-suas,CZ,Y,gas_peak,capacity_factor,0.0129092426144608
2891,2028-ex-seven-suas,CZ,Y,b_CHP,capacity_factor,-3.542534008127904e-19
2892,2028-ex-seven-suas,CZ,Y,lig_bp,capacity_factor,0.5333333333333606
2893,2028-ex-seven-suas,CZ,Y,h_ror,capacity_factor,0.2972809039542038
2894,2028-ex-seven-suas,CZ,Y,h_dams,capacity_factor,0.1212007161548291
2895,2028-ex-seven-suas,CZ,Y,li,capacity_factor,0.1034793899504262
2896,2028-ex-seven-suas,CZ,Y,pump_open,capacity_factor,0.1088605208337814
2897,2028-ex-seven-suas,CZ,Y,pump,capacity_factor,0.0991806579868137
2898,2028-ex-seven-suas,CZ,Y,TOTAL,capacity_factor,0.3256926992332606
2899,2028-ex-seven-suas,CZ,S,nuclear,capacity_factor,0.7758452989642761
2900,2028-ex-seven-suas,CZ,S,solar,capacity_factor,0.1630266779007431
2901,2028-ex-seven-suas,CZ,S,onshore,capacity_factor,0.2017999445876626
2902,2028-ex-seven-suas,CZ,S,waste,capacity_factor,0.5555522657556025
2903,2028-ex-seven-suas,CZ,S,gas_ccgt,capacity_factor,0.7101734243250104
2904,2028-ex-seven-suas,CZ,S,gas_chp,capacity_factor,0.33701627174136
2905,2028-ex-seven-suas,CZ,S,biogas,capacity_factor,0.0590768506376413
2906,2028-ex-seven-suas,CZ,S,lig_sc,capacity_factor,0.0
2907,2028-ex-seven-suas,CZ,S,gas_eng_chp,capacity_factor,0.4884245155426432
2908,2028-ex-seven-suas,CZ,S,lig,capacity_factor,0.0
2909,2028-ex-seven-suas,CZ,S,lig_ex,capacity_factor,0.4038463812900469
2910,2028-ex-seven-suas,CZ,S,coal_ex,capacity_factor,0.4373252923206948
2911,2028-ex-seven-suas,CZ,S,gas_peak,capacity_factor,0.0
2912,2028-ex-seven-suas,CZ,S,b_CHP,capacity_factor,-7.104532488827939e-19
2913,2028-ex-seven-suas,CZ,S,lig_bp,capacity_factor,0.3012447093617233
2914,2028-ex-seven-suas,CZ,S,h_ror,capacity_factor,0.2960947154000618
2915,2028-ex-seven-suas,CZ,S,h_dams,capacity_factor,0.137949798431523
2916,2028-ex-seven-suas,CZ,S,li,capacity_factor,0.0872562817110378
2917,2028-ex-seven-suas,CZ,S,pump_open,capacity_factor,0.1314227028288286
2918,2028-ex-seven-suas,CZ,S,pump,capacity_factor,0.1254444824437205
2919,2028-ex-seven-suas,CZ,S,TOTAL,capacity_factor,1.3063498375839575
2920,2028-ex-seven-suas,CZ,W,nuclear,capacity_factor,0.8170054343251856
2921,2028-ex-seven-suas,CZ,W,solar,capacity_factor,0.0749501991958333
2922,2028-ex-seven-suas,CZ,W,onshore,capacity_factor,0.3261024282110715
2923,2028-ex-seven-suas,CZ,W,waste,capacity_factor,0.7771738850589355
2924,2028-ex-seven-suas,CZ,W,gas_ccgt,capacity_factor,0.8837446681334786
2925,2028-ex-seven-suas,CZ,W,gas_chp,capacity_factor,0.7285776240968949
2926,2028-ex-seven-suas,CZ,W,biogas,capacity_factor,0.4002421638170566
2927,2028-ex-seven-suas,CZ,W,lig_sc,capacity_factor,0.2255645192841955
2928,2028-ex-seven-suas,CZ,W,gas_eng_chp,capacity_factor,0.5779967477481885
2929,2028-ex-seven-suas,CZ,W,lig,capacity_factor,0.0268011347301804
2930,2028-ex-seven-suas,CZ,W,lig_ex,capacity_factor,0.6621127064037313
2931,2028-ex-seven-suas,CZ,W,coal_ex,capacity_factor,0.628816740242166
2932,2028-ex-seven-suas,CZ,W,gas_peak,capacity_factor,0.025747942919553
2933,2028-ex-seven-suas,CZ,W,b_CHP,capacity_factor,0.0
2934,2028-ex-seven-suas,CZ,W,lig_bp,capacity_factor,0.7641537134581582
2935,2028-ex-seven-suas,CZ,W,h_ror,capacity_factor,0.2984606106036785
2936,2028-ex-seven-suas,CZ,W,h_dams,capacity_factor,0.1045431589178985
2937,2028-ex-seven-suas,CZ,W,li,capacity_factor,0.1196138473251184
2938,2028-ex-seven-suas,CZ,W,pump_open,capacity_factor,0.086421629450729
2939,2028-ex-seven-suas,CZ,W,pump,capacity_factor,0.0730603516963381
2940,2028-ex-seven-suas,CZ,W,TOTAL,capacity_factor,1.2992113138813128
2941,2028-ex-seven-suas,CZ,Y,li,capacity_factor_charging,0.0107518358408684
2942,2028-ex-seven-suas,CZ,Y,pump_open,capacity_factor_charging,0.1506348832955036
2943,2028-ex-seven-suas,CZ,Y,pump,capacity_factor_charging,0.1406553006088096
2944,2028-ex-seven-suas,CZ,S,li,capacity_factor_charging,0.0105124817878417
2945,2028-ex-seven-suas,CZ,S,pump_open,capacity_factor_charging,0.1840416047035598
2946,2028-ex-seven-suas,CZ,S,pump,capacity_factor_charging,0.1776000553049187
2947,2028-ex-seven-suas,CZ,W,li,capacity_factor_charging,0.0109898819482501
2948,2028-ex-seven-suas,CZ,W,pump_open,capacity_factor_charging,0.1174107122776553
2949,2028-ex-seven-suas,CZ,W,pump,capacity_factor_charging,0.1039124298181438
2950,2028-ex-seven-suas,CZ,Y,nuclear,emissions_MtCO2,0.0
2951,2028-ex-seven-suas,CZ,Y,solar,emissions_MtCO2,0.0
2952,2028-ex-seven-suas,CZ,Y,onshore,emissions_MtCO2,0.0
2953,2028-ex-seven-suas,CZ,Y,waste,emissions_MtCO2,0.0
2954,2028-ex-seven-suas,CZ,Y,gas_ccgt,emissions_MtCO2,1.6938343664292614
2955,2028-ex-seven-suas,CZ,Y,gas_chp,emissions_MtCO2,1.4030015999999466
2956,2028-ex-seven-suas,CZ,Y,biogas,emissions_MtCO2,0.0
2957,2028-ex-seven-suas,CZ,Y,lig_sc,emissions_MtCO2,0.4014324958177294
2958,2028-ex-seven-suas,CZ,Y,bio,emissions_MtCO2,0.0
2959,2028-ex-seven-suas,CZ,Y,gas_eng_chp,emissions_MtCO2,0.75674720000005
2960,2028-ex-seven-suas,CZ,Y,lig,emissions_MtCO2,0.1016171927267098
2961,2028-ex-seven-suas,CZ,Y,lig_ex,emissions_MtCO2,5.389992960000131
2962,2028-ex-seven-suas,CZ,Y,coal,emissions_MtCO2,0.0
2963,2028-ex-seven-suas,CZ,Y,coal_ex,emissions_MtCO2,0.4539064780800378
2964,2028-ex-seven-suas,CZ,Y,gas_peak,emissions_MtCO2,0.005986746334365
2965,2028-ex-seven-suas,CZ,Y,lig_old,emissions_MtCO2,0.0
2966,2028-ex-seven-suas,CZ,Y,b_CHP,emissions_MtCO2,-0.0
2967,2028-ex-seven-suas,CZ,Y,lig_bp,emissions_MtCO2,3.268531200000167
2968,2028-ex-seven-suas,CZ,Y,coal_bp,emissions_MtCO2,0.0
2969,2028-ex-seven-suas,CZ,Y,dsr,emissions_MtCO2,0.0
2970,2028-ex-seven-suas,CZ,Y,eens,emissions_MtCO2,0.0
2971,2028-ex-seven-suas,CZ,Y,h_ror,emissions_MtCO2,0.0
2972,2028-ex-seven-suas,CZ,Y,h_dams,emissions_MtCO2,0.0
2973,2028-ex-seven-suas,CZ,Y,li,emissions_MtCO2,0.0
2974,2028-ex-seven-suas,CZ,Y,pump_open,emissions_MtCO2,0.0
2975,2028-ex-seven-suas,CZ,Y,pump,emissions_MtCO2,0.0
2976,2028-ex-seven-suas,CZ,Y,TOTAL,emissions_MtCO2,13.475050239388398
2977,2028-ex-seven-suas,CZ,S,nuclear,emissions_MtCO2,0.0
2978,2028-ex-seven-suas,CZ,S,solar,emissions_MtCO2,0.0
2979,2028-ex-seven-suas,CZ,S,onshore,emissions_MtCO2,0.0
2980,2028-ex-seven-suas,CZ,S,waste,emissions_MtCO2,0.0
2981,2028-ex-seven-suas,CZ,S,gas_ccgt,emissions_MtCO2,0.7523991998578965
2982,2028-ex-seven-suas,CZ,S,gas_chp,emissions_MtCO2,0.4420677486123681
2983,2028-ex-seven-suas,CZ,S,biogas,emissions_MtCO2,0.0
2984,2028-ex-seven-suas,CZ,S,lig_sc,emissions_MtCO2,0.0
2985,2028-ex-seven-suas,CZ,S,bio,emissions_MtCO2,0.0
2986,2028-ex-seven-suas,CZ,S,gas_eng_chp,emissions_MtCO2,0.3455636660331257
2987,2028-ex-seven-suas,CZ,S,lig,emissions_MtCO2,0.0
2988,2028-ex-seven-suas,CZ,S,lig_ex,emissions_MtCO2,2.035092666152152
2989,2028-ex-seven-suas,CZ,S,coal,emissions_MtCO2,0.0
2990,2028-ex-seven-suas,CZ,S,coal_ex,emissions_MtCO2,0.1855883760857462
2991,2028-ex-seven-suas,CZ,S,gas_peak,emissions_MtCO2,0.0
2992,2028-ex-seven-suas,CZ,S,lig_old,emissions_MtCO2,0.0
2993,2028-ex-seven-suas,CZ,S,b_CHP,emissions_MtCO2,-0.0
2994,2028-ex-seven-suas,CZ,S,lig_bp,emissions_MtCO2,0.9205594885882084
2995,2028-ex-seven-suas,CZ,S,coal_bp,emissions_MtCO2,0.0
2996,2028-ex-seven-suas,CZ,S,dsr,emissions_MtCO2,0.0
2997,2028-ex-seven-suas,CZ,S,eens,emissions_MtCO2,0.0
2998,2028-ex-seven-suas,CZ,S,h_ror,emissions_MtCO2,0.0
2999,2028-ex-seven-suas,CZ,S,h_dams,emissions_MtCO2,0.0
3000,2028-ex-seven-suas,CZ,S,li,emissions_MtCO2,0.0
3001,2028-ex-seven-suas,CZ,S,pump_open,emissions_MtCO2,0.0
3002,2028-ex-seven-suas,CZ,S,pump,emissions_MtCO2,0.0
3003,2028-ex-seven-suas,CZ,S,TOTAL,emissions_MtCO2,26.9501004787768
3004,2028-ex-seven-suas,CZ,W,nuclear,emissions_MtCO2,0.0
3005,2028-ex-seven-suas,CZ,W,solar,emissions_MtCO2,0.0
3006,2028-ex-seven-suas,CZ,W,onshore,emissions_MtCO2,0.0
3007,2028-ex-seven-suas,CZ,W,waste,emissions_MtCO2,0.0
3008,2028-ex-seven-suas,CZ,W,gas_ccgt,emissions_MtCO2,0.9414351665713648
3009,2028-ex-seven-suas,CZ,W,gas_chp,emissions_MtCO2,0.9609338513875788
3010,2028-ex-seven-suas,CZ,W,biogas,emissions_MtCO2,0.0
3011,2028-ex-seven-suas,CZ,W,lig_sc,emissions_MtCO2,0.4014324958177294
3012,2028-ex-seven-suas,CZ,W,bio,emissions_MtCO2,0.0
3013,2028-ex-seven-suas,CZ,W,gas_eng_chp,emissions_MtCO2,0.4111835339669244
3014,2028-ex-seven-suas,CZ,W,lig,emissions_MtCO2,0.1016171927267098
3015,2028-ex-seven-suas,CZ,W,lig_ex,emissions_MtCO2,3.354900293847979
3016,2028-ex-seven-suas,CZ,W,coal,emissions_MtCO2,0.0
3017,2028-ex-seven-suas,CZ,W,coal_ex,emissions_MtCO2,0.2683181019942914
3018,2028-ex-seven-suas,CZ,W,gas_peak,emissions_MtCO2,0.005986746334365
3019,2028-ex-seven-suas,CZ,W,lig_old,emissions_MtCO2,0.0
3020,2028-ex-seven-suas,CZ,W,b_CHP,emissions_MtCO2,0.0
3021,2028-ex-seven-suas,CZ,W,lig_bp,emissions_MtCO2,2.347971711411958
3022,2028-ex-seven-suas,CZ,W,coal_bp,emissions_MtCO2,0.0
3023,2028-ex-seven-suas,CZ,W,dsr,emissions_MtCO2,0.0
3024,2028-ex-seven-suas,CZ,W,eens,emissions_MtCO2,0.0
3025,2028-ex-seven-suas,CZ,W,h_ror,emissions_MtCO2,0.0
3026,2028-ex-seven-suas,CZ,W,h_dams,emissions_MtCO2,0.0
3027,2028-ex-seven-suas,CZ,W,li,emissions_MtCO2,0.0
3028,2028-ex-seven-suas,CZ,W,pump_open,emissions_MtCO2,0.0
3029,2028-ex-seven-suas,CZ,W,pump,emissions_MtCO2,0.0
3030,2028-ex-seven-suas,CZ,W,TOTAL,emissions_MtCO2,26.9501004787768
3031,2028-ex-seven-suas,CZ,Y,nuclear,power_share_high_value,0.9786385409486282
3032,2028-ex-seven-suas,CZ,Y,solar,power_share_high_value,0.8964303630209196
3033,2028-ex-seven-suas,CZ,Y,onshore,power_share_high_value,0.9783129599015136
3034,2028-ex-seven-suas,CZ,S,nuclear,power_share_high_value,0.9645933345082156
3035,2028-ex-seven-suas,CZ,S,solar,power_share_high_value,0.8762446870257733
3036,2028-ex-seven-suas,CZ,S,onshore,power_share_high_value,0.9566012743470046
3037,2028-ex-seven-suas,CZ,W,nuclear,power_share_high_value,0.9919032770108888
3038,2028-ex-seven-suas,CZ,W,solar,power_share_high_value,0.9400969736492066
3039,2028-ex-seven-suas,CZ,W,onshore,power_share_high_value,0.9916752485438516
3040,2028-ex-seven-suas,CZ,Y,nuclear,power_share_low_value,0.0208577519541271
3041,2028-ex-seven-suas,CZ,Y,solar,power_share_low_value,0.1011529772060757
3042,2028-ex-seven-suas,CZ,Y,onshore,power_share_low_value,0.020631652707136
3043,2028-ex-seven-suas,CZ,S,nuclear,power_share_low_value,0.0346238641962247
3044,2028-ex-seven-suas,CZ,S,solar,power_share_low_value,0.1209396437467108
3045,2028-ex-seven-suas,CZ,S,onshore,power_share_low_value,0.0415585620630652
3046,2028-ex-seven-suas,CZ,W,nuclear,power_share_low_value,0.0078566012576539
3047,2028-ex-seven-suas,CZ,W,solar,power_share_low_value,0.0583495227332401
3048,2028-ex-seven-suas,CZ,W,onshore,power_share_low_value,0.0077523484954044
3049,2028-ex-seven-suas,CZ,Y,nuclear,power_share_zero_value,0.0005037070972446
3050,2028-ex-seven-suas,CZ,Y,solar,power_share_zero_value,0.0024166597730045
3051,2028-ex-seven-suas,CZ,Y,onshore,power_share_zero_value,0.0010553873913505
3052,2028-ex-seven-suas,CZ,S,nuclear,power_share_zero_value,0.0007828012955594
3053,2028-ex-seven-suas,CZ,S,solar,power_share_zero_value,0.0028156692275159
3054,2028-ex-seven-suas,CZ,S,onshore,power_share_zero_value,0.00184016358993
3055,2028-ex-seven-suas,CZ,W,nuclear,power_share_zero_value,0.0002401217314574
3056,2028-ex-seven-suas,CZ,W,solar,power_share_zero_value,0.0015535036175531
3057,2028-ex-seven-suas,CZ,W,onshore,power_share_zero_value,0.0005724029607438
3058,2028-stress,CZ,Y,nuclear,capacity_GW,4.099
3059,2028-stress,CZ,Y,solar,capacity_GW,7.0
3060,2028-stress,CZ,Y,onshore,capacity_GW,0.5
3061,2028-stress,CZ,Y,waste,capacity_GW,0.19575
3062,2028-stress,CZ,Y,gas_ccgt,capacity_GW,0.6174
3063,2028-stress,CZ,Y,gas_chp,capacity_GW,0.7644
3064,2028-stress,CZ,Y,biogas,capacity_GW,0.279
3065,2028-stress,CZ,Y,lig_sc,capacity_GW,0.4356
3066,2028-stress,CZ,Y,bio,capacity_GW,0.0
3067,2028-stress,CZ,Y,gas_eng_chp,capacity_GW,0.33131249999999995
3068,2028-stress,CZ,Y,lig,capacity_GW,0.8632799999999999
3069,2028-stress,CZ,Y,lig_ex,capacity_GW,1.15368
3070,2028-stress,CZ,Y,coal,capacity_GW,0.0
3071,2028-stress,CZ,Y,coal_ex,capacity_GW,0.11484
3072,2028-stress,CZ,Y,gas_peak,capacity_GW,0.096255
3073,2028-stress,CZ,Y,lig_old,capacity_GW,0.0
3074,2028-stress,CZ,Y,b_CHP,capacity_GW,0.20925
3075,2028-stress,CZ,Y,lig_bp,capacity_GW,0.34979999999999994
3076,2028-stress,CZ,Y,coal_bp,capacity_GW,0.0
3077,2028-stress,CZ,Y,dsr,capacity_GW,0.0
3078,2028-stress,CZ,Y,h_ror,capacity_GW,0.415
3079,2028-stress,CZ,Y,h_dams,capacity_GW,0.609
3080,2028-stress,CZ,Y,li,capacity_GW,0.1
3081,2028-stress,CZ,Y,pump_open,capacity_GW,0.47
3082,2028-stress,CZ,Y,pump,capacity_GW,0.678
3083,2028-stress,CZ,Y,TOTAL,capacity_GW,19.281567499999998
3084,2028-stress,CZ,Y,h_ror,capacity_charging_GW,0.0
3085,2028-stress,CZ,Y,h_dams,capacity_charging_GW,0.0
3086,2028-stress,CZ,Y,li,capacity_charging_GW,1.25599
3087,2028-stress,CZ,Y,pump_open,capacity_charging_GW,0.44
3088,2028-stress,CZ,Y,pump,capacity_charging_GW,0.664
3089,2028-stress,CZ,Y,nuclear,capacity_paid_off_GW,0.0
3090,2028-stress,CZ,Y,solar,capacity_paid_off_GW,0.0
3091,2028-stress,CZ,Y,onshore,capacity_paid_off_GW,0.0
3092,2028-stress,CZ,Y,waste,capacity_paid_off_GW,0.0
3093,2028-stress,CZ,Y,gas_ccgt,capacity_paid_off_GW,0.0
3094,2028-stress,CZ,Y,gas_chp,capacity_paid_off_GW,0.0
3095,2028-stress,CZ,Y,biogas,capacity_paid_off_GW,0.0
3096,2028-stress,CZ,Y,lig_sc,capacity_paid_off_GW,0.0
3097,2028-stress,CZ,Y,bio,capacity_paid_off_GW,0.0
3098,2028-stress,CZ,Y,gas_eng_chp,capacity_paid_off_GW,0.0
3099,2028-stress,CZ,Y,lig,capacity_paid_off_GW,0.0
3100,2028-stress,CZ,Y,lig_ex,capacity_paid_off_GW,0.0
3101,2028-stress,CZ,Y,coal,capacity_paid_off_GW,0.0
3102,2028-stress,CZ,Y,coal_ex,capacity_paid_off_GW,0.0
3103,2028-stress,CZ,Y,gas_peak,capacity_paid_off_GW,0.0
3104,2028-stress,CZ,Y,lig_old,capacity_paid_off_GW,0.0
3105,2028-stress,CZ,Y,b_CHP,capacity_paid_off_GW,0.0
3106,2028-stress,CZ,Y,lig_bp,capacity_paid_off_GW,0.0
3107,2028-stress,CZ,Y,coal_bp,capacity_paid_off_GW,0.0
3108,2028-stress,CZ,Y,dsr,capacity_paid_off_GW,0.0
3109,2028-stress,CZ,Y,h_ror,capacity_paid_off_GW,0.0
3110,2028-stress,CZ,Y,h_dams,capacity_paid_off_GW,0.0
3111,2028-stress,CZ,Y,li,capacity_paid_off_GW,0.0
3112,2028-stress,CZ,Y,pump_open,capacity_paid_off_GW,0.0
3113,2028-stress,CZ,Y,pump,capacity_paid_off_GW,0.0
3114,2028-stress,CZ,Y,h_ror,capacity_charging_paid_off_GW,0.0
3115,2028-stress,CZ,Y,h_dams,capacity_charging_paid_off_GW,0.0
3116,2028-stress,CZ,Y,li,capacity_charging_paid_off_GW,0.0
3117,2028-stress,CZ,Y,pump_open,capacity_charging_paid_off_GW,0.0
3118,2028-stress,CZ,Y,pump,capacity_charging_paid_off_GW,0.0
3119,2028-stress,CZ,Y,TOTAL,load_TWh,65.445813863
3120,2028-stress,CZ,S,TOTAL,load_TWh,30.420967933
3121,2028-stress,CZ,W,TOTAL,load_TWh,35.02484593
3122,2028-stress,CZ,Y,TOTAL,import_TWh,18.263097385937012
3123,2028-stress,CZ,S,TOTAL,import_TWh,8.849265724550593
3124,2028-stress,CZ,W,TOTAL,import_TWh,9.41383166138642
3125,2028-stress,CZ,Y,TOTAL,export_TWh,3.632770276318878
3126,2028-stress,CZ,S,TOTAL,export_TWh,2.058652656735215
3127,2028-stress,CZ,W,TOTAL,export_TWh,1.5741176195836633
3128,2028-stress,CZ,Y,TOTAL,net_import_TWh,14.630327109618134
3129,2028-stress,CZ,S,TOTAL,net_import_TWh,6.790613067815378
3130,2028-stress,CZ,W,TOTAL,net_import_TWh,7.839714041802756
3131,2028-stress,CZ,Y,TOTAL,curtailment_TWh,0.0005657727765082673
3132,2028-stress,CZ,S,TOTAL,curtailment_TWh,0.00027595171974025104
3133,2028-stress,CZ,W,TOTAL,curtailment_TWh,0.0002898210567680162
3134,2028-stress,CZ,Y,nuclear,production_TWh,24.13186136693848
3135,2028-stress,CZ,Y,solar,production_TWh,7.288972627569825
3136,2028-stress,CZ,Y,onshore,production_TWh,1.1568520113309682
3137,2028-stress,CZ,Y,waste,production_TWh,1.1431799999998662
3138,2028-stress,CZ,Y,gas_ccgt,production_TWh,4.7046858986732545
3139,2028-stress,CZ,Y,gas_chp,production_TWh,2.929328769295048
3140,2028-stress,CZ,Y,biogas,production_TWh,1.0759763992077052
3141,2028-stress,CZ,Y,lig_sc,production_TWh,0.7674725449162381
3142,2028-stress,CZ,Y,bio,production_TWh,0.0
3143,2028-stress,CZ,Y,gas_eng_chp,production_TWh,1.5478920000001024
3144,2028-stress,CZ,Y,lig,production_TWh,0.6202896485142602
3145,2028-stress,CZ,Y,lig_ex,production_TWh,2.2226160766705703
3146,2028-stress,CZ,Y,coal,production_TWh,0.0
3147,2028-stress,CZ,Y,coal_ex,production_TWh,0.22132018543992593
3148,2028-stress,CZ,Y,gas_peak,production_TWh,0.05022241319457917
3149,2028-stress,CZ,Y,lig_old,production_TWh,0.0
3150,2028-stress,CZ,Y,b_CHP,production_TWh,0.0010190312222222223
3151,2028-stress,CZ,Y,lig_bp,production_TWh,1.6342656000000533
3152,2028-stress,CZ,Y,coal_bp,production_TWh,0.0
3153,2028-stress,CZ,Y,dsr,production_TWh,0.0
3154,2028-stress,CZ,Y,eens,production_TWh,1.4017587091073743e-18
3155,2028-stress,CZ,Y,h_ror,production_TWh,1.0825235333333334
3156,2028-stress,CZ,Y,h_dams,production_TWh,0.6465864285714287
3157,2028-stress,CZ,Y,li,production_TWh,0.09692604161993248
3158,2028-stress,CZ,Y,pump_open,production_TWh,0.4814825397254309
3159,2028-stress,CZ,Y,pump,production_TWh,0.6370776507370278
3160,2028-stress,CZ,Y,TOTAL,production_TWh,52.440550766960264
3161,2028-stress,CZ,S,nuclear,production_TWh,11.663389397825554
3162,2028-stress,CZ,S,solar,production_TWh,4.984703703493123
3163,2028-stress,CZ,S,onshore,production_TWh,0.4407310789794552
3164,2028-stress,CZ,S,waste,production_TWh,0.46290395149181307
3165,2028-stress,CZ,S,gas_ccgt,production_TWh,2.180496933674979
3166,2028-stress,CZ,S,gas_chp,production_TWh,0.8144642763500142
3167,2028-stress,CZ,S,biogas,production_TWh,0.3830726022512612
3168,2028-stress,CZ,S,lig_sc,production_TWh,0.0
3169,2028-stress,CZ,S,bio,production_TWh,0.0
3170,2028-stress,CZ,S,gas_eng_chp,production_TWh,0.6728200934634739
3171,2028-stress,CZ,S,lig,production_TWh,0.0
3172,2028-stress,CZ,S,lig_ex,production_TWh,0.8040470682312416
3173,2028-stress,CZ,S,coal,production_TWh,0.0
3174,2028-stress,CZ,S,coal_ex,production_TWh,0.11713819564683688
3175,2028-stress,CZ,S,gas_peak,production_TWh,0.0
3176,2028-stress,CZ,S,lig_old,production_TWh,0.0
3177,2028-stress,CZ,S,b_CHP,production_TWh,-5.494863823207459e-20
3178,2028-stress,CZ,S,lig_bp,production_TWh,0.46042630665816686
3179,2028-stress,CZ,S,coal_bp,production_TWh,0.0
3180,2028-stress,CZ,S,dsr,production_TWh,0.0
3181,2028-stress,CZ,S,eens,production_TWh,1.4657075553257834e-18
3182,2028-stress,CZ,S,h_ror,production_TWh,0.5381960208333333
3183,2028-stress,CZ,S,h_dams,production_TWh,0.36625331805167105
3184,2028-stress,CZ,S,li,production_TWh,0.03984158252194502
3185,2028-stress,CZ,S,pump_open,production_TWh,0.2900954806287933
3186,2028-stress,CZ,S,pump,production_TWh,0.40048935827016785
3187,2028-stress,CZ,S,TOTAL,production_TWh,104.88110153392053
3188,2028-stress,CZ,W,nuclear,production_TWh,12.468471969112926
3189,2028-stress,CZ,W,solar,production_TWh,2.3042689240767014
3190,2028-stress,CZ,W,onshore,production_TWh,0.7161209323515131
3191,2028-stress,CZ,W,waste,production_TWh,0.6802760485080529
3192,2028-stress,CZ,W,gas_ccgt,production_TWh,2.5241889649982747
3193,2028-stress,CZ,W,gas_chp,production_TWh,2.1148644929450335
3194,2028-stress,CZ,W,biogas,production_TWh,0.6929037969564439
3195,2028-stress,CZ,W,lig_sc,production_TWh,0.767472544916238
3196,2028-stress,CZ,W,bio,production_TWh,0.0
3197,2028-stress,CZ,W,gas_eng_chp,production_TWh,0.8750719065366287
3198,2028-stress,CZ,W,lig,production_TWh,0.6202896485142602
3199,2028-stress,CZ,W,lig_ex,production_TWh,1.4185690084393285
3200,2028-stress,CZ,W,coal,production_TWh,0.0
3201,2028-stress,CZ,W,coal_ex,production_TWh,0.10418198979308906
3202,2028-stress,CZ,W,gas_peak,production_TWh,0.05022241319457917
3203,2028-stress,CZ,W,lig_old,production_TWh,0.0
3204,2028-stress,CZ,W,b_CHP,production_TWh,0.0010190312222222223
3205,2028-stress,CZ,W,lig_bp,production_TWh,1.1738392933418862
3206,2028-stress,CZ,W,coal_bp,production_TWh,0.0
3207,2028-stress,CZ,W,dsr,production_TWh,0.0
3208,2028-stress,CZ,W,eens,production_TWh,-6.394884621840902e-20
3209,2028-stress,CZ,W,h_ror,production_TWh,0.5443275125
3210,2028-stress,CZ,W,h_dams,production_TWh,0.28033311051975757
3211,2028-stress,CZ,W,li,production_TWh,0.05708445909798746
3212,2028-stress,CZ,W,pump_open,production_TWh,0.19138705909663764
3213,2028-stress,CZ,W,pump,production_TWh,0.2365882924668602
3214,2028-stress,CZ,W,TOTAL,production_TWh,104.88110153392053
3215,2028-stress,CZ,Y,gas_chp,production_el_eq_TWh,3.5712767999998145
3216,2028-stress,CZ,Y,gas_eng_chp,production_el_eq_TWh,1.5478920000001024
3217,2028-stress,CZ,Y,lig_ex,production_el_eq_TWh,5.389992959999881
3218,2028-stress,CZ,Y,coal_ex,production_el_eq_TWh,0.536532479999974
3219,2028-stress,CZ,Y,b_CHP,production_el_eq_TWh,0.002547578055555556
3220,2028-stress,CZ,Y,lig_bp,production_el_eq_TWh,1.6342656000000533
3221,2028-stress,CZ,Y,coal_bp,production_el_eq_TWh,0.0
3222,2028-stress,CZ,Y,eens,production_el_eq_TWh,0.0
3223,2028-stress,CZ,S,gas_chp,production_el_eq_TWh,1.0984778152533208
3224,2028-stress,CZ,S,gas_eng_chp,production_el_eq_TWh,0.6728200934634739
3225,2028-stress,CZ,S,lig_ex,production_el_eq_TWh,2.0078552832324106
3226,2028-stress,CZ,S,coal_ex,production_el_eq_TWh,0.29268980520117244
3227,2028-stress,CZ,S,b_CHP,production_el_eq_TWh,-1.3737159558018656e-19
3228,2028-stress,CZ,S,lig_bp,production_el_eq_TWh,0.46042630665816686
3229,2028-stress,CZ,S,coal_bp,production_el_eq_TWh,0.0
3230,2028-stress,CZ,S,eens,production_el_eq_TWh,0.0
3231,2028-stress,CZ,W,gas_chp,production_el_eq_TWh,2.4727989847464937
3232,2028-stress,CZ,W,gas_eng_chp,production_el_eq_TWh,0.8750719065366287
3233,2028-stress,CZ,W,lig_ex,production_el_eq_TWh,3.3821376767674702
3234,2028-stress,CZ,W,coal_ex,production_el_eq_TWh,0.24384267479880153
3235,2028-stress,CZ,W,b_CHP,production_el_eq_TWh,0.002547578055555556
3236,2028-stress,CZ,W,lig_bp,production_el_eq_TWh,1.1738392933418862
3237,2028-stress,CZ,W,coal_bp,production_el_eq_TWh,0.0
3238,2028-stress,CZ,W,eens,production_el_eq_TWh,0.0
3239,2028-stress,CZ,Y,solar,production_used_TWh,7.288972627569825
3240,2028-stress,CZ,Y,onshore,production_used_TWh,1.1568520113309682
3241,2028-stress,CZ,S,solar,production_used_TWh,4.984703703493123
3242,2028-stress,CZ,S,onshore,production_used_TWh,0.4407310789794552
3243,2028-stress,CZ,W,solar,production_used_TWh,2.3042689240767014
3244,2028-stress,CZ,W,onshore,production_used_TWh,0.7161209323515131
3245,2028-stress,CZ,Y,solar,production_excess_TWh,0.0
3246,2028-stress,CZ,Y,onshore,production_excess_TWh,0.0
3247,2028-stress,CZ,S,solar,production_excess_TWh,0.0
3248,2028-stress,CZ,S,onshore,production_excess_TWh,0.0
3249,2028-stress,CZ,W,solar,production_excess_TWh,0.0
3250,2028-stress,CZ,W,onshore,production_excess_TWh,0.0
3251,2028-stress,CZ,Y,h_ror,discharged_TWh,1.0825235333333334
3252,2028-stress,CZ,Y,h_dams,discharged_TWh,0.6465864285714287
3253,2028-stress,CZ,Y,li,discharged_TWh,0.09692604161993248
3254,2028-stress,CZ,Y,pump_open,discharged_TWh,0.4814825397254309
3255,2028-stress,CZ,Y,pump,discharged_TWh,0.6370776507370278
3256,2028-stress,CZ,Y,TOTAL,discharged_TWh,2.944596193987153
3257,2028-stress,CZ,S,h_ror,discharged_TWh,0.5381960208333333
3258,2028-stress,CZ,S,h_dams,discharged_TWh,0.36625331805167105
3259,2028-stress,CZ,S,li,discharged_TWh,0.03984158252194502
3260,2028-stress,CZ,S,pump_open,discharged_TWh,0.2900954806287933
3261,2028-stress,CZ,S,pump,discharged_TWh,0.40048935827016785
3262,2028-stress,CZ,S,TOTAL,discharged_TWh,5.889192387974306
3263,2028-stress,CZ,W,h_ror,discharged_TWh,0.5443275125
3264,2028-stress,CZ,W,h_dams,discharged_TWh,0.28033311051975757
3265,2028-stress,CZ,W,li,discharged_TWh,0.05708445909798746
3266,2028-stress,CZ,W,pump_open,discharged_TWh,0.19138705909663764
3267,2028-stress,CZ,W,pump,discharged_TWh,0.2365882924668602
3268,2028-stress,CZ,W,TOTAL,discharged_TWh,5.889192387974306
3269,2028-stress,CZ,Y,h_ror,charged_TWh,0.0
3270,2028-stress,CZ,Y,h_dams,charged_TWh,0.0
3271,2028-stress,CZ,Y,li,charged_TWh,0.11283607150877925
3272,2028-stress,CZ,Y,pump_open,charged_TWh,0.6268320988250032
3273,2028-stress,CZ,Y,pump,charged_TWh,0.8848300704680945
3274,2028-stress,CZ,Y,TOTAL,charged_TWh,1.624498240801877
3275,2028-stress,CZ,S,h_ror,charged_TWh,0.0
3276,2028-stress,CZ,S,h_dams,charged_TWh,0.0
3277,2028-stress,CZ,S,li,charged_TWh,0.04920122949661521
3278,2028-stress,CZ,S,pump_open,charged_TWh,0.38231433299473366
3279,2028-stress,CZ,S,pump,charged_TWh,0.5569229889761189
3280,2028-stress,CZ,S,TOTAL,charged_TWh,3.248996481603754
3281,2028-stress,CZ,W,h_ror,charged_TWh,0.0
3282,2028-stress,CZ,W,h_dams,charged_TWh,0.0
3283,2028-stress,CZ,W,li,charged_TWh,0.06363484201216404
3284,2028-stress,CZ,W,pump_open,charged_TWh,0.24451776583026952
3285,2028-stress,CZ,W,pump,charged_TWh,0.32790708149197534
3286,2028-stress,CZ,W,TOTAL,charged_TWh,3.248996481603754
3287,2028-stress,CZ,Y,h_ror,inflow_TWh,1.085317
3288,2028-stress,CZ,Y,h_dams,inflow_TWh,0.6465864285714287
3289,2028-stress,CZ,Y,pump_open,inflow_TWh,0.030163428571428574
3290,2028-stress,CZ,S,h_ror,inflow_TWh,0.54068
3291,2028-stress,CZ,S,h_dams,inflow_TWh,0.366456
3292,2028-stress,CZ,S,pump_open,inflow_TWh,0.014669
3293,2028-stress,CZ,W,h_ror,inflow_TWh,0.544637
3294,2028-stress,CZ,W,h_dams,inflow_TWh,0.2801304285714285
3295,2028-stress,CZ,W,pump_open,inflow_TWh,0.015494428571428569
3296,2028-stress,CZ,Y,gas_chp,heat_production_PJ,4.622025821074324
3297,2028-stress,CZ,Y,gas_eng_chp,heat_production_PJ,5.572411200000369
3298,2028-stress,CZ,Y,lig_ex,heat_production_PJ,31.927158983959444
3299,2028-stress,CZ,Y,coal_ex,heat_production_PJ,3.177339929165284
3300,2028-stress,CZ,Y,b_CHP,heat_production_PJ,0.016508305800000005
3301,2028-stress,CZ,Y,lig_bp,heat_production_PJ,17.650068480000574
3302,2028-stress,CZ,Y,coal_bp,heat_production_PJ,0.0
3303,2028-stress,CZ,Y,eens,heat_production_PJ,-5.046331352786548e-18
3304,2028-stress,CZ,S,gas_chp,heat_production_PJ,2.044897480103807
3305,2028-stress,CZ,S,gas_eng_chp,heat_production_PJ,2.422152336468506
3306,2028-stress,CZ,S,lig_ex,heat_production_PJ,12.134386807211781
3307,2028-stress,CZ,S,coal_ex,heat_production_PJ,1.7695602243077024
3308,2028-stress,CZ,S,b_CHP,heat_production_PJ,-8.901679393596098e-19
3309,2028-stress,CZ,S,lig_bp,heat_production_PJ,4.972604111908203
3310,2028-stress,CZ,S,coal_bp,heat_production_PJ,0.0
3311,2028-stress,CZ,S,eens,heat_production_PJ,-5.27654719917282e-18
3312,2028-stress,CZ,W,gas_chp,heat_production_PJ,2.577128340970517
3313,2028-stress,CZ,W,gas_eng_chp,heat_production_PJ,3.1502588635318634
3314,2028-stress,CZ,W,lig_ex,heat_production_PJ,19.79277217674767
3315,2028-stress,CZ,W,coal_ex,heat_production_PJ,1.4077797048575817
3316,2028-stress,CZ,W,b_CHP,heat_production_PJ,0.016508305800000005
3317,2028-stress,CZ,W,lig_bp,heat_production_PJ,12.67746436809237
3318,2028-stress,CZ,W,coal_bp,heat_production_PJ,0.0
3319,2028-stress,CZ,W,eens,heat_production_PJ,2.3021584638627247e-19
3320,2028-stress,CZ,Y,waste,production_hours,6679.0
3321,2028-stress,CZ,Y,gas_ccgt,production_hours,7926.0
3322,2028-stress,CZ,Y,gas_chp,production_hours,8111.0
3323,2028-stress,CZ,Y,biogas,production_hours,4237.0
3324,2028-stress,CZ,Y,lig_sc,production_hours,2003.0
3325,2028-stress,CZ,Y,bio,production_hours,0.0
3326,2028-stress,CZ,Y,gas_eng_chp,production_hours,5403.0
3327,2028-stress,CZ,Y,lig,production_hours,1072.0
3328,2028-stress,CZ,Y,lig_ex,production_hours,8760.0
3329,2028-stress,CZ,Y,coal,production_hours,0.0
3330,2028-stress,CZ,Y,coal_ex,production_hours,8507.0
3331,2028-stress,CZ,Y,gas_peak,production_hours,657.0
3332,2028-stress,CZ,Y,lig_old,production_hours,0.0
3333,2028-stress,CZ,Y,b_CHP,production_hours,40.0
3334,2028-stress,CZ,Y,lig_bp,production_hours,6923.0
3335,2028-stress,CZ,Y,coal_bp,production_hours,0.0
3336,2028-stress,CZ,Y,dsr,production_hours,0.0
3337,2028-stress,CZ,Y,eens,production_hours,0.0
3338,2028-stress,CZ,Y,h_ror,production_hours,8760.0
3339,2028-stress,CZ,Y,h_dams,production_hours,8760.0
3340,2028-stress,CZ,Y,li,production_hours,1088.0
3341,2028-stress,CZ,Y,pump_open,production_hours,1588.0
3342,2028-stress,CZ,Y,pump,production_hours,1294.0
3343,2028-stress,CZ,S,waste,production_hours,2917.0
3344,2028-stress,CZ,S,gas_ccgt,production_hours,3776.0
3345,2028-stress,CZ,S,gas_chp,production_hours,3822.0
3346,2028-stress,CZ,S,biogas,production_hours,1537.0
3347,2028-stress,CZ,S,lig_sc,production_hours,0.0
3348,2028-stress,CZ,S,bio,production_hours,0.0
3349,2028-stress,CZ,S,gas_eng_chp,production_hours,2364.0
3350,2028-stress,CZ,S,lig,production_hours,0.0
3351,2028-stress,CZ,S,lig_ex,production_hours,4368.0
3352,2028-stress,CZ,S,coal,production_hours,0.0
3353,2028-stress,CZ,S,coal_ex,production_hours,4368.0
3354,2028-stress,CZ,S,gas_peak,production_hours,0.0
3355,2028-stress,CZ,S,lig_old,production_hours,0.0
3356,2028-stress,CZ,S,b_CHP,production_hours,0.0
3357,2028-stress,CZ,S,lig_bp,production_hours,2617.0
3358,2028-stress,CZ,S,coal_bp,production_hours,0.0
3359,2028-stress,CZ,S,dsr,production_hours,0.0
3360,2028-stress,CZ,S,eens,production_hours,0.0
3361,2028-stress,CZ,S,h_ror,production_hours,4368.0
3362,2028-stress,CZ,S,h_dams,production_hours,4368.0
3363,2028-stress,CZ,S,li,production_hours,443.0
3364,2028-stress,CZ,S,pump_open,production_hours,936.0
3365,2028-stress,CZ,S,pump,production_hours,795.0
3366,2028-stress,CZ,W,waste,production_hours,3762.0
3367,2028-stress,CZ,W,gas_ccgt,production_hours,4150.0
3368,2028-stress,CZ,W,gas_chp,production_hours,4289.0
3369,2028-stress,CZ,W,biogas,production_hours,2700.0
3370,2028-stress,CZ,W,lig_sc,production_hours,2003.0
3371,2028-stress,CZ,W,bio,production_hours,0.0
3372,2028-stress,CZ,W,gas_eng_chp,production_hours,3039.0
3373,2028-stress,CZ,W,lig,production_hours,1072.0
3374,2028-stress,CZ,W,lig_ex,production_hours,4392.0
3375,2028-stress,CZ,W,coal,production_hours,0.0
3376,2028-stress,CZ,W,coal_ex,production_hours,4139.0
3377,2028-stress,CZ,W,gas_peak,production_hours,657.0
3378,2028-stress,CZ,W,lig_old,production_hours,0.0
3379,2028-stress,CZ,W,b_CHP,production_hours,40.0
3380,2028-stress,CZ,W,lig_bp,production_hours,4306.0
3381,2028-stress,CZ,W,coal_bp,production_hours,0.0
3382,2028-stress,CZ,W,dsr,production_hours,0.0
3383,2028-stress,CZ,W,eens,production_hours,0.0
3384,2028-stress,CZ,W,h_ror,production_hours,4392.0
3385,2028-stress,CZ,W,h_dams,production_hours,4392.0
3386,2028-stress,CZ,W,li,production_hours,645.0
3387,2028-stress,CZ,W,pump_open,production_hours,652.0
3388,2028-stress,CZ,W,pump,production_hours,499.0
3389,2028-stress,CZ,Y,nuclear,capex_mn_EUR_per_yr,2738.4690791124917
3390,2028-stress,CZ,Y,solar,capex_mn_EUR_per_yr,362.97951645653444
3391,2028-stress,CZ,Y,onshore,capex_mn_EUR_per_yr,68.82996852045387
3392,2028-stress,CZ,Y,waste,capex_mn_EUR_per_yr,228.2938717209026
3393,2028-stress,CZ,Y,gas_ccgt,capex_mn_EUR_per_yr,76.18061222457844
3394,2028-stress,CZ,Y,gas_chp,capex_mn_EUR_per_yr,138.841538451773
3395,2028-stress,CZ,Y,biogas,capex_mn_EUR_per_yr,16.217086196531145
3396,2028-stress,CZ,Y,lig_sc,capex_mn_EUR_per_yr,144.15255774515765
3397,2028-stress,CZ,Y,bio,capex_mn_EUR_per_yr,0.0
3398,2028-stress,CZ,Y,gas_eng_chp,capex_mn_EUR_per_yr,22.59441391073202
3399,2028-stress,CZ,Y,lig,capex_mn_EUR_per_yr,285.68415989494883
3400,2028-stress,CZ,Y,lig_ex,capex_mn_EUR_per_yr,381.78586505838734
3401,2028-stress,CZ,Y,coal,capex_mn_EUR_per_yr,0.0
3402,2028-stress,CZ,Y,coal_ex,capex_mn_EUR_per_yr,26.048184884115727
3403,2028-stress,CZ,Y,gas_peak,capex_mn_EUR_per_yr,7.893982066856129
3404,2028-stress,CZ,Y,lig_old,capex_mn_EUR_per_yr,0.0
3405,2028-stress,CZ,Y,b_CHP,capex_mn_EUR_per_yr,109.81713302115291
3406,2028-stress,CZ,Y,lig_bp,capex_mn_EUR_per_yr,115.75887212868723
3407,2028-stress,CZ,Y,coal_bp,capex_mn_EUR_per_yr,0.0
3408,2028-stress,CZ,Y,dsr,capex_mn_EUR_per_yr,0.0
3409,2028-stress,CZ,Y,h_ror,capex_mn_EUR_per_yr,84.30517292657983
3410,2028-stress,CZ,Y,h_dams,capex_mn_EUR_per_yr,123.71530195731836
3411,2028-stress,CZ,Y,li,capex_mn_EUR_per_yr,4.011568788183623
3412,2028-stress,CZ,Y,pump_open,capex_mn_EUR_per_yr,95.47814765178921
3413,2028-stress,CZ,Y,pump,capex_mn_EUR_per_yr,137.73230661258106
3414,2028-stress,CZ,S,nuclear,capex_mn_EUR_per_yr,2738.4690791124917
3415,2028-stress,CZ,S,solar,capex_mn_EUR_per_yr,362.97951645653444
3416,2028-stress,CZ,S,onshore,capex_mn_EUR_per_yr,68.82996852045387
3417,2028-stress,CZ,S,waste,capex_mn_EUR_per_yr,228.2938717209026
3418,2028-stress,CZ,S,gas_ccgt,capex_mn_EUR_per_yr,76.18061222457844
3419,2028-stress,CZ,S,gas_chp,capex_mn_EUR_per_yr,138.841538451773
3420,2028-stress,CZ,S,biogas,capex_mn_EUR_per_yr,16.217086196531145
3421,2028-stress,CZ,S,lig_sc,capex_mn_EUR_per_yr,144.15255774515765
3422,2028-stress,CZ,S,bio,capex_mn_EUR_per_yr,0.0
3423,2028-stress,CZ,S,gas_eng_chp,capex_mn_EUR_per_yr,22.59441391073202
3424,2028-stress,CZ,S,lig,capex_mn_EUR_per_yr,285.68415989494883
3425,2028-stress,CZ,S,lig_ex,capex_mn_EUR_per_yr,381.78586505838734
3426,2028-stress,CZ,S,coal,capex_mn_EUR_per_yr,0.0
3427,2028-stress,CZ,S,coal_ex,capex_mn_EUR_per_yr,26.048184884115727
3428,2028-stress,CZ,S,gas_peak,capex_mn_EUR_per_yr,7.893982066856129
3429,2028-stress,CZ,S,lig_old,capex_mn_EUR_per_yr,0.0
3430,2028-stress,CZ,S,b_CHP,capex_mn_EUR_per_yr,109.81713302115291
3431,2028-stress,CZ,S,lig_bp,capex_mn_EUR_per_yr,115.75887212868723
3432,2028-stress,CZ,S,coal_bp,capex_mn_EUR_per_yr,0.0
3433,2028-stress,CZ,S,dsr,capex_mn_EUR_per_yr,0.0
3434,2028-stress,CZ,S,h_ror,capex_mn_EUR_per_yr,84.30517292657983
3435,2028-stress,CZ,S,h_dams,capex_mn_EUR_per_yr,123.71530195731836
3436,2028-stress,CZ,S,li,capex_mn_EUR_per_yr,4.011568788183623
3437,2028-stress,CZ,S,pump_open,capex_mn_EUR_per_yr,95.47814765178921
3438,2028-stress,CZ,S,pump,capex_mn_EUR_per_yr,137.73230661258106
3439,2028-stress,CZ,W,nuclear,capex_mn_EUR_per_yr,2738.4690791124917
3440,2028-stress,CZ,W,solar,capex_mn_EUR_per_yr,362.97951645653444
3441,2028-stress,CZ,W,onshore,capex_mn_EUR_per_yr,68.82996852045387
3442,2028-stress,CZ,W,waste,capex_mn_EUR_per_yr,228.2938717209026
3443,2028-stress,CZ,W,gas_ccgt,capex_mn_EUR_per_yr,76.18061222457844
3444,2028-stress,CZ,W,gas_chp,capex_mn_EUR_per_yr,138.841538451773
3445,2028-stress,CZ,W,biogas,capex_mn_EUR_per_yr,16.217086196531145
3446,2028-stress,CZ,W,lig_sc,capex_mn_EUR_per_yr,144.15255774515765
3447,2028-stress,CZ,W,bio,capex_mn_EUR_per_yr,0.0
3448,2028-stress,CZ,W,gas_eng_chp,capex_mn_EUR_per_yr,22.59441391073202
3449,2028-stress,CZ,W,lig,capex_mn_EUR_per_yr,285.68415989494883
3450,2028-stress,CZ,W,lig_ex,capex_mn_EUR_per_yr,381.78586505838734
3451,2028-stress,CZ,W,coal,capex_mn_EUR_per_yr,0.0
3452,2028-stress,CZ,W,coal_ex,capex_mn_EUR_per_yr,26.048184884115727
3453,2028-stress,CZ,W,gas_peak,capex_mn_EUR_per_yr,7.893982066856129
3454,2028-stress,CZ,W,lig_old,capex_mn_EUR_per_yr,0.0
3455,2028-stress,CZ,W,b_CHP,capex_mn_EUR_per_yr,109.81713302115291
3456,2028-stress,CZ,W,lig_bp,capex_mn_EUR_per_yr,115.75887212868723
3457,2028-stress,CZ,W,coal_bp,capex_mn_EUR_per_yr,0.0
3458,2028-stress,CZ,W,dsr,capex_mn_EUR_per_yr,0.0
3459,2028-stress,CZ,W,h_ror,capex_mn_EUR_per_yr,84.30517292657983
3460,2028-stress,CZ,W,h_dams,capex_mn_EUR_per_yr,123.71530195731836
3461,2028-stress,CZ,W,li,capex_mn_EUR_per_yr,4.011568788183623
3462,2028-stress,CZ,W,pump_open,capex_mn_EUR_per_yr,95.47814765178921
3463,2028-stress,CZ,W,pump,capex_mn_EUR_per_yr,137.73230661258106
3464,2028-stress,CZ,Y,nuclear,opex_mn_EUR,494.9444766359082
3465,2028-stress,CZ,Y,solar,opex_mn_EUR,0.0
3466,2028-stress,CZ,Y,onshore,opex_mn_EUR,0.0
3467,2028-stress,CZ,Y,waste,opex_mn_EUR,46.0311062093927
3468,2028-stress,CZ,Y,gas_ccgt,opex_mn_EUR,400.89879693980095
3469,2028-stress,CZ,Y,gas_chp,opex_mn_EUR,256.0619271498411
3470,2028-stress,CZ,Y,biogas,opex_mn_EUR,106.56222112077837
3471,2028-stress,CZ,Y,lig_sc,opex_mn_EUR,80.4917698850003
3472,2028-stress,CZ,Y,bio,opex_mn_EUR,0.0
3473,2028-stress,CZ,Y,gas_eng_chp,opex_mn_EUR,167.56790840001105
3474,2028-stress,CZ,Y,lig,opex_mn_EUR,70.7949102301521
3475,2028-stress,CZ,Y,lig_ex,opex_mn_EUR,247.7141746959398
3476,2028-stress,CZ,Y,coal,opex_mn_EUR,0.0
3477,2028-stress,CZ,Y,coal_ex,opex_mn_EUR,24.91287522273627
3478,2028-stress,CZ,Y,gas_peak,opex_mn_EUR,6.133360454961897
3479,2028-stress,CZ,Y,lig_old,opex_mn_EUR,0.0
3480,2028-stress,CZ,Y,b_CHP,opex_mn_EUR,0.2061493427744856
3481,2028-stress,CZ,Y,lig_bp,opex_mn_EUR,359.11100186444355
3482,2028-stress,CZ,Y,coal_bp,opex_mn_EUR,0.0
3483,2028-stress,CZ,Y,dsr,opex_mn_EUR,0.0
3484,2028-stress,CZ,Y,h_ror,opex_mn_EUR,2.165047066666667
3485,2028-stress,CZ,Y,h_dams,opex_mn_EUR,1.939759285714286
3486,2028-stress,CZ,Y,li,opex_mn_EUR,0.48463020809966245
3487,2028-stress,CZ,Y,pump_open,opex_mn_EUR,1.9259301589017237
3488,2028-stress,CZ,Y,pump,opex_mn_EUR,2.5483106029481113
3489,2028-stress,CZ,S,nuclear,opex_mn_EUR,239.2161165494021
3490,2028-stress,CZ,S,solar,opex_mn_EUR,0.0
3491,2028-stress,CZ,S,onshore,opex_mn_EUR,0.0
3492,2028-stress,CZ,S,waste,opex_mn_EUR,19.23165782492006
3493,2028-stress,CZ,S,gas_ccgt,opex_mn_EUR,187.4528517468205
3494,2028-stress,CZ,S,gas_chp,opex_mn_EUR,71.71463551644463
3495,2028-stress,CZ,S,biogas,opex_mn_EUR,38.064792407590375
3496,2028-stress,CZ,S,lig_sc,opex_mn_EUR,0.0
3497,2028-stress,CZ,S,bio,opex_mn_EUR,0.0
3498,2028-stress,CZ,S,gas_eng_chp,opex_mn_EUR,72.83651300682918
3499,2028-stress,CZ,S,lig,opex_mn_EUR,0.0
3500,2028-stress,CZ,S,lig_ex,opex_mn_EUR,89.63535137970491
3501,2028-stress,CZ,S,coal,opex_mn_EUR,0.0
3502,2028-stress,CZ,S,coal_ex,opex_mn_EUR,13.182511305234053
3503,2028-stress,CZ,S,gas_peak,opex_mn_EUR,0.0
3504,2028-stress,CZ,S,lig_old,opex_mn_EUR,0.0
3505,2028-stress,CZ,S,b_CHP,opex_mn_EUR,-2.5916248022729095e-18
3506,2028-stress,CZ,S,lig_bp,opex_mn_EUR,101.66453454077583
3507,2028-stress,CZ,S,coal_bp,opex_mn_EUR,0.0
3508,2028-stress,CZ,S,dsr,opex_mn_EUR,0.0
3509,2028-stress,CZ,S,h_ror,opex_mn_EUR,
3510,2028-stress,CZ,S,h_dams,opex_mn_EUR,1.098759954155013
3511,2028-stress,CZ,S,li,opex_mn_EUR,0.1992079126097251
3512,2028-stress,CZ,S,pump_open,opex_mn_EUR,1.1603819225151732
3513,2028-stress,CZ,S,pump,opex_mn_EUR,1.6019574330806714
3514,2028-stress,CZ,W,nuclear,opex_mn_EUR,255.72836008650606
3515,2028-stress,CZ,W,solar,opex_mn_EUR,0.0
3516,2028-stress,CZ,W,onshore,opex_mn_EUR,0.0
3517,2028-stress,CZ,W,waste,opex_mn_EUR,26.799448384472644
3518,2028-stress,CZ,W,gas_ccgt,opex_mn_EUR,213.44594519298033
3519,2028-stress,CZ,W,gas_chp,opex_mn_EUR,184.3472916333964
3520,2028-stress,CZ,W,biogas,opex_mn_EUR,68.49742871318801
3521,2028-stress,CZ,W,lig_sc,opex_mn_EUR,80.49176988500028
3522,2028-stress,CZ,W,bio,opex_mn_EUR,0.0
3523,2028-stress,CZ,W,gas_eng_chp,opex_mn_EUR,94.73139539318193
3524,2028-stress,CZ,W,lig,opex_mn_EUR,70.7949102301521
3525,2028-stress,CZ,W,lig_ex,opex_mn_EUR,158.07882331623486
3526,2028-stress,CZ,W,coal,opex_mn_EUR,0.0
3527,2028-stress,CZ,W,coal_ex,opex_mn_EUR,11.730363917502222
3528,2028-stress,CZ,W,gas_peak,opex_mn_EUR,6.133360454961897
3529,2028-stress,CZ,W,lig_old,opex_mn_EUR,0.0
3530,2028-stress,CZ,W,b_CHP,opex_mn_EUR,0.2061493427744856
3531,2028-stress,CZ,W,lig_bp,opex_mn_EUR,257.44646732366766
3532,2028-stress,CZ,W,coal_bp,opex_mn_EUR,0.0
3533,2028-stress,CZ,W,dsr,opex_mn_EUR,0.0
3534,2028-stress,CZ,W,h_ror,opex_mn_EUR,1.088655025
3535,2028-stress,CZ,W,h_dams,opex_mn_EUR,0.8409993315592728
3536,2028-stress,CZ,W,li,opex_mn_EUR,0.2854222954899373
3537,2028-stress,CZ,W,pump_open,opex_mn_EUR,0.7655482363865506
3538,2028-stress,CZ,W,pump,opex_mn_EUR,0.9463531698674408
3539,2028-stress,CZ,Y,h_ror,wholesale_expenses_mn_EUR,0.0
3540,2028-stress,CZ,Y,h_dams,wholesale_expenses_mn_EUR,0.0
3541,2028-stress,CZ,Y,li,wholesale_expenses_mn_EUR,7.7610387251889055
3542,2028-stress,CZ,Y,pump_open,wholesale_expenses_mn_EUR,35.24477104929903
3543,2028-stress,CZ,Y,pump,wholesale_expenses_mn_EUR,48.73801288457408
3544,2028-stress,CZ,Y,IMPORT_EXPORT,wholesale_expenses_mn_EUR,1350.8151376215421
3545,2028-stress,CZ,S,h_ror,wholesale_expenses_mn_EUR,0.0
3546,2028-stress,CZ,S,h_dams,wholesale_expenses_mn_EUR,0.0
3547,2028-stress,CZ,S,li,wholesale_expenses_mn_EUR,2.5937043384542373
3548,2028-stress,CZ,S,pump_open,wholesale_expenses_mn_EUR,19.75444109802192
3549,2028-stress,CZ,S,pump,wholesale_expenses_mn_EUR,28.591928748543822
3550,2028-stress,CZ,S,IMPORT_EXPORT,wholesale_expenses_mn_EUR,580.1489947940622
3551,2028-stress,CZ,W,h_ror,wholesale_expenses_mn_EUR,0.0
3552,2028-stress,CZ,W,h_dams,wholesale_expenses_mn_EUR,0.0
3553,2028-stress,CZ,W,li,wholesale_expenses_mn_EUR,5.167334386734669
3554,2028-stress,CZ,W,pump_open,wholesale_expenses_mn_EUR,15.490329951277111
3555,2028-stress,CZ,W,pump,wholesale_expenses_mn_EUR,20.14608413603026
3556,2028-stress,CZ,W,IMPORT_EXPORT,wholesale_expenses_mn_EUR,770.66614282748
3557,2028-stress,CZ,Y,nuclear,wholesale_revenues_mn_EUR,2250.3260459670596
3558,2028-stress,CZ,Y,solar,wholesale_revenues_mn_EUR,495.0875070479381
3559,2028-stress,CZ,Y,onshore,wholesale_revenues_mn_EUR,102.95926054244843
3560,2028-stress,CZ,Y,waste,wholesale_revenues_mn_EUR,119.24920885730265
3561,2028-stress,CZ,Y,gas_ccgt,wholesale_revenues_mn_EUR,465.4461643304896
3562,2028-stress,CZ,Y,gas_chp,wholesale_revenues_mn_EUR,312.33080262241384
3563,2028-stress,CZ,Y,biogas,wholesale_revenues_mn_EUR,119.15607875293237
3564,2028-stress,CZ,Y,lig_sc,wholesale_revenues_mn_EUR,88.02007008575073
3565,2028-stress,CZ,Y,bio,wholesale_revenues_mn_EUR,0.0
3566,2028-stress,CZ,Y,gas_eng_chp,wholesale_revenues_mn_EUR,167.62114276053893
3567,2028-stress,CZ,Y,lig,wholesale_revenues_mn_EUR,77.73777387781239
3568,2028-stress,CZ,Y,lig_ex,wholesale_revenues_mn_EUR,212.16845552474084
3569,2028-stress,CZ,Y,coal,wholesale_revenues_mn_EUR,0.0
3570,2028-stress,CZ,Y,coal_ex,wholesale_revenues_mn_EUR,21.08241402659302
3571,2028-stress,CZ,Y,gas_peak,wholesale_revenues_mn_EUR,6.947712455271207
3572,2028-stress,CZ,Y,lig_old,wholesale_revenues_mn_EUR,0.0
3573,2028-stress,CZ,Y,b_CHP,wholesale_revenues_mn_EUR,0.598189738812452
3574,2028-stress,CZ,Y,lig_bp,wholesale_revenues_mn_EUR,165.50683739907453
3575,2028-stress,CZ,Y,coal_bp,wholesale_revenues_mn_EUR,0.0
3576,2028-stress,CZ,Y,dsr,wholesale_revenues_mn_EUR,0.0
3577,2028-stress,CZ,Y,h_ror,wholesale_revenues_mn_EUR,100.4310899919661
3578,2028-stress,CZ,Y,h_dams,wholesale_revenues_mn_EUR,70.80008528399591
3579,2028-stress,CZ,Y,li,wholesale_revenues_mn_EUR,11.133867537691582
3580,2028-stress,CZ,Y,pump_open,wholesale_revenues_mn_EUR,55.687316579853835
3581,2028-stress,CZ,Y,pump,wholesale_revenues_mn_EUR,73.07380044401035
3582,2028-stress,CZ,Y,IMPORT_EXPORT,wholesale_revenues_mn_EUR,12.172819418448986
3583,2028-stress,CZ,S,nuclear,wholesale_revenues_mn_EUR,1002.857071006569
3584,2028-stress,CZ,S,solar,wholesale_revenues_mn_EUR,322.81862420397874
3585,2028-stress,CZ,S,onshore,wholesale_revenues_mn_EUR,36.021788870840716
3586,2028-stress,CZ,S,waste,wholesale_revenues_mn_EUR,46.161600056449515
3587,2028-stress,CZ,S,gas_ccgt,wholesale_revenues_mn_EUR,203.79379759029734
3588,2028-stress,CZ,S,gas_chp,wholesale_revenues_mn_EUR,79.89086251227044
3589,2028-stress,CZ,S,biogas,wholesale_revenues_mn_EUR,39.80567491756931
3590,2028-stress,CZ,S,lig_sc,wholesale_revenues_mn_EUR,0.0
3591,2028-stress,CZ,S,bio,wholesale_revenues_mn_EUR,0.0
3592,2028-stress,CZ,S,gas_eng_chp,wholesale_revenues_mn_EUR,68.42613280524478
3593,2028-stress,CZ,S,lig,wholesale_revenues_mn_EUR,0.0
3594,2028-stress,CZ,S,lig_ex,wholesale_revenues_mn_EUR,66.74454092741146
3595,2028-stress,CZ,S,coal,wholesale_revenues_mn_EUR,0.0
3596,2028-stress,CZ,S,coal_ex,wholesale_revenues_mn_EUR,10.072005219671299
3597,2028-stress,CZ,S,gas_peak,wholesale_revenues_mn_EUR,0.0
3598,2028-stress,CZ,S,lig_old,wholesale_revenues_mn_EUR,0.0
3599,2028-stress,CZ,S,b_CHP,wholesale_revenues_mn_EUR,-5.39190472305416e-18
3600,2028-stress,CZ,S,lig_bp,wholesale_revenues_mn_EUR,41.971823971332775
3601,2028-stress,CZ,S,coal_bp,wholesale_revenues_mn_EUR,0.0
3602,2028-stress,CZ,S,dsr,wholesale_revenues_mn_EUR,0.0
3603,2028-stress,CZ,S,h_ror,wholesale_revenues_mn_EUR,46.35912065230959
3604,2028-stress,CZ,S,h_dams,wholesale_revenues_mn_EUR,35.62293718596875
3605,2028-stress,CZ,S,li,wholesale_revenues_mn_EUR,4.136677137839032
3606,2028-stress,CZ,S,pump_open,wholesale_revenues_mn_EUR,30.321941736352958
3607,2028-stress,CZ,S,pump,wholesale_revenues_mn_EUR,41.584044458729274
3608,2028-stress,CZ,S,IMPORT_EXPORT,wholesale_revenues_mn_EUR,0.7855961052392496
3609,2028-stress,CZ,W,nuclear,wholesale_revenues_mn_EUR,1247.4689749604904
3610,2028-stress,CZ,W,solar,wholesale_revenues_mn_EUR,172.26888284395946
3611,2028-stress,CZ,W,onshore,wholesale_revenues_mn_EUR,66.9374716716077
3612,2028-stress,CZ,W,waste,wholesale_revenues_mn_EUR,73.08760880085313
3613,2028-stress,CZ,W,gas_ccgt,wholesale_revenues_mn_EUR,261.65236674019224
3614,2028-stress,CZ,W,gas_chp,wholesale_revenues_mn_EUR,232.43994011014337
3615,2028-stress,CZ,W,biogas,wholesale_revenues_mn_EUR,79.35040383536305
3616,2028-stress,CZ,W,lig_sc,wholesale_revenues_mn_EUR,88.02007008575073
3617,2028-stress,CZ,W,bio,wholesale_revenues_mn_EUR,0.0
3618,2028-stress,CZ,W,gas_eng_chp,wholesale_revenues_mn_EUR,99.19500995529417
3619,2028-stress,CZ,W,lig,wholesale_revenues_mn_EUR,77.73777387781239
3620,2028-stress,CZ,W,lig_ex,wholesale_revenues_mn_EUR,145.42391459732937
3621,2028-stress,CZ,W,coal,wholesale_revenues_mn_EUR,0.0
3622,2028-stress,CZ,W,coal_ex,wholesale_revenues_mn_EUR,11.01040880692172
3623,2028-stress,CZ,W,gas_peak,wholesale_revenues_mn_EUR,6.947712455271207
3624,2028-stress,CZ,W,lig_old,wholesale_revenues_mn_EUR,0.0
3625,2028-stress,CZ,W,b_CHP,wholesale_revenues_mn_EUR,0.598189738812452
3626,2028-stress,CZ,W,lig_bp,wholesale_revenues_mn_EUR,123.53501342774173
3627,2028-stress,CZ,W,coal_bp,wholesale_revenues_mn_EUR,0.0
3628,2028-stress,CZ,W,dsr,wholesale_revenues_mn_EUR,0.0
3629,2028-stress,CZ,W,h_ror,wholesale_revenues_mn_EUR,54.071969339656505
3630,2028-stress,CZ,W,h_dams,wholesale_revenues_mn_EUR,35.17714809802717
3631,2028-stress,CZ,W,li,wholesale_revenues_mn_EUR,6.997190399852549
3632,2028-stress,CZ,W,pump_open,wholesale_revenues_mn_EUR,25.36537484350087
3633,2028-stress,CZ,W,pump,wholesale_revenues_mn_EUR,31.489755985281064
3634,2028-stress,CZ,W,IMPORT_EXPORT,wholesale_revenues_mn_EUR,11.387223313209736
3635,2028-stress,CZ,Y,TOTAL,avg_consumer_price_EUR_per_MWh,94.15450237579059
3636,2028-stress,CZ,S,TOTAL,avg_consumer_price_EUR_per_MWh,85.63115566892685
3637,2028-stress,CZ,W,TOTAL,avg_consumer_price_EUR_per_MWh,101.55748874065718
3638,2028-stress,CZ,Y,TOTAL,avg_producer_price_EUR_per_MWh,93.02250464128412
3639,2028-stress,CZ,S,TOTAL,avg_producer_price_EUR_per_MWh,83.47318834837638
3640,2028-stress,CZ,W,TOTAL,avg_producer_price_EUR_per_MWh,101.30122044561615
3641,2028-stress,CZ,Y,nuclear,capacity_factor,0.672061160003901
3642,2028-stress,CZ,Y,solar,capacity_factor,0.11886778583773361
3643,2028-stress,CZ,Y,onshore,capacity_factor,0.26412146377419365
3644,2028-stress,CZ,Y,waste,capacity_factor,0.6666666666665886
3645,2028-stress,CZ,Y,gas_ccgt,capacity_factor,0.8698811148447781
3646,2028-stress,CZ,Y,gas_chp,capacity_factor,0.5333333333333057
3647,2028-stress,CZ,Y,biogas,capacity_factor,0.4402450038492434
3648,2028-stress,CZ,Y,lig_sc,capacity_factor,0.20112722935987054
3649,2028-stress,CZ,Y,gas_eng_chp,capacity_factor,0.5333333333333686
3650,2028-stress,CZ,Y,lig,capacity_factor,0.08202358517126623
3651,2028-stress,CZ,Y,lig_ex,capacity_factor,0.5333333333333214
3652,2028-stress,CZ,Y,coal_ex,capacity_factor,0.5333333333333076
3653,2028-stress,CZ,Y,gas_peak,capacity_factor,0.05956212343423206
3654,2028-stress,CZ,Y,b_CHP,capacity_factor,0.0013898179820055077
3655,2028-stress,CZ,Y,lig_bp,capacity_factor,0.5333333333333509
3656,2028-stress,CZ,Y,h_ror,capacity_factor,0.297772881480259
3657,2028-stress,CZ,Y,h_dams,capacity_factor,0.12120071615482914
3658,2028-stress,CZ,Y,li,capacity_factor,0.11064616623279964
3659,2028-stress,CZ,Y,pump_open,capacity_factor,0.11694417072899808
3660,2028-stress,CZ,Y,pump,capacity_factor,0.10726513158784023
3661,2028-stress,CZ,Y,TOTAL,capacity_factor,0.3104708288267375
3662,2028-stress,CZ,S,nuclear,capacity_factor,0.6514247085763767
3663,2028-stress,CZ,S,solar,capacity_factor,0.16302667790074316
3664,2028-stress,CZ,S,onshore,capacity_factor,0.20179994458766262
3665,2028-stress,CZ,S,waste,capacity_factor,0.5413853352277718
3666,2028-stress,CZ,S,gas_ccgt,capacity_factor,0.8085487786706048
3667,2028-stress,CZ,S,gas_chp,capacity_factor,0.3289940035486309
3668,2028-stress,CZ,S,biogas,capacity_factor,0.31433609884469427
3669,2028-stress,CZ,S,lig_sc,capacity_factor,0.0
3670,2028-stress,CZ,S,gas_eng_chp,capacity_factor,0.46492029181270933
3671,2028-stress,CZ,S,lig,capacity_factor,0.0
3672,2028-stress,CZ,S,lig_ex,capacity_factor,0.3984413603242221
3673,2028-stress,CZ,S,coal_ex,capacity_factor,0.5834878029082436
3674,2028-stress,CZ,S,gas_peak,capacity_factor,0.0
3675,2028-stress,CZ,S,b_CHP,capacity_factor,-1.5029649277266463e-19
3676,2028-stress,CZ,S,lig_bp,capacity_factor,0.30134063175959713
3677,2028-stress,CZ,S,h_ror,capacity_factor,0.2968996981515807
3678,2028-stress,CZ,S,h_dams,capacity_factor,0.13768342011602183
3679,2028-stress,CZ,S,li,capacity_factor,0.09121241419859208
3680,2028-stress,CZ,S,pump_open,capacity_factor,0.1413059585324572
3681,2028-stress,CZ,S,pump,capacity_factor,0.1352317465281721
3682,2028-stress,CZ,S,TOTAL,capacity_factor,1.2452950826566942
3683,2028-stress,CZ,W,nuclear,capacity_factor,0.6925848439372861
3684,2028-stress,CZ,W,solar,capacity_factor,0.07495019919583337
3685,2028-stress,CZ,W,onshore,capacity_factor,0.3261024282110715
3686,2028-stress,CZ,W,waste,capacity_factor,0.7912634006658488
3687,2028-stress,CZ,W,gas_ccgt,capacity_factor,0.9308783016409502
3688,2028-stress,CZ,W,gas_chp,capacity_factor,0.7365560547585013
3689,2028-stress,CZ,W,biogas,capacity_factor,0.5654658820504892
3690,2028-stress,CZ,W,lig_sc,capacity_factor,0.40115540282159967
3691,2028-stress,CZ,W,gas_eng_chp,capacity_factor,0.6013725330970847
3692,2028-stress,CZ,W,lig,capacity_factor,0.16359895403012117
3693,2028-stress,CZ,W,lig_ex,capacity_factor,0.6674881917358139
3694,2028-stress,CZ,W,coal_ex,capacity_factor,0.48345293189812505
3695,2028-stress,CZ,W,gas_peak,capacity_factor,0.11879877078412404
3696,2028-stress,CZ,W,b_CHP,capacity_factor,0.002772041330229565
3697,2028-stress,CZ,W,lig_bp,capacity_factor,0.7640583152263734
3698,2028-stress,CZ,W,h_ror,capacity_factor,0.2986412933153379
3699,2028-stress,CZ,W,h_dams,capacity_factor,0.10480808161418939
3700,2028-stress,CZ,W,li,capacity_factor,0.12997372290070003
3701,2028-stress,CZ,W,pump_open,capacity_factor,0.09271550744905518
3702,2028-stress,CZ,W,pump,capacity_factor,0.07945133967996927
3703,2028-stress,CZ,W,TOTAL,capacity_factor,1.2384901914946356
3704,2028-stress,CZ,Y,li,capacity_factor_charging,0.01025551961473489
3705,2028-stress,CZ,Y,pump_open,capacity_factor_charging,0.16262767196580613
3706,2028-stress,CZ,Y,pump,capacity_factor_charging,0.15212048028898031
3707,2028-stress,CZ,S,li,capacity_factor_charging,0.008968238395129807
3708,2028-stress,CZ,S,pump_open,capacity_factor_charging,0.19892312530944767
3709,2028-stress,CZ,S,pump,capacity_factor_charging,0.19201910284548868
3710,2028-stress,CZ,W,li,capacity_factor_charging,0.011535766510735573
3711,2028-stress,CZ,W,pump_open,capacity_factor_charging,0.1265305544327856
3712,2028-stress,CZ,W,pump,capacity_factor_charging,0.11243988299234348
3713,2028-stress,CZ,Y,nuclear,emissions_MtCO2,0.0
3714,2028-stress,CZ,Y,solar,emissions_MtCO2,0.0
3715,2028-stress,CZ,Y,onshore,emissions_MtCO2,0.0
3716,2028-stress,CZ,Y,waste,emissions_MtCO2,0.0
3717,2028-stress,CZ,Y,gas_ccgt,emissions_MtCO2,1.8482694601930643
3718,2028-stress,CZ,Y,gas_chp,emissions_MtCO2,1.403001599999927
3719,2028-stress,CZ,Y,biogas,emissions_MtCO2,0.0
3720,2028-stress,CZ,Y,lig_sc,emissions_MtCO2,0.7139279487592913
3721,2028-stress,CZ,Y,bio,emissions_MtCO2,0.0
3722,2028-stress,CZ,Y,gas_eng_chp,emissions_MtCO2,0.75674720000005
3723,2028-stress,CZ,Y,lig,emissions_MtCO2,0.6202896485142602
3724,2028-stress,CZ,Y,lig_ex,emissions_MtCO2,5.389992959999881
3725,2028-stress,CZ,Y,coal,emissions_MtCO2,0.0
3726,2028-stress,CZ,Y,coal_ex,emissions_MtCO2,0.453906478079978
3727,2028-stress,CZ,Y,gas_peak,emissions_MtCO2,0.02762232725701854
3728,2028-stress,CZ,Y,lig_old,emissions_MtCO2,0.0
3729,2028-stress,CZ,Y,b_CHP,emissions_MtCO2,0.0
3730,2028-stress,CZ,Y,lig_bp,emissions_MtCO2,3.2685312000001066
3731,2028-stress,CZ,Y,coal_bp,emissions_MtCO2,0.0
3732,2028-stress,CZ,Y,dsr,emissions_MtCO2,0.0
3733,2028-stress,CZ,Y,eens,emissions_MtCO2,0.0
3734,2028-stress,CZ,Y,h_ror,emissions_MtCO2,0.0
3735,2028-stress,CZ,Y,h_dams,emissions_MtCO2,0.0
3736,2028-stress,CZ,Y,li,emissions_MtCO2,0.0
3737,2028-stress,CZ,Y,pump_open,emissions_MtCO2,0.0
3738,2028-stress,CZ,Y,pump,emissions_MtCO2,0.0
3739,2028-stress,CZ,Y,TOTAL,emissions_MtCO2,14.482288822803577
3740,2028-stress,CZ,S,nuclear,emissions_MtCO2,0.0
3741,2028-stress,CZ,S,solar,emissions_MtCO2,0.0
3742,2028-stress,CZ,S,onshore,emissions_MtCO2,0.0
3743,2028-stress,CZ,S,waste,emissions_MtCO2,0.0
3744,2028-stress,CZ,S,gas_ccgt,emissions_MtCO2,0.8566237953723131
3745,2028-stress,CZ,S,gas_chp,emissions_MtCO2,0.431544855992376
3746,2028-stress,CZ,S,biogas,emissions_MtCO2,0.0
3747,2028-stress,CZ,S,lig_sc,emissions_MtCO2,0.0
3748,2028-stress,CZ,S,bio,emissions_MtCO2,0.0
3749,2028-stress,CZ,S,gas_eng_chp,emissions_MtCO2,0.32893426791547614
3750,2028-stress,CZ,S,lig,emissions_MtCO2,0.0
3751,2028-stress,CZ,S,lig_ex,emissions_MtCO2,2.0078552832324106
3752,2028-stress,CZ,S,coal,emissions_MtCO2,0.0
3753,2028-stress,CZ,S,coal_ex,emissions_MtCO2,0.2476155752001919
3754,2028-stress,CZ,S,gas_peak,emissions_MtCO2,0.0
3755,2028-stress,CZ,S,lig_old,emissions_MtCO2,0.0
3756,2028-stress,CZ,S,b_CHP,emissions_MtCO2,-0.0
3757,2028-stress,CZ,S,lig_bp,emissions_MtCO2,0.9208526133163337
3758,2028-stress,CZ,S,coal_bp,emissions_MtCO2,0.0
3759,2028-stress,CZ,S,dsr,emissions_MtCO2,0.0
3760,2028-stress,CZ,S,eens,emissions_MtCO2,0.0
3761,2028-stress,CZ,S,h_ror,emissions_MtCO2,0.0
3762,2028-stress,CZ,S,h_dams,emissions_MtCO2,0.0
3763,2028-stress,CZ,S,li,emissions_MtCO2,0.0
3764,2028-stress,CZ,S,pump_open,emissions_MtCO2,0.0
3765,2028-stress,CZ,S,pump,emissions_MtCO2,0.0
3766,2028-stress,CZ,S,TOTAL,emissions_MtCO2,28.964577645607154
3767,2028-stress,CZ,W,nuclear,emissions_MtCO2,0.0
3768,2028-stress,CZ,W,solar,emissions_MtCO2,0.0
3769,2028-stress,CZ,W,onshore,emissions_MtCO2,0.0
3770,2028-stress,CZ,W,waste,emissions_MtCO2,0.0
3771,2028-stress,CZ,W,gas_ccgt,emissions_MtCO2,0.9916456648207508
3772,2028-stress,CZ,W,gas_chp,emissions_MtCO2,0.9714567440075511
3773,2028-stress,CZ,W,biogas,emissions_MtCO2,0.0
3774,2028-stress,CZ,W,lig_sc,emissions_MtCO2,0.7139279487592912
3775,2028-stress,CZ,W,bio,emissions_MtCO2,0.0
3776,2028-stress,CZ,W,gas_eng_chp,emissions_MtCO2,0.427812932084574
3777,2028-stress,CZ,W,lig,emissions_MtCO2,0.6202896485142602
3778,2028-stress,CZ,W,lig_ex,emissions_MtCO2,3.3821376767674702
3779,2028-stress,CZ,W,coal,emissions_MtCO2,0.0
3780,2028-stress,CZ,W,coal_ex,emissions_MtCO2,0.20629090287978613
3781,2028-stress,CZ,W,gas_peak,emissions_MtCO2,0.02762232725701854
3782,2028-stress,CZ,W,lig_old,emissions_MtCO2,0.0
3783,2028-stress,CZ,W,b_CHP,emissions_MtCO2,0.0
3784,2028-stress,CZ,W,lig_bp,emissions_MtCO2,2.3476785866837724
3785,2028-stress,CZ,W,coal_bp,emissions_MtCO2,0.0
3786,2028-stress,CZ,W,dsr,emissions_MtCO2,0.0
3787,2028-stress,CZ,W,eens,emissions_MtCO2,0.0
3788,2028-stress,CZ,W,h_ror,emissions_MtCO2,0.0
3789,2028-stress,CZ,W,h_dams,emissions_MtCO2,0.0
3790,2028-stress,CZ,W,li,emissions_MtCO2,0.0
3791,2028-stress,CZ,W,pump_open,emissions_MtCO2,0.0
3792,2028-stress,CZ,W,pump,emissions_MtCO2,0.0
3793,2028-stress,CZ,W,TOTAL,emissions_MtCO2,28.964577645607154
3794,2028-stress,CZ,Y,nuclear,power_share_high_value,0.9887508070231834
3795,2028-stress,CZ,Y,solar,power_share_high_value,0.9436973988966165
3796,2028-stress,CZ,Y,onshore,power_share_high_value,0.9865575779085154
3797,2028-stress,CZ,S,nuclear,power_share_high_value,0.9807006624975465
3798,2028-stress,CZ,S,solar,power_share_high_value,0.930683701475113
3799,2028-stress,CZ,S,onshore,power_share_high_value,0.9721514662350087
3800,2028-stress,CZ,W,nuclear,power_share_high_value,0.9962811580191887
3801,2028-stress,CZ,W,solar,power_share_high_value,0.9718492456950976
3802,2028-stress,CZ,W,onshore,power_share_high_value,0.9954237077127568
3803,2028-stress,CZ,Y,nuclear,power_share_low_value,0.010753473331553173
3804,2028-stress,CZ,Y,solar,power_share_low_value,0.05402041777613581
3805,2028-stress,CZ,Y,onshore,power_share_low_value,0.012562444983914654
3806,2028-stress,CZ,S,nuclear,power_share_low_value,0.018532938713315236
3807,2028-stress,CZ,S,solar,power_share_low_value,0.06687633213659037
3808,2028-stress,CZ,S,onshore,power_share_low_value,0.026480642937726673
3809,2028-stress,CZ,W,nuclear,power_share_low_value,0.003476323871766565
3810,2028-stress,CZ,W,solar,power_share_low_value,0.026209894770438592
3811,2028-stress,CZ,W,onshore,power_share_low_value,0.003996597897877779
3812,2028-stress,CZ,Y,nuclear,power_share_zero_value,0.0004957196452633359
3813,2028-stress,CZ,Y,solar,power_share_zero_value,0.0022821833272475348
3814,2028-stress,CZ,Y,onshore,power_share_zero_value,0.000879977107570202
3815,2028-stress,CZ,S,nuclear,power_share_zero_value,0.00076639878913788
3816,2028-stress,CZ,S,solar,power_share_zero_value,0.0024399663882965095
3817,2028-stress,CZ,S,onshore,power_share_zero_value,0.001367890827264671
3818,2028-stress,CZ,W,nuclear,power_share_zero_value,0.00024251810904466276
3819,2028-stress,CZ,W,solar,power_share_zero_value,0.0019408595344639085
3820,2028-stress,CZ,W,onshore,power_share_zero_value,0.0005796943893654653
