,name,region,season,source,stat,val
0,2028-base,CZ,Y,nuclear,capacity_GW,4.099
1,2028-base,CZ,Y,solar,capacity_GW,7.0
2,2028-base,CZ,Y,onshore,capacity_GW,0.5
3,2028-base,CZ,Y,waste,capacity_GW,0.19575
4,2028-base,CZ,Y,gas_ccgt,capacity_GW,0.6174
5,2028-base,CZ,Y,gas_chp,capacity_GW,0.7644
6,2028-base,CZ,Y,biogas,capacity_GW,0.279
7,2028-base,CZ,Y,lig_sc,capacity_GW,0.4356
8,2028-base,CZ,Y,bio,capacity_GW,0.0
9,2028-base,CZ,Y,gas_eng_chp,capacity_GW,0.3313124999999999
10,2028-base,CZ,Y,lig,capacity_GW,0.9702
11,2028-base,CZ,Y,lig_ex,capacity_GW,1.6533000000000002
12,2028-base,CZ,Y,coal,capacity_GW,0.0
13,2028-base,CZ,Y,coal_ex,capacity_GW,0.11484
14,2028-base,CZ,Y,gas_peak,capacity_GW,0.096255
15,2028-base,CZ,Y,lig_old,capacity_GW,1.2011999999999998
16,2028-base,CZ,Y,b_CHP,capacity_GW,0.20925
17,2028-base,CZ,Y,lig_bp,capacity_GW,0.35838
18,2028-base,CZ,Y,coal_bp,capacity_GW,0.0
19,2028-base,CZ,Y,dsr,capacity_GW,0.0
20,2028-base,CZ,Y,h_ror,capacity_GW,0.415
21,2028-base,CZ,Y,h_dams,capacity_GW,0.609
22,2028-base,CZ,Y,li,capacity_GW,0.1
23,2028-base,CZ,Y,pump_open,capacity_GW,0.47
24,2028-base,CZ,Y,pump,capacity_GW,0.678
25,2028-base,CZ,Y,TOTAL,capacity_GW,21.0978875
26,2028-base,CZ,Y,h_ror,capacity_charging_GW,0.0
27,2028-base,CZ,Y,h_dams,capacity_charging_GW,0.0
28,2028-base,CZ,Y,li,capacity_charging_GW,1.25599
29,2028-base,CZ,Y,pump_open,capacity_charging_GW,0.44
30,2028-base,CZ,Y,pump,capacity_charging_GW,0.664
31,2028-base,CZ,Y,nuclear,capacity_paid_off_GW,0.0
32,2028-base,CZ,Y,solar,capacity_paid_off_GW,0.0
33,2028-base,CZ,Y,onshore,capacity_paid_off_GW,0.0
34,2028-base,CZ,Y,waste,capacity_paid_off_GW,0.0
35,2028-base,CZ,Y,gas_ccgt,capacity_paid_off_GW,0.0
36,2028-base,CZ,Y,gas_chp,capacity_paid_off_GW,0.0
37,2028-base,CZ,Y,biogas,capacity_paid_off_GW,0.0
38,2028-base,CZ,Y,lig_sc,capacity_paid_off_GW,0.0
39,2028-base,CZ,Y,bio,capacity_paid_off_GW,0.0
40,2028-base,CZ,Y,gas_eng_chp,capacity_paid_off_GW,0.0
41,2028-base,CZ,Y,lig,capacity_paid_off_GW,0.0
42,2028-base,CZ,Y,lig_ex,capacity_paid_off_GW,0.0
43,2028-base,CZ,Y,coal,capacity_paid_off_GW,0.0
44,2028-base,CZ,Y,coal_ex,capacity_paid_off_GW,0.0
45,2028-base,CZ,Y,gas_peak,capacity_paid_off_GW,0.0
46,2028-base,CZ,Y,lig_old,capacity_paid_off_GW,0.0
47,2028-base,CZ,Y,b_CHP,capacity_paid_off_GW,0.0
48,2028-base,CZ,Y,lig_bp,capacity_paid_off_GW,0.0
49,2028-base,CZ,Y,coal_bp,capacity_paid_off_GW,0.0
50,2028-base,CZ,Y,dsr,capacity_paid_off_GW,0.0
51,2028-base,CZ,Y,h_ror,capacity_paid_off_GW,0.0
52,2028-base,CZ,Y,h_dams,capacity_paid_off_GW,0.0
53,2028-base,CZ,Y,li,capacity_paid_off_GW,0.0
54,2028-base,CZ,Y,pump_open,capacity_paid_off_GW,0.0
55,2028-base,CZ,Y,pump,capacity_paid_off_GW,0.0
56,2028-base,CZ,Y,h_ror,capacity_charging_paid_off_GW,0.0
57,2028-base,CZ,Y,h_dams,capacity_charging_paid_off_GW,0.0
58,2028-base,CZ,Y,li,capacity_charging_paid_off_GW,0.0
59,2028-base,CZ,Y,pump_open,capacity_charging_paid_off_GW,0.0
60,2028-base,CZ,Y,pump,capacity_charging_paid_off_GW,0.0
61,2028-base,CZ,Y,TOTAL,load_TWh,66.382047428
62,2028-base,CZ,S,TOTAL,load_TWh,30.557496582
63,2028-base,CZ,W,TOTAL,load_TWh,35.824550846
64,2028-base,CZ,Y,TOTAL,import_TWh,13.96976309656288
65,2028-base,CZ,S,TOTAL,import_TWh,6.850605586525978
66,2028-base,CZ,W,TOTAL,import_TWh,7.119157510036904
67,2028-base,CZ,Y,TOTAL,export_TWh,3.511892991367942
68,2028-base,CZ,S,TOTAL,export_TWh,1.569103884753354
69,2028-base,CZ,W,TOTAL,export_TWh,1.9427891066145888
70,2028-base,CZ,Y,TOTAL,net_import_TWh,10.45787010519494
71,2028-base,CZ,S,TOTAL,net_import_TWh,5.281501701772624
72,2028-base,CZ,W,TOTAL,net_import_TWh,5.176368403422315
73,2028-base,CZ,Y,TOTAL,curtailment_TWh,0.0002120960455159
74,2028-base,CZ,S,TOTAL,curtailment_TWh,0.0002120960455138
75,2028-base,CZ,W,TOTAL,curtailment_TWh,2.0609149942174548e-15
76,2028-base,CZ,Y,nuclear,production_TWh,28.59946136693848
77,2028-base,CZ,Y,solar,production_TWh,6.763550152347859
78,2028-base,CZ,Y,onshore,production_TWh,1.0726521232339172
79,2028-base,CZ,Y,waste,production_TWh,1.1431799999998578
80,2028-base,CZ,Y,gas_ccgt,production_TWh,4.779031756985751
81,2028-base,CZ,Y,gas_chp,production_TWh,3.1573793882101904
82,2028-base,CZ,Y,biogas,production_TWh,0.7020744675299379
83,2028-base,CZ,Y,lig_sc,production_TWh,0.7260913554281339
84,2028-base,CZ,Y,bio,production_TWh,0.0
85,2028-base,CZ,Y,gas_eng_chp,production_TWh,1.5478920000001024
86,2028-base,CZ,Y,lig,production_TWh,0.6872305057069492
87,2028-base,CZ,Y,lig_ex,production_TWh,3.1541833295647166
88,2028-base,CZ,Y,coal,production_TWh,0.0
89,2028-base,CZ,Y,coal_ex,production_TWh,0.0195974402928571
90,2028-base,CZ,Y,gas_peak,production_TWh,0.0394897319542001
91,2028-base,CZ,Y,lig_old,production_TWh,0.1032801201757987
92,2028-base,CZ,Y,b_CHP,production_TWh,4.8380065385971326e-20
93,2028-base,CZ,Y,lig_bp,production_TWh,1.6743513599999982
94,2028-base,CZ,Y,coal_bp,production_TWh,0.0
95,2028-base,CZ,Y,dsr,production_TWh,0.0
96,2028-base,CZ,Y,eens,production_TWh,3.0581759347114645e-19
97,2028-base,CZ,Y,h_ror,production_TWh,1.159029080997333
98,2028-base,CZ,Y,h_dams,production_TWh,0.8726771428571428
99,2028-base,CZ,Y,li,production_TWh,0.0863023046527258
100,2028-base,CZ,Y,pump_open,production_TWh,0.3524037189473043
101,2028-base,CZ,Y,pump,production_TWh,0.445625857572143
102,2028-base,CZ,Y,TOTAL,production_TWh,57.0854832033954
103,2028-base,CZ,S,nuclear,production_TWh,13.891069397825554
104,2028-base,CZ,S,solar,production_TWh,4.567538230578035
105,2028-base,CZ,S,onshore,production_TWh,0.4434150195349656
106,2028-base,CZ,S,waste,production_TWh,0.4601155503574797
107,2028-base,CZ,S,gas_ccgt,production_TWh,2.162622446443713
108,2028-base,CZ,S,gas_chp,production_TWh,0.7600829601711713
109,2028-base,CZ,S,biogas,production_TWh,0.056839349084604
110,2028-base,CZ,S,lig_sc,production_TWh,0.0
111,2028-base,CZ,S,bio,production_TWh,0.0
112,2028-base,CZ,S,gas_eng_chp,production_TWh,0.6734916250560626
113,2028-base,CZ,S,lig,production_TWh,0.0
114,2028-base,CZ,S,lig_ex,production_TWh,1.0739494735051889
115,2028-base,CZ,S,coal,production_TWh,0.0
116,2028-base,CZ,S,coal_ex,production_TWh,-4.834092914322956e-18
117,2028-base,CZ,S,gas_peak,production_TWh,0.0
118,2028-base,CZ,S,lig_old,production_TWh,0.0
119,2028-base,CZ,S,b_CHP,production_TWh,9.890754881780068e-20
120,2028-base,CZ,S,lig_bp,production_TWh,0.3241740656441734
121,2028-base,CZ,S,coal_bp,production_TWh,0.0
122,2028-base,CZ,S,dsr,production_TWh,0.0
123,2028-base,CZ,S,eens,production_TWh,4.195044311927625e-19
124,2028-base,CZ,S,h_ror,production_TWh,0.5688222476639997
125,2028-base,CZ,S,h_dams,production_TWh,0.4826474142857143
126,2028-base,CZ,S,li,production_TWh,0.0374495974048966
127,2028-base,CZ,S,pump_open,production_TWh,0.2158017632491822
128,2028-base,CZ,S,pump,production_TWh,0.2857826665460788
129,2028-base,CZ,S,TOTAL,production_TWh,114.1709664067908
130,2028-base,CZ,W,nuclear,production_TWh,14.708391969112927
131,2028-base,CZ,W,solar,production_TWh,2.1960119217698244
132,2028-base,CZ,W,onshore,production_TWh,0.6292371036989517
133,2028-base,CZ,W,waste,production_TWh,0.6830644496423779
134,2028-base,CZ,W,gas_ccgt,production_TWh,2.616409310542038
135,2028-base,CZ,W,gas_chp,production_TWh,2.397296428039019
136,2028-base,CZ,W,biogas,production_TWh,0.6452351184453338
137,2028-base,CZ,W,lig_sc,production_TWh,0.7260913554281339
138,2028-base,CZ,W,bio,production_TWh,0.0
139,2028-base,CZ,W,gas_eng_chp,production_TWh,0.8744003749440398
140,2028-base,CZ,W,lig,production_TWh,0.6872305057069492
141,2028-base,CZ,W,lig_ex,production_TWh,2.0802338560595275
142,2028-base,CZ,W,coal,production_TWh,0.0
143,2028-base,CZ,W,coal_ex,production_TWh,0.0195974402928571
144,2028-base,CZ,W,gas_peak,production_TWh,0.0394897319542001
145,2028-base,CZ,W,lig_old,production_TWh,0.1032801201757987
146,2028-base,CZ,W,b_CHP,production_TWh,-5.052748343182936e-20
147,2028-base,CZ,W,lig_bp,production_TWh,1.3501772943558248
148,2028-base,CZ,W,coal_bp,production_TWh,0.0
149,2028-base,CZ,W,dsr,production_TWh,0.0
150,2028-base,CZ,W,eens,production_TWh,-1.1368683772161602e-19
151,2028-base,CZ,W,h_ror,production_TWh,0.5902068333333332
152,2028-base,CZ,W,h_dams,production_TWh,0.3900297285714286
153,2028-base,CZ,W,li,production_TWh,0.0488527072478292
154,2028-base,CZ,W,pump_open,production_TWh,0.136601955698122
155,2028-base,CZ,W,pump,production_TWh,0.1598431910260643
156,2028-base,CZ,W,TOTAL,production_TWh,114.1709664067908
157,2028-base,CZ,Y,gas_chp,production_el_eq_TWh,3.5712767999998656
158,2028-base,CZ,Y,gas_eng_chp,production_el_eq_TWh,1.5478920000001024
159,2028-base,CZ,Y,lig_ex,production_el_eq_TWh,7.056021451722057
160,2028-base,CZ,Y,coal_ex,production_el_eq_TWh,0.0391719239999999
161,2028-base,CZ,Y,b_CHP,production_el_eq_TWh,1.2095016346492823e-19
162,2028-base,CZ,Y,lig_bp,production_el_eq_TWh,1.6743513599999982
163,2028-base,CZ,Y,coal_bp,production_el_eq_TWh,0.0
164,2028-base,CZ,Y,eens,production_el_eq_TWh,0.0
165,2028-base,CZ,S,gas_chp,production_el_eq_TWh,0.9852550826102964
166,2028-base,CZ,S,gas_eng_chp,production_el_eq_TWh,0.6734916250560626
167,2028-base,CZ,S,lig_ex,production_el_eq_TWh,2.682422235338463
168,2028-base,CZ,S,coal_ex,production_el_eq_TWh,-1.1893893277677737e-17
169,2028-base,CZ,S,b_CHP,production_el_eq_TWh,2.472688720445016e-19
170,2028-base,CZ,S,lig_bp,production_el_eq_TWh,0.3241740656441734
171,2028-base,CZ,S,coal_bp,production_el_eq_TWh,0.0
172,2028-base,CZ,S,eens,production_el_eq_TWh,0.0
173,2028-base,CZ,W,gas_chp,production_el_eq_TWh,2.586021717389569
174,2028-base,CZ,W,gas_eng_chp,production_el_eq_TWh,0.8744003749440398
175,2028-base,CZ,W,lig_ex,production_el_eq_TWh,4.373599216383594
176,2028-base,CZ,W,coal_ex,production_el_eq_TWh,0.039171924
177,2028-base,CZ,W,b_CHP,production_el_eq_TWh,-1.2631870857957338e-19
178,2028-base,CZ,W,lig_bp,production_el_eq_TWh,1.3501772943558248
179,2028-base,CZ,W,coal_bp,production_el_eq_TWh,0.0
180,2028-base,CZ,W,eens,production_el_eq_TWh,0.0
181,2028-base,CZ,Y,solar,production_used_TWh,6.763550152347859
182,2028-base,CZ,Y,onshore,production_used_TWh,1.0726521232339172
183,2028-base,CZ,S,solar,production_used_TWh,4.567538230578035
184,2028-base,CZ,S,onshore,production_used_TWh,0.4434150195349656
185,2028-base,CZ,W,solar,production_used_TWh,2.1960119217698244
186,2028-base,CZ,W,onshore,production_used_TWh,0.6292371036989517
187,2028-base,CZ,Y,solar,production_excess_TWh,0.0
188,2028-base,CZ,Y,onshore,production_excess_TWh,0.0
189,2028-base,CZ,S,solar,production_excess_TWh,0.0
190,2028-base,CZ,S,onshore,production_excess_TWh,0.0
191,2028-base,CZ,W,solar,production_excess_TWh,0.0
192,2028-base,CZ,W,onshore,production_excess_TWh,0.0
193,2028-base,CZ,Y,h_ror,discharged_TWh,1.159029080997333
194,2028-base,CZ,Y,h_dams,discharged_TWh,0.8726771428571428
195,2028-base,CZ,Y,li,discharged_TWh,0.0863023046527258
196,2028-base,CZ,Y,pump_open,discharged_TWh,0.3524037189473043
197,2028-base,CZ,Y,pump,discharged_TWh,0.445625857572143
198,2028-base,CZ,Y,TOTAL,discharged_TWh,2.916038105026649
199,2028-base,CZ,S,h_ror,discharged_TWh,0.5688222476639997
200,2028-base,CZ,S,h_dams,discharged_TWh,0.4826474142857143
201,2028-base,CZ,S,li,discharged_TWh,0.0374495974048966
202,2028-base,CZ,S,pump_open,discharged_TWh,0.2158017632491822
203,2028-base,CZ,S,pump,discharged_TWh,0.2857826665460788
204,2028-base,CZ,S,TOTAL,discharged_TWh,5.832076210053298
205,2028-base,CZ,W,h_ror,discharged_TWh,0.5902068333333332
206,2028-base,CZ,W,h_dams,discharged_TWh,0.3900297285714286
207,2028-base,CZ,W,li,discharged_TWh,0.0488527072478292
208,2028-base,CZ,W,pump_open,discharged_TWh,0.136601955698122
209,2028-base,CZ,W,pump,discharged_TWh,0.1598431910260643
210,2028-base,CZ,W,TOTAL,discharged_TWh,5.832076210053298
211,2028-base,CZ,Y,h_ror,charged_TWh,0.0
212,2028-base,CZ,Y,h_dams,charged_TWh,0.0
213,2028-base,CZ,Y,li,charged_TWh,0.0957711584265439
214,2028-base,CZ,Y,pump_open,charged_TWh,0.4463978239347478
215,2028-base,CZ,Y,pump,charged_TWh,0.6189248021835322
216,2028-base,CZ,Y,TOTAL,charged_TWh,1.161093784544824
217,2028-base,CZ,S,h_ror,charged_TWh,0.0
218,2028-base,CZ,S,h_dams,charged_TWh,0.0
219,2028-base,CZ,S,li,charged_TWh,0.041962064523132
220,2028-base,CZ,S,pump_open,charged_TWh,0.2856177498620728
221,2028-base,CZ,S,pump,charged_TWh,0.4000150166927235
222,2028-base,CZ,S,TOTAL,charged_TWh,2.322187569089648
223,2028-base,CZ,W,h_ror,charged_TWh,0.0
224,2028-base,CZ,W,h_dams,charged_TWh,0.0
225,2028-base,CZ,W,li,charged_TWh,0.0538090939034118
226,2028-base,CZ,W,pump_open,charged_TWh,0.160780074072675
227,2028-base,CZ,W,pump,charged_TWh,0.2189097854908086
228,2028-base,CZ,W,TOTAL,charged_TWh,2.322187569089648
229,2028-base,CZ,Y,h_ror,inflow_TWh,1.161956
230,2028-base,CZ,Y,h_dams,inflow_TWh,0.8726771428571429
231,2028-base,CZ,Y,pump_open,inflow_TWh,0.0309972857142857
232,2028-base,CZ,S,h_ror,inflow_TWh,0.571188
233,2028-base,CZ,S,h_dams,inflow_TWh,0.483751
234,2028-base,CZ,S,pump_open,inflow_TWh,0.012085
235,2028-base,CZ,W,h_ror,inflow_TWh,0.590768
236,2028-base,CZ,W,h_dams,inflow_TWh,0.3889261428571428
237,2028-base,CZ,W,pump_open,inflow_TWh,0.0189122857142857
238,2028-base,CZ,Y,gas_chp,heat_production_PJ,2.980061364885662
239,2028-base,CZ,Y,gas_eng_chp,heat_production_PJ,5.572411200000369
240,2028-base,CZ,Y,lig_ex,heat_production_PJ,39.33052827134598
241,2028-base,CZ,Y,coal_ex,heat_production_PJ,0.1973107957679999
242,2028-base,CZ,Y,b_CHP,heat_production_PJ,7.837570592527352e-19
243,2028-base,CZ,Y,lig_bp,heat_production_PJ,18.08299468799997
244,2028-base,CZ,Y,coal_bp,heat_production_PJ,0.0
245,2028-base,CZ,Y,eens,heat_production_PJ,-1.1009433364961272e-18
246,2028-base,CZ,S,gas_chp,heat_production_PJ,1.6212392815617012
247,2028-base,CZ,S,gas_eng_chp,heat_production_PJ,2.4245698502018254
248,2028-base,CZ,S,lig_ex,heat_production_PJ,16.213405439279402
249,2028-base,CZ,S,coal_ex,heat_production_PJ,-7.116278766261618e-17
250,2028-base,CZ,S,b_CHP,heat_production_PJ,1.6023022908483705e-18
251,2028-base,CZ,S,lig_bp,heat_production_PJ,3.501079908957073
252,2028-base,CZ,S,coal_bp,heat_production_PJ,0.0
253,2028-base,CZ,S,eens,heat_production_PJ,-1.5102159522939449e-18
254,2028-base,CZ,W,gas_chp,heat_production_PJ,1.3588220833239617
255,2028-base,CZ,W,gas_eng_chp,heat_production_PJ,3.147841349798543
256,2028-base,CZ,W,lig_ex,heat_production_PJ,23.117122832066585
257,2028-base,CZ,W,coal_ex,heat_production_PJ,0.1973107957679999
258,2028-base,CZ,W,b_CHP,heat_production_PJ,-8.185452315956358e-19
259,2028-base,CZ,W,lig_bp,heat_production_PJ,14.581914779042906
260,2028-base,CZ,W,coal_bp,heat_production_PJ,0.0
261,2028-base,CZ,W,eens,heat_production_PJ,4.092726157978178e-19
262,2028-base,CZ,Y,waste,production_hours,6809.0
263,2028-base,CZ,Y,gas_ccgt,production_hours,7995.0
264,2028-base,CZ,Y,gas_chp,production_hours,8275.0
265,2028-base,CZ,Y,biogas,production_hours,2731.0
266,2028-base,CZ,Y,lig_sc,production_hours,1800.0
267,2028-base,CZ,Y,bio,production_hours,0.0
268,2028-base,CZ,Y,gas_eng_chp,production_hours,5447.0
269,2028-base,CZ,Y,lig,production_hours,1043.0
270,2028-base,CZ,Y,lig_ex,production_hours,8760.0
271,2028-base,CZ,Y,coal,production_hours,0.0
272,2028-base,CZ,Y,coal_ex,production_hours,390.0
273,2028-base,CZ,Y,gas_peak,production_hours,483.0
274,2028-base,CZ,Y,lig_old,production_hours,153.0
275,2028-base,CZ,Y,b_CHP,production_hours,0.0
276,2028-base,CZ,Y,lig_bp,production_hours,6915.0
277,2028-base,CZ,Y,coal_bp,production_hours,0.0
278,2028-base,CZ,Y,dsr,production_hours,0.0
279,2028-base,CZ,Y,eens,production_hours,0.0
280,2028-base,CZ,Y,h_ror,production_hours,8760.0
281,2028-base,CZ,Y,h_dams,production_hours,8760.0
282,2028-base,CZ,Y,li,production_hours,995.0
283,2028-base,CZ,Y,pump_open,production_hours,1219.0
284,2028-base,CZ,Y,pump,production_hours,963.0
285,2028-base,CZ,S,waste,production_hours,2998.0
286,2028-base,CZ,S,gas_ccgt,production_hours,3712.0
287,2028-base,CZ,S,gas_chp,production_hours,3990.0
288,2028-base,CZ,S,biogas,production_hours,260.0
289,2028-base,CZ,S,lig_sc,production_hours,0.0
290,2028-base,CZ,S,bio,production_hours,0.0
291,2028-base,CZ,S,gas_eng_chp,production_hours,2452.0
292,2028-base,CZ,S,lig,production_hours,0.0
293,2028-base,CZ,S,lig_ex,production_hours,4368.0
294,2028-base,CZ,S,coal,production_hours,0.0
295,2028-base,CZ,S,coal_ex,production_hours,0.0
296,2028-base,CZ,S,gas_peak,production_hours,0.0
297,2028-base,CZ,S,lig_old,production_hours,0.0
298,2028-base,CZ,S,b_CHP,production_hours,0.0
299,2028-base,CZ,S,lig_bp,production_hours,2545.0
300,2028-base,CZ,S,coal_bp,production_hours,0.0
301,2028-base,CZ,S,dsr,production_hours,0.0
302,2028-base,CZ,S,eens,production_hours,0.0
303,2028-base,CZ,S,h_ror,production_hours,4368.0
304,2028-base,CZ,S,h_dams,production_hours,4368.0
305,2028-base,CZ,S,li,production_hours,432.0
306,2028-base,CZ,S,pump_open,production_hours,725.0
307,2028-base,CZ,S,pump,production_hours,618.0
308,2028-base,CZ,W,waste,production_hours,3811.0
309,2028-base,CZ,W,gas_ccgt,production_hours,4283.0
310,2028-base,CZ,W,gas_chp,production_hours,4285.0
311,2028-base,CZ,W,biogas,production_hours,2471.0
312,2028-base,CZ,W,lig_sc,production_hours,1800.0
313,2028-base,CZ,W,bio,production_hours,0.0
314,2028-base,CZ,W,gas_eng_chp,production_hours,2995.0
315,2028-base,CZ,W,lig,production_hours,1043.0
316,2028-base,CZ,W,lig_ex,production_hours,4392.0
317,2028-base,CZ,W,coal,production_hours,0.0
318,2028-base,CZ,W,coal_ex,production_hours,390.0
319,2028-base,CZ,W,gas_peak,production_hours,483.0
320,2028-base,CZ,W,lig_old,production_hours,153.0
321,2028-base,CZ,W,b_CHP,production_hours,0.0
322,2028-base,CZ,W,lig_bp,production_hours,4370.0
323,2028-base,CZ,W,coal_bp,production_hours,0.0
324,2028-base,CZ,W,dsr,production_hours,0.0
325,2028-base,CZ,W,eens,production_hours,0.0
326,2028-base,CZ,W,h_ror,production_hours,4392.0
327,2028-base,CZ,W,h_dams,production_hours,4392.0
328,2028-base,CZ,W,li,production_hours,563.0
329,2028-base,CZ,W,pump_open,production_hours,494.0
330,2028-base,CZ,W,pump,production_hours,345.0
331,2028-base,CZ,Y,nuclear,capex_mn_EUR_per_yr,2738.469079112492
332,2028-base,CZ,Y,solar,capex_mn_EUR_per_yr,362.9795164565344
333,2028-base,CZ,Y,onshore,capex_mn_EUR_per_yr,68.82996852045387
334,2028-base,CZ,Y,waste,capex_mn_EUR_per_yr,228.2938717209026
335,2028-base,CZ,Y,gas_ccgt,capex_mn_EUR_per_yr,76.18061222457844
336,2028-base,CZ,Y,gas_chp,capex_mn_EUR_per_yr,138.841538451773
337,2028-base,CZ,Y,biogas,capex_mn_EUR_per_yr,16.217086196531145
338,2028-base,CZ,Y,lig_sc,capex_mn_EUR_per_yr,144.15255774515765
339,2028-base,CZ,Y,bio,capex_mn_EUR_per_yr,0.0
340,2028-base,CZ,Y,gas_eng_chp,capex_mn_EUR_per_yr,22.59441391073202
341,2028-base,CZ,Y,lig,capex_mn_EUR_per_yr,321.06706043239666
342,2028-base,CZ,Y,lig_ex,capex_mn_EUR_per_yr,547.1244805327576
343,2028-base,CZ,Y,coal,capex_mn_EUR_per_yr,0.0
344,2028-base,CZ,Y,coal_ex,capex_mn_EUR_per_yr,26.048184884115727
345,2028-base,CZ,Y,gas_peak,capex_mn_EUR_per_yr,7.893982066856129
346,2028-base,CZ,Y,lig_old,capex_mn_EUR_per_yr,397.5115986305863
347,2028-base,CZ,Y,b_CHP,capex_mn_EUR_per_yr,109.81713302115293
348,2028-base,CZ,Y,lig_bp,capex_mn_EUR_per_yr,118.59824069033428
349,2028-base,CZ,Y,coal_bp,capex_mn_EUR_per_yr,0.0
350,2028-base,CZ,Y,dsr,capex_mn_EUR_per_yr,0.0
351,2028-base,CZ,Y,h_ror,capex_mn_EUR_per_yr,84.30517292657983
352,2028-base,CZ,Y,h_dams,capex_mn_EUR_per_yr,123.71530195731836
353,2028-base,CZ,Y,li,capex_mn_EUR_per_yr,4.011568788183623
354,2028-base,CZ,Y,pump_open,capex_mn_EUR_per_yr,95.4781476517892
355,2028-base,CZ,Y,pump,capex_mn_EUR_per_yr,137.73230661258106
356,2028-base,CZ,S,nuclear,capex_mn_EUR_per_yr,2738.469079112492
357,2028-base,CZ,S,solar,capex_mn_EUR_per_yr,362.9795164565344
358,2028-base,CZ,S,onshore,capex_mn_EUR_per_yr,68.82996852045387
359,2028-base,CZ,S,waste,capex_mn_EUR_per_yr,228.2938717209026
360,2028-base,CZ,S,gas_ccgt,capex_mn_EUR_per_yr,76.18061222457844
361,2028-base,CZ,S,gas_chp,capex_mn_EUR_per_yr,138.841538451773
362,2028-base,CZ,S,biogas,capex_mn_EUR_per_yr,16.217086196531145
363,2028-base,CZ,S,lig_sc,capex_mn_EUR_per_yr,144.15255774515765
364,2028-base,CZ,S,bio,capex_mn_EUR_per_yr,0.0
365,2028-base,CZ,S,gas_eng_chp,capex_mn_EUR_per_yr,22.59441391073202
366,2028-base,CZ,S,lig,capex_mn_EUR_per_yr,321.06706043239666
367,2028-base,CZ,S,lig_ex,capex_mn_EUR_per_yr,547.1244805327576
368,2028-base,CZ,S,coal,capex_mn_EUR_per_yr,0.0
369,2028-base,CZ,S,coal_ex,capex_mn_EUR_per_yr,26.048184884115727
370,2028-base,CZ,S,gas_peak,capex_mn_EUR_per_yr,7.893982066856129
371,2028-base,CZ,S,lig_old,capex_mn_EUR_per_yr,397.5115986305863
372,2028-base,CZ,S,b_CHP,capex_mn_EUR_per_yr,109.81713302115293
373,2028-base,CZ,S,lig_bp,capex_mn_EUR_per_yr,118.59824069033428
374,2028-base,CZ,S,coal_bp,capex_mn_EUR_per_yr,0.0
375,2028-base,CZ,S,dsr,capex_mn_EUR_per_yr,0.0
376,2028-base,CZ,S,h_ror,capex_mn_EUR_per_yr,84.30517292657983
377,2028-base,CZ,S,h_dams,capex_mn_EUR_per_yr,123.71530195731836
378,2028-base,CZ,S,li,capex_mn_EUR_per_yr,4.011568788183623
379,2028-base,CZ,S,pump_open,capex_mn_EUR_per_yr,95.4781476517892
380,2028-base,CZ,S,pump,capex_mn_EUR_per_yr,137.73230661258106
381,2028-base,CZ,W,nuclear,capex_mn_EUR_per_yr,2738.469079112492
382,2028-base,CZ,W,solar,capex_mn_EUR_per_yr,362.9795164565344
383,2028-base,CZ,W,onshore,capex_mn_EUR_per_yr,68.82996852045387
384,2028-base,CZ,W,waste,capex_mn_EUR_per_yr,228.2938717209026
385,2028-base,CZ,W,gas_ccgt,capex_mn_EUR_per_yr,76.18061222457844
386,2028-base,CZ,W,gas_chp,capex_mn_EUR_per_yr,138.841538451773
387,2028-base,CZ,W,biogas,capex_mn_EUR_per_yr,16.217086196531145
388,2028-base,CZ,W,lig_sc,capex_mn_EUR_per_yr,144.15255774515765
389,2028-base,CZ,W,bio,capex_mn_EUR_per_yr,0.0
390,2028-base,CZ,W,gas_eng_chp,capex_mn_EUR_per_yr,22.59441391073202
391,2028-base,CZ,W,lig,capex_mn_EUR_per_yr,321.06706043239666
392,2028-base,CZ,W,lig_ex,capex_mn_EUR_per_yr,547.1244805327576
393,2028-base,CZ,W,coal,capex_mn_EUR_per_yr,0.0
394,2028-base,CZ,W,coal_ex,capex_mn_EUR_per_yr,26.048184884115727
395,2028-base,CZ,W,gas_peak,capex_mn_EUR_per_yr,7.893982066856129
396,2028-base,CZ,W,lig_old,capex_mn_EUR_per_yr,397.5115986305863
397,2028-base,CZ,W,b_CHP,capex_mn_EUR_per_yr,109.81713302115293
398,2028-base,CZ,W,lig_bp,capex_mn_EUR_per_yr,118.59824069033428
399,2028-base,CZ,W,coal_bp,capex_mn_EUR_per_yr,0.0
400,2028-base,CZ,W,dsr,capex_mn_EUR_per_yr,0.0
401,2028-base,CZ,W,h_ror,capex_mn_EUR_per_yr,84.30517292657983
402,2028-base,CZ,W,h_dams,capex_mn_EUR_per_yr,123.71530195731836
403,2028-base,CZ,W,li,capex_mn_EUR_per_yr,4.011568788183623
404,2028-base,CZ,W,pump_open,capex_mn_EUR_per_yr,95.4781476517892
405,2028-base,CZ,W,pump,capex_mn_EUR_per_yr,137.73230661258106
406,2028-base,CZ,Y,nuclear,opex_mn_EUR,586.5749526359082
407,2028-base,CZ,Y,solar,opex_mn_EUR,0.0
408,2028-base,CZ,Y,onshore,opex_mn_EUR,0.0
409,2028-base,CZ,Y,waste,opex_mn_EUR,45.99310922244979
410,2028-base,CZ,Y,gas_ccgt,opex_mn_EUR,406.9867110601626
411,2028-base,CZ,Y,gas_chp,opex_mn_EUR,274.64400702324286
412,2028-base,CZ,Y,biogas,opex_mn_EUR,69.26184917990415
413,2028-base,CZ,Y,lig_sc,opex_mn_EUR,75.85841774231137
414,2028-base,CZ,Y,bio,opex_mn_EUR,0.0
415,2028-base,CZ,Y,gas_eng_chp,opex_mn_EUR,167.56790840001105
416,2028-base,CZ,Y,lig,opex_mn_EUR,77.41192395685295
417,2028-base,CZ,Y,lig_ex,opex_mn_EUR,350.78518664912826
418,2028-base,CZ,Y,coal,opex_mn_EUR,0.0
419,2028-base,CZ,Y,coal_ex,opex_mn_EUR,2.298944970611775
420,2028-base,CZ,Y,gas_peak,opex_mn_EUR,4.795696582508623
421,2028-base,CZ,Y,lig_old,opex_mn_EUR,13.136948739934226
422,2028-base,CZ,Y,b_CHP,opex_mn_EUR,7.343377183881025e-18
423,2028-base,CZ,Y,lig_bp,opex_mn_EUR,366.45157335816606
424,2028-base,CZ,Y,coal_bp,opex_mn_EUR,0.0
425,2028-base,CZ,Y,dsr,opex_mn_EUR,0.0
426,2028-base,CZ,Y,h_ror,opex_mn_EUR,2.318058161994666
427,2028-base,CZ,Y,h_dams,opex_mn_EUR,2.618031428571429
428,2028-base,CZ,Y,li,opex_mn_EUR,0.4315115232636292
429,2028-base,CZ,Y,pump_open,opex_mn_EUR,1.4096148757892173
430,2028-base,CZ,Y,pump,opex_mn_EUR,1.7825034302885725
431,2028-base,CZ,S,nuclear,opex_mn_EUR,284.9058333494021
432,2028-base,CZ,S,solar,opex_mn_EUR,0.0
433,2028-base,CZ,S,onshore,opex_mn_EUR,0.0
434,2028-base,CZ,S,waste,opex_mn_EUR,19.09897788530144
435,2028-base,CZ,S,gas_ccgt,opex_mn_EUR,186.60179289537507
436,2028-base,CZ,S,gas_chp,opex_mn_EUR,66.36825307424749
437,2028-base,CZ,S,biogas,opex_mn_EUR,5.65650123474309
438,2028-base,CZ,S,lig_sc,opex_mn_EUR,0.0
439,2028-base,CZ,S,bio,opex_mn_EUR,0.0
440,2028-base,CZ,S,gas_eng_chp,opex_mn_EUR,72.90921003245796
441,2028-base,CZ,S,lig,opex_mn_EUR,0.0
442,2028-base,CZ,S,lig_ex,opex_mn_EUR,119.19591317172804
443,2028-base,CZ,S,coal,opex_mn_EUR,0.0
444,2028-base,CZ,S,coal_ex,opex_mn_EUR,-5.432756457816239e-16
445,2028-base,CZ,S,gas_peak,opex_mn_EUR,0.0
446,2028-base,CZ,S,lig_old,opex_mn_EUR,0.0
447,2028-base,CZ,S,b_CHP,opex_mn_EUR,1.501270061352262e-17
448,2028-base,CZ,S,lig_bp,opex_mn_EUR,71.47144378841519
449,2028-base,CZ,S,coal_bp,opex_mn_EUR,0.0
450,2028-base,CZ,S,dsr,opex_mn_EUR,0.0
451,2028-base,CZ,S,h_ror,opex_mn_EUR,
452,2028-base,CZ,S,h_dams,opex_mn_EUR,1.447942242857143
453,2028-base,CZ,S,li,opex_mn_EUR,0.1872479870244831
454,2028-base,CZ,S,pump_open,opex_mn_EUR,0.863207052996729
455,2028-base,CZ,S,pump,opex_mn_EUR,1.1431306661843157
456,2028-base,CZ,W,nuclear,opex_mn_EUR,301.6691192865061
457,2028-base,CZ,W,solar,opex_mn_EUR,0.0
458,2028-base,CZ,W,onshore,opex_mn_EUR,0.0
459,2028-base,CZ,W,waste,opex_mn_EUR,26.894131337148345
460,2028-base,CZ,W,gas_ccgt,opex_mn_EUR,220.38491816478748
461,2028-base,CZ,W,gas_chp,opex_mn_EUR,208.2757539489954
462,2028-base,CZ,W,biogas,opex_mn_EUR,63.60534794516105
463,2028-base,CZ,W,lig_sc,opex_mn_EUR,75.85841774231137
464,2028-base,CZ,W,bio,opex_mn_EUR,0.0
465,2028-base,CZ,W,gas_eng_chp,opex_mn_EUR,94.6586983675531
466,2028-base,CZ,W,lig,opex_mn_EUR,77.41192395685295
467,2028-base,CZ,W,lig_ex,opex_mn_EUR,231.58927347740016
468,2028-base,CZ,W,coal,opex_mn_EUR,0.0
469,2028-base,CZ,W,coal_ex,opex_mn_EUR,2.2989449706117755
470,2028-base,CZ,W,gas_peak,opex_mn_EUR,4.795696582508623
471,2028-base,CZ,W,lig_old,opex_mn_EUR,13.136948739934226
472,2028-base,CZ,W,b_CHP,opex_mn_EUR,-7.669323429641596e-18
473,2028-base,CZ,W,lig_bp,opex_mn_EUR,294.98012956975094
474,2028-base,CZ,W,coal_bp,opex_mn_EUR,0.0
475,2028-base,CZ,W,dsr,opex_mn_EUR,0.0
476,2028-base,CZ,W,h_ror,opex_mn_EUR,1.1804136666666665
477,2028-base,CZ,W,h_dams,opex_mn_EUR,1.170089185714286
478,2028-base,CZ,W,li,opex_mn_EUR,0.244263536239146
479,2028-base,CZ,W,pump_open,opex_mn_EUR,0.5464078227924883
480,2028-base,CZ,W,pump,opex_mn_EUR,0.6393727641042574
481,2028-base,CZ,Y,h_ror,wholesale_expenses_mn_EUR,0.0
482,2028-base,CZ,Y,h_dams,wholesale_expenses_mn_EUR,0.0
483,2028-base,CZ,Y,li,wholesale_expenses_mn_EUR,6.8856676466824505
484,2028-base,CZ,Y,pump_open,wholesale_expenses_mn_EUR,24.08798121680769
485,2028-base,CZ,Y,pump,wholesale_expenses_mn_EUR,32.55732160803526
486,2028-base,CZ,Y,IMPORT_EXPORT,wholesale_expenses_mn_EUR,983.632473694874
487,2028-base,CZ,S,h_ror,wholesale_expenses_mn_EUR,0.0
488,2028-base,CZ,S,h_dams,wholesale_expenses_mn_EUR,0.0
489,2028-base,CZ,S,li,wholesale_expenses_mn_EUR,2.3510134625479187
490,2028-base,CZ,S,pump_open,wholesale_expenses_mn_EUR,12.704563110150636
491,2028-base,CZ,S,pump,wholesale_expenses_mn_EUR,17.19110195778847
492,2028-base,CZ,S,IMPORT_EXPORT,wholesale_expenses_mn_EUR,446.2167988685696
493,2028-base,CZ,W,h_ror,wholesale_expenses_mn_EUR,0.0
494,2028-base,CZ,W,h_dams,wholesale_expenses_mn_EUR,0.0
495,2028-base,CZ,W,li,wholesale_expenses_mn_EUR,4.534654184134531
496,2028-base,CZ,W,pump_open,wholesale_expenses_mn_EUR,11.383418106657055
497,2028-base,CZ,W,pump,wholesale_expenses_mn_EUR,15.366219650246796
498,2028-base,CZ,W,IMPORT_EXPORT,wholesale_expenses_mn_EUR,537.4156748263044
499,2028-base,CZ,Y,nuclear,wholesale_revenues_mn_EUR,2615.3496440701742
500,2028-base,CZ,Y,solar,wholesale_revenues_mn_EUR,461.25535039933646
501,2028-base,CZ,Y,onshore,wholesale_revenues_mn_EUR,96.09700787804886
502,2028-base,CZ,Y,waste,wholesale_revenues_mn_EUR,115.10852718248016
503,2028-base,CZ,Y,gas_ccgt,wholesale_revenues_mn_EUR,457.94879822701074
504,2028-base,CZ,Y,gas_chp,wholesale_revenues_mn_EUR,321.988996970835
505,2028-base,CZ,Y,biogas,wholesale_revenues_mn_EUR,77.51502970124314
506,2028-base,CZ,Y,lig_sc,wholesale_revenues_mn_EUR,81.4573580963625
507,2028-base,CZ,Y,bio,wholesale_revenues_mn_EUR,0.0
508,2028-base,CZ,Y,gas_eng_chp,wholesale_revenues_mn_EUR,160.71847982045955
509,2028-base,CZ,Y,lig,wholesale_revenues_mn_EUR,80.38974253166998
510,2028-base,CZ,Y,lig_ex,wholesale_revenues_mn_EUR,306.9874655013854
511,2028-base,CZ,Y,coal,wholesale_revenues_mn_EUR,0.0
512,2028-base,CZ,Y,coal_ex,wholesale_revenues_mn_EUR,2.377203798038115
513,2028-base,CZ,Y,gas_peak,wholesale_revenues_mn_EUR,5.098196190662121
514,2028-base,CZ,Y,lig_old,wholesale_revenues_mn_EUR,13.415698294485695
515,2028-base,CZ,Y,b_CHP,wholesale_revenues_mn_EUR,2.0854617134571596e-19
516,2028-base,CZ,Y,lig_bp,wholesale_revenues_mn_EUR,164.7401409869123
517,2028-base,CZ,Y,coal_bp,wholesale_revenues_mn_EUR,0.0
518,2028-base,CZ,Y,dsr,wholesale_revenues_mn_EUR,0.0
519,2028-base,CZ,Y,h_ror,wholesale_revenues_mn_EUR,106.1232582172434
520,2028-base,CZ,Y,h_dams,wholesale_revenues_mn_EUR,88.04670316240178
521,2028-base,CZ,Y,li,wholesale_revenues_mn_EUR,9.206245962892096
522,2028-base,CZ,Y,pump_open,wholesale_revenues_mn_EUR,37.3051632230554
523,2028-base,CZ,Y,pump,wholesale_revenues_mn_EUR,46.63711691762132
524,2028-base,CZ,Y,IMPORT_EXPORT,wholesale_revenues_mn_EUR,41.95572364596139
525,2028-base,CZ,S,nuclear,wholesale_revenues_mn_EUR,1158.0466995029906
526,2028-base,CZ,S,solar,wholesale_revenues_mn_EUR,282.01034722204093
527,2028-base,CZ,S,onshore,wholesale_revenues_mn_EUR,36.49290655018648
528,2028-base,CZ,S,waste,wholesale_revenues_mn_EUR,43.809514868628334
529,2028-base,CZ,S,gas_ccgt,wholesale_revenues_mn_EUR,195.4637475844668
530,2028-base,CZ,S,gas_chp,wholesale_revenues_mn_EUR,70.2408449615875
531,2028-base,CZ,S,biogas,wholesale_revenues_mn_EUR,5.702624176934563
532,2028-base,CZ,S,lig_sc,wholesale_revenues_mn_EUR,0.0
533,2028-base,CZ,S,bio,wholesale_revenues_mn_EUR,0.0
534,2028-base,CZ,S,gas_eng_chp,wholesale_revenues_mn_EUR,64.98702855256072
535,2028-base,CZ,S,lig,wholesale_revenues_mn_EUR,0.0
536,2028-base,CZ,S,lig_ex,wholesale_revenues_mn_EUR,88.38525921816846
537,2028-base,CZ,S,coal,wholesale_revenues_mn_EUR,0.0
538,2028-base,CZ,S,coal_ex,wholesale_revenues_mn_EUR,-4.377280748631417e-16
539,2028-base,CZ,S,gas_peak,wholesale_revenues_mn_EUR,0.0
540,2028-base,CZ,S,lig_old,wholesale_revenues_mn_EUR,0.0
541,2028-base,CZ,S,b_CHP,wholesale_revenues_mn_EUR,4.18339416209308e-19
542,2028-base,CZ,S,lig_bp,wholesale_revenues_mn_EUR,28.225314122457725
543,2028-base,CZ,S,coal_bp,wholesale_revenues_mn_EUR,0.0
544,2028-base,CZ,S,dsr,wholesale_revenues_mn_EUR,0.0
545,2028-base,CZ,S,h_ror,wholesale_revenues_mn_EUR,47.773590182992486
546,2028-base,CZ,S,h_dams,wholesale_revenues_mn_EUR,44.93782694991238
547,2028-base,CZ,S,li,wholesale_revenues_mn_EUR,3.670912916064391
548,2028-base,CZ,S,pump_open,wholesale_revenues_mn_EUR,21.189447244213856
549,2028-base,CZ,S,pump,wholesale_revenues_mn_EUR,27.94502723586557
550,2028-base,CZ,S,IMPORT_EXPORT,wholesale_revenues_mn_EUR,2.132354554552905
551,2028-base,CZ,W,nuclear,wholesale_revenues_mn_EUR,1457.3029445671837
552,2028-base,CZ,W,solar,wholesale_revenues_mn_EUR,179.24500317729547
553,2028-base,CZ,W,onshore,wholesale_revenues_mn_EUR,59.60410132786237
554,2028-base,CZ,W,waste,wholesale_revenues_mn_EUR,71.29901231385183
555,2028-base,CZ,W,gas_ccgt,wholesale_revenues_mn_EUR,262.4850506425439
556,2028-base,CZ,W,gas_chp,wholesale_revenues_mn_EUR,251.74815200924743
557,2028-base,CZ,W,biogas,wholesale_revenues_mn_EUR,71.81240552430859
558,2028-base,CZ,W,lig_sc,wholesale_revenues_mn_EUR,81.4573580963625
559,2028-base,CZ,W,bio,wholesale_revenues_mn_EUR,0.0
560,2028-base,CZ,W,gas_eng_chp,wholesale_revenues_mn_EUR,95.73145126789886
561,2028-base,CZ,W,lig,wholesale_revenues_mn_EUR,80.38974253166998
562,2028-base,CZ,W,lig_ex,wholesale_revenues_mn_EUR,218.60220628321696
563,2028-base,CZ,W,coal,wholesale_revenues_mn_EUR,0.0
564,2028-base,CZ,W,coal_ex,wholesale_revenues_mn_EUR,2.377203798038116
565,2028-base,CZ,W,gas_peak,wholesale_revenues_mn_EUR,5.098196190662121
566,2028-base,CZ,W,lig_old,wholesale_revenues_mn_EUR,13.415698294485695
567,2028-base,CZ,W,b_CHP,wholesale_revenues_mn_EUR,-2.097932448635921e-19
568,2028-base,CZ,W,lig_bp,wholesale_revenues_mn_EUR,136.51482686445456
569,2028-base,CZ,W,coal_bp,wholesale_revenues_mn_EUR,0.0
570,2028-base,CZ,W,dsr,wholesale_revenues_mn_EUR,0.0
571,2028-base,CZ,W,h_ror,wholesale_revenues_mn_EUR,58.3496680342509
572,2028-base,CZ,W,h_dams,wholesale_revenues_mn_EUR,43.1088762124894
573,2028-base,CZ,W,li,wholesale_revenues_mn_EUR,5.535333046827704
574,2028-base,CZ,W,pump_open,wholesale_revenues_mn_EUR,16.11571597884154
575,2028-base,CZ,W,pump,wholesale_revenues_mn_EUR,18.69208968175575
576,2028-base,CZ,W,IMPORT_EXPORT,wholesale_revenues_mn_EUR,39.82336909140847
577,2028-base,CZ,Y,TOTAL,avg_consumer_price_EUR_per_MWh,92.27043984056594
578,2028-base,CZ,S,TOTAL,avg_consumer_price_EUR_per_MWh,82.81559848180565
579,2028-base,CZ,W,TOTAL,avg_consumer_price_EUR_per_MWh,100.33519643013612
580,2028-base,CZ,Y,TOTAL,avg_producer_price_EUR_per_MWh,91.572797739412
581,2028-base,CZ,S,TOTAL,avg_producer_price_EUR_per_MWh,80.83153194646862
582,2028-base,CZ,W,TOTAL,avg_producer_price_EUR_per_MWh,100.38542136789232
583,2028-base,CZ,Y,nuclear,capacity_factor,0.7964817503918005
584,2028-base,CZ,Y,solar,capacity_factor,0.1102992523213936
585,2028-base,CZ,Y,onshore,capacity_factor,0.2448977450305747
586,2028-base,CZ,Y,waste,capacity_factor,0.6666666666665837
587,2028-base,CZ,Y,gas_ccgt,capacity_factor,0.8836274221447415
588,2028-base,CZ,Y,gas_chp,capacity_factor,0.5333333333333133
589,2028-base,CZ,Y,biogas,capacity_factor,0.2872598106127304
590,2028-base,CZ,Y,lig_sc,capacity_factor,0.1902826929077339
591,2028-base,CZ,Y,gas_eng_chp,capacity_factor,0.5333333333333686
592,2028-base,CZ,Y,lig,capacity_factor,0.0808606173687001
593,2028-base,CZ,Y,lig_ex,capacity_factor,0.4871964561068852
594,2028-base,CZ,Y,coal_ex,capacity_factor,0.0389383561643835
595,2028-base,CZ,Y,gas_peak,capacity_factor,0.0468335179340741
596,2028-base,CZ,Y,lig_old,capacity_factor,0.009815158222276
597,2028-base,CZ,Y,b_CHP,capacity_factor,6.598373374408943e-20
598,2028-base,CZ,Y,lig_bp,capacity_factor,0.5333333333333328
599,2028-base,CZ,Y,h_ror,capacity_factor,0.3188174839075021
600,2028-base,CZ,Y,h_dams,capacity_factor,0.16358075272307
601,2028-base,CZ,Y,li,capacity_factor,0.0985186126172669
602,2028-base,CZ,Y,pump_open,capacity_factor,0.0855930532758438
603,2028-base,CZ,Y,pump,capacity_factor,0.0750302827231824
604,2028-base,CZ,Y,TOTAL,capacity_factor,0.3088748895651509
605,2028-base,CZ,S,nuclear,capacity_factor,0.7758452989642761
606,2028-base,CZ,S,solar,capacity_factor,0.1493831184778269
607,2028-base,CZ,S,onshore,capacity_factor,0.2030288550984274
608,2028-base,CZ,S,waste,capacity_factor,0.5381241846629613
609,2028-base,CZ,S,gas_ccgt,capacity_factor,0.8019207506293796
610,2028-base,CZ,S,gas_chp,capacity_factor,0.2950838056477705
611,2028-base,CZ,S,biogas,capacity_factor,0.0466403996190969
612,2028-base,CZ,S,lig_sc,capacity_factor,0.0
613,2028-base,CZ,S,gas_eng_chp,capacity_factor,0.4653843217473396
614,2028-base,CZ,S,lig,capacity_factor,0.0
615,2028-base,CZ,S,lig_ex,capacity_factor,0.3714435701992705
616,2028-base,CZ,S,coal_ex,capacity_factor,-2.371091009421161e-17
617,2028-base,CZ,S,gas_peak,capacity_factor,0.0
618,2028-base,CZ,S,lig_old,capacity_factor,0.0
619,2028-base,CZ,S,b_CHP,capacity_factor,2.7053368699097777e-19
620,2028-base,CZ,S,lig_bp,capacity_factor,0.2070865404573003
621,2028-base,CZ,S,h_ror,capacity_factor,0.3137948760227723
622,2028-base,CZ,S,h_dams,capacity_factor,0.1814387568214098
623,2028-base,CZ,S,li,capacity_factor,0.085736257795093
624,2028-base,CZ,S,pump_open,capacity_factor,0.1051173735723941
625,2028-base,CZ,S,pump,capacity_factor,0.0964991661487132
626,2028-base,CZ,S,TOTAL,capacity_factor,1.2388937878162647
627,2028-base,CZ,W,nuclear,capacity_factor,0.8170054343251856
628,2028-base,CZ,W,solar,capacity_factor,0.0714289592040666
629,2028-base,CZ,W,onshore,capacity_factor,0.2865378432144589
630,2028-base,CZ,W,waste,capacity_factor,0.79450673073576
631,2028-base,CZ,W,gas_ccgt,capacity_factor,0.9648876091163036
632,2028-base,CZ,W,gas_chp,capacity_factor,0.7702809510315034
633,2028-base,CZ,W,biogas,capacity_factor,0.5265643614369999
634,2028-base,CZ,W,lig_sc,capacity_factor,0.37952558967936
635,2028-base,CZ,W,gas_eng_chp,capacity_factor,0.6009110388451571
636,2028-base,CZ,W,lig,capacity_factor,0.1612793734403036
637,2028-base,CZ,W,lig_ex,capacity_factor,0.6023168125833107
638,2028-base,CZ,W,coal_ex,capacity_factor,0.0776639344262295
639,2028-base,CZ,W,gas_peak,capacity_factor,0.0934111150051205
640,2028-base,CZ,W,lig_old,capacity_factor,0.0195766817001681
641,2028-base,CZ,W,b_CHP,capacity_factor,-1.3744846019543886e-19
642,2028-base,CZ,W,lig_bp,capacity_factor,0.8577973568493868
643,2028-base,CZ,W,h_ror,capacity_factor,0.3238126458475065
644,2028-base,CZ,W,h_dams,capacity_factor,0.145820333346579
645,2028-base,CZ,W,li,capacity_factor,0.1112311185059863
646,2028-base,CZ,W,pump_open,capacity_factor,0.0661754232541381
647,2028-base,CZ,W,pump,capacity_factor,0.0536787156005234
648,2028-base,CZ,W,TOTAL,capacity_factor,1.2321238764074327
649,2028-base,CZ,Y,li,capacity_factor_charging,0.0087045124899876
650,2028-base,CZ,Y,pump_open,capacity_factor_charging,0.115815126591622
651,2028-base,CZ,Y,pump,capacity_factor_charging,0.1064058979382482
652,2028-base,CZ,S,li,capacity_factor_charging,0.0076487071978791
653,2028-base,CZ,S,pump_open,capacity_factor_charging,0.1486106340857438
654,2028-base,CZ,S,pump,capacity_factor_charging,0.1379194720822587
655,2028-base,CZ,W,li,capacity_factor_charging,0.0097545483542702
656,2028-base,CZ,W,pump_open,capacity_factor_charging,0.0831988295209653
657,2028-base,CZ,W,pump,capacity_factor_charging,0.0750645291174289
658,2028-base,CZ,Y,nuclear,emissions_MtCO2,0.0
659,2028-base,CZ,Y,solar,emissions_MtCO2,0.0
660,2028-base,CZ,Y,onshore,emissions_MtCO2,0.0
661,2028-base,CZ,Y,waste,emissions_MtCO2,0.0
662,2028-base,CZ,Y,gas_ccgt,emissions_MtCO2,1.8774767616729733
663,2028-base,CZ,Y,gas_chp,emissions_MtCO2,1.4030015999999472
664,2028-base,CZ,Y,biogas,emissions_MtCO2,0.0
665,2028-base,CZ,Y,lig_sc,emissions_MtCO2,0.6754338190029153
666,2028-base,CZ,Y,bio,emissions_MtCO2,0.0
667,2028-base,CZ,Y,gas_eng_chp,emissions_MtCO2,0.75674720000005
668,2028-base,CZ,Y,lig,emissions_MtCO2,0.6872305057069492
669,2028-base,CZ,Y,lig_ex,emissions_MtCO2,7.056021451722057
670,2028-base,CZ,Y,coal,emissions_MtCO2,0.0
671,2028-base,CZ,Y,coal_ex,emissions_MtCO2,0.0331394477039999
672,2028-base,CZ,Y,gas_peak,emissions_MtCO2,0.02171935257481
673,2028-base,CZ,Y,lig_old,emissions_MtCO2,0.1147556890842208
674,2028-base,CZ,Y,b_CHP,emissions_MtCO2,0.0
675,2028-base,CZ,Y,lig_bp,emissions_MtCO2,3.3487027199999964
676,2028-base,CZ,Y,coal_bp,emissions_MtCO2,0.0
677,2028-base,CZ,Y,dsr,emissions_MtCO2,0.0
678,2028-base,CZ,Y,eens,emissions_MtCO2,0.0
679,2028-base,CZ,Y,h_ror,emissions_MtCO2,0.0
680,2028-base,CZ,Y,h_dams,emissions_MtCO2,0.0
681,2028-base,CZ,Y,li,emissions_MtCO2,0.0
682,2028-base,CZ,Y,pump_open,emissions_MtCO2,0.0
683,2028-base,CZ,Y,pump,emissions_MtCO2,0.0
684,2028-base,CZ,Y,TOTAL,emissions_MtCO2,15.974228547467922
685,2028-base,CZ,S,nuclear,emissions_MtCO2,0.0
686,2028-base,CZ,S,solar,emissions_MtCO2,0.0
687,2028-base,CZ,S,onshore,emissions_MtCO2,0.0
688,2028-base,CZ,S,waste,emissions_MtCO2,0.0
689,2028-base,CZ,S,gas_ccgt,emissions_MtCO2,0.8496016753886015
690,2028-base,CZ,S,gas_chp,emissions_MtCO2,0.3870644967397593
691,2028-base,CZ,S,biogas,emissions_MtCO2,0.0
692,2028-base,CZ,S,lig_sc,emissions_MtCO2,0.0
693,2028-base,CZ,S,bio,emissions_MtCO2,0.0
694,2028-base,CZ,S,gas_eng_chp,emissions_MtCO2,0.3292625722496306
695,2028-base,CZ,S,lig,emissions_MtCO2,0.0
696,2028-base,CZ,S,lig_ex,emissions_MtCO2,2.682422235338463
697,2028-base,CZ,S,coal,emissions_MtCO2,0.0
698,2028-base,CZ,S,coal_ex,emissions_MtCO2,-1.0062233712915364e-17
699,2028-base,CZ,S,gas_peak,emissions_MtCO2,0.0
700,2028-base,CZ,S,lig_old,emissions_MtCO2,0.0
701,2028-base,CZ,S,b_CHP,emissions_MtCO2,0.0
702,2028-base,CZ,S,lig_bp,emissions_MtCO2,0.6483481312883468
703,2028-base,CZ,S,coal_bp,emissions_MtCO2,0.0
704,2028-base,CZ,S,dsr,emissions_MtCO2,0.0
705,2028-base,CZ,S,eens,emissions_MtCO2,0.0
706,2028-base,CZ,S,h_ror,emissions_MtCO2,0.0
707,2028-base,CZ,S,h_dams,emissions_MtCO2,0.0
708,2028-base,CZ,S,li,emissions_MtCO2,0.0
709,2028-base,CZ,S,pump_open,emissions_MtCO2,0.0
710,2028-base,CZ,S,pump,emissions_MtCO2,0.0
711,2028-base,CZ,S,TOTAL,emissions_MtCO2,31.948457094935844
712,2028-base,CZ,W,nuclear,emissions_MtCO2,0.0
713,2028-base,CZ,W,solar,emissions_MtCO2,0.0
714,2028-base,CZ,W,onshore,emissions_MtCO2,0.0
715,2028-base,CZ,W,waste,emissions_MtCO2,0.0
716,2028-base,CZ,W,gas_ccgt,emissions_MtCO2,1.027875086284372
717,2028-base,CZ,W,gas_chp,emissions_MtCO2,1.0159371032601878
718,2028-base,CZ,W,biogas,emissions_MtCO2,0.0
719,2028-base,CZ,W,lig_sc,emissions_MtCO2,0.6754338190029153
720,2028-base,CZ,W,bio,emissions_MtCO2,0.0
721,2028-base,CZ,W,gas_eng_chp,emissions_MtCO2,0.4274846277504194
722,2028-base,CZ,W,lig,emissions_MtCO2,0.6872305057069492
723,2028-base,CZ,W,lig_ex,emissions_MtCO2,4.373599216383594
724,2028-base,CZ,W,coal,emissions_MtCO2,0.0
725,2028-base,CZ,W,coal_ex,emissions_MtCO2,0.033139447704
726,2028-base,CZ,W,gas_peak,emissions_MtCO2,0.02171935257481
727,2028-base,CZ,W,lig_old,emissions_MtCO2,0.1147556890842208
728,2028-base,CZ,W,b_CHP,emissions_MtCO2,-0.0
729,2028-base,CZ,W,lig_bp,emissions_MtCO2,2.7003545887116496
730,2028-base,CZ,W,coal_bp,emissions_MtCO2,0.0
731,2028-base,CZ,W,dsr,emissions_MtCO2,0.0
732,2028-base,CZ,W,eens,emissions_MtCO2,0.0
733,2028-base,CZ,W,h_ror,emissions_MtCO2,0.0
734,2028-base,CZ,W,h_dams,emissions_MtCO2,0.0
735,2028-base,CZ,W,li,emissions_MtCO2,0.0
736,2028-base,CZ,W,pump_open,emissions_MtCO2,0.0
737,2028-base,CZ,W,pump,emissions_MtCO2,0.0
738,2028-base,CZ,W,TOTAL,emissions_MtCO2,31.948457094935844
739,2028-base,CZ,Y,nuclear,power_share_high_value,0.9830072252202172
740,2028-base,CZ,Y,solar,power_share_high_value,0.916255445807184
741,2028-base,CZ,Y,onshore,power_share_high_value,0.9894523143564606
742,2028-base,CZ,S,nuclear,power_share_high_value,0.968833556801618
743,2028-base,CZ,S,solar,power_share_high_value,0.8907234789958579
744,2028-base,CZ,S,onshore,power_share_high_value,0.9766010697617014
745,2028-base,CZ,W,nuclear,power_share_high_value,0.996393284827412
746,2028-base,CZ,W,solar,power_share_high_value,0.9693600001843738
747,2028-base,CZ,W,onshore,power_share_high_value,0.9985084155296684
748,2028-base,CZ,Y,nuclear,power_share_low_value,0.016871938907196
749,2028-base,CZ,Y,solar,power_share_low_value,0.0830130262775249
750,2028-base,CZ,Y,onshore,power_share_low_value,0.0105449881638092
751,2028-base,CZ,S,nuclear,power_share_low_value,0.0309176617136159
752,2028-base,CZ,S,solar,power_share_low_value,0.1081932841502523
753,2028-base,CZ,S,onshore,power_share_low_value,0.0233924048450837
754,2028-base,CZ,W,nuclear,power_share_low_value,0.0036067151725877
755,2028-base,CZ,W,solar,power_share_low_value,0.0306399998156261
756,2028-base,CZ,W,onshore,power_share_low_value,0.0014915844703317
757,2028-base,CZ,Y,nuclear,power_share_zero_value,0.0001208358725865
758,2028-base,CZ,Y,solar,power_share_zero_value,0.0007315279152908
759,2028-base,CZ,Y,onshore,power_share_zero_value,2.697479730106527e-06
760,2028-base,CZ,S,nuclear,power_share_zero_value,0.0002487814847661
761,2028-base,CZ,S,solar,power_share_zero_value,0.0010832368538897
762,2028-base,CZ,S,onshore,power_share_zero_value,6.52539321494737e-06
763,2028-base,CZ,W,nuclear,power_share_zero_value,0.0
764,2028-base,CZ,W,solar,power_share_zero_value,0.0
765,2028-base,CZ,W,onshore,power_share_zero_value,0.0
766,2028-base-plus,CZ,Y,nuclear,capacity_GW,4.099
767,2028-base-plus,CZ,Y,solar,capacity_GW,7.0
768,2028-base-plus,CZ,Y,onshore,capacity_GW,0.5
769,2028-base-plus,CZ,Y,waste,capacity_GW,0.19575
770,2028-base-plus,CZ,Y,gas_ccgt,capacity_GW,0.6174
771,2028-base-plus,CZ,Y,gas_chp,capacity_GW,0.7644
772,2028-base-plus,CZ,Y,biogas,capacity_GW,0.279
773,2028-base-plus,CZ,Y,lig_sc,capacity_GW,0.4356
774,2028-base-plus,CZ,Y,bio,capacity_GW,0.0
775,2028-base-plus,CZ,Y,gas_eng_chp,capacity_GW,0.3313124999999999
776,2028-base-plus,CZ,Y,lig,capacity_GW,0.9702
777,2028-base-plus,CZ,Y,lig_ex,capacity_GW,1.6533000000000002
778,2028-base-plus,CZ,Y,coal,capacity_GW,0.0
779,2028-base-plus,CZ,Y,coal_ex,capacity_GW,0.11484
780,2028-base-plus,CZ,Y,gas_peak,capacity_GW,0.096255
781,2028-base-plus,CZ,Y,lig_old,capacity_GW,1.2011999999999998
782,2028-base-plus,CZ,Y,b_CHP,capacity_GW,0.20925
783,2028-base-plus,CZ,Y,lig_bp,capacity_GW,0.35838
784,2028-base-plus,CZ,Y,coal_bp,capacity_GW,0.0
785,2028-base-plus,CZ,Y,dsr,capacity_GW,0.0
786,2028-base-plus,CZ,Y,h_ror,capacity_GW,0.415
787,2028-base-plus,CZ,Y,h_dams,capacity_GW,0.609
788,2028-base-plus,CZ,Y,li,capacity_GW,0.1
789,2028-base-plus,CZ,Y,pump_open,capacity_GW,0.47
790,2028-base-plus,CZ,Y,pump,capacity_GW,0.678
791,2028-base-plus,CZ,Y,TOTAL,capacity_GW,21.0978875
792,2028-base-plus,CZ,Y,h_ror,capacity_charging_GW,0.0
793,2028-base-plus,CZ,Y,h_dams,capacity_charging_GW,0.0
794,2028-base-plus,CZ,Y,li,capacity_charging_GW,1.25599
795,2028-base-plus,CZ,Y,pump_open,capacity_charging_GW,0.44
796,2028-base-plus,CZ,Y,pump,capacity_charging_GW,0.664
797,2028-base-plus,CZ,Y,nuclear,capacity_paid_off_GW,0.0
798,2028-base-plus,CZ,Y,solar,capacity_paid_off_GW,0.0
799,2028-base-plus,CZ,Y,onshore,capacity_paid_off_GW,0.0
800,2028-base-plus,CZ,Y,waste,capacity_paid_off_GW,0.0
801,2028-base-plus,CZ,Y,gas_ccgt,capacity_paid_off_GW,0.0
802,2028-base-plus,CZ,Y,gas_chp,capacity_paid_off_GW,0.0
803,2028-base-plus,CZ,Y,biogas,capacity_paid_off_GW,0.0
804,2028-base-plus,CZ,Y,lig_sc,capacity_paid_off_GW,0.0
805,2028-base-plus,CZ,Y,bio,capacity_paid_off_GW,0.0
806,2028-base-plus,CZ,Y,gas_eng_chp,capacity_paid_off_GW,0.0
807,2028-base-plus,CZ,Y,lig,capacity_paid_off_GW,0.0
808,2028-base-plus,CZ,Y,lig_ex,capacity_paid_off_GW,0.0
809,2028-base-plus,CZ,Y,coal,capacity_paid_off_GW,0.0
810,2028-base-plus,CZ,Y,coal_ex,capacity_paid_off_GW,0.0
811,2028-base-plus,CZ,Y,gas_peak,capacity_paid_off_GW,0.0
812,2028-base-plus,CZ,Y,lig_old,capacity_paid_off_GW,0.0
813,2028-base-plus,CZ,Y,b_CHP,capacity_paid_off_GW,0.0
814,2028-base-plus,CZ,Y,lig_bp,capacity_paid_off_GW,0.0
815,2028-base-plus,CZ,Y,coal_bp,capacity_paid_off_GW,0.0
816,2028-base-plus,CZ,Y,dsr,capacity_paid_off_GW,0.0
817,2028-base-plus,CZ,Y,h_ror,capacity_paid_off_GW,0.0
818,2028-base-plus,CZ,Y,h_dams,capacity_paid_off_GW,0.0
819,2028-base-plus,CZ,Y,li,capacity_paid_off_GW,0.0
820,2028-base-plus,CZ,Y,pump_open,capacity_paid_off_GW,0.0
821,2028-base-plus,CZ,Y,pump,capacity_paid_off_GW,0.0
822,2028-base-plus,CZ,Y,h_ror,capacity_charging_paid_off_GW,0.0
823,2028-base-plus,CZ,Y,h_dams,capacity_charging_paid_off_GW,0.0
824,2028-base-plus,CZ,Y,li,capacity_charging_paid_off_GW,0.0
825,2028-base-plus,CZ,Y,pump_open,capacity_charging_paid_off_GW,0.0
826,2028-base-plus,CZ,Y,pump,capacity_charging_paid_off_GW,0.0
827,2028-base-plus,CZ,Y,TOTAL,load_TWh,66.382047428
828,2028-base-plus,CZ,S,TOTAL,load_TWh,30.557496582
829,2028-base-plus,CZ,W,TOTAL,load_TWh,35.824550846
830,2028-base-plus,CZ,Y,TOTAL,import_TWh,16.0978509062547
831,2028-base-plus,CZ,S,TOTAL,import_TWh,7.829919873528121
832,2028-base-plus,CZ,W,TOTAL,import_TWh,8.267931032726578
833,2028-base-plus,CZ,Y,TOTAL,export_TWh,5.184273102630804
834,2028-base-plus,CZ,S,TOTAL,export_TWh,2.2786791524933707
835,2028-base-plus,CZ,W,TOTAL,export_TWh,2.9055939501374337
836,2028-base-plus,CZ,Y,TOTAL,net_import_TWh,10.913577803623896
837,2028-base-plus,CZ,S,TOTAL,net_import_TWh,5.55124072103475
838,2028-base-plus,CZ,W,TOTAL,net_import_TWh,5.3623370825891445
839,2028-base-plus,CZ,Y,TOTAL,curtailment_TWh,0.0002120960455162
840,2028-base-plus,CZ,S,TOTAL,curtailment_TWh,0.000212096045514
841,2028-base-plus,CZ,W,TOTAL,curtailment_TWh,2.178239810746163e-15
842,2028-base-plus,CZ,Y,nuclear,production_TWh,28.59946136693848
843,2028-base-plus,CZ,Y,solar,production_TWh,6.763550152347859
844,2028-base-plus,CZ,Y,onshore,production_TWh,1.0726521232339172
845,2028-base-plus,CZ,Y,waste,production_TWh,1.1431799999998578
846,2028-base-plus,CZ,Y,gas_ccgt,production_TWh,4.495759197078628
847,2028-base-plus,CZ,Y,gas_chp,production_TWh,3.0570655696303266
848,2028-base-plus,CZ,Y,biogas,production_TWh,0.6111318553417183
849,2028-base-plus,CZ,Y,lig_sc,production_TWh,0.7126729399564902
850,2028-base-plus,CZ,Y,bio,production_TWh,0.0
851,2028-base-plus,CZ,Y,gas_eng_chp,production_TWh,1.5478920000001055
852,2028-base-plus,CZ,Y,lig,production_TWh,0.6793384080385562
853,2028-base-plus,CZ,Y,lig_ex,production_TWh,3.10505453219318
854,2028-base-plus,CZ,Y,coal,production_TWh,0.0
855,2028-base-plus,CZ,Y,coal_ex,production_TWh,0.0244888293214285
856,2028-base-plus,CZ,Y,gas_peak,production_TWh,0.0414130827158386
857,2028-base-plus,CZ,Y,lig_old,production_TWh,0.1944657558238237
858,2028-base-plus,CZ,Y,b_CHP,production_TWh,0.0032057099999999
859,2028-base-plus,CZ,Y,lig_bp,production_TWh,1.6743513599999524
860,2028-base-plus,CZ,Y,coal_bp,production_TWh,0.0
861,2028-base-plus,CZ,Y,dsr,production_TWh,0.0
862,2028-base-plus,CZ,Y,eens,production_TWh,6.905376544600159e-19
863,2028-base-plus,CZ,Y,h_ror,production_TWh,1.159029080997333
864,2028-base-plus,CZ,Y,h_dams,production_TWh,0.8726771428571427
865,2028-base-plus,CZ,Y,li,production_TWh,0.0824254810433555
866,2028-base-plus,CZ,Y,pump_open,production_TWh,0.3637913316449077
867,2028-base-plus,CZ,Y,pump,production_TWh,0.4660321810165276
868,2028-base-plus,CZ,Y,TOTAL,production_TWh,56.66963810017943
869,2028-base-plus,CZ,S,nuclear,production_TWh,13.891069397825554
870,2028-base-plus,CZ,S,solar,production_TWh,4.567538230578035
871,2028-base-plus,CZ,S,onshore,production_TWh,0.4434150195349656
872,2028-base-plus,CZ,S,waste,production_TWh,0.4755754253698974
873,2028-base-plus,CZ,S,gas_ccgt,production_TWh,1.926114850038663
874,2028-base-plus,CZ,S,gas_chp,production_TWh,0.7752263877245336
875,2028-base-plus,CZ,S,biogas,production_TWh,0.0245063404742177
876,2028-base-plus,CZ,S,lig_sc,production_TWh,0.0
877,2028-base-plus,CZ,S,bio,production_TWh,0.0
878,2028-base-plus,CZ,S,gas_eng_chp,production_TWh,0.6900856104352342
879,2028-base-plus,CZ,S,lig,production_TWh,0.0
880,2028-base-plus,CZ,S,lig_ex,production_TWh,1.054453661124495
881,2028-base-plus,CZ,S,coal,production_TWh,0.0
882,2028-base-plus,CZ,S,coal_ex,production_TWh,-5.873835143641723e-18
883,2028-base-plus,CZ,S,gas_peak,production_TWh,0.0
884,2028-base-plus,CZ,S,lig_old,production_TWh,0.0
885,2028-base-plus,CZ,S,b_CHP,production_TWh,-6.947528971876994e-20
886,2028-base-plus,CZ,S,lig_bp,production_TWh,0.3124579324828359
887,2028-base-plus,CZ,S,coal_bp,production_TWh,0.0
888,2028-base-plus,CZ,S,dsr,production_TWh,0.0
889,2028-base-plus,CZ,S,eens,production_TWh,6.869849407812155e-19
890,2028-base-plus,CZ,S,h_ror,production_TWh,0.5688222476639997
891,2028-base-plus,CZ,S,h_dams,production_TWh,0.4824446999999999
892,2028-base-plus,CZ,S,li,production_TWh,0.0364280135991318
893,2028-base-plus,CZ,S,pump_open,production_TWh,0.2350899221040782
894,2028-base-plus,CZ,S,pump,production_TWh,0.317621817032013
895,2028-base-plus,CZ,S,TOTAL,production_TWh,113.33927620035884
896,2028-base-plus,CZ,W,nuclear,production_TWh,14.708391969112927
897,2028-base-plus,CZ,W,solar,production_TWh,2.1960119217698244
898,2028-base-plus,CZ,W,onshore,production_TWh,0.6292371036989517
899,2028-base-plus,CZ,W,waste,production_TWh,0.6676045746299604
900,2028-base-plus,CZ,W,gas_ccgt,production_TWh,2.5696443470399646
901,2028-base-plus,CZ,W,gas_chp,production_TWh,2.281839181905793
902,2028-base-plus,CZ,W,biogas,production_TWh,0.5866255148675004
903,2028-base-plus,CZ,W,lig_sc,production_TWh,0.7126729399564902
904,2028-base-plus,CZ,W,bio,production_TWh,0.0
905,2028-base-plus,CZ,W,gas_eng_chp,production_TWh,0.8578063895648718
906,2028-base-plus,CZ,W,lig,production_TWh,0.6793384080385562
907,2028-base-plus,CZ,W,lig_ex,production_TWh,2.0506008710686854
908,2028-base-plus,CZ,W,coal,production_TWh,0.0
909,2028-base-plus,CZ,W,coal_ex,production_TWh,0.0244888293214285
910,2028-base-plus,CZ,W,gas_peak,production_TWh,0.0414130827158386
911,2028-base-plus,CZ,W,lig_old,production_TWh,0.1944657558238237
912,2028-base-plus,CZ,W,b_CHP,production_TWh,0.0032057099999999
913,2028-base-plus,CZ,W,lig_bp,production_TWh,1.3618934275171164
914,2028-base-plus,CZ,W,coal_bp,production_TWh,0.0
915,2028-base-plus,CZ,W,dsr,production_TWh,0.0
916,2028-base-plus,CZ,W,eens,production_TWh,3.552713678800381e-21
917,2028-base-plus,CZ,W,h_ror,production_TWh,0.5902068333333332
918,2028-base-plus,CZ,W,h_dams,production_TWh,0.3902324428571428
919,2028-base-plus,CZ,W,li,production_TWh,0.0459974674442236
920,2028-base-plus,CZ,W,pump_open,production_TWh,0.1287014095408294
921,2028-base-plus,CZ,W,pump,production_TWh,0.1484103639845145
922,2028-base-plus,CZ,W,TOTAL,production_TWh,113.33927620035884
923,2028-base-plus,CZ,Y,gas_chp,production_el_eq_TWh,3.571276799999864
924,2028-base-plus,CZ,Y,gas_eng_chp,production_el_eq_TWh,1.5478920000001055
925,2028-base-plus,CZ,Y,lig_ex,production_el_eq_TWh,6.926555767893525
926,2028-base-plus,CZ,Y,coal_ex,production_el_eq_TWh,0.047595438
927,2028-base-plus,CZ,Y,b_CHP,production_el_eq_TWh,0.008014275
928,2028-base-plus,CZ,Y,lig_bp,production_el_eq_TWh,1.6743513599999524
929,2028-base-plus,CZ,Y,coal_bp,production_el_eq_TWh,0.0
930,2028-base-plus,CZ,Y,eens,production_el_eq_TWh,0.0
931,2028-base-plus,CZ,S,gas_chp,production_el_eq_TWh,1.049173716737429
932,2028-base-plus,CZ,S,gas_eng_chp,production_el_eq_TWh,0.6900856104352342
933,2028-base-plus,CZ,S,lig_ex,production_el_eq_TWh,2.6347135661568046
934,2028-base-plus,CZ,S,coal_ex,production_el_eq_TWh,-1.4685602176708282e-17
935,2028-base-plus,CZ,S,b_CHP,production_el_eq_TWh,-1.7368822429691952e-19
936,2028-base-plus,CZ,S,lig_bp,production_el_eq_TWh,0.3124579324828359
937,2028-base-plus,CZ,S,coal_bp,production_el_eq_TWh,0.0
938,2028-base-plus,CZ,S,eens,production_el_eq_TWh,0.0
939,2028-base-plus,CZ,W,gas_chp,production_el_eq_TWh,2.522103083262435
940,2028-base-plus,CZ,W,gas_eng_chp,production_el_eq_TWh,0.8578063895648718
941,2028-base-plus,CZ,W,lig_ex,production_el_eq_TWh,4.29184220173672
942,2028-base-plus,CZ,W,coal_ex,production_el_eq_TWh,0.047595438
943,2028-base-plus,CZ,W,b_CHP,production_el_eq_TWh,0.008014275
944,2028-base-plus,CZ,W,lig_bp,production_el_eq_TWh,1.3618934275171164
945,2028-base-plus,CZ,W,coal_bp,production_el_eq_TWh,0.0
946,2028-base-plus,CZ,W,eens,production_el_eq_TWh,0.0
947,2028-base-plus,CZ,Y,solar,production_used_TWh,6.763550152347859
948,2028-base-plus,CZ,Y,onshore,production_used_TWh,1.0726521232339172
949,2028-base-plus,CZ,S,solar,production_used_TWh,4.567538230578035
950,2028-base-plus,CZ,S,onshore,production_used_TWh,0.4434150195349656
951,2028-base-plus,CZ,W,solar,production_used_TWh,2.1960119217698244
952,2028-base-plus,CZ,W,onshore,production_used_TWh,0.6292371036989517
953,2028-base-plus,CZ,Y,solar,production_excess_TWh,0.0
954,2028-base-plus,CZ,Y,onshore,production_excess_TWh,0.0
955,2028-base-plus,CZ,S,solar,production_excess_TWh,0.0
956,2028-base-plus,CZ,S,onshore,production_excess_TWh,0.0
957,2028-base-plus,CZ,W,solar,production_excess_TWh,0.0
958,2028-base-plus,CZ,W,onshore,production_excess_TWh,0.0
959,2028-base-plus,CZ,Y,h_ror,discharged_TWh,1.159029080997333
960,2028-base-plus,CZ,Y,h_dams,discharged_TWh,0.8726771428571427
961,2028-base-plus,CZ,Y,li,discharged_TWh,0.0824254810433555
962,2028-base-plus,CZ,Y,pump_open,discharged_TWh,0.3637913316449077
963,2028-base-plus,CZ,Y,pump,discharged_TWh,0.4660321810165276
964,2028-base-plus,CZ,Y,TOTAL,discharged_TWh,2.9439552175592665
965,2028-base-plus,CZ,S,h_ror,discharged_TWh,0.5688222476639997
966,2028-base-plus,CZ,S,h_dams,discharged_TWh,0.4824446999999999
967,2028-base-plus,CZ,S,li,discharged_TWh,0.0364280135991318
968,2028-base-plus,CZ,S,pump_open,discharged_TWh,0.2350899221040782
969,2028-base-plus,CZ,S,pump,discharged_TWh,0.317621817032013
970,2028-base-plus,CZ,S,TOTAL,discharged_TWh,5.887910435118533
971,2028-base-plus,CZ,W,h_ror,discharged_TWh,0.5902068333333332
972,2028-base-plus,CZ,W,h_dams,discharged_TWh,0.3902324428571428
973,2028-base-plus,CZ,W,li,discharged_TWh,0.0459974674442236
974,2028-base-plus,CZ,W,pump_open,discharged_TWh,0.1287014095408294
975,2028-base-plus,CZ,W,pump,discharged_TWh,0.1484103639845145
976,2028-base-plus,CZ,W,TOTAL,discharged_TWh,5.887910435118533
977,2028-base-plus,CZ,Y,h_ror,charged_TWh,0.0
978,2028-base-plus,CZ,Y,h_dams,charged_TWh,0.0
979,2028-base-plus,CZ,Y,li,charged_TWh,0.0914755089978787
980,2028-base-plus,CZ,Y,pump_open,charged_TWh,0.4622139526814191
981,2028-base-plus,CZ,Y,pump,charged_TWh,0.6472669180785106
982,2028-base-plus,CZ,Y,TOTAL,charged_TWh,1.2009563797578084
983,2028-base-plus,CZ,S,h_ror,charged_TWh,0.0
984,2028-base-plus,CZ,S,h_dams,charged_TWh,0.0
985,2028-base-plus,CZ,S,li,charged_TWh,0.0408301157078802
986,2028-base-plus,CZ,S,pump_open,charged_TWh,0.3109770939215703
987,2028-base-plus,CZ,S,pump,charged_TWh,0.4425743893474386
988,2028-base-plus,CZ,S,TOTAL,charged_TWh,2.401912759515617
989,2028-base-plus,CZ,W,h_ror,charged_TWh,0.0
990,2028-base-plus,CZ,W,h_dams,charged_TWh,0.0
991,2028-base-plus,CZ,W,li,charged_TWh,0.0506453932899985
992,2028-base-plus,CZ,W,pump_open,charged_TWh,0.1512368587598489
993,2028-base-plus,CZ,W,pump,charged_TWh,0.2046925287310719
994,2028-base-plus,CZ,W,TOTAL,charged_TWh,2.401912759515617
995,2028-base-plus,CZ,Y,h_ror,inflow_TWh,1.161956
996,2028-base-plus,CZ,Y,h_dams,inflow_TWh,0.8726771428571429
997,2028-base-plus,CZ,Y,pump_open,inflow_TWh,0.0309972857142857
998,2028-base-plus,CZ,S,h_ror,inflow_TWh,0.571188
999,2028-base-plus,CZ,S,h_dams,inflow_TWh,0.483751
1000,2028-base-plus,CZ,S,pump_open,inflow_TWh,0.012085
1001,2028-base-plus,CZ,W,h_ror,inflow_TWh,0.590768
1002,2028-base-plus,CZ,W,h_dams,inflow_TWh,0.3889261428571428
1003,2028-base-plus,CZ,W,pump_open,inflow_TWh,0.0189122857142857
1004,2028-base-plus,CZ,Y,gas_chp,heat_production_PJ,3.7023208586606713
1005,2028-base-plus,CZ,Y,gas_eng_chp,heat_production_PJ,5.5724112000003805
1006,2028-base-plus,CZ,Y,lig_ex,heat_production_PJ,38.52073245585947
1007,2028-base-plus,CZ,Y,coal_ex,heat_production_PJ,0.2329146154799999
1008,2028-base-plus,CZ,Y,b_CHP,heat_production_PJ,0.051932502
1009,2028-base-plus,CZ,Y,lig_bp,heat_production_PJ,18.08299468799948
1010,2028-base-plus,CZ,Y,coal_bp,heat_production_PJ,0.0
1011,2028-base-plus,CZ,Y,eens,heat_production_PJ,-2.4859355560560573e-18
1012,2028-base-plus,CZ,S,gas_chp,heat_production_PJ,1.972420768892847
1013,2028-base-plus,CZ,S,gas_eng_chp,heat_production_PJ,2.484308197566844
1014,2028-base-plus,CZ,S,lig_ex,heat_production_PJ,15.929019842725689
1015,2028-base-plus,CZ,S,coal_ex,heat_production_PJ,-8.882261169331093e-17
1016,2028-base-plus,CZ,S,b_CHP,heat_production_PJ,-1.125499693444015e-18
1017,2028-base-plus,CZ,S,lig_bp,heat_production_PJ,3.374545670814628
1018,2028-base-plus,CZ,S,coal_bp,heat_production_PJ,0.0
1019,2028-base-plus,CZ,S,eens,heat_production_PJ,-2.473145786812377e-18
1020,2028-base-plus,CZ,W,gas_chp,heat_production_PJ,1.7299000897678236
1021,2028-base-plus,CZ,W,gas_eng_chp,heat_production_PJ,3.0881030024335385
1022,2028-base-plus,CZ,W,lig_ex,heat_production_PJ,22.591712613133783
1023,2028-base-plus,CZ,W,coal_ex,heat_production_PJ,0.23291461548
1024,2028-base-plus,CZ,W,b_CHP,heat_production_PJ,0.051932502
1025,2028-base-plus,CZ,W,lig_bp,heat_production_PJ,14.708449017184853
1026,2028-base-plus,CZ,W,coal_bp,heat_production_PJ,0.0
1027,2028-base-plus,CZ,W,eens,heat_production_PJ,-1.2789769243681371e-20
1028,2028-base-plus,CZ,Y,waste,production_hours,6749.0
1029,2028-base-plus,CZ,Y,gas_ccgt,production_hours,7543.0
1030,2028-base-plus,CZ,Y,gas_chp,production_hours,8338.0
1031,2028-base-plus,CZ,Y,biogas,production_hours,2342.0
1032,2028-base-plus,CZ,Y,lig_sc,production_hours,1767.0
1033,2028-base-plus,CZ,Y,bio,production_hours,0.0
1034,2028-base-plus,CZ,Y,gas_eng_chp,production_hours,5300.0
1035,2028-base-plus,CZ,Y,lig,production_hours,888.0
1036,2028-base-plus,CZ,Y,lig_ex,production_hours,8760.0
1037,2028-base-plus,CZ,Y,coal,production_hours,0.0
1038,2028-base-plus,CZ,Y,coal_ex,production_hours,471.0
1039,2028-base-plus,CZ,Y,gas_peak,production_hours,489.0
1040,2028-base-plus,CZ,Y,lig_old,production_hours,221.0
1041,2028-base-plus,CZ,Y,b_CHP,production_hours,44.0
1042,2028-base-plus,CZ,Y,lig_bp,production_hours,6723.0
1043,2028-base-plus,CZ,Y,coal_bp,production_hours,0.0
1044,2028-base-plus,CZ,Y,dsr,production_hours,0.0
1045,2028-base-plus,CZ,Y,eens,production_hours,0.0
1046,2028-base-plus,CZ,Y,h_ror,production_hours,8760.0
1047,2028-base-plus,CZ,Y,h_dams,production_hours,8760.0
1048,2028-base-plus,CZ,Y,li,production_hours,934.0
1049,2028-base-plus,CZ,Y,pump_open,production_hours,1181.0
1050,2028-base-plus,CZ,Y,pump,production_hours,929.0
1051,2028-base-plus,CZ,S,waste,production_hours,2993.0
1052,2028-base-plus,CZ,S,gas_ccgt,production_hours,3350.0
1053,2028-base-plus,CZ,S,gas_chp,production_hours,4054.0
1054,2028-base-plus,CZ,S,biogas,production_hours,103.0
1055,2028-base-plus,CZ,S,lig_sc,production_hours,0.0
1056,2028-base-plus,CZ,S,bio,production_hours,0.0
1057,2028-base-plus,CZ,S,gas_eng_chp,production_hours,2364.0
1058,2028-base-plus,CZ,S,lig,production_hours,0.0
1059,2028-base-plus,CZ,S,lig_ex,production_hours,4368.0
1060,2028-base-plus,CZ,S,coal,production_hours,0.0
1061,2028-base-plus,CZ,S,coal_ex,production_hours,0.0
1062,2028-base-plus,CZ,S,gas_peak,production_hours,0.0
1063,2028-base-plus,CZ,S,lig_old,production_hours,0.0
1064,2028-base-plus,CZ,S,b_CHP,production_hours,0.0
1065,2028-base-plus,CZ,S,lig_bp,production_hours,2354.0
1066,2028-base-plus,CZ,S,coal_bp,production_hours,0.0
1067,2028-base-plus,CZ,S,dsr,production_hours,0.0
1068,2028-base-plus,CZ,S,eens,production_hours,0.0
1069,2028-base-plus,CZ,S,h_ror,production_hours,4368.0
1070,2028-base-plus,CZ,S,h_dams,production_hours,4368.0
1071,2028-base-plus,CZ,S,li,production_hours,417.0
1072,2028-base-plus,CZ,S,pump_open,production_hours,720.0
1073,2028-base-plus,CZ,S,pump,production_hours,627.0
1074,2028-base-plus,CZ,W,waste,production_hours,3756.0
1075,2028-base-plus,CZ,W,gas_ccgt,production_hours,4193.0
1076,2028-base-plus,CZ,W,gas_chp,production_hours,4284.0
1077,2028-base-plus,CZ,W,biogas,production_hours,2239.0
1078,2028-base-plus,CZ,W,lig_sc,production_hours,1767.0
1079,2028-base-plus,CZ,W,bio,production_hours,0.0
1080,2028-base-plus,CZ,W,gas_eng_chp,production_hours,2936.0
1081,2028-base-plus,CZ,W,lig,production_hours,888.0
1082,2028-base-plus,CZ,W,lig_ex,production_hours,4392.0
1083,2028-base-plus,CZ,W,coal,production_hours,0.0
1084,2028-base-plus,CZ,W,coal_ex,production_hours,471.0
1085,2028-base-plus,CZ,W,gas_peak,production_hours,489.0
1086,2028-base-plus,CZ,W,lig_old,production_hours,221.0
1087,2028-base-plus,CZ,W,b_CHP,production_hours,44.0
1088,2028-base-plus,CZ,W,lig_bp,production_hours,4369.0
1089,2028-base-plus,CZ,W,coal_bp,production_hours,0.0
1090,2028-base-plus,CZ,W,dsr,production_hours,0.0
1091,2028-base-plus,CZ,W,eens,production_hours,0.0
1092,2028-base-plus,CZ,W,h_ror,production_hours,4392.0
1093,2028-base-plus,CZ,W,h_dams,production_hours,4392.0
1094,2028-base-plus,CZ,W,li,production_hours,517.0
1095,2028-base-plus,CZ,W,pump_open,production_hours,461.0
1096,2028-base-plus,CZ,W,pump,production_hours,302.0
1097,2028-base-plus,CZ,Y,nuclear,capex_mn_EUR_per_yr,2738.469079112492
1098,2028-base-plus,CZ,Y,solar,capex_mn_EUR_per_yr,362.9795164565344
1099,2028-base-plus,CZ,Y,onshore,capex_mn_EUR_per_yr,68.82996852045387
1100,2028-base-plus,CZ,Y,waste,capex_mn_EUR_per_yr,228.2938717209026
1101,2028-base-plus,CZ,Y,gas_ccgt,capex_mn_EUR_per_yr,76.18061222457844
1102,2028-base-plus,CZ,Y,gas_chp,capex_mn_EUR_per_yr,138.841538451773
1103,2028-base-plus,CZ,Y,biogas,capex_mn_EUR_per_yr,16.217086196531145
1104,2028-base-plus,CZ,Y,lig_sc,capex_mn_EUR_per_yr,144.15255774515765
1105,2028-base-plus,CZ,Y,bio,capex_mn_EUR_per_yr,0.0
1106,2028-base-plus,CZ,Y,gas_eng_chp,capex_mn_EUR_per_yr,22.59441391073202
1107,2028-base-plus,CZ,Y,lig,capex_mn_EUR_per_yr,321.06706043239666
1108,2028-base-plus,CZ,Y,lig_ex,capex_mn_EUR_per_yr,547.1244805327576
1109,2028-base-plus,CZ,Y,coal,capex_mn_EUR_per_yr,0.0
1110,2028-base-plus,CZ,Y,coal_ex,capex_mn_EUR_per_yr,26.048184884115727
1111,2028-base-plus,CZ,Y,gas_peak,capex_mn_EUR_per_yr,7.893982066856129
1112,2028-base-plus,CZ,Y,lig_old,capex_mn_EUR_per_yr,397.5115986305863
1113,2028-base-plus,CZ,Y,b_CHP,capex_mn_EUR_per_yr,109.81713302115293
1114,2028-base-plus,CZ,Y,lig_bp,capex_mn_EUR_per_yr,118.59824069033428
1115,2028-base-plus,CZ,Y,coal_bp,capex_mn_EUR_per_yr,0.0
1116,2028-base-plus,CZ,Y,dsr,capex_mn_EUR_per_yr,0.0
1117,2028-base-plus,CZ,Y,h_ror,capex_mn_EUR_per_yr,84.30517292657983
1118,2028-base-plus,CZ,Y,h_dams,capex_mn_EUR_per_yr,123.71530195731836
1119,2028-base-plus,CZ,Y,li,capex_mn_EUR_per_yr,4.011568788183623
1120,2028-base-plus,CZ,Y,pump_open,capex_mn_EUR_per_yr,95.4781476517892
1121,2028-base-plus,CZ,Y,pump,capex_mn_EUR_per_yr,137.73230661258106
1122,2028-base-plus,CZ,S,nuclear,capex_mn_EUR_per_yr,2738.469079112492
1123,2028-base-plus,CZ,S,solar,capex_mn_EUR_per_yr,362.9795164565344
1124,2028-base-plus,CZ,S,onshore,capex_mn_EUR_per_yr,68.82996852045387
1125,2028-base-plus,CZ,S,waste,capex_mn_EUR_per_yr,228.2938717209026
1126,2028-base-plus,CZ,S,gas_ccgt,capex_mn_EUR_per_yr,76.18061222457844
1127,2028-base-plus,CZ,S,gas_chp,capex_mn_EUR_per_yr,138.841538451773
1128,2028-base-plus,CZ,S,biogas,capex_mn_EUR_per_yr,16.217086196531145
1129,2028-base-plus,CZ,S,lig_sc,capex_mn_EUR_per_yr,144.15255774515765
1130,2028-base-plus,CZ,S,bio,capex_mn_EUR_per_yr,0.0
1131,2028-base-plus,CZ,S,gas_eng_chp,capex_mn_EUR_per_yr,22.59441391073202
1132,2028-base-plus,CZ,S,lig,capex_mn_EUR_per_yr,321.06706043239666
1133,2028-base-plus,CZ,S,lig_ex,capex_mn_EUR_per_yr,547.1244805327576
1134,2028-base-plus,CZ,S,coal,capex_mn_EUR_per_yr,0.0
1135,2028-base-plus,CZ,S,coal_ex,capex_mn_EUR_per_yr,26.048184884115727
1136,2028-base-plus,CZ,S,gas_peak,capex_mn_EUR_per_yr,7.893982066856129
1137,2028-base-plus,CZ,S,lig_old,capex_mn_EUR_per_yr,397.5115986305863
1138,2028-base-plus,CZ,S,b_CHP,capex_mn_EUR_per_yr,109.81713302115293
1139,2028-base-plus,CZ,S,lig_bp,capex_mn_EUR_per_yr,118.59824069033428
1140,2028-base-plus,CZ,S,coal_bp,capex_mn_EUR_per_yr,0.0
1141,2028-base-plus,CZ,S,dsr,capex_mn_EUR_per_yr,0.0
1142,2028-base-plus,CZ,S,h_ror,capex_mn_EUR_per_yr,84.30517292657983
1143,2028-base-plus,CZ,S,h_dams,capex_mn_EUR_per_yr,123.71530195731836
1144,2028-base-plus,CZ,S,li,capex_mn_EUR_per_yr,4.011568788183623
1145,2028-base-plus,CZ,S,pump_open,capex_mn_EUR_per_yr,95.4781476517892
1146,2028-base-plus,CZ,S,pump,capex_mn_EUR_per_yr,137.73230661258106
1147,2028-base-plus,CZ,W,nuclear,capex_mn_EUR_per_yr,2738.469079112492
1148,2028-base-plus,CZ,W,solar,capex_mn_EUR_per_yr,362.9795164565344
1149,2028-base-plus,CZ,W,onshore,capex_mn_EUR_per_yr,68.82996852045387
1150,2028-base-plus,CZ,W,waste,capex_mn_EUR_per_yr,228.2938717209026
1151,2028-base-plus,CZ,W,gas_ccgt,capex_mn_EUR_per_yr,76.18061222457844
1152,2028-base-plus,CZ,W,gas_chp,capex_mn_EUR_per_yr,138.841538451773
1153,2028-base-plus,CZ,W,biogas,capex_mn_EUR_per_yr,16.217086196531145
1154,2028-base-plus,CZ,W,lig_sc,capex_mn_EUR_per_yr,144.15255774515765
1155,2028-base-plus,CZ,W,bio,capex_mn_EUR_per_yr,0.0
1156,2028-base-plus,CZ,W,gas_eng_chp,capex_mn_EUR_per_yr,22.59441391073202
1157,2028-base-plus,CZ,W,lig,capex_mn_EUR_per_yr,321.06706043239666
1158,2028-base-plus,CZ,W,lig_ex,capex_mn_EUR_per_yr,547.1244805327576
1159,2028-base-plus,CZ,W,coal,capex_mn_EUR_per_yr,0.0
1160,2028-base-plus,CZ,W,coal_ex,capex_mn_EUR_per_yr,26.048184884115727
1161,2028-base-plus,CZ,W,gas_peak,capex_mn_EUR_per_yr,7.893982066856129
1162,2028-base-plus,CZ,W,lig_old,capex_mn_EUR_per_yr,397.5115986305863
1163,2028-base-plus,CZ,W,b_CHP,capex_mn_EUR_per_yr,109.81713302115293
1164,2028-base-plus,CZ,W,lig_bp,capex_mn_EUR_per_yr,118.59824069033428
1165,2028-base-plus,CZ,W,coal_bp,capex_mn_EUR_per_yr,0.0
1166,2028-base-plus,CZ,W,dsr,capex_mn_EUR_per_yr,0.0
1167,2028-base-plus,CZ,W,h_ror,capex_mn_EUR_per_yr,84.30517292657983
1168,2028-base-plus,CZ,W,h_dams,capex_mn_EUR_per_yr,123.71530195731836
1169,2028-base-plus,CZ,W,li,capex_mn_EUR_per_yr,4.011568788183623
1170,2028-base-plus,CZ,W,pump_open,capex_mn_EUR_per_yr,95.4781476517892
1171,2028-base-plus,CZ,W,pump,capex_mn_EUR_per_yr,137.73230661258106
1172,2028-base-plus,CZ,Y,nuclear,opex_mn_EUR,586.5749526359082
1173,2028-base-plus,CZ,Y,solar,opex_mn_EUR,0.0
1174,2028-base-plus,CZ,Y,onshore,opex_mn_EUR,0.0
1175,2028-base-plus,CZ,Y,waste,opex_mn_EUR,46.150802931535736
1176,2028-base-plus,CZ,Y,gas_ccgt,opex_mn_EUR,383.7437949228556
1177,2028-base-plus,CZ,Y,gas_chp,opex_mn_EUR,266.1100591557333
1178,2028-base-plus,CZ,Y,biogas,opex_mn_EUR,60.19169383075806
1179,2028-base-plus,CZ,Y,lig_sc,opex_mn_EUR,74.46488943713423
1180,2028-base-plus,CZ,Y,bio,opex_mn_EUR,0.0
1181,2028-base-plus,CZ,Y,gas_eng_chp,opex_mn_EUR,167.56790840001142
1182,2028-base-plus,CZ,Y,lig,opex_mn_EUR,76.52453963364506
1183,2028-base-plus,CZ,Y,lig_ex,opex_mn_EUR,345.4356567389649
1184,2028-base-plus,CZ,Y,coal,opex_mn_EUR,0.0
1185,2028-base-plus,CZ,Y,coal_ex,opex_mn_EUR,2.888486180921513
1186,2028-base-plus,CZ,Y,gas_peak,opex_mn_EUR,5.015825897184799
1187,2028-base-plus,CZ,Y,lig_old,opex_mn_EUR,24.574506741397688
1188,2028-base-plus,CZ,Y,b_CHP,opex_mn_EUR,0.5380547859999999
1189,2028-base-plus,CZ,Y,lig_bp,opex_mn_EUR,366.45648057490666
1190,2028-base-plus,CZ,Y,coal_bp,opex_mn_EUR,0.0
1191,2028-base-plus,CZ,Y,dsr,opex_mn_EUR,0.0
1192,2028-base-plus,CZ,Y,h_ror,opex_mn_EUR,2.318058161994666
1193,2028-base-plus,CZ,Y,h_dams,opex_mn_EUR,2.6180314285714283
1194,2028-base-plus,CZ,Y,li,opex_mn_EUR,0.4121274052167776
1195,2028-base-plus,CZ,Y,pump_open,opex_mn_EUR,1.4551653265796307
1196,2028-base-plus,CZ,Y,pump,opex_mn_EUR,1.8641287240661104
1197,2028-base-plus,CZ,S,nuclear,opex_mn_EUR,284.9058333494021
1198,2028-base-plus,CZ,S,solar,opex_mn_EUR,0.0
1199,2028-base-plus,CZ,S,onshore,opex_mn_EUR,0.0
1200,2028-base-plus,CZ,S,waste,opex_mn_EUR,19.82349625840396
1201,2028-base-plus,CZ,S,gas_ccgt,opex_mn_EUR,167.2285865379004
1202,2028-base-plus,CZ,S,gas_chp,opex_mn_EUR,67.7083046419988
1203,2028-base-plus,CZ,S,biogas,opex_mn_EUR,2.431395621603688
1204,2028-base-plus,CZ,S,lig_sc,opex_mn_EUR,0.0
1205,2028-base-plus,CZ,S,bio,opex_mn_EUR,0.0
1206,2028-base-plus,CZ,S,gas_eng_chp,opex_mn_EUR,74.70560113856095
1207,2028-base-plus,CZ,S,lig,opex_mn_EUR,0.0
1208,2028-base-plus,CZ,S,lig_ex,opex_mn_EUR,117.01290838108405
1209,2028-base-plus,CZ,S,coal,opex_mn_EUR,0.0
1210,2028-base-plus,CZ,S,coal_ex,opex_mn_EUR,-6.601262403173501e-16
1211,2028-base-plus,CZ,S,gas_peak,opex_mn_EUR,0.0
1212,2028-base-plus,CZ,S,lig_old,opex_mn_EUR,0.0
1213,2028-base-plus,CZ,S,b_CHP,opex_mn_EUR,-1.0545319715757888e-17
1214,2028-base-plus,CZ,S,lig_bp,opex_mn_EUR,68.9019869617839
1215,2028-base-plus,CZ,S,coal_bp,opex_mn_EUR,0.0
1216,2028-base-plus,CZ,S,dsr,opex_mn_EUR,0.0
1217,2028-base-plus,CZ,S,h_ror,opex_mn_EUR,
1218,2028-base-plus,CZ,S,h_dams,opex_mn_EUR,1.4473341
1219,2028-base-plus,CZ,S,li,opex_mn_EUR,0.1821400679956593
1220,2028-base-plus,CZ,S,pump_open,opex_mn_EUR,0.9403596884163128
1221,2028-base-plus,CZ,S,pump,opex_mn_EUR,1.270487268128052
1222,2028-base-plus,CZ,W,nuclear,opex_mn_EUR,301.6691192865061
1223,2028-base-plus,CZ,W,solar,opex_mn_EUR,0.0
1224,2028-base-plus,CZ,W,onshore,opex_mn_EUR,0.0
1225,2028-base-plus,CZ,W,waste,opex_mn_EUR,26.32730667313178
1226,2028-base-plus,CZ,W,gas_ccgt,opex_mn_EUR,216.51520838495512
1227,2028-base-plus,CZ,W,gas_chp,opex_mn_EUR,198.4017545137345
1228,2028-base-plus,CZ,W,biogas,opex_mn_EUR,57.76029820915436
1229,2028-base-plus,CZ,W,lig_sc,opex_mn_EUR,74.46488943713423
1230,2028-base-plus,CZ,W,bio,opex_mn_EUR,0.0
1231,2028-base-plus,CZ,W,gas_eng_chp,opex_mn_EUR,92.8623072614505
1232,2028-base-plus,CZ,W,lig,opex_mn_EUR,76.52453963364506
1233,2028-base-plus,CZ,W,lig_ex,opex_mn_EUR,228.4227483578809
1234,2028-base-plus,CZ,W,coal,opex_mn_EUR,0.0
1235,2028-base-plus,CZ,W,coal_ex,opex_mn_EUR,2.888486180921514
1236,2028-base-plus,CZ,W,gas_peak,opex_mn_EUR,5.015825897184799
1237,2028-base-plus,CZ,W,lig_old,opex_mn_EUR,24.574506741397688
1238,2028-base-plus,CZ,W,b_CHP,opex_mn_EUR,0.5380547859999999
1239,2028-base-plus,CZ,W,lig_bp,opex_mn_EUR,297.5544936131227
1240,2028-base-plus,CZ,W,coal_bp,opex_mn_EUR,0.0
1241,2028-base-plus,CZ,W,dsr,opex_mn_EUR,0.0
1242,2028-base-plus,CZ,W,h_ror,opex_mn_EUR,1.1804136666666665
1243,2028-base-plus,CZ,W,h_dams,opex_mn_EUR,1.1706973285714286
1244,2028-base-plus,CZ,W,li,opex_mn_EUR,0.2299873372211182
1245,2028-base-plus,CZ,W,pump_open,opex_mn_EUR,0.5148056381633177
1246,2028-base-plus,CZ,W,pump,opex_mn_EUR,0.5936414559380582
1247,2028-base-plus,CZ,Y,h_ror,wholesale_expenses_mn_EUR,0.0
1248,2028-base-plus,CZ,Y,h_dams,wholesale_expenses_mn_EUR,0.0
1249,2028-base-plus,CZ,Y,li,wholesale_expenses_mn_EUR,6.3224180895715545
1250,2028-base-plus,CZ,Y,pump_open,wholesale_expenses_mn_EUR,22.74552630882832
1251,2028-base-plus,CZ,Y,pump,wholesale_expenses_mn_EUR,30.9097488020436
1252,2028-base-plus,CZ,Y,IMPORT_EXPORT,wholesale_expenses_mn_EUR,1003.2330262384568
1253,2028-base-plus,CZ,S,h_ror,wholesale_expenses_mn_EUR,0.0
1254,2028-base-plus,CZ,S,h_dams,wholesale_expenses_mn_EUR,0.0
1255,2028-base-plus,CZ,S,li,wholesale_expenses_mn_EUR,2.090173016687153
1256,2028-base-plus,CZ,S,pump_open,wholesale_expenses_mn_EUR,11.971520158898857
1257,2028-base-plus,CZ,S,pump,wholesale_expenses_mn_EUR,16.43802034466441
1258,2028-base-plus,CZ,S,IMPORT_EXPORT,wholesale_expenses_mn_EUR,451.30475361511503
1259,2028-base-plus,CZ,W,h_ror,wholesale_expenses_mn_EUR,0.0
1260,2028-base-plus,CZ,W,h_dams,wholesale_expenses_mn_EUR,0.0
1261,2028-base-plus,CZ,W,li,wholesale_expenses_mn_EUR,4.232245072884401
1262,2028-base-plus,CZ,W,pump_open,wholesale_expenses_mn_EUR,10.774006149929464
1263,2028-base-plus,CZ,W,pump,wholesale_expenses_mn_EUR,14.471728457379191
1264,2028-base-plus,CZ,W,IMPORT_EXPORT,wholesale_expenses_mn_EUR,551.9282726233415
1265,2028-base-plus,CZ,Y,nuclear,wholesale_revenues_mn_EUR,2571.5034434295794
1266,2028-base-plus,CZ,Y,solar,wholesale_revenues_mn_EUR,437.5420094534479
1267,2028-base-plus,CZ,Y,onshore,wholesale_revenues_mn_EUR,93.68022220029312
1268,2028-base-plus,CZ,Y,waste,wholesale_revenues_mn_EUR,114.4484637486952
1269,2028-base-plus,CZ,Y,gas_ccgt,wholesale_revenues_mn_EUR,430.6138204703532
1270,2028-base-plus,CZ,Y,gas_chp,wholesale_revenues_mn_EUR,310.37206531145165
1271,2028-base-plus,CZ,Y,biogas,wholesale_revenues_mn_EUR,68.49606808737734
1272,2028-base-plus,CZ,Y,lig_sc,wholesale_revenues_mn_EUR,80.82667339692419
1273,2028-base-plus,CZ,Y,bio,wholesale_revenues_mn_EUR,0.0
1274,2028-base-plus,CZ,Y,gas_eng_chp,wholesale_revenues_mn_EUR,160.0615239427981
1275,2028-base-plus,CZ,Y,lig,wholesale_revenues_mn_EUR,81.95066451886936
1276,2028-base-plus,CZ,Y,lig_ex,wholesale_revenues_mn_EUR,301.1131769923692
1277,2028-base-plus,CZ,Y,coal,wholesale_revenues_mn_EUR,0.0
1278,2028-base-plus,CZ,Y,coal_ex,wholesale_revenues_mn_EUR,3.0556027084189834
1279,2028-base-plus,CZ,Y,gas_peak,wholesale_revenues_mn_EUR,5.514768145421266
1280,2028-base-plus,CZ,Y,lig_old,wholesale_revenues_mn_EUR,27.11689716799119
1281,2028-base-plus,CZ,Y,b_CHP,wholesale_revenues_mn_EUR,0.5323621338558123
1282,2028-base-plus,CZ,Y,lig_bp,wholesale_revenues_mn_EUR,163.2996210614196
1283,2028-base-plus,CZ,Y,coal_bp,wholesale_revenues_mn_EUR,0.0
1284,2028-base-plus,CZ,Y,dsr,wholesale_revenues_mn_EUR,0.0
1285,2028-base-plus,CZ,Y,h_ror,wholesale_revenues_mn_EUR,104.25971289076745
1286,2028-base-plus,CZ,Y,h_dams,wholesale_revenues_mn_EUR,87.25665850148411
1287,2028-base-plus,CZ,Y,li,wholesale_revenues_mn_EUR,8.688225732334732
1288,2028-base-plus,CZ,Y,pump_open,wholesale_revenues_mn_EUR,38.61393636324009
1289,2028-base-plus,CZ,Y,pump,wholesale_revenues_mn_EUR,48.80598729413608
1290,2028-base-plus,CZ,Y,IMPORT_EXPORT,wholesale_revenues_mn_EUR,61.14129426857146
1291,2028-base-plus,CZ,S,nuclear,wholesale_revenues_mn_EUR,1126.2526744798868
1292,2028-base-plus,CZ,S,solar,wholesale_revenues_mn_EUR,261.1777457881536
1293,2028-base-plus,CZ,S,onshore,wholesale_revenues_mn_EUR,35.159412680030485
1294,2028-base-plus,CZ,S,waste,wholesale_revenues_mn_EUR,44.899634821338175
1295,2028-base-plus,CZ,S,gas_ccgt,wholesale_revenues_mn_EUR,174.00274413942293
1296,2028-base-plus,CZ,S,gas_chp,wholesale_revenues_mn_EUR,70.15808636424057
1297,2028-base-plus,CZ,S,biogas,wholesale_revenues_mn_EUR,2.452920311089412
1298,2028-base-plus,CZ,S,lig_sc,wholesale_revenues_mn_EUR,0.0
1299,2028-base-plus,CZ,S,bio,wholesale_revenues_mn_EUR,0.0
1300,2028-base-plus,CZ,S,gas_eng_chp,wholesale_revenues_mn_EUR,66.15318492591656
1301,2028-base-plus,CZ,S,lig,wholesale_revenues_mn_EUR,0.0
1302,2028-base-plus,CZ,S,lig_ex,wholesale_revenues_mn_EUR,84.2349978573975
1303,2028-base-plus,CZ,S,coal,wholesale_revenues_mn_EUR,0.0
1304,2028-base-plus,CZ,S,coal_ex,wholesale_revenues_mn_EUR,-4.796117132760411e-16
1305,2028-base-plus,CZ,S,gas_peak,wholesale_revenues_mn_EUR,0.0
1306,2028-base-plus,CZ,S,lig_old,wholesale_revenues_mn_EUR,0.0
1307,2028-base-plus,CZ,S,b_CHP,wholesale_revenues_mn_EUR,1.092424536339515e-19
1308,2028-base-plus,CZ,S,lig_bp,wholesale_revenues_mn_EUR,26.70584306453117
1309,2028-base-plus,CZ,S,coal_bp,wholesale_revenues_mn_EUR,0.0
1310,2028-base-plus,CZ,S,dsr,wholesale_revenues_mn_EUR,0.0
1311,2028-base-plus,CZ,S,h_ror,wholesale_revenues_mn_EUR,46.48315939712013
1312,2028-base-plus,CZ,S,h_dams,wholesale_revenues_mn_EUR,44.25073437898472
1313,2028-base-plus,CZ,S,li,wholesale_revenues_mn_EUR,3.5286843303298623
1314,2028-base-plus,CZ,S,pump_open,wholesale_revenues_mn_EUR,22.873607610883003
1315,2028-base-plus,CZ,S,pump,wholesale_revenues_mn_EUR,30.738995382275323
1316,2028-base-plus,CZ,S,IMPORT_EXPORT,wholesale_revenues_mn_EUR,3.5968982875940267
1317,2028-base-plus,CZ,W,nuclear,wholesale_revenues_mn_EUR,1445.2507689496929
1318,2028-base-plus,CZ,W,solar,wholesale_revenues_mn_EUR,176.3642636652943
1319,2028-base-plus,CZ,W,onshore,wholesale_revenues_mn_EUR,58.52080952026263
1320,2028-base-plus,CZ,W,waste,wholesale_revenues_mn_EUR,69.54882892735702
1321,2028-base-plus,CZ,W,gas_ccgt,wholesale_revenues_mn_EUR,256.6110763309304
1322,2028-base-plus,CZ,W,gas_chp,wholesale_revenues_mn_EUR,240.21397894721107
1323,2028-base-plus,CZ,W,biogas,wholesale_revenues_mn_EUR,66.04314777628792
1324,2028-base-plus,CZ,W,lig_sc,wholesale_revenues_mn_EUR,80.82667339692419
1325,2028-base-plus,CZ,W,bio,wholesale_revenues_mn_EUR,0.0
1326,2028-base-plus,CZ,W,gas_eng_chp,wholesale_revenues_mn_EUR,93.90833901688153
1327,2028-base-plus,CZ,W,lig,wholesale_revenues_mn_EUR,81.95066451886936
1328,2028-base-plus,CZ,W,lig_ex,wholesale_revenues_mn_EUR,216.8781791349716
1329,2028-base-plus,CZ,W,coal,wholesale_revenues_mn_EUR,0.0
1330,2028-base-plus,CZ,W,coal_ex,wholesale_revenues_mn_EUR,3.055602708418984
1331,2028-base-plus,CZ,W,gas_peak,wholesale_revenues_mn_EUR,5.514768145421266
1332,2028-base-plus,CZ,W,lig_old,wholesale_revenues_mn_EUR,27.11689716799119
1333,2028-base-plus,CZ,W,b_CHP,wholesale_revenues_mn_EUR,0.5323621338558123
1334,2028-base-plus,CZ,W,lig_bp,wholesale_revenues_mn_EUR,136.59377799688846
1335,2028-base-plus,CZ,W,coal_bp,wholesale_revenues_mn_EUR,0.0
1336,2028-base-plus,CZ,W,dsr,wholesale_revenues_mn_EUR,0.0
1337,2028-base-plus,CZ,W,h_ror,wholesale_revenues_mn_EUR,57.7765534936473
1338,2028-base-plus,CZ,W,h_dams,wholesale_revenues_mn_EUR,43.00592412249939
1339,2028-base-plus,CZ,W,li,wholesale_revenues_mn_EUR,5.159541402004869
1340,2028-base-plus,CZ,W,pump_open,wholesale_revenues_mn_EUR,15.740328752357089
1341,2028-base-plus,CZ,W,pump,wholesale_revenues_mn_EUR,18.06699191186075
1342,2028-base-plus,CZ,W,IMPORT_EXPORT,wholesale_revenues_mn_EUR,57.54439598097744
1343,2028-base-plus,CZ,Y,TOTAL,avg_consumer_price_EUR_per_MWh,90.66891506035624
1344,2028-base-plus,CZ,S,TOTAL,avg_consumer_price_EUR_per_MWh,80.3786137232851
1345,2028-base-plus,CZ,W,TOTAL,avg_consumer_price_EUR_per_MWh,99.44629929852908
1346,2028-base-plus,CZ,Y,TOTAL,avg_producer_price_EUR_per_MWh,90.2757698467197
1347,2028-base-plus,CZ,S,TOTAL,avg_producer_price_EUR_per_MWh,78.27659682134362
1348,2028-base-plus,CZ,W,TOTAL,avg_producer_price_EUR_per_MWh,100.081383937079
1349,2028-base-plus,CZ,Y,nuclear,capacity_factor,0.7964817503918005
1350,2028-base-plus,CZ,Y,solar,capacity_factor,0.1102992523213936
1351,2028-base-plus,CZ,Y,onshore,capacity_factor,0.2448977450305747
1352,2028-base-plus,CZ,Y,waste,capacity_factor,0.6666666666665837
1353,2028-base-plus,CZ,Y,gas_ccgt,capacity_factor,0.831251247512885
1354,2028-base-plus,CZ,Y,gas_chp,capacity_factor,0.533333333333313
1355,2028-base-plus,CZ,Y,biogas,capacity_factor,0.2500498581617805
1356,2028-base-plus,CZ,Y,lig_sc,capacity_factor,0.1867662039543657
1357,2028-base-plus,CZ,Y,gas_eng_chp,capacity_factor,0.5333333333333699
1358,2028-base-plus,CZ,Y,lig,capacity_factor,0.079932020799571
1359,2028-base-plus,CZ,Y,lig_ex,capacity_factor,0.4782572510916678
1360,2028-base-plus,CZ,Y,coal_ex,capacity_factor,0.0473116438356164
1361,2028-base-plus,CZ,Y,gas_peak,capacity_factor,0.0491145484179777
1362,2028-base-plus,CZ,Y,lig_old,capacity_factor,0.0184809250703466
1363,2028-base-plus,CZ,Y,b_CHP,capacity_factor,0.0043721461187214
1364,2028-base-plus,CZ,Y,lig_bp,capacity_factor,0.5333333333333182
1365,2028-base-plus,CZ,Y,h_ror,capacity_factor,0.3188174839075021
1366,2028-base-plus,CZ,Y,h_dams,capacity_factor,0.16358075272307
1367,2028-base-plus,CZ,Y,li,capacity_factor,0.0940930148896752
1368,2028-base-plus,CZ,Y,pump_open,capacity_factor,0.0883589166532856
1369,2028-base-plus,CZ,Y,pump,capacity_factor,0.0784661071740223
1370,2028-base-plus,CZ,Y,TOTAL,capacity_factor,0.3066248585042874
1371,2028-base-plus,CZ,S,nuclear,capacity_factor,0.7758452989642761
1372,2028-base-plus,CZ,S,solar,capacity_factor,0.1493831184778269
1373,2028-base-plus,CZ,S,onshore,capacity_factor,0.2030288550984274
1374,2028-base-plus,CZ,S,waste,capacity_factor,0.5562051485199424
1375,2028-base-plus,CZ,S,gas_ccgt,capacity_factor,0.7142215086509327
1376,2028-base-plus,CZ,S,gas_chp,capacity_factor,0.3142274306266655
1377,2028-base-plus,CZ,S,biogas,capacity_factor,0.0201090535223733
1378,2028-base-plus,CZ,S,lig_sc,capacity_factor,0.0
1379,2028-base-plus,CZ,S,gas_eng_chp,capacity_factor,0.4768508052839807
1380,2028-base-plus,CZ,S,lig,capacity_factor,0.0
1381,2028-base-plus,CZ,S,lig_ex,capacity_factor,0.364837198474181
1382,2028-base-plus,CZ,S,coal_ex,capacity_factor,-2.9276283615626643e-17
1383,2028-base-plus,CZ,S,gas_peak,capacity_factor,0.0
1384,2028-base-plus,CZ,S,lig_old,capacity_factor,0.0
1385,2028-base-plus,CZ,S,b_CHP,capacity_factor,-1.9003004833339845e-19
1386,2028-base-plus,CZ,S,lig_bp,capacity_factor,0.1996021247033838
1387,2028-base-plus,CZ,S,h_ror,capacity_factor,0.3137948760227723
1388,2028-base-plus,CZ,S,h_dams,capacity_factor,0.1813625516519605
1389,2028-base-plus,CZ,S,li,capacity_factor,0.0833974670309795
1390,2028-base-plus,CZ,S,pump_open,capacity_factor,0.1145126656652239
1391,2028-base-plus,CZ,S,pump,capacity_factor,0.1072501732336046
1392,2028-base-plus,CZ,S,TOTAL,capacity_factor,1.2298689379567571
1393,2028-base-plus,CZ,W,nuclear,capacity_factor,0.8170054343251856
1394,2028-base-plus,CZ,W,solar,capacity_factor,0.0714289592040666
1395,2028-base-plus,CZ,W,onshore,capacity_factor,0.2865378432144589
1396,2028-base-plus,CZ,W,waste,capacity_factor,0.7765245699599647
1397,2028-base-plus,CZ,W,gas_ccgt,capacity_factor,0.9476414796051
1398,2028-base-plus,CZ,W,gas_chp,capacity_factor,0.7512419360251702
1399,2028-base-plus,CZ,W,biogas,capacity_factor,0.4787341556720105
1400,2028-base-plus,CZ,W,lig_sc,capacity_factor,0.372511827559254
1401,2028-base-plus,CZ,W,gas_eng_chp,capacity_factor,0.5895072136885001
1402,2028-base-plus,CZ,W,lig,capacity_factor,0.1594272546002374
1403,2028-base-plus,CZ,W,lig_ex,capacity_factor,0.591057522000862
1404,2028-base-plus,CZ,W,coal_ex,capacity_factor,0.0943647540983606
1405,2028-base-plus,CZ,W,gas_peak,capacity_factor,0.0979607113254747
1406,2028-base-plus,CZ,W,lig_old,capacity_factor,0.0368608614791067
1407,2028-base-plus,CZ,W,b_CHP,capacity_factor,0.0087204007285974
1408,2028-base-plus,CZ,W,lig_bp,capacity_factor,0.8652408741565315
1409,2028-base-plus,CZ,W,h_ror,capacity_factor,0.3238126458475065
1410,2028-base-plus,CZ,W,h_dams,capacity_factor,0.1458961220943374
1411,2028-base-plus,CZ,W,li,capacity_factor,0.1047301171316567
1412,2028-base-plus,CZ,W,pump_open,capacity_factor,0.0623480843026147
1413,2028-base-plus,CZ,W,pump,capacity_factor,0.0498393310929077
1414,2028-base-plus,CZ,W,TOTAL,capacity_factor,1.2231483426673762
1415,2028-base-plus,CZ,Y,li,capacity_factor_charging,0.0083140866590929
1416,2028-base-plus,CZ,Y,pump_open,capacity_factor_charging,0.1199185223851751
1417,2028-base-plus,CZ,Y,pump,capacity_factor_charging,0.1112784903446853
1418,2028-base-plus,CZ,S,li,capacity_factor_charging,0.0074423792883914
1419,2028-base-plus,CZ,S,pump_open,capacity_factor_charging,0.161805430986498
1420,2028-base-plus,CZ,S,pump,capacity_factor_charging,0.1525933367216939
1421,2028-base-plus,CZ,W,li,capacity_factor_charging,0.0091810306015393
1422,2028-base-plus,CZ,W,pump_open,capacity_factor_charging,0.0782605039947885
1423,2028-base-plus,CZ,W,pump,capacity_factor_charging,0.0701894081555292
1424,2028-base-plus,CZ,Y,nuclear,emissions_MtCO2,0.0
1425,2028-base-plus,CZ,Y,solar,emissions_MtCO2,0.0
1426,2028-base-plus,CZ,Y,onshore,emissions_MtCO2,0.0
1427,2028-base-plus,CZ,Y,waste,emissions_MtCO2,0.0
1428,2028-base-plus,CZ,Y,gas_ccgt,emissions_MtCO2,1.7661911131380323
1429,2028-base-plus,CZ,Y,gas_chp,emissions_MtCO2,1.4030015999999466
1430,2028-base-plus,CZ,Y,biogas,emissions_MtCO2,0.0
1431,2028-base-plus,CZ,Y,lig_sc,emissions_MtCO2,0.6629515720525491
1432,2028-base-plus,CZ,Y,bio,emissions_MtCO2,0.0
1433,2028-base-plus,CZ,Y,gas_eng_chp,emissions_MtCO2,0.7567472000000517
1434,2028-base-plus,CZ,Y,lig,emissions_MtCO2,0.6793384080385562
1435,2028-base-plus,CZ,Y,lig_ex,emissions_MtCO2,6.926555767893525
1436,2028-base-plus,CZ,Y,coal,emissions_MtCO2,0.0
1437,2028-base-plus,CZ,Y,coal_ex,emissions_MtCO2,0.040265740548
1438,2028-base-plus,CZ,Y,gas_peak,emissions_MtCO2,0.0227771954937112
1439,2028-base-plus,CZ,Y,lig_old,emissions_MtCO2,0.2160730620264707
1440,2028-base-plus,CZ,Y,b_CHP,emissions_MtCO2,0.0
1441,2028-base-plus,CZ,Y,lig_bp,emissions_MtCO2,3.348702719999905
1442,2028-base-plus,CZ,Y,coal_bp,emissions_MtCO2,0.0
1443,2028-base-plus,CZ,Y,dsr,emissions_MtCO2,0.0
1444,2028-base-plus,CZ,Y,eens,emissions_MtCO2,0.0
1445,2028-base-plus,CZ,Y,h_ror,emissions_MtCO2,0.0
1446,2028-base-plus,CZ,Y,h_dams,emissions_MtCO2,0.0
1447,2028-base-plus,CZ,Y,li,emissions_MtCO2,0.0
1448,2028-base-plus,CZ,Y,pump_open,emissions_MtCO2,0.0
1449,2028-base-plus,CZ,Y,pump,emissions_MtCO2,0.0
1450,2028-base-plus,CZ,Y,TOTAL,emissions_MtCO2,15.822604379190748
1451,2028-base-plus,CZ,S,nuclear,emissions_MtCO2,0.0
1452,2028-base-plus,CZ,S,solar,emissions_MtCO2,0.0
1453,2028-base-plus,CZ,S,onshore,emissions_MtCO2,0.0
1454,2028-base-plus,CZ,S,waste,emissions_MtCO2,0.0
1455,2028-base-plus,CZ,S,gas_ccgt,emissions_MtCO2,0.7566879768009033
1456,2028-base-plus,CZ,S,gas_chp,emissions_MtCO2,0.4121753887182757
1457,2028-base-plus,CZ,S,biogas,emissions_MtCO2,0.0
1458,2028-base-plus,CZ,S,lig_sc,emissions_MtCO2,0.0
1459,2028-base-plus,CZ,S,bio,emissions_MtCO2,0.0
1460,2028-base-plus,CZ,S,gas_eng_chp,emissions_MtCO2,0.3373751873238922
1461,2028-base-plus,CZ,S,lig,emissions_MtCO2,0.0
1462,2028-base-plus,CZ,S,lig_ex,emissions_MtCO2,2.6347135661568046
1463,2028-base-plus,CZ,S,coal,emissions_MtCO2,0.0
1464,2028-base-plus,CZ,S,coal_ex,emissions_MtCO2,-1.2424019441495208e-17
1465,2028-base-plus,CZ,S,gas_peak,emissions_MtCO2,0.0
1466,2028-base-plus,CZ,S,lig_old,emissions_MtCO2,0.0
1467,2028-base-plus,CZ,S,b_CHP,emissions_MtCO2,-0.0
1468,2028-base-plus,CZ,S,lig_bp,emissions_MtCO2,0.6249158649656719
1469,2028-base-plus,CZ,S,coal_bp,emissions_MtCO2,0.0
1470,2028-base-plus,CZ,S,dsr,emissions_MtCO2,0.0
1471,2028-base-plus,CZ,S,eens,emissions_MtCO2,0.0
1472,2028-base-plus,CZ,S,h_ror,emissions_MtCO2,0.0
1473,2028-base-plus,CZ,S,h_dams,emissions_MtCO2,0.0
1474,2028-base-plus,CZ,S,li,emissions_MtCO2,0.0
1475,2028-base-plus,CZ,S,pump_open,emissions_MtCO2,0.0
1476,2028-base-plus,CZ,S,pump,emissions_MtCO2,0.0
1477,2028-base-plus,CZ,S,TOTAL,emissions_MtCO2,31.645208758381496
1478,2028-base-plus,CZ,W,nuclear,emissions_MtCO2,0.0
1479,2028-base-plus,CZ,W,solar,emissions_MtCO2,0.0
1480,2028-base-plus,CZ,W,onshore,emissions_MtCO2,0.0
1481,2028-base-plus,CZ,W,waste,emissions_MtCO2,0.0
1482,2028-base-plus,CZ,W,gas_ccgt,emissions_MtCO2,1.009503136337129
1483,2028-base-plus,CZ,W,gas_chp,emissions_MtCO2,0.9908262112816708
1484,2028-base-plus,CZ,W,biogas,emissions_MtCO2,0.0
1485,2028-base-plus,CZ,W,lig_sc,emissions_MtCO2,0.6629515720525491
1486,2028-base-plus,CZ,W,bio,emissions_MtCO2,0.0
1487,2028-base-plus,CZ,W,gas_eng_chp,emissions_MtCO2,0.4193720126761595
1488,2028-base-plus,CZ,W,lig,emissions_MtCO2,0.6793384080385562
1489,2028-base-plus,CZ,W,lig_ex,emissions_MtCO2,4.29184220173672
1490,2028-base-plus,CZ,W,coal,emissions_MtCO2,0.0
1491,2028-base-plus,CZ,W,coal_ex,emissions_MtCO2,0.040265740548
1492,2028-base-plus,CZ,W,gas_peak,emissions_MtCO2,0.0227771954937112
1493,2028-base-plus,CZ,W,lig_old,emissions_MtCO2,0.2160730620264707
1494,2028-base-plus,CZ,W,b_CHP,emissions_MtCO2,0.0
1495,2028-base-plus,CZ,W,lig_bp,emissions_MtCO2,2.723786855034233
1496,2028-base-plus,CZ,W,coal_bp,emissions_MtCO2,0.0
1497,2028-base-plus,CZ,W,dsr,emissions_MtCO2,0.0
1498,2028-base-plus,CZ,W,eens,emissions_MtCO2,0.0
1499,2028-base-plus,CZ,W,h_ror,emissions_MtCO2,0.0
1500,2028-base-plus,CZ,W,h_dams,emissions_MtCO2,0.0
1501,2028-base-plus,CZ,W,li,emissions_MtCO2,0.0
1502,2028-base-plus,CZ,W,pump_open,emissions_MtCO2,0.0
1503,2028-base-plus,CZ,W,pump,emissions_MtCO2,0.0
1504,2028-base-plus,CZ,W,TOTAL,emissions_MtCO2,31.645208758381496
1505,2028-base-plus,CZ,Y,nuclear,power_share_high_value,0.9830072252202172
1506,2028-base-plus,CZ,Y,solar,power_share_high_value,0.916255445807184
1507,2028-base-plus,CZ,Y,onshore,power_share_high_value,0.9894523143564606
1508,2028-base-plus,CZ,S,nuclear,power_share_high_value,0.968833556801618
1509,2028-base-plus,CZ,S,solar,power_share_high_value,0.8907234789958579
1510,2028-base-plus,CZ,S,onshore,power_share_high_value,0.9766010697617014
1511,2028-base-plus,CZ,W,nuclear,power_share_high_value,0.996393284827412
1512,2028-base-plus,CZ,W,solar,power_share_high_value,0.9693600001843738
1513,2028-base-plus,CZ,W,onshore,power_share_high_value,0.9985084155296684
1514,2028-base-plus,CZ,Y,nuclear,power_share_low_value,0.016871938907196
1515,2028-base-plus,CZ,Y,solar,power_share_low_value,0.0830130262775249
1516,2028-base-plus,CZ,Y,onshore,power_share_low_value,0.0105449881638092
1517,2028-base-plus,CZ,S,nuclear,power_share_low_value,0.0309176617136159
1518,2028-base-plus,CZ,S,solar,power_share_low_value,0.1081932841502523
1519,2028-base-plus,CZ,S,onshore,power_share_low_value,0.0233924048450837
1520,2028-base-plus,CZ,W,nuclear,power_share_low_value,0.0036067151725877
1521,2028-base-plus,CZ,W,solar,power_share_low_value,0.0306399998156261
1522,2028-base-plus,CZ,W,onshore,power_share_low_value,0.0014915844703317
1523,2028-base-plus,CZ,Y,nuclear,power_share_zero_value,0.0001208358725865
1524,2028-base-plus,CZ,Y,solar,power_share_zero_value,0.0007315279152908
1525,2028-base-plus,CZ,Y,onshore,power_share_zero_value,2.697479730106527e-06
1526,2028-base-plus,CZ,S,nuclear,power_share_zero_value,0.0002487814847661
1527,2028-base-plus,CZ,S,solar,power_share_zero_value,0.0010832368538897
1528,2028-base-plus,CZ,S,onshore,power_share_zero_value,6.52539321494737e-06
1529,2028-base-plus,CZ,W,nuclear,power_share_zero_value,0.0
1530,2028-base-plus,CZ,W,solar,power_share_zero_value,0.0
1531,2028-base-plus,CZ,W,onshore,power_share_zero_value,0.0
1532,2028-ex-seven,CZ,Y,nuclear,capacity_GW,4.099
1533,2028-ex-seven,CZ,Y,solar,capacity_GW,7.0
1534,2028-ex-seven,CZ,Y,onshore,capacity_GW,0.5
1535,2028-ex-seven,CZ,Y,waste,capacity_GW,0.19575
1536,2028-ex-seven,CZ,Y,gas_ccgt,capacity_GW,0.6174
1537,2028-ex-seven,CZ,Y,gas_chp,capacity_GW,0.7644
1538,2028-ex-seven,CZ,Y,biogas,capacity_GW,0.279
1539,2028-ex-seven,CZ,Y,lig_sc,capacity_GW,0.4356
1540,2028-ex-seven,CZ,Y,bio,capacity_GW,0.0
1541,2028-ex-seven,CZ,Y,gas_eng_chp,capacity_GW,0.3313124999999999
1542,2028-ex-seven,CZ,Y,lig,capacity_GW,0.9702
1543,2028-ex-seven,CZ,Y,lig_ex,capacity_GW,1.38666
1544,2028-ex-seven,CZ,Y,coal,capacity_GW,0.0
1545,2028-ex-seven,CZ,Y,coal_ex,capacity_GW,0.11484
1546,2028-ex-seven,CZ,Y,gas_peak,capacity_GW,0.096255
1547,2028-ex-seven,CZ,Y,lig_old,capacity_GW,0.0
1548,2028-ex-seven,CZ,Y,b_CHP,capacity_GW,0.20925
1549,2028-ex-seven,CZ,Y,lig_bp,capacity_GW,0.35838
1550,2028-ex-seven,CZ,Y,coal_bp,capacity_GW,0.0
1551,2028-ex-seven,CZ,Y,dsr,capacity_GW,0.0
1552,2028-ex-seven,CZ,Y,h_ror,capacity_GW,0.415
1553,2028-ex-seven,CZ,Y,h_dams,capacity_GW,0.609
1554,2028-ex-seven,CZ,Y,li,capacity_GW,0.1
1555,2028-ex-seven,CZ,Y,pump_open,capacity_GW,0.47
1556,2028-ex-seven,CZ,Y,pump,capacity_GW,0.678
1557,2028-ex-seven,CZ,Y,TOTAL,capacity_GW,19.6300475
1558,2028-ex-seven,CZ,Y,h_ror,capacity_charging_GW,0.0
1559,2028-ex-seven,CZ,Y,h_dams,capacity_charging_GW,0.0
1560,2028-ex-seven,CZ,Y,li,capacity_charging_GW,1.25599
1561,2028-ex-seven,CZ,Y,pump_open,capacity_charging_GW,0.44
1562,2028-ex-seven,CZ,Y,pump,capacity_charging_GW,0.664
1563,2028-ex-seven,CZ,Y,nuclear,capacity_paid_off_GW,0.0
1564,2028-ex-seven,CZ,Y,solar,capacity_paid_off_GW,0.0
1565,2028-ex-seven,CZ,Y,onshore,capacity_paid_off_GW,0.0
1566,2028-ex-seven,CZ,Y,waste,capacity_paid_off_GW,0.0
1567,2028-ex-seven,CZ,Y,gas_ccgt,capacity_paid_off_GW,0.0
1568,2028-ex-seven,CZ,Y,gas_chp,capacity_paid_off_GW,0.0
1569,2028-ex-seven,CZ,Y,biogas,capacity_paid_off_GW,0.0
1570,2028-ex-seven,CZ,Y,lig_sc,capacity_paid_off_GW,0.0
1571,2028-ex-seven,CZ,Y,bio,capacity_paid_off_GW,0.0
1572,2028-ex-seven,CZ,Y,gas_eng_chp,capacity_paid_off_GW,0.0
1573,2028-ex-seven,CZ,Y,lig,capacity_paid_off_GW,0.0
1574,2028-ex-seven,CZ,Y,lig_ex,capacity_paid_off_GW,0.0
1575,2028-ex-seven,CZ,Y,coal,capacity_paid_off_GW,0.0
1576,2028-ex-seven,CZ,Y,coal_ex,capacity_paid_off_GW,0.0
1577,2028-ex-seven,CZ,Y,gas_peak,capacity_paid_off_GW,0.0
1578,2028-ex-seven,CZ,Y,lig_old,capacity_paid_off_GW,0.0
1579,2028-ex-seven,CZ,Y,b_CHP,capacity_paid_off_GW,0.0
1580,2028-ex-seven,CZ,Y,lig_bp,capacity_paid_off_GW,0.0
1581,2028-ex-seven,CZ,Y,coal_bp,capacity_paid_off_GW,0.0
1582,2028-ex-seven,CZ,Y,dsr,capacity_paid_off_GW,0.0
1583,2028-ex-seven,CZ,Y,h_ror,capacity_paid_off_GW,0.0
1584,2028-ex-seven,CZ,Y,h_dams,capacity_paid_off_GW,0.0
1585,2028-ex-seven,CZ,Y,li,capacity_paid_off_GW,0.0
1586,2028-ex-seven,CZ,Y,pump_open,capacity_paid_off_GW,0.0
1587,2028-ex-seven,CZ,Y,pump,capacity_paid_off_GW,0.0
1588,2028-ex-seven,CZ,Y,h_ror,capacity_charging_paid_off_GW,0.0
1589,2028-ex-seven,CZ,Y,h_dams,capacity_charging_paid_off_GW,0.0
1590,2028-ex-seven,CZ,Y,li,capacity_charging_paid_off_GW,0.0
1591,2028-ex-seven,CZ,Y,pump_open,capacity_charging_paid_off_GW,0.0
1592,2028-ex-seven,CZ,Y,pump,capacity_charging_paid_off_GW,0.0
1593,2028-ex-seven,CZ,Y,TOTAL,load_TWh,66.382047428
1594,2028-ex-seven,CZ,S,TOTAL,load_TWh,30.557496582
1595,2028-ex-seven,CZ,W,TOTAL,load_TWh,35.824550846
1596,2028-ex-seven,CZ,Y,TOTAL,import_TWh,14.217153739648897
1597,2028-ex-seven,CZ,S,TOTAL,import_TWh,6.88112817112046
1598,2028-ex-seven,CZ,W,TOTAL,import_TWh,7.336025568528436
1599,2028-ex-seven,CZ,Y,TOTAL,export_TWh,3.4372278923885142
1600,2028-ex-seven,CZ,S,TOTAL,export_TWh,1.5654291647761742
1601,2028-ex-seven,CZ,W,TOTAL,export_TWh,1.87179872761234
1602,2028-ex-seven,CZ,Y,TOTAL,net_import_TWh,10.77992584726038
1603,2028-ex-seven,CZ,S,TOTAL,net_import_TWh,5.3156990063442855
1604,2028-ex-seven,CZ,W,TOTAL,net_import_TWh,5.464226840916096
1605,2028-ex-seven,CZ,Y,TOTAL,curtailment_TWh,0.0002120960455158
1606,2028-ex-seven,CZ,S,TOTAL,curtailment_TWh,0.000212096045514
1607,2028-ex-seven,CZ,W,TOTAL,curtailment_TWh,1.881744537968189e-15
1608,2028-ex-seven,CZ,Y,nuclear,production_TWh,28.59946136693848
1609,2028-ex-seven,CZ,Y,solar,production_TWh,6.763550152347859
1610,2028-ex-seven,CZ,Y,onshore,production_TWh,1.0726521232339172
1611,2028-ex-seven,CZ,Y,waste,production_TWh,1.1431799999998575
1612,2028-ex-seven,CZ,Y,gas_ccgt,production_TWh,4.782036133352698
1613,2028-ex-seven,CZ,Y,gas_chp,production_TWh,3.098803137864411
1614,2028-ex-seven,CZ,Y,biogas,production_TWh,0.7058359132103822
1615,2028-ex-seven,CZ,Y,lig_sc,production_TWh,0.7304207323272999
1616,2028-ex-seven,CZ,Y,bio,production_TWh,0.0
1617,2028-ex-seven,CZ,Y,gas_eng_chp,production_TWh,1.5478920000001053
1618,2028-ex-seven,CZ,Y,lig,production_TWh,0.7489069486369232
1619,2028-ex-seven,CZ,Y,lig_ex,production_TWh,2.792633249291055
1620,2028-ex-seven,CZ,Y,coal,production_TWh,0.0
1621,2028-ex-seven,CZ,Y,coal_ex,production_TWh,0.1448224597194435
1622,2028-ex-seven,CZ,Y,gas_peak,production_TWh,0.0428316495517338
1623,2028-ex-seven,CZ,Y,lig_old,production_TWh,0.0
1624,2028-ex-seven,CZ,Y,b_CHP,production_TWh,0.0042347095930138
1625,2028-ex-seven,CZ,Y,lig_bp,production_TWh,1.6743513600000806
1626,2028-ex-seven,CZ,Y,coal_bp,production_TWh,0.0
1627,2028-ex-seven,CZ,Y,dsr,production_TWh,0.0
1628,2028-ex-seven,CZ,Y,eens,production_TWh,-4.717394248840305e-18
1629,2028-ex-seven,CZ,Y,h_ror,production_TWh,1.159029080997333
1630,2028-ex-seven,CZ,Y,h_dams,production_TWh,0.8726771428571429
1631,2028-ex-seven,CZ,Y,li,production_TWh,0.0861482260981672
1632,2028-ex-seven,CZ,Y,pump_open,production_TWh,0.3576125335316781
1633,2028-ex-seven,CZ,Y,pump,production_TWh,0.4513179082238126
1634,2028-ex-seven,CZ,Y,TOTAL,production_TWh,56.7783968277754
1635,2028-ex-seven,CZ,S,nuclear,production_TWh,13.891069397825554
1636,2028-ex-seven,CZ,S,solar,production_TWh,4.567538230578035
1637,2028-ex-seven,CZ,S,onshore,production_TWh,0.4434150195349656
1638,2028-ex-seven,CZ,S,waste,production_TWh,0.4577181246823273
1639,2028-ex-seven,CZ,S,gas_ccgt,production_TWh,2.165797676619168
1640,2028-ex-seven,CZ,S,gas_chp,production_TWh,0.7419251940239788
1641,2028-ex-seven,CZ,S,biogas,production_TWh,0.0580745196610171
1642,2028-ex-seven,CZ,S,lig_sc,production_TWh,0.0
1643,2028-ex-seven,CZ,S,bio,production_TWh,0.0
1644,2028-ex-seven,CZ,S,gas_eng_chp,production_TWh,0.665282307808067
1645,2028-ex-seven,CZ,S,lig,production_TWh,0.0
1646,2028-ex-seven,CZ,S,lig_ex,production_TWh,1.0281145973108845
1647,2028-ex-seven,CZ,S,coal,production_TWh,0.0
1648,2028-ex-seven,CZ,S,coal_ex,production_TWh,0.0434138247003904
1649,2028-ex-seven,CZ,S,gas_peak,production_TWh,0.0
1650,2028-ex-seven,CZ,S,lig_old,production_TWh,0.0
1651,2028-ex-seven,CZ,S,b_CHP,production_TWh,7.579122514774402e-20
1652,2028-ex-seven,CZ,S,lig_bp,production_TWh,0.3168869195772925
1653,2028-ex-seven,CZ,S,coal_bp,production_TWh,0.0
1654,2028-ex-seven,CZ,S,dsr,production_TWh,0.0
1655,2028-ex-seven,CZ,S,eens,production_TWh,-4.54686399225788e-18
1656,2028-ex-seven,CZ,S,h_ror,production_TWh,0.5688222476639997
1657,2028-ex-seven,CZ,S,h_dams,production_TWh,0.4826474142857143
1658,2028-ex-seven,CZ,S,li,production_TWh,0.0375655835152402
1659,2028-ex-seven,CZ,S,pump_open,production_TWh,0.2166817124252247
1660,2028-ex-seven,CZ,S,pump,production_TWh,0.2851298526618014
1661,2028-ex-seven,CZ,S,TOTAL,production_TWh,113.5567936555508
1662,2028-ex-seven,CZ,W,nuclear,production_TWh,14.708391969112927
1663,2028-ex-seven,CZ,W,solar,production_TWh,2.1960119217698244
1664,2028-ex-seven,CZ,W,onshore,production_TWh,0.6292371036989517
1665,2028-ex-seven,CZ,W,waste,production_TWh,0.6854618753175303
1666,2028-ex-seven,CZ,W,gas_ccgt,production_TWh,2.616238456733531
1667,2028-ex-seven,CZ,W,gas_chp,production_TWh,2.356877943840433
1668,2028-ex-seven,CZ,W,biogas,production_TWh,0.647761393549365
1669,2028-ex-seven,CZ,W,lig_sc,production_TWh,0.7304207323272999
1670,2028-ex-seven,CZ,W,bio,production_TWh,0.0
1671,2028-ex-seven,CZ,W,gas_eng_chp,production_TWh,0.8826096921920383
1672,2028-ex-seven,CZ,W,lig,production_TWh,0.7489069486369232
1673,2028-ex-seven,CZ,W,lig_ex,production_TWh,1.7645186519801703
1674,2028-ex-seven,CZ,W,coal,production_TWh,0.0
1675,2028-ex-seven,CZ,W,coal_ex,production_TWh,0.101408635019053
1676,2028-ex-seven,CZ,W,gas_peak,production_TWh,0.0428316495517338
1677,2028-ex-seven,CZ,W,lig_old,production_TWh,0.0
1678,2028-ex-seven,CZ,W,b_CHP,production_TWh,0.0042347095930138
1679,2028-ex-seven,CZ,W,lig_bp,production_TWh,1.357464440422788
1680,2028-ex-seven,CZ,W,coal_bp,production_TWh,0.0
1681,2028-ex-seven,CZ,W,dsr,production_TWh,0.0
1682,2028-ex-seven,CZ,W,eens,production_TWh,-1.7053025658242405e-19
1683,2028-ex-seven,CZ,W,h_ror,production_TWh,0.5902068333333332
1684,2028-ex-seven,CZ,W,h_dams,production_TWh,0.3900297285714286
1685,2028-ex-seven,CZ,W,li,production_TWh,0.048582642582927
1686,2028-ex-seven,CZ,W,pump_open,production_TWh,0.1409308211064533
1687,2028-ex-seven,CZ,W,pump,production_TWh,0.1661880555620112
1688,2028-ex-seven,CZ,W,TOTAL,production_TWh,113.5567936555508
1689,2028-ex-seven,CZ,Y,gas_chp,production_el_eq_TWh,3.571276799999946
1690,2028-ex-seven,CZ,Y,gas_eng_chp,production_el_eq_TWh,1.5478920000001053
1691,2028-ex-seven,CZ,Y,lig_ex,production_el_eq_TWh,6.478475519999899
1692,2028-ex-seven,CZ,Y,coal_ex,production_el_eq_TWh,0.3317468327820356
1693,2028-ex-seven,CZ,Y,b_CHP,production_el_eq_TWh,0.0105867739825345
1694,2028-ex-seven,CZ,Y,lig_bp,production_el_eq_TWh,1.6743513600000806
1695,2028-ex-seven,CZ,Y,coal_bp,production_el_eq_TWh,0.0
1696,2028-ex-seven,CZ,Y,eens,production_el_eq_TWh,0.0
1697,2028-ex-seven,CZ,S,gas_chp,production_el_eq_TWh,0.9859783732803288
1698,2028-ex-seven,CZ,S,gas_eng_chp,production_el_eq_TWh,0.665282307808067
1699,2028-ex-seven,CZ,S,lig_ex,production_el_eq_TWh,2.568948430131684
1700,2028-ex-seven,CZ,S,coal_ex,production_el_eq_TWh,0.1083058400750747
1701,2028-ex-seven,CZ,S,b_CHP,production_el_eq_TWh,1.8947806286936005e-19
1702,2028-ex-seven,CZ,S,lig_bp,production_el_eq_TWh,0.3168869195772925
1703,2028-ex-seven,CZ,S,coal_bp,production_el_eq_TWh,0.0
1704,2028-ex-seven,CZ,S,eens,production_el_eq_TWh,0.0
1705,2028-ex-seven,CZ,W,gas_chp,production_el_eq_TWh,2.5852984267196173
1706,2028-ex-seven,CZ,W,gas_eng_chp,production_el_eq_TWh,0.8826096921920383
1707,2028-ex-seven,CZ,W,lig_ex,production_el_eq_TWh,3.9095270898682153
1708,2028-ex-seven,CZ,W,coal_ex,production_el_eq_TWh,0.2234409927069609
1709,2028-ex-seven,CZ,W,b_CHP,production_el_eq_TWh,0.0105867739825345
1710,2028-ex-seven,CZ,W,lig_bp,production_el_eq_TWh,1.357464440422788
1711,2028-ex-seven,CZ,W,coal_bp,production_el_eq_TWh,0.0
1712,2028-ex-seven,CZ,W,eens,production_el_eq_TWh,0.0
1713,2028-ex-seven,CZ,Y,solar,production_used_TWh,6.763550152347859
1714,2028-ex-seven,CZ,Y,onshore,production_used_TWh,1.0726521232339172
1715,2028-ex-seven,CZ,S,solar,production_used_TWh,4.567538230578035
1716,2028-ex-seven,CZ,S,onshore,production_used_TWh,0.4434150195349656
1717,2028-ex-seven,CZ,W,solar,production_used_TWh,2.1960119217698244
1718,2028-ex-seven,CZ,W,onshore,production_used_TWh,0.6292371036989517
1719,2028-ex-seven,CZ,Y,solar,production_excess_TWh,0.0
1720,2028-ex-seven,CZ,Y,onshore,production_excess_TWh,0.0
1721,2028-ex-seven,CZ,S,solar,production_excess_TWh,0.0
1722,2028-ex-seven,CZ,S,onshore,production_excess_TWh,0.0
1723,2028-ex-seven,CZ,W,solar,production_excess_TWh,0.0
1724,2028-ex-seven,CZ,W,onshore,production_excess_TWh,0.0
1725,2028-ex-seven,CZ,Y,h_ror,discharged_TWh,1.159029080997333
1726,2028-ex-seven,CZ,Y,h_dams,discharged_TWh,0.8726771428571429
1727,2028-ex-seven,CZ,Y,li,discharged_TWh,0.0861482260981672
1728,2028-ex-seven,CZ,Y,pump_open,discharged_TWh,0.3576125335316781
1729,2028-ex-seven,CZ,Y,pump,discharged_TWh,0.4513179082238126
1730,2028-ex-seven,CZ,Y,TOTAL,discharged_TWh,2.926784891708134
1731,2028-ex-seven,CZ,S,h_ror,discharged_TWh,0.5688222476639997
1732,2028-ex-seven,CZ,S,h_dams,discharged_TWh,0.4826474142857143
1733,2028-ex-seven,CZ,S,li,discharged_TWh,0.0375655835152402
1734,2028-ex-seven,CZ,S,pump_open,discharged_TWh,0.2166817124252247
1735,2028-ex-seven,CZ,S,pump,discharged_TWh,0.2851298526618014
1736,2028-ex-seven,CZ,S,TOTAL,discharged_TWh,5.853569783416268
1737,2028-ex-seven,CZ,W,h_ror,discharged_TWh,0.5902068333333332
1738,2028-ex-seven,CZ,W,h_dams,discharged_TWh,0.3900297285714286
1739,2028-ex-seven,CZ,W,li,discharged_TWh,0.048582642582927
1740,2028-ex-seven,CZ,W,pump_open,discharged_TWh,0.1409308211064533
1741,2028-ex-seven,CZ,W,pump,discharged_TWh,0.1661880555620112
1742,2028-ex-seven,CZ,W,TOTAL,discharged_TWh,5.853569783416268
1743,2028-ex-seven,CZ,Y,h_ror,charged_TWh,0.0
1744,2028-ex-seven,CZ,Y,h_dams,charged_TWh,0.0
1745,2028-ex-seven,CZ,Y,li,charged_TWh,0.0956004342663681
1746,2028-ex-seven,CZ,Y,pump_open,charged_TWh,0.4536322886352669
1747,2028-ex-seven,CZ,Y,pump,charged_TWh,0.6268304280886287
1748,2028-ex-seven,CZ,Y,TOTAL,charged_TWh,1.176063150990264
1749,2028-ex-seven,CZ,S,h_ror,charged_TWh,0.0
1750,2028-ex-seven,CZ,S,h_dams,charged_TWh,0.0
1751,2028-ex-seven,CZ,S,li,charged_TWh,0.041979777664787
1752,2028-ex-seven,CZ,S,pump_open,charged_TWh,0.2871735051227088
1753,2028-ex-seven,CZ,S,pump,charged_TWh,0.3989196683849357
1754,2028-ex-seven,CZ,S,TOTAL,charged_TWh,2.352126301980528
1755,2028-ex-seven,CZ,W,h_ror,charged_TWh,0.0
1756,2028-ex-seven,CZ,W,h_dams,charged_TWh,0.0
1757,2028-ex-seven,CZ,W,li,charged_TWh,0.0536206566015811
1758,2028-ex-seven,CZ,W,pump_open,charged_TWh,0.166458783512558
1759,2028-ex-seven,CZ,W,pump,charged_TWh,0.227910759703693
1760,2028-ex-seven,CZ,W,TOTAL,charged_TWh,2.352126301980528
1761,2028-ex-seven,CZ,Y,h_ror,inflow_TWh,1.161956
1762,2028-ex-seven,CZ,Y,h_dams,inflow_TWh,0.8726771428571429
1763,2028-ex-seven,CZ,Y,pump_open,inflow_TWh,0.0309972857142857
1764,2028-ex-seven,CZ,S,h_ror,inflow_TWh,0.571188
1765,2028-ex-seven,CZ,S,h_dams,inflow_TWh,0.483751
1766,2028-ex-seven,CZ,S,pump_open,inflow_TWh,0.012085
1767,2028-ex-seven,CZ,W,h_ror,inflow_TWh,0.590768
1768,2028-ex-seven,CZ,W,h_dams,inflow_TWh,0.3889261428571428
1769,2028-ex-seven,CZ,W,pump_open,inflow_TWh,0.0189122857142857
1770,2028-ex-seven,CZ,Y,gas_chp,heat_production_PJ,3.401810367375851
1771,2028-ex-seven,CZ,Y,gas_eng_chp,heat_production_PJ,5.57241120000038
1772,2028-ex-seven,CZ,Y,lig_ex,heat_production_PJ,37.153290088745145
1773,2028-ex-seven,CZ,Y,coal_ex,heat_production_PJ,1.884197680470928
1774,2028-ex-seven,CZ,Y,b_CHP,heat_production_PJ,0.0686022954068238
1775,2028-ex-seven,CZ,Y,lig_bp,heat_production_PJ,18.082994688000863
1776,2028-ex-seven,CZ,Y,coal_bp,heat_production_PJ,0.0
1777,2028-ex-seven,CZ,Y,eens,heat_production_PJ,1.6982619295825094e-17
1778,2028-ex-seven,CZ,S,gas_chp,heat_production_PJ,1.7571828906457214
1779,2028-ex-seven,CZ,S,gas_eng_chp,heat_production_PJ,2.395016308109041
1780,2028-ex-seven,CZ,S,lig_ex,heat_production_PJ,15.53160503483366
1781,2028-ex-seven,CZ,S,coal_ex,heat_production_PJ,0.6541115149768169
1782,2028-ex-seven,CZ,S,b_CHP,heat_production_PJ,1.2278178473934533e-18
1783,2028-ex-seven,CZ,S,lig_bp,heat_production_PJ,3.422378731434759
1784,2028-ex-seven,CZ,S,coal_bp,heat_production_PJ,0.0
1785,2028-ex-seven,CZ,S,eens,heat_production_PJ,1.6368710372128368e-17
1786,2028-ex-seven,CZ,W,gas_chp,heat_production_PJ,1.6446274767301292
1787,2028-ex-seven,CZ,W,gas_eng_chp,heat_production_PJ,3.177394891891338
1788,2028-ex-seven,CZ,W,lig_ex,heat_production_PJ,21.621685053911488
1789,2028-ex-seven,CZ,W,coal_ex,heat_production_PJ,1.230086165494111
1790,2028-ex-seven,CZ,W,b_CHP,heat_production_PJ,0.0686022954068238
1791,2028-ex-seven,CZ,W,lig_bp,heat_production_PJ,14.660615956566106
1792,2028-ex-seven,CZ,W,coal_bp,heat_production_PJ,0.0
1793,2028-ex-seven,CZ,W,eens,heat_production_PJ,6.1390892369672675e-19
1794,2028-ex-seven,CZ,Y,waste,production_hours,6807.0
1795,2028-ex-seven,CZ,Y,gas_ccgt,production_hours,7995.0
1796,2028-ex-seven,CZ,Y,gas_chp,production_hours,8281.0
1797,2028-ex-seven,CZ,Y,biogas,production_hours,2756.0
1798,2028-ex-seven,CZ,Y,lig_sc,production_hours,1803.0
1799,2028-ex-seven,CZ,Y,bio,production_hours,0.0
1800,2028-ex-seven,CZ,Y,gas_eng_chp,production_hours,5437.0
1801,2028-ex-seven,CZ,Y,lig,production_hours,1104.0
1802,2028-ex-seven,CZ,Y,lig_ex,production_hours,8760.0
1803,2028-ex-seven,CZ,Y,coal,production_hours,0.0
1804,2028-ex-seven,CZ,Y,coal_ex,production_hours,8712.0
1805,2028-ex-seven,CZ,Y,gas_peak,production_hours,517.0
1806,2028-ex-seven,CZ,Y,lig_old,production_hours,0.0
1807,2028-ex-seven,CZ,Y,b_CHP,production_hours,67.0
1808,2028-ex-seven,CZ,Y,lig_bp,production_hours,6913.0
1809,2028-ex-seven,CZ,Y,coal_bp,production_hours,0.0
1810,2028-ex-seven,CZ,Y,dsr,production_hours,0.0
1811,2028-ex-seven,CZ,Y,eens,production_hours,0.0
1812,2028-ex-seven,CZ,Y,h_ror,production_hours,8760.0
1813,2028-ex-seven,CZ,Y,h_dams,production_hours,8760.0
1814,2028-ex-seven,CZ,Y,li,production_hours,996.0
1815,2028-ex-seven,CZ,Y,pump_open,production_hours,1225.0
1816,2028-ex-seven,CZ,Y,pump,production_hours,1000.0
1817,2028-ex-seven,CZ,S,waste,production_hours,2996.0
1818,2028-ex-seven,CZ,S,gas_ccgt,production_hours,3712.0
1819,2028-ex-seven,CZ,S,gas_chp,production_hours,3990.0
1820,2028-ex-seven,CZ,S,biogas,production_hours,266.0
1821,2028-ex-seven,CZ,S,lig_sc,production_hours,0.0
1822,2028-ex-seven,CZ,S,bio,production_hours,0.0
1823,2028-ex-seven,CZ,S,gas_eng_chp,production_hours,2401.0
1824,2028-ex-seven,CZ,S,lig,production_hours,0.0
1825,2028-ex-seven,CZ,S,lig_ex,production_hours,4368.0
1826,2028-ex-seven,CZ,S,coal,production_hours,0.0
1827,2028-ex-seven,CZ,S,coal_ex,production_hours,4368.0
1828,2028-ex-seven,CZ,S,gas_peak,production_hours,0.0
1829,2028-ex-seven,CZ,S,lig_old,production_hours,0.0
1830,2028-ex-seven,CZ,S,b_CHP,production_hours,0.0
1831,2028-ex-seven,CZ,S,lig_bp,production_hours,2543.0
1832,2028-ex-seven,CZ,S,coal_bp,production_hours,0.0
1833,2028-ex-seven,CZ,S,dsr,production_hours,0.0
1834,2028-ex-seven,CZ,S,eens,production_hours,0.0
1835,2028-ex-seven,CZ,S,h_ror,production_hours,4368.0
1836,2028-ex-seven,CZ,S,h_dams,production_hours,4368.0
1837,2028-ex-seven,CZ,S,li,production_hours,432.0
1838,2028-ex-seven,CZ,S,pump_open,production_hours,725.0
1839,2028-ex-seven,CZ,S,pump,production_hours,636.0
1840,2028-ex-seven,CZ,W,waste,production_hours,3811.0
1841,2028-ex-seven,CZ,W,gas_ccgt,production_hours,4283.0
1842,2028-ex-seven,CZ,W,gas_chp,production_hours,4291.0
1843,2028-ex-seven,CZ,W,biogas,production_hours,2490.0
1844,2028-ex-seven,CZ,W,lig_sc,production_hours,1803.0
1845,2028-ex-seven,CZ,W,bio,production_hours,0.0
1846,2028-ex-seven,CZ,W,gas_eng_chp,production_hours,3036.0
1847,2028-ex-seven,CZ,W,lig,production_hours,1104.0
1848,2028-ex-seven,CZ,W,lig_ex,production_hours,4392.0
1849,2028-ex-seven,CZ,W,coal,production_hours,0.0
1850,2028-ex-seven,CZ,W,coal_ex,production_hours,4344.0
1851,2028-ex-seven,CZ,W,gas_peak,production_hours,517.0
1852,2028-ex-seven,CZ,W,lig_old,production_hours,0.0
1853,2028-ex-seven,CZ,W,b_CHP,production_hours,67.0
1854,2028-ex-seven,CZ,W,lig_bp,production_hours,4370.0
1855,2028-ex-seven,CZ,W,coal_bp,production_hours,0.0
1856,2028-ex-seven,CZ,W,dsr,production_hours,0.0
1857,2028-ex-seven,CZ,W,eens,production_hours,0.0
1858,2028-ex-seven,CZ,W,h_ror,production_hours,4392.0
1859,2028-ex-seven,CZ,W,h_dams,production_hours,4392.0
1860,2028-ex-seven,CZ,W,li,production_hours,564.0
1861,2028-ex-seven,CZ,W,pump_open,production_hours,500.0
1862,2028-ex-seven,CZ,W,pump,production_hours,364.0
1863,2028-ex-seven,CZ,Y,nuclear,capex_mn_EUR_per_yr,2738.469079112492
1864,2028-ex-seven,CZ,Y,solar,capex_mn_EUR_per_yr,362.9795164565344
1865,2028-ex-seven,CZ,Y,onshore,capex_mn_EUR_per_yr,68.82996852045387
1866,2028-ex-seven,CZ,Y,waste,capex_mn_EUR_per_yr,228.2938717209026
1867,2028-ex-seven,CZ,Y,gas_ccgt,capex_mn_EUR_per_yr,76.18061222457844
1868,2028-ex-seven,CZ,Y,gas_chp,capex_mn_EUR_per_yr,138.841538451773
1869,2028-ex-seven,CZ,Y,biogas,capex_mn_EUR_per_yr,16.217086196531145
1870,2028-ex-seven,CZ,Y,lig_sc,capex_mn_EUR_per_yr,144.15255774515765
1871,2028-ex-seven,CZ,Y,bio,capex_mn_EUR_per_yr,0.0
1872,2028-ex-seven,CZ,Y,gas_eng_chp,capex_mn_EUR_per_yr,22.59441391073202
1873,2028-ex-seven,CZ,Y,lig,capex_mn_EUR_per_yr,321.06706043239666
1874,2028-ex-seven,CZ,Y,lig_ex,capex_mn_EUR_per_yr,458.8856421554186
1875,2028-ex-seven,CZ,Y,coal,capex_mn_EUR_per_yr,0.0
1876,2028-ex-seven,CZ,Y,coal_ex,capex_mn_EUR_per_yr,26.048184884115727
1877,2028-ex-seven,CZ,Y,gas_peak,capex_mn_EUR_per_yr,7.893982066856129
1878,2028-ex-seven,CZ,Y,lig_old,capex_mn_EUR_per_yr,0.0
1879,2028-ex-seven,CZ,Y,b_CHP,capex_mn_EUR_per_yr,109.81713302115293
1880,2028-ex-seven,CZ,Y,lig_bp,capex_mn_EUR_per_yr,118.59824069033428
1881,2028-ex-seven,CZ,Y,coal_bp,capex_mn_EUR_per_yr,0.0
1882,2028-ex-seven,CZ,Y,dsr,capex_mn_EUR_per_yr,0.0
1883,2028-ex-seven,CZ,Y,h_ror,capex_mn_EUR_per_yr,84.30517292657983
1884,2028-ex-seven,CZ,Y,h_dams,capex_mn_EUR_per_yr,123.71530195731836
1885,2028-ex-seven,CZ,Y,li,capex_mn_EUR_per_yr,4.011568788183623
1886,2028-ex-seven,CZ,Y,pump_open,capex_mn_EUR_per_yr,95.4781476517892
1887,2028-ex-seven,CZ,Y,pump,capex_mn_EUR_per_yr,137.73230661258106
1888,2028-ex-seven,CZ,S,nuclear,capex_mn_EUR_per_yr,2738.469079112492
1889,2028-ex-seven,CZ,S,solar,capex_mn_EUR_per_yr,362.9795164565344
1890,2028-ex-seven,CZ,S,onshore,capex_mn_EUR_per_yr,68.82996852045387
1891,2028-ex-seven,CZ,S,waste,capex_mn_EUR_per_yr,228.2938717209026
1892,2028-ex-seven,CZ,S,gas_ccgt,capex_mn_EUR_per_yr,76.18061222457844
1893,2028-ex-seven,CZ,S,gas_chp,capex_mn_EUR_per_yr,138.841538451773
1894,2028-ex-seven,CZ,S,biogas,capex_mn_EUR_per_yr,16.217086196531145
1895,2028-ex-seven,CZ,S,lig_sc,capex_mn_EUR_per_yr,144.15255774515765
1896,2028-ex-seven,CZ,S,bio,capex_mn_EUR_per_yr,0.0
1897,2028-ex-seven,CZ,S,gas_eng_chp,capex_mn_EUR_per_yr,22.59441391073202
1898,2028-ex-seven,CZ,S,lig,capex_mn_EUR_per_yr,321.06706043239666
1899,2028-ex-seven,CZ,S,lig_ex,capex_mn_EUR_per_yr,458.8856421554186
1900,2028-ex-seven,CZ,S,coal,capex_mn_EUR_per_yr,0.0
1901,2028-ex-seven,CZ,S,coal_ex,capex_mn_EUR_per_yr,26.048184884115727
1902,2028-ex-seven,CZ,S,gas_peak,capex_mn_EUR_per_yr,7.893982066856129
1903,2028-ex-seven,CZ,S,lig_old,capex_mn_EUR_per_yr,0.0
1904,2028-ex-seven,CZ,S,b_CHP,capex_mn_EUR_per_yr,109.81713302115293
1905,2028-ex-seven,CZ,S,lig_bp,capex_mn_EUR_per_yr,118.59824069033428
1906,2028-ex-seven,CZ,S,coal_bp,capex_mn_EUR_per_yr,0.0
1907,2028-ex-seven,CZ,S,dsr,capex_mn_EUR_per_yr,0.0
1908,2028-ex-seven,CZ,S,h_ror,capex_mn_EUR_per_yr,84.30517292657983
1909,2028-ex-seven,CZ,S,h_dams,capex_mn_EUR_per_yr,123.71530195731836
1910,2028-ex-seven,CZ,S,li,capex_mn_EUR_per_yr,4.011568788183623
1911,2028-ex-seven,CZ,S,pump_open,capex_mn_EUR_per_yr,95.4781476517892
1912,2028-ex-seven,CZ,S,pump,capex_mn_EUR_per_yr,137.73230661258106
1913,2028-ex-seven,CZ,W,nuclear,capex_mn_EUR_per_yr,2738.469079112492
1914,2028-ex-seven,CZ,W,solar,capex_mn_EUR_per_yr,362.9795164565344
1915,2028-ex-seven,CZ,W,onshore,capex_mn_EUR_per_yr,68.82996852045387
1916,2028-ex-seven,CZ,W,waste,capex_mn_EUR_per_yr,228.2938717209026
1917,2028-ex-seven,CZ,W,gas_ccgt,capex_mn_EUR_per_yr,76.18061222457844
1918,2028-ex-seven,CZ,W,gas_chp,capex_mn_EUR_per_yr,138.841538451773
1919,2028-ex-seven,CZ,W,biogas,capex_mn_EUR_per_yr,16.217086196531145
1920,2028-ex-seven,CZ,W,lig_sc,capex_mn_EUR_per_yr,144.15255774515765
1921,2028-ex-seven,CZ,W,bio,capex_mn_EUR_per_yr,0.0
1922,2028-ex-seven,CZ,W,gas_eng_chp,capex_mn_EUR_per_yr,22.59441391073202
1923,2028-ex-seven,CZ,W,lig,capex_mn_EUR_per_yr,321.06706043239666
1924,2028-ex-seven,CZ,W,lig_ex,capex_mn_EUR_per_yr,458.8856421554186
1925,2028-ex-seven,CZ,W,coal,capex_mn_EUR_per_yr,0.0
1926,2028-ex-seven,CZ,W,coal_ex,capex_mn_EUR_per_yr,26.048184884115727
1927,2028-ex-seven,CZ,W,gas_peak,capex_mn_EUR_per_yr,7.893982066856129
1928,2028-ex-seven,CZ,W,lig_old,capex_mn_EUR_per_yr,0.0
1929,2028-ex-seven,CZ,W,b_CHP,capex_mn_EUR_per_yr,109.81713302115293
1930,2028-ex-seven,CZ,W,lig_bp,capex_mn_EUR_per_yr,118.59824069033428
1931,2028-ex-seven,CZ,W,coal_bp,capex_mn_EUR_per_yr,0.0
1932,2028-ex-seven,CZ,W,dsr,capex_mn_EUR_per_yr,0.0
1933,2028-ex-seven,CZ,W,h_ror,capex_mn_EUR_per_yr,84.30517292657983
1934,2028-ex-seven,CZ,W,h_dams,capex_mn_EUR_per_yr,123.71530195731836
1935,2028-ex-seven,CZ,W,li,capex_mn_EUR_per_yr,4.011568788183623
1936,2028-ex-seven,CZ,W,pump_open,capex_mn_EUR_per_yr,95.4781476517892
1937,2028-ex-seven,CZ,W,pump,capex_mn_EUR_per_yr,137.73230661258106
1938,2028-ex-seven,CZ,Y,nuclear,opex_mn_EUR,586.5749526359082
1939,2028-ex-seven,CZ,Y,solar,opex_mn_EUR,0.0
1940,2028-ex-seven,CZ,Y,onshore,opex_mn_EUR,0.0
1941,2028-ex-seven,CZ,Y,waste,opex_mn_EUR,45.9683619802428
1942,2028-ex-seven,CZ,Y,gas_ccgt,opex_mn_EUR,407.2361842904834
1943,2028-ex-seven,CZ,Y,gas_chp,opex_mn_EUR,269.45453532144234
1944,2028-ex-seven,CZ,Y,biogas,opex_mn_EUR,69.63664946297189
1945,2028-ex-seven,CZ,Y,lig_sc,opex_mn_EUR,76.29786492361717
1946,2028-ex-seven,CZ,Y,bio,opex_mn_EUR,0.0
1947,2028-ex-seven,CZ,Y,gas_eng_chp,opex_mn_EUR,167.5679084000114
1948,2028-ex-seven,CZ,Y,lig,opex_mn_EUR,84.19193471458466
1949,2028-ex-seven,CZ,Y,lig_ex,opex_mn_EUR,310.5032326430448
1950,2028-ex-seven,CZ,Y,coal,opex_mn_EUR,0.0
1951,2028-ex-seven,CZ,Y,coal_ex,opex_mn_EUR,16.31735612483413
1952,2028-ex-seven,CZ,Y,gas_peak,opex_mn_EUR,5.19155337468912
1953,2028-ex-seven,CZ,Y,lig_old,opex_mn_EUR,0.0
1954,2028-ex-seven,CZ,Y,b_CHP,opex_mn_EUR,0.7019630047810822
1955,2028-ex-seven,CZ,Y,lig_bp,opex_mn_EUR,366.4088317479802
1956,2028-ex-seven,CZ,Y,coal_bp,opex_mn_EUR,0.0
1957,2028-ex-seven,CZ,Y,dsr,opex_mn_EUR,0.0
1958,2028-ex-seven,CZ,Y,h_ror,opex_mn_EUR,2.318058161994666
1959,2028-ex-seven,CZ,Y,h_dams,opex_mn_EUR,2.618031428571429
1960,2028-ex-seven,CZ,Y,li,opex_mn_EUR,0.4307411304908362
1961,2028-ex-seven,CZ,Y,pump_open,opex_mn_EUR,1.4304501341267124
1962,2028-ex-seven,CZ,Y,pump,opex_mn_EUR,1.8052716328952505
1963,2028-ex-seven,CZ,S,nuclear,opex_mn_EUR,284.9058333494021
1964,2028-ex-seven,CZ,S,solar,opex_mn_EUR,0.0
1965,2028-ex-seven,CZ,S,onshore,opex_mn_EUR,0.0
1966,2028-ex-seven,CZ,S,waste,opex_mn_EUR,18.995609986335804
1967,2028-ex-seven,CZ,S,gas_ccgt,opex_mn_EUR,186.8638650549651
1968,2028-ex-seven,CZ,S,gas_chp,opex_mn_EUR,64.68887751303205
1969,2028-ex-seven,CZ,S,biogas,opex_mn_EUR,5.781304056118992
1970,2028-ex-seven,CZ,S,lig_sc,opex_mn_EUR,0.0
1971,2028-ex-seven,CZ,S,bio,opex_mn_EUR,0.0
1972,2028-ex-seven,CZ,S,gas_eng_chp,opex_mn_EUR,72.0205058330444
1973,2028-ex-seven,CZ,S,lig,opex_mn_EUR,0.0
1974,2028-ex-seven,CZ,S,lig_ex,opex_mn_EUR,114.10325069598368
1975,2028-ex-seven,CZ,S,coal,opex_mn_EUR,0.0
1976,2028-ex-seven,CZ,S,coal_ex,opex_mn_EUR,4.879027786179441
1977,2028-ex-seven,CZ,S,gas_peak,opex_mn_EUR,0.0
1978,2028-ex-seven,CZ,S,lig_old,opex_mn_EUR,0.0
1979,2028-ex-seven,CZ,S,b_CHP,opex_mn_EUR,1.1503985144462393e-17
1980,2028-ex-seven,CZ,S,lig_bp,opex_mn_EUR,69.9022618742714
1981,2028-ex-seven,CZ,S,coal_bp,opex_mn_EUR,0.0
1982,2028-ex-seven,CZ,S,dsr,opex_mn_EUR,0.0
1983,2028-ex-seven,CZ,S,h_ror,opex_mn_EUR,
1984,2028-ex-seven,CZ,S,h_dams,opex_mn_EUR,1.4479422428571431
1985,2028-ex-seven,CZ,S,li,opex_mn_EUR,0.1878279175762011
1986,2028-ex-seven,CZ,S,pump_open,opex_mn_EUR,0.8667268497008989
1987,2028-ex-seven,CZ,S,pump,opex_mn_EUR,1.1405194106472056
1988,2028-ex-seven,CZ,W,nuclear,opex_mn_EUR,301.6691192865061
1989,2028-ex-seven,CZ,W,solar,opex_mn_EUR,0.0
1990,2028-ex-seven,CZ,W,onshore,opex_mn_EUR,0.0
1991,2028-ex-seven,CZ,W,waste,opex_mn_EUR,26.972751993907
1992,2028-ex-seven,CZ,W,gas_ccgt,opex_mn_EUR,220.37231923551823
1993,2028-ex-seven,CZ,W,gas_chp,opex_mn_EUR,204.7656578084104
1994,2028-ex-seven,CZ,W,biogas,opex_mn_EUR,63.85534540685288
1995,2028-ex-seven,CZ,W,lig_sc,opex_mn_EUR,76.29786492361717
1996,2028-ex-seven,CZ,W,bio,opex_mn_EUR,0.0
1997,2028-ex-seven,CZ,W,gas_eng_chp,opex_mn_EUR,95.54740256696698
1998,2028-ex-seven,CZ,W,lig,opex_mn_EUR,84.19193471458466
1999,2028-ex-seven,CZ,W,lig_ex,opex_mn_EUR,196.39998194706115
2000,2028-ex-seven,CZ,W,coal,opex_mn_EUR,0.0
2001,2028-ex-seven,CZ,W,coal_ex,opex_mn_EUR,11.438328338654689
2002,2028-ex-seven,CZ,W,gas_peak,opex_mn_EUR,5.1915533746891205
2003,2028-ex-seven,CZ,W,lig_old,opex_mn_EUR,0.0
2004,2028-ex-seven,CZ,W,b_CHP,opex_mn_EUR,0.7019630047810822
2005,2028-ex-seven,CZ,W,lig_bp,opex_mn_EUR,296.5065698737088
2006,2028-ex-seven,CZ,W,coal_bp,opex_mn_EUR,0.0
2007,2028-ex-seven,CZ,W,dsr,opex_mn_EUR,0.0
2008,2028-ex-seven,CZ,W,h_ror,opex_mn_EUR,1.1804136666666665
2009,2028-ex-seven,CZ,W,h_dams,opex_mn_EUR,1.170089185714286
2010,2028-ex-seven,CZ,W,li,opex_mn_EUR,0.242913212914635
2011,2028-ex-seven,CZ,W,pump_open,opex_mn_EUR,0.5637232844258134
2012,2028-ex-seven,CZ,W,pump,opex_mn_EUR,0.664752222248045
2013,2028-ex-seven,CZ,Y,h_ror,wholesale_expenses_mn_EUR,0.0
2014,2028-ex-seven,CZ,Y,h_dams,wholesale_expenses_mn_EUR,0.0
2015,2028-ex-seven,CZ,Y,li,wholesale_expenses_mn_EUR,6.875884193381564
2016,2028-ex-seven,CZ,Y,pump_open,wholesale_expenses_mn_EUR,24.921458620661195
2017,2028-ex-seven,CZ,Y,pump,wholesale_expenses_mn_EUR,33.57485972314219
2018,2028-ex-seven,CZ,Y,IMPORT_EXPORT,wholesale_expenses_mn_EUR,1006.642528069399
2019,2028-ex-seven,CZ,S,h_ror,wholesale_expenses_mn_EUR,0.0
2020,2028-ex-seven,CZ,S,h_dams,wholesale_expenses_mn_EUR,0.0
2021,2028-ex-seven,CZ,S,li,wholesale_expenses_mn_EUR,2.3588899462383166
2022,2028-ex-seven,CZ,S,pump_open,wholesale_expenses_mn_EUR,12.825085264879633
2023,2028-ex-seven,CZ,S,pump,wholesale_expenses_mn_EUR,17.13889277328553
2024,2028-ex-seven,CZ,S,IMPORT_EXPORT,wholesale_expenses_mn_EUR,449.81453815178617
2025,2028-ex-seven,CZ,W,h_ror,wholesale_expenses_mn_EUR,0.0
2026,2028-ex-seven,CZ,W,h_dams,wholesale_expenses_mn_EUR,0.0
2027,2028-ex-seven,CZ,W,li,wholesale_expenses_mn_EUR,4.516994247143248
2028,2028-ex-seven,CZ,W,pump_open,wholesale_expenses_mn_EUR,12.096373355781562
2029,2028-ex-seven,CZ,W,pump,wholesale_expenses_mn_EUR,16.435966949856663
2030,2028-ex-seven,CZ,W,IMPORT_EXPORT,wholesale_expenses_mn_EUR,556.8279899176129
2031,2028-ex-seven,CZ,Y,nuclear,wholesale_revenues_mn_EUR,2626.716200862686
2032,2028-ex-seven,CZ,Y,solar,wholesale_revenues_mn_EUR,462.32232943478
2033,2028-ex-seven,CZ,Y,onshore,wholesale_revenues_mn_EUR,96.2675108987074
2034,2028-ex-seven,CZ,Y,waste,wholesale_revenues_mn_EUR,115.68964388539482
2035,2028-ex-seven,CZ,Y,gas_ccgt,wholesale_revenues_mn_EUR,460.1493359202772
2036,2028-ex-seven,CZ,Y,gas_chp,wholesale_revenues_mn_EUR,318.546757363495
2037,2028-ex-seven,CZ,Y,biogas,wholesale_revenues_mn_EUR,78.6957378571705
2038,2028-ex-seven,CZ,Y,lig_sc,wholesale_revenues_mn_EUR,83.09967030578542
2039,2028-ex-seven,CZ,Y,bio,wholesale_revenues_mn_EUR,0.0
2040,2028-ex-seven,CZ,Y,gas_eng_chp,wholesale_revenues_mn_EUR,161.74779860755746
2041,2028-ex-seven,CZ,Y,lig,wholesale_revenues_mn_EUR,89.70811837620421
2042,2028-ex-seven,CZ,Y,lig_ex,wholesale_revenues_mn_EUR,270.8109650500511
2043,2028-ex-seven,CZ,Y,coal,wholesale_revenues_mn_EUR,0.0
2044,2028-ex-seven,CZ,Y,coal_ex,wholesale_revenues_mn_EUR,14.494201222231103
2045,2028-ex-seven,CZ,Y,gas_peak,wholesale_revenues_mn_EUR,5.713859350918157
2046,2028-ex-seven,CZ,Y,lig_old,wholesale_revenues_mn_EUR,0.0
2047,2028-ex-seven,CZ,Y,b_CHP,wholesale_revenues_mn_EUR,0.6950581911183087
2048,2028-ex-seven,CZ,Y,lig_bp,wholesale_revenues_mn_EUR,165.90532843738723
2049,2028-ex-seven,CZ,Y,coal_bp,wholesale_revenues_mn_EUR,0.0
2050,2028-ex-seven,CZ,Y,dsr,wholesale_revenues_mn_EUR,0.0
2051,2028-ex-seven,CZ,Y,h_ror,wholesale_revenues_mn_EUR,106.5174753850441
2052,2028-ex-seven,CZ,Y,h_dams,wholesale_revenues_mn_EUR,88.5438317782509
2053,2028-ex-seven,CZ,Y,li,wholesale_revenues_mn_EUR,9.210986679425098
2054,2028-ex-seven,CZ,Y,pump_open,wholesale_revenues_mn_EUR,38.40874893454635
2055,2028-ex-seven,CZ,Y,pump,wholesale_revenues_mn_EUR,47.929701645381016
2056,2028-ex-seven,CZ,Y,IMPORT_EXPORT,wholesale_revenues_mn_EUR,27.58296293194695
2057,2028-ex-seven,CZ,S,nuclear,wholesale_revenues_mn_EUR,1158.6739860876903
2058,2028-ex-seven,CZ,S,solar,wholesale_revenues_mn_EUR,282.208535774482
2059,2028-ex-seven,CZ,S,onshore,wholesale_revenues_mn_EUR,36.51322147819147
2060,2028-ex-seven,CZ,S,waste,wholesale_revenues_mn_EUR,43.61536650676313
2061,2028-ex-seven,CZ,S,gas_ccgt,wholesale_revenues_mn_EUR,195.8395088764613
2062,2028-ex-seven,CZ,S,gas_chp,wholesale_revenues_mn_EUR,68.42788029096144
2063,2028-ex-seven,CZ,S,biogas,wholesale_revenues_mn_EUR,5.841810862312228
2064,2028-ex-seven,CZ,S,lig_sc,wholesale_revenues_mn_EUR,0.0
2065,2028-ex-seven,CZ,S,bio,wholesale_revenues_mn_EUR,0.0
2066,2028-ex-seven,CZ,S,gas_eng_chp,wholesale_revenues_mn_EUR,64.28451490694307
2067,2028-ex-seven,CZ,S,lig,wholesale_revenues_mn_EUR,0.0
2068,2028-ex-seven,CZ,S,lig_ex,wholesale_revenues_mn_EUR,84.62551370907435
2069,2028-ex-seven,CZ,S,coal,wholesale_revenues_mn_EUR,0.0
2070,2028-ex-seven,CZ,S,coal_ex,wholesale_revenues_mn_EUR,3.633445481325935
2071,2028-ex-seven,CZ,S,gas_peak,wholesale_revenues_mn_EUR,0.0
2072,2028-ex-seven,CZ,S,lig_old,wholesale_revenues_mn_EUR,0.0
2073,2028-ex-seven,CZ,S,b_CHP,wholesale_revenues_mn_EUR,4.487895576013749e-18
2074,2028-ex-seven,CZ,S,lig_bp,wholesale_revenues_mn_EUR,27.63749880338634
2075,2028-ex-seven,CZ,S,coal_bp,wholesale_revenues_mn_EUR,0.0
2076,2028-ex-seven,CZ,S,dsr,wholesale_revenues_mn_EUR,0.0
2077,2028-ex-seven,CZ,S,h_ror,wholesale_revenues_mn_EUR,47.79982368765125
2078,2028-ex-seven,CZ,S,h_dams,wholesale_revenues_mn_EUR,44.96558799758952
2079,2028-ex-seven,CZ,S,li,wholesale_revenues_mn_EUR,3.683098405100087
2080,2028-ex-seven,CZ,S,pump_open,wholesale_revenues_mn_EUR,21.285574728420723
2081,2028-ex-seven,CZ,S,pump,wholesale_revenues_mn_EUR,27.889003604452565
2082,2028-ex-seven,CZ,S,IMPORT_EXPORT,wholesale_revenues_mn_EUR,2.229258913660149
2083,2028-ex-seven,CZ,W,nuclear,wholesale_revenues_mn_EUR,1468.0422147749955
2084,2028-ex-seven,CZ,W,solar,wholesale_revenues_mn_EUR,180.113793660298
2085,2028-ex-seven,CZ,W,onshore,wholesale_revenues_mn_EUR,59.75428942051595
2086,2028-ex-seven,CZ,W,waste,wholesale_revenues_mn_EUR,72.07427737863168
2087,2028-ex-seven,CZ,W,gas_ccgt,wholesale_revenues_mn_EUR,264.3098270438159
2088,2028-ex-seven,CZ,W,gas_chp,wholesale_revenues_mn_EUR,250.1188770725336
2089,2028-ex-seven,CZ,W,biogas,wholesale_revenues_mn_EUR,72.85392699485827
2090,2028-ex-seven,CZ,W,lig_sc,wholesale_revenues_mn_EUR,83.09967030578542
2091,2028-ex-seven,CZ,W,bio,wholesale_revenues_mn_EUR,0.0
2092,2028-ex-seven,CZ,W,gas_eng_chp,wholesale_revenues_mn_EUR,97.46328370061435
2093,2028-ex-seven,CZ,W,lig,wholesale_revenues_mn_EUR,89.70811837620421
2094,2028-ex-seven,CZ,W,lig_ex,wholesale_revenues_mn_EUR,186.1854513409768
2095,2028-ex-seven,CZ,W,coal,wholesale_revenues_mn_EUR,0.0
2096,2028-ex-seven,CZ,W,coal_ex,wholesale_revenues_mn_EUR,10.86075574090517
2097,2028-ex-seven,CZ,W,gas_peak,wholesale_revenues_mn_EUR,5.713859350918157
2098,2028-ex-seven,CZ,W,lig_old,wholesale_revenues_mn_EUR,0.0
2099,2028-ex-seven,CZ,W,b_CHP,wholesale_revenues_mn_EUR,0.6950581911183087
2100,2028-ex-seven,CZ,W,lig_bp,wholesale_revenues_mn_EUR,138.26782963400092
2101,2028-ex-seven,CZ,W,coal_bp,wholesale_revenues_mn_EUR,0.0
2102,2028-ex-seven,CZ,W,dsr,wholesale_revenues_mn_EUR,0.0
2103,2028-ex-seven,CZ,W,h_ror,wholesale_revenues_mn_EUR,58.717651697392846
2104,2028-ex-seven,CZ,W,h_dams,wholesale_revenues_mn_EUR,43.578243780661374
2105,2028-ex-seven,CZ,W,li,wholesale_revenues_mn_EUR,5.527888274325012
2106,2028-ex-seven,CZ,W,pump_open,wholesale_revenues_mn_EUR,17.123174206125633
2107,2028-ex-seven,CZ,W,pump,wholesale_revenues_mn_EUR,20.040698040928447
2108,2028-ex-seven,CZ,W,IMPORT_EXPORT,wholesale_revenues_mn_EUR,25.3537040182868
2109,2028-ex-seven,CZ,Y,TOTAL,avg_consumer_price_EUR_per_MWh,92.71032858791736
2110,2028-ex-seven,CZ,S,TOTAL,avg_consumer_price_EUR_per_MWh,82.863560551442
2111,2028-ex-seven,CZ,W,TOTAL,avg_consumer_price_EUR_per_MWh,101.10938938596608
2112,2028-ex-seven,CZ,Y,TOTAL,avg_producer_price_EUR_per_MWh,91.92969973937048
2113,2028-ex-seven,CZ,S,TOTAL,avg_producer_price_EUR_per_MWh,80.85984720576283
2114,2028-ex-seven,CZ,W,TOTAL,avg_producer_price_EUR_per_MWh,101.0865639226765
2115,2028-ex-seven,CZ,Y,nuclear,capacity_factor,0.7964817503918005
2116,2028-ex-seven,CZ,Y,solar,capacity_factor,0.1102992523213936
2117,2028-ex-seven,CZ,Y,onshore,capacity_factor,0.2448977450305747
2118,2028-ex-seven,CZ,Y,waste,capacity_factor,0.6666666666665836
2119,2028-ex-seven,CZ,Y,gas_ccgt,capacity_factor,0.8841829215595335
2120,2028-ex-seven,CZ,Y,gas_chp,capacity_factor,0.5333333333333253
2121,2028-ex-seven,CZ,Y,biogas,capacity_factor,0.2887988384847965
2122,2028-ex-seven,CZ,Y,lig_sc,capacity_factor,0.1914172684522948
2123,2028-ex-seven,CZ,Y,gas_eng_chp,capacity_factor,0.5333333333333696
2124,2028-ex-seven,CZ,Y,lig,capacity_factor,0.0881175642169673
2125,2028-ex-seven,CZ,Y,lig_ex,capacity_factor,0.533333333333325
2126,2028-ex-seven,CZ,Y,coal_ex,capacity_factor,0.3297687479244854
2127,2028-ex-seven,CZ,Y,gas_peak,capacity_factor,0.0507969218366333
2128,2028-ex-seven,CZ,Y,b_CHP,capacity_factor,0.0057755595830589
2129,2028-ex-seven,CZ,Y,lig_bp,capacity_factor,0.5333333333333591
2130,2028-ex-seven,CZ,Y,h_ror,capacity_factor,0.3188174839075021
2131,2028-ex-seven,CZ,Y,h_dams,capacity_factor,0.16358075272307
2132,2028-ex-seven,CZ,Y,li,capacity_factor,0.0983427238563552
2133,2028-ex-seven,CZ,Y,pump_open,capacity_factor,0.0868581884610118
2134,2028-ex-seven,CZ,Y,pump,capacity_factor,0.0759886565751762
2135,2028-ex-seven,CZ,Y,TOTAL,capacity_factor,0.3301852504070318
2136,2028-ex-seven,CZ,S,nuclear,capacity_factor,0.7758452989642761
2137,2028-ex-seven,CZ,S,solar,capacity_factor,0.1493831184778269
2138,2028-ex-seven,CZ,S,onshore,capacity_factor,0.2030288550984274
2139,2028-ex-seven,CZ,S,waste,capacity_factor,0.5353202960838225
2140,2028-ex-seven,CZ,S,gas_ccgt,capacity_factor,0.8030981558532589
2141,2028-ex-seven,CZ,S,gas_chp,capacity_factor,0.2953004311362047
2142,2028-ex-seven,CZ,S,biogas,capacity_factor,0.0476539377790063
2143,2028-ex-seven,CZ,S,lig_sc,capacity_factor,0.0
2144,2028-ex-seven,CZ,S,gas_eng_chp,capacity_factor,0.4597116639185965
2145,2028-ex-seven,CZ,S,lig,capacity_factor,0.0
2146,2028-ex-seven,CZ,S,lig_ex,capacity_factor,0.4241336876757761
2147,2028-ex-seven,CZ,S,coal_ex,capacity_factor,0.2159116427854447
2148,2028-ex-seven,CZ,S,gas_peak,capacity_factor,0.0
2149,2028-ex-seven,CZ,S,b_CHP,capacity_factor,2.0730550727279096e-19
2150,2028-ex-seven,CZ,S,lig_bp,capacity_factor,0.2024314183216086
2151,2028-ex-seven,CZ,S,h_ror,capacity_factor,0.3137948760227723
2152,2028-ex-seven,CZ,S,h_dams,capacity_factor,0.1814387568214099
2153,2028-ex-seven,CZ,S,li,capacity_factor,0.0860017937619968
2154,2028-ex-seven,CZ,S,pump_open,capacity_factor,0.1055459981807851
2155,2028-ex-seven,CZ,S,pump,capacity_factor,0.0962787329214484
2156,2028-ex-seven,CZ,S,TOTAL,capacity_factor,1.3243694109732596
2157,2028-ex-seven,CZ,W,nuclear,capacity_factor,0.8170054343251856
2158,2028-ex-seven,CZ,W,solar,capacity_factor,0.0714289592040666
2159,2028-ex-seven,CZ,W,onshore,capacity_factor,0.2865378432144589
2160,2028-ex-seven,CZ,W,waste,capacity_factor,0.7972952975193843
2161,2028-ex-seven,CZ,W,gas_ccgt,capacity_factor,0.9648246011144078
2162,2028-ex-seven,CZ,W,gas_chp,capacity_factor,0.7700655092889317
2163,2028-ex-seven,CZ,W,biogas,capacity_factor,0.5286260074927409
2164,2028-ex-seven,CZ,W,lig_sc,capacity_factor,0.3817885409021181
2165,2028-ex-seven,CZ,W,gas_eng_chp,capacity_factor,0.6065526985436905
2166,2028-ex-seven,CZ,W,lig,capacity_factor,0.1757536116895797
2167,2028-ex-seven,CZ,W,lig_ex,capacity_factor,0.641936259615696
2168,2028-ex-seven,CZ,W,coal_ex,capacity_factor,0.4430036830900887
2169,2028-ex-seven,CZ,W,gas_peak,capacity_factor,0.1013162648654161
2170,2028-ex-seven,CZ,W,b_CHP,capacity_factor,0.0115195587312377
2171,2028-ex-seven,CZ,W,lig_bp,capacity_factor,0.8624270411592528
2172,2028-ex-seven,CZ,W,h_ror,capacity_factor,0.3238126458475065
2173,2028-ex-seven,CZ,W,h_dams,capacity_factor,0.145820333346579
2174,2028-ex-seven,CZ,W,li,capacity_factor,0.1106162171742417
2175,2028-ex-seven,CZ,W,pump_open,capacity_factor,0.0682724979200351
2176,2028-ex-seven,CZ,W,pump,capacity_factor,0.0558094549630365
2177,2028-ex-seven,CZ,W,TOTAL,capacity_factor,1.3171324196564658
2178,2028-ex-seven,CZ,Y,li,capacity_factor_charging,0.0086889955994225
2179,2028-ex-seven,CZ,Y,pump_open,capacity_factor_charging,0.1176920632615366
2180,2028-ex-seven,CZ,Y,pump,capacity_factor_charging,0.1077650375626871
2181,2028-ex-seven,CZ,S,li,capacity_factor_charging,0.0076519358911194
2182,2028-ex-seven,CZ,S,pump_open,capacity_factor_charging,0.1494201138042732
2183,2028-ex-seven,CZ,S,pump,capacity_factor_charging,0.1375418116093962
2184,2028-ex-seven,CZ,W,li,capacity_factor_charging,0.0097203883147841
2185,2028-ex-seven,CZ,W,pump_open,capacity_factor_charging,0.0861373900441702
2186,2028-ex-seven,CZ,W,pump,capacity_factor_charging,0.0781509781282551
2187,2028-ex-seven,CZ,Y,nuclear,emissions_MtCO2,0.0
2188,2028-ex-seven,CZ,Y,solar,emissions_MtCO2,0.0
2189,2028-ex-seven,CZ,Y,onshore,emissions_MtCO2,0.0
2190,2028-ex-seven,CZ,Y,waste,emissions_MtCO2,0.0
2191,2028-ex-seven,CZ,Y,gas_ccgt,emissions_MtCO2,1.87865705238856
2192,2028-ex-seven,CZ,Y,gas_chp,emissions_MtCO2,1.4030015999999788
2193,2028-ex-seven,CZ,Y,biogas,emissions_MtCO2,0.0
2194,2028-ex-seven,CZ,Y,lig_sc,emissions_MtCO2,0.6794611463509767
2195,2028-ex-seven,CZ,Y,bio,emissions_MtCO2,0.0
2196,2028-ex-seven,CZ,Y,gas_eng_chp,emissions_MtCO2,0.7567472000000515
2197,2028-ex-seven,CZ,Y,lig,emissions_MtCO2,0.7489069486369232
2198,2028-ex-seven,CZ,Y,lig_ex,emissions_MtCO2,6.478475519999899
2199,2028-ex-seven,CZ,Y,coal,emissions_MtCO2,0.0
2200,2028-ex-seven,CZ,Y,coal_ex,emissions_MtCO2,0.2806578205336021
2201,2028-ex-seven,CZ,Y,gas_peak,emissions_MtCO2,0.0235574072534535
2202,2028-ex-seven,CZ,Y,lig_old,emissions_MtCO2,0.0
2203,2028-ex-seven,CZ,Y,b_CHP,emissions_MtCO2,0.0
2204,2028-ex-seven,CZ,Y,lig_bp,emissions_MtCO2,3.348702720000161
2205,2028-ex-seven,CZ,Y,coal_bp,emissions_MtCO2,0.0
2206,2028-ex-seven,CZ,Y,dsr,emissions_MtCO2,0.0
2207,2028-ex-seven,CZ,Y,eens,emissions_MtCO2,0.0
2208,2028-ex-seven,CZ,Y,h_ror,emissions_MtCO2,0.0
2209,2028-ex-seven,CZ,Y,h_dams,emissions_MtCO2,0.0
2210,2028-ex-seven,CZ,Y,li,emissions_MtCO2,0.0
2211,2028-ex-seven,CZ,Y,pump_open,emissions_MtCO2,0.0
2212,2028-ex-seven,CZ,Y,pump,emissions_MtCO2,0.0
2213,2028-ex-seven,CZ,Y,TOTAL,emissions_MtCO2,15.598167415163603
2214,2028-ex-seven,CZ,S,nuclear,emissions_MtCO2,0.0
2215,2028-ex-seven,CZ,S,solar,emissions_MtCO2,0.0
2216,2028-ex-seven,CZ,S,onshore,emissions_MtCO2,0.0
2217,2028-ex-seven,CZ,S,waste,emissions_MtCO2,0.0
2218,2028-ex-seven,CZ,S,gas_ccgt,emissions_MtCO2,0.8508490872432443
2219,2028-ex-seven,CZ,S,gas_chp,emissions_MtCO2,0.3873486466458435
2220,2028-ex-seven,CZ,S,biogas,emissions_MtCO2,0.0
2221,2028-ex-seven,CZ,S,lig_sc,emissions_MtCO2,0.0
2222,2028-ex-seven,CZ,S,bio,emissions_MtCO2,0.0
2223,2028-ex-seven,CZ,S,gas_eng_chp,emissions_MtCO2,0.3252491282617216
2224,2028-ex-seven,CZ,S,lig,emissions_MtCO2,0.0
2225,2028-ex-seven,CZ,S,lig_ex,emissions_MtCO2,2.568948430131684
2226,2028-ex-seven,CZ,S,coal,emissions_MtCO2,0.0
2227,2028-ex-seven,CZ,S,coal_ex,emissions_MtCO2,0.0916267407035132
2228,2028-ex-seven,CZ,S,gas_peak,emissions_MtCO2,0.0
2229,2028-ex-seven,CZ,S,lig_old,emissions_MtCO2,0.0
2230,2028-ex-seven,CZ,S,b_CHP,emissions_MtCO2,0.0
2231,2028-ex-seven,CZ,S,lig_bp,emissions_MtCO2,0.6337738391545851
2232,2028-ex-seven,CZ,S,coal_bp,emissions_MtCO2,0.0
2233,2028-ex-seven,CZ,S,dsr,emissions_MtCO2,0.0
2234,2028-ex-seven,CZ,S,eens,emissions_MtCO2,0.0
2235,2028-ex-seven,CZ,S,h_ror,emissions_MtCO2,0.0
2236,2028-ex-seven,CZ,S,h_dams,emissions_MtCO2,0.0
2237,2028-ex-seven,CZ,S,li,emissions_MtCO2,0.0
2238,2028-ex-seven,CZ,S,pump_open,emissions_MtCO2,0.0
2239,2028-ex-seven,CZ,S,pump,emissions_MtCO2,0.0
2240,2028-ex-seven,CZ,S,TOTAL,emissions_MtCO2,31.19633483032721
2241,2028-ex-seven,CZ,W,nuclear,emissions_MtCO2,0.0
2242,2028-ex-seven,CZ,W,solar,emissions_MtCO2,0.0
2243,2028-ex-seven,CZ,W,onshore,emissions_MtCO2,0.0
2244,2028-ex-seven,CZ,W,waste,emissions_MtCO2,0.0
2245,2028-ex-seven,CZ,W,gas_ccgt,emissions_MtCO2,1.0278079651453158
2246,2028-ex-seven,CZ,W,gas_chp,emissions_MtCO2,1.0156529533541354
2247,2028-ex-seven,CZ,W,biogas,emissions_MtCO2,0.0
2248,2028-ex-seven,CZ,W,lig_sc,emissions_MtCO2,0.6794611463509767
2249,2028-ex-seven,CZ,W,bio,emissions_MtCO2,0.0
2250,2028-ex-seven,CZ,W,gas_eng_chp,emissions_MtCO2,0.4314980717383298
2251,2028-ex-seven,CZ,W,lig,emissions_MtCO2,0.7489069486369232
2252,2028-ex-seven,CZ,W,lig_ex,emissions_MtCO2,3.9095270898682153
2253,2028-ex-seven,CZ,W,coal,emissions_MtCO2,0.0
2254,2028-ex-seven,CZ,W,coal_ex,emissions_MtCO2,0.1890310798300889
2255,2028-ex-seven,CZ,W,gas_peak,emissions_MtCO2,0.0235574072534535
2256,2028-ex-seven,CZ,W,lig_old,emissions_MtCO2,0.0
2257,2028-ex-seven,CZ,W,b_CHP,emissions_MtCO2,0.0
2258,2028-ex-seven,CZ,W,lig_bp,emissions_MtCO2,2.714928880845576
2259,2028-ex-seven,CZ,W,coal_bp,emissions_MtCO2,0.0
2260,2028-ex-seven,CZ,W,dsr,emissions_MtCO2,0.0
2261,2028-ex-seven,CZ,W,eens,emissions_MtCO2,0.0
2262,2028-ex-seven,CZ,W,h_ror,emissions_MtCO2,0.0
2263,2028-ex-seven,CZ,W,h_dams,emissions_MtCO2,0.0
2264,2028-ex-seven,CZ,W,li,emissions_MtCO2,0.0
2265,2028-ex-seven,CZ,W,pump_open,emissions_MtCO2,0.0
2266,2028-ex-seven,CZ,W,pump,emissions_MtCO2,0.0
2267,2028-ex-seven,CZ,W,TOTAL,emissions_MtCO2,31.19633483032721
2268,2028-ex-seven,CZ,Y,nuclear,power_share_high_value,0.9830072252202172
2269,2028-ex-seven,CZ,Y,solar,power_share_high_value,0.916255445807184
2270,2028-ex-seven,CZ,Y,onshore,power_share_high_value,0.9894523143564606
2271,2028-ex-seven,CZ,S,nuclear,power_share_high_value,0.968833556801618
2272,2028-ex-seven,CZ,S,solar,power_share_high_value,0.8907234789958579
2273,2028-ex-seven,CZ,S,onshore,power_share_high_value,0.9766010697617014
2274,2028-ex-seven,CZ,W,nuclear,power_share_high_value,0.996393284827412
2275,2028-ex-seven,CZ,W,solar,power_share_high_value,0.9693600001843738
2276,2028-ex-seven,CZ,W,onshore,power_share_high_value,0.9985084155296684
2277,2028-ex-seven,CZ,Y,nuclear,power_share_low_value,0.016871938907196
2278,2028-ex-seven,CZ,Y,solar,power_share_low_value,0.0830130262775249
2279,2028-ex-seven,CZ,Y,onshore,power_share_low_value,0.0105449881638092
2280,2028-ex-seven,CZ,S,nuclear,power_share_low_value,0.0309176617136159
2281,2028-ex-seven,CZ,S,solar,power_share_low_value,0.1081932841502523
2282,2028-ex-seven,CZ,S,onshore,power_share_low_value,0.0233924048450837
2283,2028-ex-seven,CZ,W,nuclear,power_share_low_value,0.0036067151725877
2284,2028-ex-seven,CZ,W,solar,power_share_low_value,0.0306399998156261
2285,2028-ex-seven,CZ,W,onshore,power_share_low_value,0.0014915844703317
2286,2028-ex-seven,CZ,Y,nuclear,power_share_zero_value,0.0001208358725865
2287,2028-ex-seven,CZ,Y,solar,power_share_zero_value,0.0007315279152908
2288,2028-ex-seven,CZ,Y,onshore,power_share_zero_value,2.697479730106527e-06
2289,2028-ex-seven,CZ,S,nuclear,power_share_zero_value,0.0002487814847661
2290,2028-ex-seven,CZ,S,solar,power_share_zero_value,0.0010832368538897
2291,2028-ex-seven,CZ,S,onshore,power_share_zero_value,6.52539321494737e-06
2292,2028-ex-seven,CZ,W,nuclear,power_share_zero_value,0.0
2293,2028-ex-seven,CZ,W,solar,power_share_zero_value,0.0
2294,2028-ex-seven,CZ,W,onshore,power_share_zero_value,0.0
2295,2028-ex-seven-suas,CZ,Y,nuclear,capacity_GW,4.099
2296,2028-ex-seven-suas,CZ,Y,solar,capacity_GW,7.0
2297,2028-ex-seven-suas,CZ,Y,onshore,capacity_GW,0.5
2298,2028-ex-seven-suas,CZ,Y,waste,capacity_GW,0.19575
2299,2028-ex-seven-suas,CZ,Y,gas_ccgt,capacity_GW,0.6174
2300,2028-ex-seven-suas,CZ,Y,gas_chp,capacity_GW,0.7644
2301,2028-ex-seven-suas,CZ,Y,biogas,capacity_GW,0.279
2302,2028-ex-seven-suas,CZ,Y,lig_sc,capacity_GW,0.4356
2303,2028-ex-seven-suas,CZ,Y,bio,capacity_GW,0.0
2304,2028-ex-seven-suas,CZ,Y,gas_eng_chp,capacity_GW,0.3313124999999999
2305,2028-ex-seven-suas,CZ,Y,lig,capacity_GW,0.8632799999999999
2306,2028-ex-seven-suas,CZ,Y,lig_ex,capacity_GW,1.15368
2307,2028-ex-seven-suas,CZ,Y,coal,capacity_GW,0.0
2308,2028-ex-seven-suas,CZ,Y,coal_ex,capacity_GW,0.11484
2309,2028-ex-seven-suas,CZ,Y,gas_peak,capacity_GW,0.096255
2310,2028-ex-seven-suas,CZ,Y,lig_old,capacity_GW,0.0
2311,2028-ex-seven-suas,CZ,Y,b_CHP,capacity_GW,0.20925
2312,2028-ex-seven-suas,CZ,Y,lig_bp,capacity_GW,0.3497999999999999
2313,2028-ex-seven-suas,CZ,Y,coal_bp,capacity_GW,0.0
2314,2028-ex-seven-suas,CZ,Y,dsr,capacity_GW,0.0
2315,2028-ex-seven-suas,CZ,Y,h_ror,capacity_GW,0.415
2316,2028-ex-seven-suas,CZ,Y,h_dams,capacity_GW,0.609
2317,2028-ex-seven-suas,CZ,Y,li,capacity_GW,0.1
2318,2028-ex-seven-suas,CZ,Y,pump_open,capacity_GW,0.47
2319,2028-ex-seven-suas,CZ,Y,pump,capacity_GW,0.678
2320,2028-ex-seven-suas,CZ,Y,TOTAL,capacity_GW,19.2815675
2321,2028-ex-seven-suas,CZ,Y,h_ror,capacity_charging_GW,0.0
2322,2028-ex-seven-suas,CZ,Y,h_dams,capacity_charging_GW,0.0
2323,2028-ex-seven-suas,CZ,Y,li,capacity_charging_GW,1.25599
2324,2028-ex-seven-suas,CZ,Y,pump_open,capacity_charging_GW,0.44
2325,2028-ex-seven-suas,CZ,Y,pump,capacity_charging_GW,0.664
2326,2028-ex-seven-suas,CZ,Y,nuclear,capacity_paid_off_GW,0.0
2327,2028-ex-seven-suas,CZ,Y,solar,capacity_paid_off_GW,0.0
2328,2028-ex-seven-suas,CZ,Y,onshore,capacity_paid_off_GW,0.0
2329,2028-ex-seven-suas,CZ,Y,waste,capacity_paid_off_GW,0.0
2330,2028-ex-seven-suas,CZ,Y,gas_ccgt,capacity_paid_off_GW,0.0
2331,2028-ex-seven-suas,CZ,Y,gas_chp,capacity_paid_off_GW,0.0
2332,2028-ex-seven-suas,CZ,Y,biogas,capacity_paid_off_GW,0.0
2333,2028-ex-seven-suas,CZ,Y,lig_sc,capacity_paid_off_GW,0.0
2334,2028-ex-seven-suas,CZ,Y,bio,capacity_paid_off_GW,0.0
2335,2028-ex-seven-suas,CZ,Y,gas_eng_chp,capacity_paid_off_GW,0.0
2336,2028-ex-seven-suas,CZ,Y,lig,capacity_paid_off_GW,0.0
2337,2028-ex-seven-suas,CZ,Y,lig_ex,capacity_paid_off_GW,0.0
2338,2028-ex-seven-suas,CZ,Y,coal,capacity_paid_off_GW,0.0
2339,2028-ex-seven-suas,CZ,Y,coal_ex,capacity_paid_off_GW,0.0
2340,2028-ex-seven-suas,CZ,Y,gas_peak,capacity_paid_off_GW,0.0
2341,2028-ex-seven-suas,CZ,Y,lig_old,capacity_paid_off_GW,0.0
2342,2028-ex-seven-suas,CZ,Y,b_CHP,capacity_paid_off_GW,0.0
2343,2028-ex-seven-suas,CZ,Y,lig_bp,capacity_paid_off_GW,0.0
2344,2028-ex-seven-suas,CZ,Y,coal_bp,capacity_paid_off_GW,0.0
2345,2028-ex-seven-suas,CZ,Y,dsr,capacity_paid_off_GW,0.0
2346,2028-ex-seven-suas,CZ,Y,h_ror,capacity_paid_off_GW,0.0
2347,2028-ex-seven-suas,CZ,Y,h_dams,capacity_paid_off_GW,0.0
2348,2028-ex-seven-suas,CZ,Y,li,capacity_paid_off_GW,0.0
2349,2028-ex-seven-suas,CZ,Y,pump_open,capacity_paid_off_GW,0.0
2350,2028-ex-seven-suas,CZ,Y,pump,capacity_paid_off_GW,0.0
2351,2028-ex-seven-suas,CZ,Y,h_ror,capacity_charging_paid_off_GW,0.0
2352,2028-ex-seven-suas,CZ,Y,h_dams,capacity_charging_paid_off_GW,0.0
2353,2028-ex-seven-suas,CZ,Y,li,capacity_charging_paid_off_GW,0.0
2354,2028-ex-seven-suas,CZ,Y,pump_open,capacity_charging_paid_off_GW,0.0
2355,2028-ex-seven-suas,CZ,Y,pump,capacity_charging_paid_off_GW,0.0
2356,2028-ex-seven-suas,CZ,Y,TOTAL,load_TWh,66.382047428
2357,2028-ex-seven-suas,CZ,S,TOTAL,load_TWh,30.557496582
2358,2028-ex-seven-suas,CZ,W,TOTAL,load_TWh,35.824550846
2359,2028-ex-seven-suas,CZ,Y,TOTAL,import_TWh,14.979760540039065
2360,2028-ex-seven-suas,CZ,S,TOTAL,import_TWh,7.082428548497524
2361,2028-ex-seven-suas,CZ,W,TOTAL,import_TWh,7.897331991541536
2362,2028-ex-seven-suas,CZ,Y,TOTAL,export_TWh,3.1741299622580463
2363,2028-ex-seven-suas,CZ,S,TOTAL,export_TWh,1.5125300090947635
2364,2028-ex-seven-suas,CZ,W,TOTAL,export_TWh,1.661599953163283
2365,2028-ex-seven-suas,CZ,Y,TOTAL,net_import_TWh,11.805630577781017
2366,2028-ex-seven-suas,CZ,S,TOTAL,net_import_TWh,5.569898539402761
2367,2028-ex-seven-suas,CZ,W,TOTAL,net_import_TWh,6.235732038378253
2368,2028-ex-seven-suas,CZ,Y,TOTAL,curtailment_TWh,0.0002120960455159
2369,2028-ex-seven-suas,CZ,S,TOTAL,curtailment_TWh,0.0002120960455141
2370,2028-ex-seven-suas,CZ,W,TOTAL,curtailment_TWh,1.7516867956146598e-15
2371,2028-ex-seven-suas,CZ,Y,nuclear,production_TWh,28.59946136693848
2372,2028-ex-seven-suas,CZ,Y,solar,production_TWh,6.763550152347859
2373,2028-ex-seven-suas,CZ,Y,onshore,production_TWh,1.0726521232339172
2374,2028-ex-seven-suas,CZ,Y,waste,production_TWh,1.1431799999998575
2375,2028-ex-seven-suas,CZ,Y,gas_ccgt,production_TWh,4.800693948581409
2376,2028-ex-seven-suas,CZ,Y,gas_chp,production_TWh,2.5568891628707937
2377,2028-ex-seven-suas,CZ,Y,biogas,production_TWh,0.7524814845603042
2378,2028-ex-seven-suas,CZ,Y,lig_sc,production_TWh,0.7399013799670011
2379,2028-ex-seven-suas,CZ,Y,bio,production_TWh,0.0
2380,2028-ex-seven-suas,CZ,Y,gas_eng_chp,production_TWh,1.5478920000000955
2381,2028-ex-seven-suas,CZ,Y,lig,production_TWh,0.759224590852143
2382,2028-ex-seven-suas,CZ,Y,lig_ex,production_TWh,2.1881816217352537
2383,2028-ex-seven-suas,CZ,Y,coal,production_TWh,0.0
2384,2028-ex-seven-suas,CZ,Y,coal_ex,production_TWh,0.2171862939284706
2385,2028-ex-seven-suas,CZ,Y,gas_peak,production_TWh,0.0461187703019338
2386,2028-ex-seven-suas,CZ,Y,lig_old,production_TWh,0.0
2387,2028-ex-seven-suas,CZ,Y,b_CHP,production_TWh,0.0088869016888888
2388,2028-ex-seven-suas,CZ,Y,lig_bp,production_TWh,1.6342656000000038
2389,2028-ex-seven-suas,CZ,Y,coal_bp,production_TWh,0.0
2390,2028-ex-seven-suas,CZ,Y,dsr,production_TWh,0.0
2391,2028-ex-seven-suas,CZ,Y,eens,production_TWh,2.566480361583832e-18
2392,2028-ex-seven-suas,CZ,Y,h_ror,production_TWh,1.1590373156473528
2393,2028-ex-seven-suas,CZ,Y,h_dams,production_TWh,0.8726771428571427
2394,2028-ex-seven-suas,CZ,Y,li,production_TWh,0.0866459111521541
2395,2028-ex-seven-suas,CZ,Y,pump_open,production_TWh,0.3632508635749037
2396,2028-ex-seven-suas,CZ,Y,pump,production_TWh,0.4575407028159569
2397,2028-ex-seven-suas,CZ,Y,TOTAL,production_TWh,55.769717333053926
2398,2028-ex-seven-suas,CZ,S,nuclear,production_TWh,13.891069397825554
2399,2028-ex-seven-suas,CZ,S,solar,production_TWh,4.567538230578035
2400,2028-ex-seven-suas,CZ,S,onshore,production_TWh,0.4434150195349656
2401,2028-ex-seven-suas,CZ,S,waste,production_TWh,0.4562413735345916
2402,2028-ex-seven-suas,CZ,S,gas_ccgt,production_TWh,2.1875066701038435
2403,2028-ex-seven-suas,CZ,S,gas_chp,production_TWh,0.5612128904995497
2404,2028-ex-seven-suas,CZ,S,biogas,production_TWh,0.0787588449898432
2405,2028-ex-seven-suas,CZ,S,lig_sc,production_TWh,0.0
2406,2028-ex-seven-suas,CZ,S,bio,production_TWh,0.0
2407,2028-ex-seven-suas,CZ,S,gas_eng_chp,production_TWh,0.5969213687712683
2408,2028-ex-seven-suas,CZ,S,lig,production_TWh,0.0
2409,2028-ex-seven-suas,CZ,S,lig_ex,production_TWh,0.9722110086667464
2410,2028-ex-seven-suas,CZ,S,coal,production_TWh,0.0
2411,2028-ex-seven-suas,CZ,S,coal_ex,production_TWh,0.0962891377086194
2412,2028-ex-seven-suas,CZ,S,gas_peak,production_TWh,0.0
2413,2028-ex-seven-suas,CZ,S,lig_old,production_TWh,0.0
2414,2028-ex-seven-suas,CZ,S,b_CHP,production_TWh,6.998056454917933e-20
2415,2028-ex-seven-suas,CZ,S,lig_bp,production_TWh,0.2768976684915871
2416,2028-ex-seven-suas,CZ,S,coal_bp,production_TWh,0.0
2417,2028-ex-seven-suas,CZ,S,dsr,production_TWh,0.0
2418,2028-ex-seven-suas,CZ,S,eens,production_TWh,2.459898951219817e-18
2419,2028-ex-seven-suas,CZ,S,h_ror,production_TWh,0.5688304823140194
2420,2028-ex-seven-suas,CZ,S,h_dams,production_TWh,0.4826474142857143
2421,2028-ex-seven-suas,CZ,S,li,production_TWh,0.0373678201548604
2422,2028-ex-seven-suas,CZ,S,pump_open,production_TWh,0.2203780577260286
2423,2028-ex-seven-suas,CZ,S,pump,production_TWh,0.2879641690075041
2424,2028-ex-seven-suas,CZ,S,TOTAL,production_TWh,111.53943466610784
2425,2028-ex-seven-suas,CZ,W,nuclear,production_TWh,14.708391969112927
2426,2028-ex-seven-suas,CZ,W,solar,production_TWh,2.1960119217698244
2427,2028-ex-seven-suas,CZ,W,onshore,production_TWh,0.6292371036989517
2428,2028-ex-seven-suas,CZ,W,waste,production_TWh,0.6869386264652658
2429,2028-ex-seven-suas,CZ,W,gas_ccgt,production_TWh,2.6131872784775645
2430,2028-ex-seven-suas,CZ,W,gas_chp,production_TWh,1.995676272371244
2431,2028-ex-seven-suas,CZ,W,biogas,production_TWh,0.6737226395704609
2432,2028-ex-seven-suas,CZ,W,lig_sc,production_TWh,0.7399013799670011
2433,2028-ex-seven-suas,CZ,W,bio,production_TWh,0.0
2434,2028-ex-seven-suas,CZ,W,gas_eng_chp,production_TWh,0.9509706312288272
2435,2028-ex-seven-suas,CZ,W,lig,production_TWh,0.759224590852143
2436,2028-ex-seven-suas,CZ,W,lig_ex,production_TWh,1.2159706130685075
2437,2028-ex-seven-suas,CZ,W,coal,production_TWh,0.0
2438,2028-ex-seven-suas,CZ,W,coal_ex,production_TWh,0.1208971562198511
2439,2028-ex-seven-suas,CZ,W,gas_peak,production_TWh,0.0461187703019338
2440,2028-ex-seven-suas,CZ,W,lig_old,production_TWh,0.0
2441,2028-ex-seven-suas,CZ,W,b_CHP,production_TWh,0.0088869016888888
2442,2028-ex-seven-suas,CZ,W,lig_bp,production_TWh,1.3573679315084166
2443,2028-ex-seven-suas,CZ,W,coal_bp,production_TWh,0.0
2444,2028-ex-seven-suas,CZ,W,dsr,production_TWh,0.0
2445,2028-ex-seven-suas,CZ,W,eens,production_TWh,1.0658141036401538e-19
2446,2028-ex-seven-suas,CZ,W,h_ror,production_TWh,0.5902068333333332
2447,2028-ex-seven-suas,CZ,W,h_dams,production_TWh,0.3900297285714286
2448,2028-ex-seven-suas,CZ,W,li,production_TWh,0.0492780909972936
2449,2028-ex-seven-suas,CZ,W,pump_open,production_TWh,0.1428728058488751
2450,2028-ex-seven-suas,CZ,W,pump,production_TWh,0.1695765338084527
2451,2028-ex-seven-suas,CZ,W,TOTAL,production_TWh,111.53943466610784
2452,2028-ex-seven-suas,CZ,Y,gas_chp,production_el_eq_TWh,3.5712767999999957
2453,2028-ex-seven-suas,CZ,Y,gas_eng_chp,production_el_eq_TWh,1.5478920000000955
2454,2028-ex-seven-suas,CZ,Y,lig_ex,production_el_eq_TWh,5.389992959999968
2455,2028-ex-seven-suas,CZ,Y,coal_ex,production_el_eq_TWh,0.5365324800000025
2456,2028-ex-seven-suas,CZ,Y,b_CHP,production_el_eq_TWh,0.0222172542222222
2457,2028-ex-seven-suas,CZ,Y,lig_bp,production_el_eq_TWh,1.6342656000000038
2458,2028-ex-seven-suas,CZ,Y,coal_bp,production_el_eq_TWh,0.0
2459,2028-ex-seven-suas,CZ,Y,eens,production_el_eq_TWh,0.0
2460,2028-ex-seven-suas,CZ,S,gas_chp,production_el_eq_TWh,0.9040789209882673
2461,2028-ex-seven-suas,CZ,S,gas_eng_chp,production_el_eq_TWh,0.5969213687712683
2462,2028-ex-seven-suas,CZ,S,lig_ex,production_el_eq_TWh,2.4302705573811507
2463,2028-ex-seven-suas,CZ,S,coal_ex,production_el_eq_TWh,0.2406350764144057
2464,2028-ex-seven-suas,CZ,S,b_CHP,production_el_eq_TWh,1.7495141137294854e-19
2465,2028-ex-seven-suas,CZ,S,lig_bp,production_el_eq_TWh,0.2768976684915871
2466,2028-ex-seven-suas,CZ,S,coal_bp,production_el_eq_TWh,0.0
2467,2028-ex-seven-suas,CZ,S,eens,production_el_eq_TWh,0.0
2468,2028-ex-seven-suas,CZ,W,gas_chp,production_el_eq_TWh,2.667197879011729
2469,2028-ex-seven-suas,CZ,W,gas_eng_chp,production_el_eq_TWh,0.9509706312288272
2470,2028-ex-seven-suas,CZ,W,lig_ex,production_el_eq_TWh,2.959722402618817
2471,2028-ex-seven-suas,CZ,W,coal_ex,production_el_eq_TWh,0.2958974035855968
2472,2028-ex-seven-suas,CZ,W,b_CHP,production_el_eq_TWh,0.0222172542222222
2473,2028-ex-seven-suas,CZ,W,lig_bp,production_el_eq_TWh,1.3573679315084166
2474,2028-ex-seven-suas,CZ,W,coal_bp,production_el_eq_TWh,0.0
2475,2028-ex-seven-suas,CZ,W,eens,production_el_eq_TWh,0.0
2476,2028-ex-seven-suas,CZ,Y,solar,production_used_TWh,6.763550152347859
2477,2028-ex-seven-suas,CZ,Y,onshore,production_used_TWh,1.0726521232339172
2478,2028-ex-seven-suas,CZ,S,solar,production_used_TWh,4.567538230578035
2479,2028-ex-seven-suas,CZ,S,onshore,production_used_TWh,0.4434150195349656
2480,2028-ex-seven-suas,CZ,W,solar,production_used_TWh,2.1960119217698244
2481,2028-ex-seven-suas,CZ,W,onshore,production_used_TWh,0.6292371036989517
2482,2028-ex-seven-suas,CZ,Y,solar,production_excess_TWh,0.0
2483,2028-ex-seven-suas,CZ,Y,onshore,production_excess_TWh,0.0
2484,2028-ex-seven-suas,CZ,S,solar,production_excess_TWh,0.0
2485,2028-ex-seven-suas,CZ,S,onshore,production_excess_TWh,0.0
2486,2028-ex-seven-suas,CZ,W,solar,production_excess_TWh,0.0
2487,2028-ex-seven-suas,CZ,W,onshore,production_excess_TWh,0.0
2488,2028-ex-seven-suas,CZ,Y,h_ror,discharged_TWh,1.1590373156473528
2489,2028-ex-seven-suas,CZ,Y,h_dams,discharged_TWh,0.8726771428571427
2490,2028-ex-seven-suas,CZ,Y,li,discharged_TWh,0.0866459111521541
2491,2028-ex-seven-suas,CZ,Y,pump_open,discharged_TWh,0.3632508635749037
2492,2028-ex-seven-suas,CZ,Y,pump,discharged_TWh,0.4575407028159569
2493,2028-ex-seven-suas,CZ,Y,TOTAL,discharged_TWh,2.9391519360475105
2494,2028-ex-seven-suas,CZ,S,h_ror,discharged_TWh,0.5688304823140194
2495,2028-ex-seven-suas,CZ,S,h_dams,discharged_TWh,0.4826474142857143
2496,2028-ex-seven-suas,CZ,S,li,discharged_TWh,0.0373678201548604
2497,2028-ex-seven-suas,CZ,S,pump_open,discharged_TWh,0.2203780577260286
2498,2028-ex-seven-suas,CZ,S,pump,discharged_TWh,0.2879641690075041
2499,2028-ex-seven-suas,CZ,S,TOTAL,discharged_TWh,5.878303872095021
2500,2028-ex-seven-suas,CZ,W,h_ror,discharged_TWh,0.5902068333333332
2501,2028-ex-seven-suas,CZ,W,h_dams,discharged_TWh,0.3900297285714286
2502,2028-ex-seven-suas,CZ,W,li,discharged_TWh,0.0492780909972936
2503,2028-ex-seven-suas,CZ,W,pump_open,discharged_TWh,0.1428728058488751
2504,2028-ex-seven-suas,CZ,W,pump,discharged_TWh,0.1695765338084527
2505,2028-ex-seven-suas,CZ,W,TOTAL,discharged_TWh,5.878303872095021
2506,2028-ex-seven-suas,CZ,Y,h_ror,charged_TWh,0.0
2507,2028-ex-seven-suas,CZ,Y,h_dams,charged_TWh,0.0
2508,2028-ex-seven-suas,CZ,Y,li,charged_TWh,0.0961518858497331
2509,2028-ex-seven-suas,CZ,Y,pump_open,charged_TWh,0.4614633025841915
2510,2028-ex-seven-suas,CZ,Y,pump,charged_TWh,0.6354731983554958
2511,2028-ex-seven-suas,CZ,Y,TOTAL,charged_TWh,1.1930883867894204
2512,2028-ex-seven-suas,CZ,S,h_ror,charged_TWh,0.0
2513,2028-ex-seven-suas,CZ,S,h_dams,charged_TWh,0.0
2514,2028-ex-seven-suas,CZ,S,li,charged_TWh,0.0419711756034244
2515,2028-ex-seven-suas,CZ,S,pump_open,charged_TWh,0.2921280124849366
2516,2028-ex-seven-suas,CZ,S,pump,charged_TWh,0.4033402274616158
2517,2028-ex-seven-suas,CZ,S,TOTAL,charged_TWh,2.386176773578841
2518,2028-ex-seven-suas,CZ,W,h_ror,charged_TWh,0.0
2519,2028-ex-seven-suas,CZ,W,h_dams,charged_TWh,0.0
2520,2028-ex-seven-suas,CZ,W,li,charged_TWh,0.0541807102463087
2521,2028-ex-seven-suas,CZ,W,pump_open,charged_TWh,0.1693352900992549
2522,2028-ex-seven-suas,CZ,W,pump,charged_TWh,0.2321329708938798
2523,2028-ex-seven-suas,CZ,W,TOTAL,charged_TWh,2.386176773578841
2524,2028-ex-seven-suas,CZ,Y,h_ror,inflow_TWh,1.161956
2525,2028-ex-seven-suas,CZ,Y,h_dams,inflow_TWh,0.8726771428571429
2526,2028-ex-seven-suas,CZ,Y,pump_open,inflow_TWh,0.0309972857142857
2527,2028-ex-seven-suas,CZ,S,h_ror,inflow_TWh,0.571188
2528,2028-ex-seven-suas,CZ,S,h_dams,inflow_TWh,0.483751
2529,2028-ex-seven-suas,CZ,S,pump_open,inflow_TWh,0.012085
2530,2028-ex-seven-suas,CZ,W,h_ror,inflow_TWh,0.590768
2531,2028-ex-seven-suas,CZ,W,h_dams,inflow_TWh,0.3889261428571428
2532,2028-ex-seven-suas,CZ,W,pump_open,inflow_TWh,0.0189122857142857
2533,2028-ex-seven-suas,CZ,Y,gas_chp,heat_production_PJ,7.303590987330253
2534,2028-ex-seven-suas,CZ,Y,gas_eng_chp,heat_production_PJ,5.572411200000344
2535,2028-ex-seven-suas,CZ,Y,lig_ex,heat_production_PJ,32.27425828970832
2536,2028-ex-seven-suas,CZ,Y,coal_ex,heat_production_PJ,3.219009555601041
2537,2028-ex-seven-suas,CZ,Y,b_CHP,heat_production_PJ,0.1439678073599999
2538,2028-ex-seven-suas,CZ,Y,lig_bp,heat_production_PJ,17.650068480000037
2539,2028-ex-seven-suas,CZ,Y,coal_bp,heat_production_PJ,0.0
2540,2028-ex-seven-suas,CZ,Y,eens,heat_production_PJ,-9.239329301701797e-18
2541,2028-ex-seven-suas,CZ,S,gas_chp,heat_production_PJ,2.4686354195187663
2542,2028-ex-seven-suas,CZ,S,gas_eng_chp,heat_production_PJ,2.148916927576566
2543,2028-ex-seven-suas,CZ,S,lig_ex,heat_production_PJ,14.6972402510412
2544,2028-ex-seven-suas,CZ,S,coal_ex,heat_production_PJ,1.4550070621543256
2545,2028-ex-seven-suas,CZ,S,b_CHP,heat_production_PJ,1.133685145696707e-18
2546,2028-ex-seven-suas,CZ,S,lig_bp,heat_production_PJ,2.990494819709141
2547,2028-ex-seven-suas,CZ,S,coal_bp,heat_production_PJ,0.0
2548,2028-ex-seven-suas,CZ,S,eens,heat_production_PJ,-8.855636224391341e-18
2549,2028-ex-seven-suas,CZ,W,gas_chp,heat_production_PJ,4.834955567811488
2550,2028-ex-seven-suas,CZ,W,gas_eng_chp,heat_production_PJ,3.423494272423778
2551,2028-ex-seven-suas,CZ,W,lig_ex,heat_production_PJ,17.57701803866712
2552,2028-ex-seven-suas,CZ,W,coal_ex,heat_production_PJ,1.764002493446716
2553,2028-ex-seven-suas,CZ,W,b_CHP,heat_production_PJ,0.1439678073599999
2554,2028-ex-seven-suas,CZ,W,lig_bp,heat_production_PJ,14.659573660290896
2555,2028-ex-seven-suas,CZ,W,coal_bp,heat_production_PJ,0.0
2556,2028-ex-seven-suas,CZ,W,eens,heat_production_PJ,-3.8369307731045543e-19
2557,2028-ex-seven-suas,CZ,Y,waste,production_hours,6755.0
2558,2028-ex-seven-suas,CZ,Y,gas_ccgt,production_hours,8020.0
2559,2028-ex-seven-suas,CZ,Y,gas_chp,production_hours,8152.0
2560,2028-ex-seven-suas,CZ,Y,biogas,production_hours,2933.0
2561,2028-ex-seven-suas,CZ,Y,lig_sc,production_hours,1819.0
2562,2028-ex-seven-suas,CZ,Y,bio,production_hours,0.0
2563,2028-ex-seven-suas,CZ,Y,gas_eng_chp,production_hours,5443.0
2564,2028-ex-seven-suas,CZ,Y,lig,production_hours,1112.0
2565,2028-ex-seven-suas,CZ,Y,lig_ex,production_hours,8760.0
2566,2028-ex-seven-suas,CZ,Y,coal,production_hours,0.0
2567,2028-ex-seven-suas,CZ,Y,coal_ex,production_hours,8742.0
2568,2028-ex-seven-suas,CZ,Y,gas_peak,production_hours,557.0
2569,2028-ex-seven-suas,CZ,Y,lig_old,production_hours,0.0
2570,2028-ex-seven-suas,CZ,Y,b_CHP,production_hours,206.0
2571,2028-ex-seven-suas,CZ,Y,lig_bp,production_hours,6420.0
2572,2028-ex-seven-suas,CZ,Y,coal_bp,production_hours,0.0
2573,2028-ex-seven-suas,CZ,Y,dsr,production_hours,0.0
2574,2028-ex-seven-suas,CZ,Y,eens,production_hours,0.0
2575,2028-ex-seven-suas,CZ,Y,h_ror,production_hours,8760.0
2576,2028-ex-seven-suas,CZ,Y,h_dams,production_hours,8760.0
2577,2028-ex-seven-suas,CZ,Y,li,production_hours,989.0
2578,2028-ex-seven-suas,CZ,Y,pump_open,production_hours,1260.0
2579,2028-ex-seven-suas,CZ,Y,pump,production_hours,990.0
2580,2028-ex-seven-suas,CZ,S,waste,production_hours,2953.0
2581,2028-ex-seven-suas,CZ,S,gas_ccgt,production_hours,3737.0
2582,2028-ex-seven-suas,CZ,S,gas_chp,production_hours,3766.0
2583,2028-ex-seven-suas,CZ,S,biogas,production_hours,365.0
2584,2028-ex-seven-suas,CZ,S,lig_sc,production_hours,0.0
2585,2028-ex-seven-suas,CZ,S,bio,production_hours,0.0
2586,2028-ex-seven-suas,CZ,S,gas_eng_chp,production_hours,2126.0
2587,2028-ex-seven-suas,CZ,S,lig,production_hours,0.0
2588,2028-ex-seven-suas,CZ,S,lig_ex,production_hours,4368.0
2589,2028-ex-seven-suas,CZ,S,coal,production_hours,0.0
2590,2028-ex-seven-suas,CZ,S,coal_ex,production_hours,4368.0
2591,2028-ex-seven-suas,CZ,S,gas_peak,production_hours,0.0
2592,2028-ex-seven-suas,CZ,S,lig_old,production_hours,0.0
2593,2028-ex-seven-suas,CZ,S,b_CHP,production_hours,0.0
2594,2028-ex-seven-suas,CZ,S,lig_bp,production_hours,2070.0
2595,2028-ex-seven-suas,CZ,S,coal_bp,production_hours,0.0
2596,2028-ex-seven-suas,CZ,S,dsr,production_hours,0.0
2597,2028-ex-seven-suas,CZ,S,eens,production_hours,0.0
2598,2028-ex-seven-suas,CZ,S,h_ror,production_hours,4368.0
2599,2028-ex-seven-suas,CZ,S,h_dams,production_hours,4368.0
2600,2028-ex-seven-suas,CZ,S,li,production_hours,427.0
2601,2028-ex-seven-suas,CZ,S,pump_open,production_hours,745.0
2602,2028-ex-seven-suas,CZ,S,pump,production_hours,625.0
2603,2028-ex-seven-suas,CZ,W,waste,production_hours,3802.0
2604,2028-ex-seven-suas,CZ,W,gas_ccgt,production_hours,4283.0
2605,2028-ex-seven-suas,CZ,W,gas_chp,production_hours,4386.0
2606,2028-ex-seven-suas,CZ,W,biogas,production_hours,2568.0
2607,2028-ex-seven-suas,CZ,W,lig_sc,production_hours,1819.0
2608,2028-ex-seven-suas,CZ,W,bio,production_hours,0.0
2609,2028-ex-seven-suas,CZ,W,gas_eng_chp,production_hours,3317.0
2610,2028-ex-seven-suas,CZ,W,lig,production_hours,1112.0
2611,2028-ex-seven-suas,CZ,W,lig_ex,production_hours,4392.0
2612,2028-ex-seven-suas,CZ,W,coal,production_hours,0.0
2613,2028-ex-seven-suas,CZ,W,coal_ex,production_hours,4374.0
2614,2028-ex-seven-suas,CZ,W,gas_peak,production_hours,557.0
2615,2028-ex-seven-suas,CZ,W,lig_old,production_hours,0.0
2616,2028-ex-seven-suas,CZ,W,b_CHP,production_hours,206.0
2617,2028-ex-seven-suas,CZ,W,lig_bp,production_hours,4350.0
2618,2028-ex-seven-suas,CZ,W,coal_bp,production_hours,0.0
2619,2028-ex-seven-suas,CZ,W,dsr,production_hours,0.0
2620,2028-ex-seven-suas,CZ,W,eens,production_hours,0.0
2621,2028-ex-seven-suas,CZ,W,h_ror,production_hours,4392.0
2622,2028-ex-seven-suas,CZ,W,h_dams,production_hours,4392.0
2623,2028-ex-seven-suas,CZ,W,li,production_hours,562.0
2624,2028-ex-seven-suas,CZ,W,pump_open,production_hours,515.0
2625,2028-ex-seven-suas,CZ,W,pump,production_hours,365.0
2626,2028-ex-seven-suas,CZ,Y,nuclear,capex_mn_EUR_per_yr,2738.469079112492
2627,2028-ex-seven-suas,CZ,Y,solar,capex_mn_EUR_per_yr,362.9795164565344
2628,2028-ex-seven-suas,CZ,Y,onshore,capex_mn_EUR_per_yr,68.82996852045387
2629,2028-ex-seven-suas,CZ,Y,waste,capex_mn_EUR_per_yr,228.2938717209026
2630,2028-ex-seven-suas,CZ,Y,gas_ccgt,capex_mn_EUR_per_yr,76.18061222457844
2631,2028-ex-seven-suas,CZ,Y,gas_chp,capex_mn_EUR_per_yr,138.841538451773
2632,2028-ex-seven-suas,CZ,Y,biogas,capex_mn_EUR_per_yr,16.217086196531145
2633,2028-ex-seven-suas,CZ,Y,lig_sc,capex_mn_EUR_per_yr,144.15255774515765
2634,2028-ex-seven-suas,CZ,Y,bio,capex_mn_EUR_per_yr,0.0
2635,2028-ex-seven-suas,CZ,Y,gas_eng_chp,capex_mn_EUR_per_yr,22.59441391073202
2636,2028-ex-seven-suas,CZ,Y,lig,capex_mn_EUR_per_yr,285.68415989494883
2637,2028-ex-seven-suas,CZ,Y,lig_ex,capex_mn_EUR_per_yr,381.78586505838734
2638,2028-ex-seven-suas,CZ,Y,coal,capex_mn_EUR_per_yr,0.0
2639,2028-ex-seven-suas,CZ,Y,coal_ex,capex_mn_EUR_per_yr,26.048184884115727
2640,2028-ex-seven-suas,CZ,Y,gas_peak,capex_mn_EUR_per_yr,7.893982066856129
2641,2028-ex-seven-suas,CZ,Y,lig_old,capex_mn_EUR_per_yr,0.0
2642,2028-ex-seven-suas,CZ,Y,b_CHP,capex_mn_EUR_per_yr,109.81713302115293
2643,2028-ex-seven-suas,CZ,Y,lig_bp,capex_mn_EUR_per_yr,115.75887212868724
2644,2028-ex-seven-suas,CZ,Y,coal_bp,capex_mn_EUR_per_yr,0.0
2645,2028-ex-seven-suas,CZ,Y,dsr,capex_mn_EUR_per_yr,0.0
2646,2028-ex-seven-suas,CZ,Y,h_ror,capex_mn_EUR_per_yr,84.30517292657983
2647,2028-ex-seven-suas,CZ,Y,h_dams,capex_mn_EUR_per_yr,123.71530195731836
2648,2028-ex-seven-suas,CZ,Y,li,capex_mn_EUR_per_yr,4.011568788183623
2649,2028-ex-seven-suas,CZ,Y,pump_open,capex_mn_EUR_per_yr,95.4781476517892
2650,2028-ex-seven-suas,CZ,Y,pump,capex_mn_EUR_per_yr,137.73230661258106
2651,2028-ex-seven-suas,CZ,S,nuclear,capex_mn_EUR_per_yr,2738.469079112492
2652,2028-ex-seven-suas,CZ,S,solar,capex_mn_EUR_per_yr,362.9795164565344
2653,2028-ex-seven-suas,CZ,S,onshore,capex_mn_EUR_per_yr,68.82996852045387
2654,2028-ex-seven-suas,CZ,S,waste,capex_mn_EUR_per_yr,228.2938717209026
2655,2028-ex-seven-suas,CZ,S,gas_ccgt,capex_mn_EUR_per_yr,76.18061222457844
2656,2028-ex-seven-suas,CZ,S,gas_chp,capex_mn_EUR_per_yr,138.841538451773
2657,2028-ex-seven-suas,CZ,S,biogas,capex_mn_EUR_per_yr,16.217086196531145
2658,2028-ex-seven-suas,CZ,S,lig_sc,capex_mn_EUR_per_yr,144.15255774515765
2659,2028-ex-seven-suas,CZ,S,bio,capex_mn_EUR_per_yr,0.0
2660,2028-ex-seven-suas,CZ,S,gas_eng_chp,capex_mn_EUR_per_yr,22.59441391073202
2661,2028-ex-seven-suas,CZ,S,lig,capex_mn_EUR_per_yr,285.68415989494883
2662,2028-ex-seven-suas,CZ,S,lig_ex,capex_mn_EUR_per_yr,381.78586505838734
2663,2028-ex-seven-suas,CZ,S,coal,capex_mn_EUR_per_yr,0.0
2664,2028-ex-seven-suas,CZ,S,coal_ex,capex_mn_EUR_per_yr,26.048184884115727
2665,2028-ex-seven-suas,CZ,S,gas_peak,capex_mn_EUR_per_yr,7.893982066856129
2666,2028-ex-seven-suas,CZ,S,lig_old,capex_mn_EUR_per_yr,0.0
2667,2028-ex-seven-suas,CZ,S,b_CHP,capex_mn_EUR_per_yr,109.81713302115293
2668,2028-ex-seven-suas,CZ,S,lig_bp,capex_mn_EUR_per_yr,115.75887212868724
2669,2028-ex-seven-suas,CZ,S,coal_bp,capex_mn_EUR_per_yr,0.0
2670,2028-ex-seven-suas,CZ,S,dsr,capex_mn_EUR_per_yr,0.0
2671,2028-ex-seven-suas,CZ,S,h_ror,capex_mn_EUR_per_yr,84.30517292657983
2672,2028-ex-seven-suas,CZ,S,h_dams,capex_mn_EUR_per_yr,123.71530195731836
2673,2028-ex-seven-suas,CZ,S,li,capex_mn_EUR_per_yr,4.011568788183623
2674,2028-ex-seven-suas,CZ,S,pump_open,capex_mn_EUR_per_yr,95.4781476517892
2675,2028-ex-seven-suas,CZ,S,pump,capex_mn_EUR_per_yr,137.73230661258106
2676,2028-ex-seven-suas,CZ,W,nuclear,capex_mn_EUR_per_yr,2738.469079112492
2677,2028-ex-seven-suas,CZ,W,solar,capex_mn_EUR_per_yr,362.9795164565344
2678,2028-ex-seven-suas,CZ,W,onshore,capex_mn_EUR_per_yr,68.82996852045387
2679,2028-ex-seven-suas,CZ,W,waste,capex_mn_EUR_per_yr,228.2938717209026
2680,2028-ex-seven-suas,CZ,W,gas_ccgt,capex_mn_EUR_per_yr,76.18061222457844
2681,2028-ex-seven-suas,CZ,W,gas_chp,capex_mn_EUR_per_yr,138.841538451773
2682,2028-ex-seven-suas,CZ,W,biogas,capex_mn_EUR_per_yr,16.217086196531145
2683,2028-ex-seven-suas,CZ,W,lig_sc,capex_mn_EUR_per_yr,144.15255774515765
2684,2028-ex-seven-suas,CZ,W,bio,capex_mn_EUR_per_yr,0.0
2685,2028-ex-seven-suas,CZ,W,gas_eng_chp,capex_mn_EUR_per_yr,22.59441391073202
2686,2028-ex-seven-suas,CZ,W,lig,capex_mn_EUR_per_yr,285.68415989494883
2687,2028-ex-seven-suas,CZ,W,lig_ex,capex_mn_EUR_per_yr,381.78586505838734
2688,2028-ex-seven-suas,CZ,W,coal,capex_mn_EUR_per_yr,0.0
2689,2028-ex-seven-suas,CZ,W,coal_ex,capex_mn_EUR_per_yr,26.048184884115727
2690,2028-ex-seven-suas,CZ,W,gas_peak,capex_mn_EUR_per_yr,7.893982066856129
2691,2028-ex-seven-suas,CZ,W,lig_old,capex_mn_EUR_per_yr,0.0
2692,2028-ex-seven-suas,CZ,W,b_CHP,capex_mn_EUR_per_yr,109.81713302115293
2693,2028-ex-seven-suas,CZ,W,lig_bp,capex_mn_EUR_per_yr,115.75887212868724
2694,2028-ex-seven-suas,CZ,W,coal_bp,capex_mn_EUR_per_yr,0.0
2695,2028-ex-seven-suas,CZ,W,dsr,capex_mn_EUR_per_yr,0.0
2696,2028-ex-seven-suas,CZ,W,h_ror,capex_mn_EUR_per_yr,84.30517292657983
2697,2028-ex-seven-suas,CZ,W,h_dams,capex_mn_EUR_per_yr,123.71530195731836
2698,2028-ex-seven-suas,CZ,W,li,capex_mn_EUR_per_yr,4.011568788183623
2699,2028-ex-seven-suas,CZ,W,pump_open,capex_mn_EUR_per_yr,95.4781476517892
2700,2028-ex-seven-suas,CZ,W,pump,capex_mn_EUR_per_yr,137.73230661258106
2701,2028-ex-seven-suas,CZ,Y,nuclear,opex_mn_EUR,586.5749526359082
2702,2028-ex-seven-suas,CZ,Y,solar,opex_mn_EUR,0.0
2703,2028-ex-seven-suas,CZ,Y,onshore,opex_mn_EUR,0.0
2704,2028-ex-seven-suas,CZ,Y,waste,opex_mn_EUR,45.92787265769592
2705,2028-ex-seven-suas,CZ,Y,gas_ccgt,opex_mn_EUR,408.9063430217399
2706,2028-ex-seven-suas,CZ,Y,gas_chp,opex_mn_EUR,221.71281048789632
2707,2028-ex-seven-suas,CZ,Y,biogas,opex_mn_EUR,74.19401160970644
2708,2028-ex-seven-suas,CZ,Y,lig_sc,opex_mn_EUR,77.26775874121256
2709,2028-ex-seven-suas,CZ,Y,bio,opex_mn_EUR,0.0
2710,2028-ex-seven-suas,CZ,Y,gas_eng_chp,opex_mn_EUR,167.5679084000103
2711,2028-ex-seven-suas,CZ,Y,lig,opex_mn_EUR,85.14335206149445
2712,2028-ex-seven-suas,CZ,Y,lig_ex,opex_mn_EUR,243.7383590867155
2713,2028-ex-seven-suas,CZ,Y,coal,opex_mn_EUR,0.0
2714,2028-ex-seven-suas,CZ,Y,coal_ex,opex_mn_EUR,24.46746802638509
2715,2028-ex-seven-suas,CZ,Y,gas_peak,opex_mn_EUR,5.586992029466102
2716,2028-ex-seven-suas,CZ,Y,lig_old,opex_mn_EUR,0.0
2717,2028-ex-seven-suas,CZ,Y,b_CHP,opex_mn_EUR,1.4476683762372011
2718,2028-ex-seven-suas,CZ,Y,lig_bp,opex_mn_EUR,358.049721731432
2719,2028-ex-seven-suas,CZ,Y,coal_bp,opex_mn_EUR,0.0
2720,2028-ex-seven-suas,CZ,Y,dsr,opex_mn_EUR,0.0
2721,2028-ex-seven-suas,CZ,Y,h_ror,opex_mn_EUR,2.3180746312947056
2722,2028-ex-seven-suas,CZ,Y,h_dams,opex_mn_EUR,2.6180314285714283
2723,2028-ex-seven-suas,CZ,Y,li,opex_mn_EUR,0.4332295557607707
2724,2028-ex-seven-suas,CZ,Y,pump_open,opex_mn_EUR,1.4530034542996149
2725,2028-ex-seven-suas,CZ,Y,pump,opex_mn_EUR,1.8301628112638275
2726,2028-ex-seven-suas,CZ,S,nuclear,opex_mn_EUR,284.9058333494021
2727,2028-ex-seven-suas,CZ,S,solar,opex_mn_EUR,0.0
2728,2028-ex-seven-suas,CZ,S,onshore,opex_mn_EUR,0.0
2729,2028-ex-seven-suas,CZ,S,waste,opex_mn_EUR,18.92896362401145
2730,2028-ex-seven-suas,CZ,S,gas_ccgt,opex_mn_EUR,188.78808331293175
2731,2028-ex-seven-suas,CZ,S,gas_chp,opex_mn_EUR,48.64359970245841
2732,2028-ex-seven-suas,CZ,S,biogas,opex_mn_EUR,7.8240174820975135
2733,2028-ex-seven-suas,CZ,S,lig_sc,opex_mn_EUR,0.0
2734,2028-ex-seven-suas,CZ,S,bio,opex_mn_EUR,0.0
2735,2028-ex-seven-suas,CZ,S,gas_eng_chp,opex_mn_EUR,64.6200543993163
2736,2028-ex-seven-suas,CZ,S,lig,opex_mn_EUR,0.0
2737,2028-ex-seven-suas,CZ,S,lig_ex,opex_mn_EUR,107.92525943662936
2738,2028-ex-seven-suas,CZ,S,coal,opex_mn_EUR,0.0
2739,2028-ex-seven-suas,CZ,S,coal_ex,opex_mn_EUR,10.825972681543885
2740,2028-ex-seven-suas,CZ,S,gas_peak,opex_mn_EUR,0.0
2741,2028-ex-seven-suas,CZ,S,lig_old,opex_mn_EUR,0.0
2742,2028-ex-seven-suas,CZ,S,b_CHP,opex_mn_EUR,1.0622012949460989e-17
2743,2028-ex-seven-suas,CZ,S,lig_bp,opex_mn_EUR,61.36301737937874
2744,2028-ex-seven-suas,CZ,S,coal_bp,opex_mn_EUR,0.0
2745,2028-ex-seven-suas,CZ,S,dsr,opex_mn_EUR,0.0
2746,2028-ex-seven-suas,CZ,S,h_ror,opex_mn_EUR,
2747,2028-ex-seven-suas,CZ,S,h_dams,opex_mn_EUR,1.447942242857143
2748,2028-ex-seven-suas,CZ,S,li,opex_mn_EUR,0.1868391007743024
2749,2028-ex-seven-suas,CZ,S,pump_open,opex_mn_EUR,0.8815122309041145
2750,2028-ex-seven-suas,CZ,S,pump,opex_mn_EUR,1.1518566760300164
2751,2028-ex-seven-suas,CZ,W,nuclear,opex_mn_EUR,301.6691192865061
2752,2028-ex-seven-suas,CZ,W,solar,opex_mn_EUR,0.0
2753,2028-ex-seven-suas,CZ,W,onshore,opex_mn_EUR,0.0
2754,2028-ex-seven-suas,CZ,W,waste,opex_mn_EUR,26.998909033684463
2755,2028-ex-seven-suas,CZ,W,gas_ccgt,opex_mn_EUR,220.118259708808
2756,2028-ex-seven-suas,CZ,W,gas_chp,opex_mn_EUR,173.06921078543797
2757,2028-ex-seven-suas,CZ,W,biogas,opex_mn_EUR,66.36999412760892
2758,2028-ex-seven-suas,CZ,W,lig_sc,opex_mn_EUR,77.26775874121256
2759,2028-ex-seven-suas,CZ,W,bio,opex_mn_EUR,0.0
2760,2028-ex-seven-suas,CZ,W,gas_eng_chp,opex_mn_EUR,102.94785400069402
2761,2028-ex-seven-suas,CZ,W,lig,opex_mn_EUR,85.14335206149445
2762,2028-ex-seven-suas,CZ,W,lig_ex,opex_mn_EUR,135.81309965008612
2763,2028-ex-seven-suas,CZ,W,coal,opex_mn_EUR,0.0
2764,2028-ex-seven-suas,CZ,W,coal_ex,opex_mn_EUR,13.64149534484121
2765,2028-ex-seven-suas,CZ,W,gas_peak,opex_mn_EUR,5.586992029466102
2766,2028-ex-seven-suas,CZ,W,lig_old,opex_mn_EUR,0.0
2767,2028-ex-seven-suas,CZ,W,b_CHP,opex_mn_EUR,1.4476683762372011
2768,2028-ex-seven-suas,CZ,W,lig_bp,opex_mn_EUR,296.6867043520532
2769,2028-ex-seven-suas,CZ,W,coal_bp,opex_mn_EUR,0.0
2770,2028-ex-seven-suas,CZ,W,dsr,opex_mn_EUR,0.0
2771,2028-ex-seven-suas,CZ,W,h_ror,opex_mn_EUR,1.1804136666666665
2772,2028-ex-seven-suas,CZ,W,h_dams,opex_mn_EUR,1.170089185714286
2773,2028-ex-seven-suas,CZ,W,li,opex_mn_EUR,0.2463904549864682
2774,2028-ex-seven-suas,CZ,W,pump_open,opex_mn_EUR,0.5714912233955004
2775,2028-ex-seven-suas,CZ,W,pump,opex_mn_EUR,0.6783061352338109
2776,2028-ex-seven-suas,CZ,Y,h_ror,wholesale_expenses_mn_EUR,0.0
2777,2028-ex-seven-suas,CZ,Y,h_dams,wholesale_expenses_mn_EUR,0.0
2778,2028-ex-seven-suas,CZ,Y,li,wholesale_expenses_mn_EUR,6.976802665835431
2779,2028-ex-seven-suas,CZ,Y,pump_open,wholesale_expenses_mn_EUR,26.73274277709511
2780,2028-ex-seven-suas,CZ,Y,pump,wholesale_expenses_mn_EUR,36.29085634997725
2781,2028-ex-seven-suas,CZ,Y,IMPORT_EXPORT,wholesale_expenses_mn_EUR,1119.6179651656262
2782,2028-ex-seven-suas,CZ,S,h_ror,wholesale_expenses_mn_EUR,0.0
2783,2028-ex-seven-suas,CZ,S,h_dams,wholesale_expenses_mn_EUR,0.0
2784,2028-ex-seven-suas,CZ,S,li,wholesale_expenses_mn_EUR,2.3639599086517924
2785,2028-ex-seven-suas,CZ,S,pump_open,wholesale_expenses_mn_EUR,13.166833577727802
2786,2028-ex-seven-suas,CZ,S,pump,wholesale_expenses_mn_EUR,17.448071808161377
2787,2028-ex-seven-suas,CZ,S,IMPORT_EXPORT,wholesale_expenses_mn_EUR,475.00739766943167
2788,2028-ex-seven-suas,CZ,W,h_ror,wholesale_expenses_mn_EUR,0.0
2789,2028-ex-seven-suas,CZ,W,h_dams,wholesale_expenses_mn_EUR,0.0
2790,2028-ex-seven-suas,CZ,W,li,wholesale_expenses_mn_EUR,4.612842757183637
2791,2028-ex-seven-suas,CZ,W,pump_open,wholesale_expenses_mn_EUR,13.565909199367308
2792,2028-ex-seven-suas,CZ,W,pump,wholesale_expenses_mn_EUR,18.842784541815885
2793,2028-ex-seven-suas,CZ,W,IMPORT_EXPORT,wholesale_expenses_mn_EUR,644.6105674961946
2794,2028-ex-seven-suas,CZ,Y,nuclear,wholesale_revenues_mn_EUR,2845.913737343756
2795,2028-ex-seven-suas,CZ,Y,solar,wholesale_revenues_mn_EUR,473.88659381339886
2796,2028-ex-seven-suas,CZ,Y,onshore,wholesale_revenues_mn_EUR,98.43043341697236
2797,2028-ex-seven-suas,CZ,Y,waste,wholesale_revenues_mn_EUR,126.91830444316952
2798,2028-ex-seven-suas,CZ,Y,gas_ccgt,wholesale_revenues_mn_EUR,497.58868117895327
2799,2028-ex-seven-suas,CZ,Y,gas_chp,wholesale_revenues_mn_EUR,307.90155736163126
2800,2028-ex-seven-suas,CZ,Y,biogas,wholesale_revenues_mn_EUR,98.88452787959424
2801,2028-ex-seven-suas,CZ,Y,lig_sc,wholesale_revenues_mn_EUR,107.92880544635538
2802,2028-ex-seven-suas,CZ,Y,bio,wholesale_revenues_mn_EUR,0.0
2803,2028-ex-seven-suas,CZ,Y,gas_eng_chp,wholesale_revenues_mn_EUR,180.2797674459422
2804,2028-ex-seven-suas,CZ,Y,lig,wholesale_revenues_mn_EUR,137.0508165893708
2805,2028-ex-seven-suas,CZ,Y,lig_ex,wholesale_revenues_mn_EUR,247.3902284069247
2806,2028-ex-seven-suas,CZ,Y,coal,wholesale_revenues_mn_EUR,0.0
2807,2028-ex-seven-suas,CZ,Y,coal_ex,wholesale_revenues_mn_EUR,23.195480387495564
2808,2028-ex-seven-suas,CZ,Y,gas_peak,wholesale_revenues_mn_EUR,11.31673377913844
2809,2028-ex-seven-suas,CZ,Y,lig_old,wholesale_revenues_mn_EUR,0.0
2810,2028-ex-seven-suas,CZ,Y,b_CHP,wholesale_revenues_mn_EUR,5.773042990999388
2811,2028-ex-seven-suas,CZ,Y,lig_bp,wholesale_revenues_mn_EUR,182.2095591891156
2812,2028-ex-seven-suas,CZ,Y,coal_bp,wholesale_revenues_mn_EUR,0.0
2813,2028-ex-seven-suas,CZ,Y,dsr,wholesale_revenues_mn_EUR,0.0
2814,2028-ex-seven-suas,CZ,Y,h_ror,wholesale_revenues_mn_EUR,113.53058765729136
2815,2028-ex-seven-suas,CZ,Y,h_dams,wholesale_revenues_mn_EUR,100.91002397983944
2816,2028-ex-seven-suas,CZ,Y,li,wholesale_revenues_mn_EUR,9.992281416224351
2817,2028-ex-seven-suas,CZ,Y,pump_open,wholesale_revenues_mn_EUR,50.69633663364708
2818,2028-ex-seven-suas,CZ,Y,pump,wholesale_revenues_mn_EUR,62.51459949298194
2819,2028-ex-seven-suas,CZ,Y,IMPORT_EXPORT,wholesale_revenues_mn_EUR,26.260233288773676
2820,2028-ex-seven-suas,CZ,S,nuclear,wholesale_revenues_mn_EUR,1162.5228760959124
2821,2028-ex-seven-suas,CZ,S,solar,wholesale_revenues_mn_EUR,283.0153466459422
2822,2028-ex-seven-suas,CZ,S,onshore,wholesale_revenues_mn_EUR,36.60914101042668
2823,2028-ex-seven-suas,CZ,S,waste,wholesale_revenues_mn_EUR,43.68475420640291
2824,2028-ex-seven-suas,CZ,S,gas_ccgt,wholesale_revenues_mn_EUR,198.53210668529312
2825,2028-ex-seven-suas,CZ,S,gas_chp,wholesale_revenues_mn_EUR,51.08437534696524
2826,2028-ex-seven-suas,CZ,S,biogas,wholesale_revenues_mn_EUR,7.973199725404522
2827,2028-ex-seven-suas,CZ,S,lig_sc,wholesale_revenues_mn_EUR,0.0
2828,2028-ex-seven-suas,CZ,S,bio,wholesale_revenues_mn_EUR,0.0
2829,2028-ex-seven-suas,CZ,S,gas_eng_chp,wholesale_revenues_mn_EUR,57.96937549423847
2830,2028-ex-seven-suas,CZ,S,lig,wholesale_revenues_mn_EUR,0.0
2831,2028-ex-seven-suas,CZ,S,lig_ex,wholesale_revenues_mn_EUR,80.02473741380311
2832,2028-ex-seven-suas,CZ,S,coal,wholesale_revenues_mn_EUR,0.0
2833,2028-ex-seven-suas,CZ,S,coal_ex,wholesale_revenues_mn_EUR,8.07109122444724
2834,2028-ex-seven-suas,CZ,S,gas_peak,wholesale_revenues_mn_EUR,0.0
2835,2028-ex-seven-suas,CZ,S,lig_old,wholesale_revenues_mn_EUR,0.0
2836,2028-ex-seven-suas,CZ,S,b_CHP,wholesale_revenues_mn_EUR,1.6056752058818183e-18
2837,2028-ex-seven-suas,CZ,S,lig_bp,wholesale_revenues_mn_EUR,24.43430227040302
2838,2028-ex-seven-suas,CZ,S,coal_bp,wholesale_revenues_mn_EUR,0.0
2839,2028-ex-seven-suas,CZ,S,dsr,wholesale_revenues_mn_EUR,0.0
2840,2028-ex-seven-suas,CZ,S,h_ror,wholesale_revenues_mn_EUR,47.969023690143146
2841,2028-ex-seven-suas,CZ,S,h_dams,wholesale_revenues_mn_EUR,45.16251722873815
2842,2028-ex-seven-suas,CZ,S,li,wholesale_revenues_mn_EUR,3.674845604577839
2843,2028-ex-seven-suas,CZ,S,pump_open,wholesale_revenues_mn_EUR,21.72153374085921
2844,2028-ex-seven-suas,CZ,S,pump,wholesale_revenues_mn_EUR,28.257680282711217
2845,2028-ex-seven-suas,CZ,S,IMPORT_EXPORT,wholesale_revenues_mn_EUR,1.4589531831203555
2846,2028-ex-seven-suas,CZ,W,nuclear,wholesale_revenues_mn_EUR,1683.3908612478435
2847,2028-ex-seven-suas,CZ,W,solar,wholesale_revenues_mn_EUR,190.87124716745663
2848,2028-ex-seven-suas,CZ,W,onshore,wholesale_revenues_mn_EUR,61.82129240654567
2849,2028-ex-seven-suas,CZ,W,waste,wholesale_revenues_mn_EUR,83.23355023676662
2850,2028-ex-seven-suas,CZ,W,gas_ccgt,wholesale_revenues_mn_EUR,299.0565744936602
2851,2028-ex-seven-suas,CZ,W,gas_chp,wholesale_revenues_mn_EUR,256.817182014666
2852,2028-ex-seven-suas,CZ,W,biogas,wholesale_revenues_mn_EUR,90.91132815418972
2853,2028-ex-seven-suas,CZ,W,lig_sc,wholesale_revenues_mn_EUR,107.92880544635538
2854,2028-ex-seven-suas,CZ,W,bio,wholesale_revenues_mn_EUR,0.0
2855,2028-ex-seven-suas,CZ,W,gas_eng_chp,wholesale_revenues_mn_EUR,122.31039195170372
2856,2028-ex-seven-suas,CZ,W,lig,wholesale_revenues_mn_EUR,137.05081658937084
2857,2028-ex-seven-suas,CZ,W,lig_ex,wholesale_revenues_mn_EUR,167.3654909931216
2858,2028-ex-seven-suas,CZ,W,coal,wholesale_revenues_mn_EUR,0.0
2859,2028-ex-seven-suas,CZ,W,coal_ex,wholesale_revenues_mn_EUR,15.124389163048326
2860,2028-ex-seven-suas,CZ,W,gas_peak,wholesale_revenues_mn_EUR,11.31673377913844
2861,2028-ex-seven-suas,CZ,W,lig_old,wholesale_revenues_mn_EUR,0.0
2862,2028-ex-seven-suas,CZ,W,b_CHP,wholesale_revenues_mn_EUR,5.773042990999388
2863,2028-ex-seven-suas,CZ,W,lig_bp,wholesale_revenues_mn_EUR,157.77525691871253
2864,2028-ex-seven-suas,CZ,W,coal_bp,wholesale_revenues_mn_EUR,0.0
2865,2028-ex-seven-suas,CZ,W,dsr,wholesale_revenues_mn_EUR,0.0
2866,2028-ex-seven-suas,CZ,W,h_ror,wholesale_revenues_mn_EUR,65.56156396714822
2867,2028-ex-seven-suas,CZ,W,h_dams,wholesale_revenues_mn_EUR,55.74750675110131
2868,2028-ex-seven-suas,CZ,W,li,wholesale_revenues_mn_EUR,6.317435811646513
2869,2028-ex-seven-suas,CZ,W,pump_open,wholesale_revenues_mn_EUR,28.974802892787867
2870,2028-ex-seven-suas,CZ,W,pump,wholesale_revenues_mn_EUR,34.25691921027073
2871,2028-ex-seven-suas,CZ,W,IMPORT_EXPORT,wholesale_revenues_mn_EUR,24.80128010565332
2872,2028-ex-seven-suas,CZ,Y,TOTAL,avg_consumer_price_EUR_per_MWh,101.01055666363446
2873,2028-ex-seven-suas,CZ,S,TOTAL,avg_consumer_price_EUR_per_MWh,83.1615797553425
2874,2028-ex-seven-suas,CZ,W,TOTAL,avg_consumer_price_EUR_per_MWh,116.23531281513348
2875,2028-ex-seven-suas,CZ,Y,TOTAL,avg_producer_price_EUR_per_MWh,101.16621371566218
2876,2028-ex-seven-suas,CZ,S,TOTAL,avg_producer_price_EUR_per_MWh,80.98127970845228
2877,2028-ex-seven-suas,CZ,W,TOTAL,avg_producer_price_EUR_per_MWh,118.13418748408296
2878,2028-ex-seven-suas,CZ,Y,nuclear,capacity_factor,0.7964817503918005
2879,2028-ex-seven-suas,CZ,Y,solar,capacity_factor,0.1102992523213936
2880,2028-ex-seven-suas,CZ,Y,onshore,capacity_factor,0.2448977450305747
2881,2028-ex-seven-suas,CZ,Y,waste,capacity_factor,0.6666666666665836
2882,2028-ex-seven-suas,CZ,Y,gas_ccgt,capacity_factor,0.8876326908876614
2883,2028-ex-seven-suas,CZ,Y,gas_chp,capacity_factor,0.5333333333333327
2884,2028-ex-seven-suas,CZ,Y,biogas,capacity_factor,0.3078842754456981
2885,2028-ex-seven-suas,CZ,Y,lig_sc,capacity_factor,0.1939018086549915
2886,2028-ex-seven-suas,CZ,Y,gas_eng_chp,capacity_factor,0.5333333333333663
2887,2028-ex-seven-suas,CZ,Y,lig,capacity_factor,0.1003955539819859
2888,2028-ex-seven-suas,CZ,Y,lig_ex,capacity_factor,0.5333333333333301
2889,2028-ex-seven-suas,CZ,Y,coal_ex,capacity_factor,0.5333333333333359
2890,2028-ex-seven-suas,CZ,Y,gas_peak,capacity_factor,0.0546953384879417
2891,2028-ex-seven-suas,CZ,Y,b_CHP,capacity_factor,0.0121205076961218
2892,2028-ex-seven-suas,CZ,Y,lig_bp,capacity_factor,0.5333333333333347
2893,2028-ex-seven-suas,CZ,Y,h_ror,capacity_factor,0.3188197490365168
2894,2028-ex-seven-suas,CZ,Y,h_dams,capacity_factor,0.16358075272307
2895,2028-ex-seven-suas,CZ,Y,li,capacity_factor,0.098910857479628
2896,2028-ex-seven-suas,CZ,Y,pump_open,capacity_factor,0.0882276458697424
2897,2028-ex-seven-suas,CZ,Y,pump,capacity_factor,0.0770363920906165
2898,2028-ex-seven-suas,CZ,Y,TOTAL,capacity_factor,0.330180940333205
2899,2028-ex-seven-suas,CZ,S,nuclear,capacity_factor,0.7758452989642761
2900,2028-ex-seven-suas,CZ,S,solar,capacity_factor,0.1493831184778269
2901,2028-ex-seven-suas,CZ,S,onshore,capacity_factor,0.2030288550984274
2902,2028-ex-seven-suas,CZ,S,waste,capacity_factor,0.5335931744798952
2903,2028-ex-seven-suas,CZ,S,gas_ccgt,capacity_factor,0.8111480548910072
2904,2028-ex-seven-suas,CZ,S,gas_chp,capacity_factor,0.2707715527884961
2905,2028-ex-seven-suas,CZ,S,biogas,capacity_factor,0.0646267781567502
2906,2028-ex-seven-suas,CZ,S,lig_sc,capacity_factor,0.0
2907,2028-ex-seven-suas,CZ,S,gas_eng_chp,capacity_factor,0.4124740917438816
2908,2028-ex-seven-suas,CZ,S,lig,capacity_factor,0.0
2909,2028-ex-seven-suas,CZ,S,lig_ex,capacity_factor,0.4822659854648337
2910,2028-ex-seven-suas,CZ,S,coal_ex,capacity_factor,0.4797148023081758
2911,2028-ex-seven-suas,CZ,S,gas_peak,capacity_factor,0.0
2912,2028-ex-seven-suas,CZ,S,b_CHP,capacity_factor,1.9141208503786476e-19
2913,2028-ex-seven-suas,CZ,S,lig_bp,capacity_factor,0.1812244807679134
2914,2028-ex-seven-suas,CZ,S,h_ror,capacity_factor,0.3137994187265653
2915,2028-ex-seven-suas,CZ,S,h_dams,capacity_factor,0.1814387568214098
2916,2028-ex-seven-suas,CZ,S,li,capacity_factor,0.0855490388160725
2917,2028-ex-seven-suas,CZ,S,pump_open,capacity_factor,0.1073464937095845
2918,2028-ex-seven-suas,CZ,S,pump,capacity_factor,0.0972357859410299
2919,2028-ex-seven-suas,CZ,S,TOTAL,capacity_factor,1.3243521233145037
2920,2028-ex-seven-suas,CZ,W,nuclear,capacity_factor,0.8170054343251856
2921,2028-ex-seven-suas,CZ,W,solar,capacity_factor,0.0714289592040666
2922,2028-ex-seven-suas,CZ,W,onshore,capacity_factor,0.2865378432144589
2923,2028-ex-seven-suas,CZ,W,waste,capacity_factor,0.7990129813003392
2924,2028-ex-seven-suas,CZ,W,gas_ccgt,capacity_factor,0.9636993780537326
2925,2028-ex-seven-suas,CZ,W,gas_chp,capacity_factor,0.7944603500500556
2926,2028-ex-seven-suas,CZ,W,biogas,capacity_factor,0.5498124967931762
2927,2028-ex-seven-suas,CZ,W,lig_sc,capacity_factor,0.3867440445850923
2928,2028-ex-seven-suas,CZ,W,gas_eng_chp,capacity_factor,0.6535321419087008
2929,2028-ex-seven-suas,CZ,W,lig,capacity_factor,0.2002424983793709
2930,2028-ex-seven-suas,CZ,W,lig_ex,capacity_factor,0.5841216246560972
2931,2028-ex-seven-suas,CZ,W,coal_ex,capacity_factor,0.5866588669212001
2932,2028-ex-seven-suas,CZ,W,gas_peak,capacity_factor,0.1090917953448018
2933,2028-ex-seven-suas,CZ,W,b_CHP,capacity_factor,0.0241747831097512
2934,2028-ex-seven-suas,CZ,W,lig_bp,capacity_factor,0.8835180938082344
2935,2028-ex-seven-suas,CZ,W,h_ror,capacity_factor,0.3238126458475065
2936,2028-ex-seven-suas,CZ,W,h_dams,capacity_factor,0.145820333346579
2937,2028-ex-seven-suas,CZ,W,li,capacity_factor,0.1121996607406503
2938,2028-ex-seven-suas,CZ,W,pump_open,capacity_factor,0.0692132726082602
2939,2028-ex-seven-suas,CZ,W,pump,capacity_factor,0.0569473774415714
2940,2028-ex-seven-suas,CZ,W,TOTAL,capacity_factor,1.3171152264657906
2941,2028-ex-seven-suas,CZ,Y,li,capacity_factor_charging,0.0087391162962365
2942,2028-ex-seven-suas,CZ,Y,pump_open,capacity_factor_charging,0.119723770907065
2943,2028-ex-seven-suas,CZ,Y,pump,capacity_factor_charging,0.1092509074578271
2944,2028-ex-seven-suas,CZ,S,li,capacity_factor_charging,0.007650367935648
2945,2028-ex-seven-suas,CZ,S,pump_open,capacity_factor_charging,0.151998008494077
2946,2028-ex-seven-suas,CZ,S,pump,capacity_factor_charging,0.1390659573257369
2947,2028-ex-seven-suas,CZ,W,li,capacity_factor_charging,0.0098219152122317
2948,2028-ex-seven-suas,CZ,W,pump_open,capacity_factor_charging,0.0876258952740804
2949,2028-ex-seven-suas,CZ,W,pump,capacity_factor_charging,0.0795987813596873
2950,2028-ex-seven-suas,CZ,Y,nuclear,emissions_MtCO2,0.0
2951,2028-ex-seven-suas,CZ,Y,solar,emissions_MtCO2,0.0
2952,2028-ex-seven-suas,CZ,Y,onshore,emissions_MtCO2,0.0
2953,2028-ex-seven-suas,CZ,Y,waste,emissions_MtCO2,0.0
2954,2028-ex-seven-suas,CZ,Y,gas_ccgt,emissions_MtCO2,1.885986908371268
2955,2028-ex-seven-suas,CZ,Y,gas_chp,emissions_MtCO2,1.403001599999998
2956,2028-ex-seven-suas,CZ,Y,biogas,emissions_MtCO2,0.0
2957,2028-ex-seven-suas,CZ,Y,lig_sc,emissions_MtCO2,0.6882803534576756
2958,2028-ex-seven-suas,CZ,Y,bio,emissions_MtCO2,0.0
2959,2028-ex-seven-suas,CZ,Y,gas_eng_chp,emissions_MtCO2,0.7567472000000467
2960,2028-ex-seven-suas,CZ,Y,lig,emissions_MtCO2,0.759224590852143
2961,2028-ex-seven-suas,CZ,Y,lig_ex,emissions_MtCO2,5.389992959999968
2962,2028-ex-seven-suas,CZ,Y,coal,emissions_MtCO2,0.0
2963,2028-ex-seven-suas,CZ,Y,coal_ex,emissions_MtCO2,0.4539064780800022
2964,2028-ex-seven-suas,CZ,Y,gas_peak,emissions_MtCO2,0.0253653236660636
2965,2028-ex-seven-suas,CZ,Y,lig_old,emissions_MtCO2,0.0
2966,2028-ex-seven-suas,CZ,Y,b_CHP,emissions_MtCO2,0.0
2967,2028-ex-seven-suas,CZ,Y,lig_bp,emissions_MtCO2,3.2685312000000075
2968,2028-ex-seven-suas,CZ,Y,coal_bp,emissions_MtCO2,0.0
2969,2028-ex-seven-suas,CZ,Y,dsr,emissions_MtCO2,0.0
2970,2028-ex-seven-suas,CZ,Y,eens,emissions_MtCO2,0.0
2971,2028-ex-seven-suas,CZ,Y,h_ror,emissions_MtCO2,0.0
2972,2028-ex-seven-suas,CZ,Y,h_dams,emissions_MtCO2,0.0
2973,2028-ex-seven-suas,CZ,Y,li,emissions_MtCO2,0.0
2974,2028-ex-seven-suas,CZ,Y,pump_open,emissions_MtCO2,0.0
2975,2028-ex-seven-suas,CZ,Y,pump,emissions_MtCO2,0.0
2976,2028-ex-seven-suas,CZ,Y,TOTAL,emissions_MtCO2,14.631036614427172
2977,2028-ex-seven-suas,CZ,S,nuclear,emissions_MtCO2,0.0
2978,2028-ex-seven-suas,CZ,S,solar,emissions_MtCO2,0.0
2979,2028-ex-seven-suas,CZ,S,onshore,emissions_MtCO2,0.0
2980,2028-ex-seven-suas,CZ,S,waste,emissions_MtCO2,0.0
2981,2028-ex-seven-suas,CZ,S,gas_ccgt,emissions_MtCO2,0.8593776203979385
2982,2028-ex-seven-suas,CZ,S,gas_chp,emissions_MtCO2,0.3551738618168192
2983,2028-ex-seven-suas,CZ,S,biogas,emissions_MtCO2,0.0
2984,2028-ex-seven-suas,CZ,S,lig_sc,emissions_MtCO2,0.0
2985,2028-ex-seven-suas,CZ,S,bio,emissions_MtCO2,0.0
2986,2028-ex-seven-suas,CZ,S,gas_eng_chp,emissions_MtCO2,0.29182822473262
2987,2028-ex-seven-suas,CZ,S,lig,emissions_MtCO2,0.0
2988,2028-ex-seven-suas,CZ,S,lig_ex,emissions_MtCO2,2.4302705573811507
2989,2028-ex-seven-suas,CZ,S,coal,emissions_MtCO2,0.0
2990,2028-ex-seven-suas,CZ,S,coal_ex,emissions_MtCO2,0.2035772746465872
2991,2028-ex-seven-suas,CZ,S,gas_peak,emissions_MtCO2,0.0
2992,2028-ex-seven-suas,CZ,S,lig_old,emissions_MtCO2,0.0
2993,2028-ex-seven-suas,CZ,S,b_CHP,emissions_MtCO2,0.0
2994,2028-ex-seven-suas,CZ,S,lig_bp,emissions_MtCO2,0.5537953369831743
2995,2028-ex-seven-suas,CZ,S,coal_bp,emissions_MtCO2,0.0
2996,2028-ex-seven-suas,CZ,S,dsr,emissions_MtCO2,0.0
2997,2028-ex-seven-suas,CZ,S,eens,emissions_MtCO2,0.0
2998,2028-ex-seven-suas,CZ,S,h_ror,emissions_MtCO2,0.0
2999,2028-ex-seven-suas,CZ,S,h_dams,emissions_MtCO2,0.0
3000,2028-ex-seven-suas,CZ,S,li,emissions_MtCO2,0.0
3001,2028-ex-seven-suas,CZ,S,pump_open,emissions_MtCO2,0.0
3002,2028-ex-seven-suas,CZ,S,pump,emissions_MtCO2,0.0
3003,2028-ex-seven-suas,CZ,S,TOTAL,emissions_MtCO2,29.262073228854344
3004,2028-ex-seven-suas,CZ,W,nuclear,emissions_MtCO2,0.0
3005,2028-ex-seven-suas,CZ,W,solar,emissions_MtCO2,0.0
3006,2028-ex-seven-suas,CZ,W,onshore,emissions_MtCO2,0.0
3007,2028-ex-seven-suas,CZ,W,waste,emissions_MtCO2,0.0
3008,2028-ex-seven-suas,CZ,W,gas_ccgt,emissions_MtCO2,1.0266092879733288
3009,2028-ex-seven-suas,CZ,W,gas_chp,emissions_MtCO2,1.047827738183179
3010,2028-ex-seven-suas,CZ,W,biogas,emissions_MtCO2,0.0
3011,2028-ex-seven-suas,CZ,W,lig_sc,emissions_MtCO2,0.6882803534576756
3012,2028-ex-seven-suas,CZ,W,bio,emissions_MtCO2,0.0
3013,2028-ex-seven-suas,CZ,W,gas_eng_chp,emissions_MtCO2,0.4649189752674266
3014,2028-ex-seven-suas,CZ,W,lig,emissions_MtCO2,0.759224590852143
3015,2028-ex-seven-suas,CZ,W,lig_ex,emissions_MtCO2,2.959722402618817
3016,2028-ex-seven-suas,CZ,W,coal,emissions_MtCO2,0.0
3017,2028-ex-seven-suas,CZ,W,coal_ex,emissions_MtCO2,0.2503292034334149
3018,2028-ex-seven-suas,CZ,W,gas_peak,emissions_MtCO2,0.0253653236660636
3019,2028-ex-seven-suas,CZ,W,lig_old,emissions_MtCO2,0.0
3020,2028-ex-seven-suas,CZ,W,b_CHP,emissions_MtCO2,0.0
3021,2028-ex-seven-suas,CZ,W,lig_bp,emissions_MtCO2,2.714735863016833
3022,2028-ex-seven-suas,CZ,W,coal_bp,emissions_MtCO2,0.0
3023,2028-ex-seven-suas,CZ,W,dsr,emissions_MtCO2,0.0
3024,2028-ex-seven-suas,CZ,W,eens,emissions_MtCO2,0.0
3025,2028-ex-seven-suas,CZ,W,h_ror,emissions_MtCO2,0.0
3026,2028-ex-seven-suas,CZ,W,h_dams,emissions_MtCO2,0.0
3027,2028-ex-seven-suas,CZ,W,li,emissions_MtCO2,0.0
3028,2028-ex-seven-suas,CZ,W,pump_open,emissions_MtCO2,0.0
3029,2028-ex-seven-suas,CZ,W,pump,emissions_MtCO2,0.0
3030,2028-ex-seven-suas,CZ,W,TOTAL,emissions_MtCO2,29.262073228854344
3031,2028-ex-seven-suas,CZ,Y,nuclear,power_share_high_value,0.9830072252202172
3032,2028-ex-seven-suas,CZ,Y,solar,power_share_high_value,0.916255445807184
3033,2028-ex-seven-suas,CZ,Y,onshore,power_share_high_value,0.9894523143564606
3034,2028-ex-seven-suas,CZ,S,nuclear,power_share_high_value,0.968833556801618
3035,2028-ex-seven-suas,CZ,S,solar,power_share_high_value,0.8907234789958579
3036,2028-ex-seven-suas,CZ,S,onshore,power_share_high_value,0.9766010697617014
3037,2028-ex-seven-suas,CZ,W,nuclear,power_share_high_value,0.996393284827412
3038,2028-ex-seven-suas,CZ,W,solar,power_share_high_value,0.9693600001843738
3039,2028-ex-seven-suas,CZ,W,onshore,power_share_high_value,0.9985084155296684
3040,2028-ex-seven-suas,CZ,Y,nuclear,power_share_low_value,0.016871938907196
3041,2028-ex-seven-suas,CZ,Y,solar,power_share_low_value,0.0830130262775249
3042,2028-ex-seven-suas,CZ,Y,onshore,power_share_low_value,0.0105449881638092
3043,2028-ex-seven-suas,CZ,S,nuclear,power_share_low_value,0.0309176617136159
3044,2028-ex-seven-suas,CZ,S,solar,power_share_low_value,0.1081932841502523
3045,2028-ex-seven-suas,CZ,S,onshore,power_share_low_value,0.0233924048450837
3046,2028-ex-seven-suas,CZ,W,nuclear,power_share_low_value,0.0036067151725877
3047,2028-ex-seven-suas,CZ,W,solar,power_share_low_value,0.0306399998156261
3048,2028-ex-seven-suas,CZ,W,onshore,power_share_low_value,0.0014915844703317
3049,2028-ex-seven-suas,CZ,Y,nuclear,power_share_zero_value,0.0001208358725865
3050,2028-ex-seven-suas,CZ,Y,solar,power_share_zero_value,0.0007315279152908
3051,2028-ex-seven-suas,CZ,Y,onshore,power_share_zero_value,2.697479730106527e-06
3052,2028-ex-seven-suas,CZ,S,nuclear,power_share_zero_value,0.0002487814847661
3053,2028-ex-seven-suas,CZ,S,solar,power_share_zero_value,0.0010832368538897
3054,2028-ex-seven-suas,CZ,S,onshore,power_share_zero_value,6.52539321494737e-06
3055,2028-ex-seven-suas,CZ,W,nuclear,power_share_zero_value,0.0
3056,2028-ex-seven-suas,CZ,W,solar,power_share_zero_value,0.0
3057,2028-ex-seven-suas,CZ,W,onshore,power_share_zero_value,0.0
3058,2028-stress,CZ,Y,nuclear,capacity_GW,4.099
3059,2028-stress,CZ,Y,solar,capacity_GW,7.0
3060,2028-stress,CZ,Y,onshore,capacity_GW,0.5
3061,2028-stress,CZ,Y,waste,capacity_GW,0.19575
3062,2028-stress,CZ,Y,gas_ccgt,capacity_GW,0.6174
3063,2028-stress,CZ,Y,gas_chp,capacity_GW,0.7644
3064,2028-stress,CZ,Y,biogas,capacity_GW,0.279
3065,2028-stress,CZ,Y,lig_sc,capacity_GW,0.4356
3066,2028-stress,CZ,Y,bio,capacity_GW,0.0
3067,2028-stress,CZ,Y,gas_eng_chp,capacity_GW,0.33131249999999995
3068,2028-stress,CZ,Y,lig,capacity_GW,0.8632799999999999
3069,2028-stress,CZ,Y,lig_ex,capacity_GW,1.15368
3070,2028-stress,CZ,Y,coal,capacity_GW,0.0
3071,2028-stress,CZ,Y,coal_ex,capacity_GW,0.11484
3072,2028-stress,CZ,Y,gas_peak,capacity_GW,0.096255
3073,2028-stress,CZ,Y,lig_old,capacity_GW,0.0
3074,2028-stress,CZ,Y,b_CHP,capacity_GW,0.20925
3075,2028-stress,CZ,Y,lig_bp,capacity_GW,0.34979999999999994
3076,2028-stress,CZ,Y,coal_bp,capacity_GW,0.0
3077,2028-stress,CZ,Y,dsr,capacity_GW,0.0
3078,2028-stress,CZ,Y,h_ror,capacity_GW,0.415
3079,2028-stress,CZ,Y,h_dams,capacity_GW,0.609
3080,2028-stress,CZ,Y,li,capacity_GW,0.1
3081,2028-stress,CZ,Y,pump_open,capacity_GW,0.47
3082,2028-stress,CZ,Y,pump,capacity_GW,0.678
3083,2028-stress,CZ,Y,TOTAL,capacity_GW,19.281567499999998
3084,2028-stress,CZ,Y,h_ror,capacity_charging_GW,0.0
3085,2028-stress,CZ,Y,h_dams,capacity_charging_GW,0.0
3086,2028-stress,CZ,Y,li,capacity_charging_GW,1.25599
3087,2028-stress,CZ,Y,pump_open,capacity_charging_GW,0.44
3088,2028-stress,CZ,Y,pump,capacity_charging_GW,0.664
3089,2028-stress,CZ,Y,nuclear,capacity_paid_off_GW,0.0
3090,2028-stress,CZ,Y,solar,capacity_paid_off_GW,0.0
3091,2028-stress,CZ,Y,onshore,capacity_paid_off_GW,0.0
3092,2028-stress,CZ,Y,waste,capacity_paid_off_GW,0.0
3093,2028-stress,CZ,Y,gas_ccgt,capacity_paid_off_GW,0.0
3094,2028-stress,CZ,Y,gas_chp,capacity_paid_off_GW,0.0
3095,2028-stress,CZ,Y,biogas,capacity_paid_off_GW,0.0
3096,2028-stress,CZ,Y,lig_sc,capacity_paid_off_GW,0.0
3097,2028-stress,CZ,Y,bio,capacity_paid_off_GW,0.0
3098,2028-stress,CZ,Y,gas_eng_chp,capacity_paid_off_GW,0.0
3099,2028-stress,CZ,Y,lig,capacity_paid_off_GW,0.0
3100,2028-stress,CZ,Y,lig_ex,capacity_paid_off_GW,0.0
3101,2028-stress,CZ,Y,coal,capacity_paid_off_GW,0.0
3102,2028-stress,CZ,Y,coal_ex,capacity_paid_off_GW,0.0
3103,2028-stress,CZ,Y,gas_peak,capacity_paid_off_GW,0.0
3104,2028-stress,CZ,Y,lig_old,capacity_paid_off_GW,0.0
3105,2028-stress,CZ,Y,b_CHP,capacity_paid_off_GW,0.0
3106,2028-stress,CZ,Y,lig_bp,capacity_paid_off_GW,0.0
3107,2028-stress,CZ,Y,coal_bp,capacity_paid_off_GW,0.0
3108,2028-stress,CZ,Y,dsr,capacity_paid_off_GW,0.0
3109,2028-stress,CZ,Y,h_ror,capacity_paid_off_GW,0.0
3110,2028-stress,CZ,Y,h_dams,capacity_paid_off_GW,0.0
3111,2028-stress,CZ,Y,li,capacity_paid_off_GW,0.0
3112,2028-stress,CZ,Y,pump_open,capacity_paid_off_GW,0.0
3113,2028-stress,CZ,Y,pump,capacity_paid_off_GW,0.0
3114,2028-stress,CZ,Y,h_ror,capacity_charging_paid_off_GW,0.0
3115,2028-stress,CZ,Y,h_dams,capacity_charging_paid_off_GW,0.0
3116,2028-stress,CZ,Y,li,capacity_charging_paid_off_GW,0.0
3117,2028-stress,CZ,Y,pump_open,capacity_charging_paid_off_GW,0.0
3118,2028-stress,CZ,Y,pump,capacity_charging_paid_off_GW,0.0
3119,2028-stress,CZ,Y,TOTAL,load_TWh,66.382047428
3120,2028-stress,CZ,S,TOTAL,load_TWh,30.557496582000002
3121,2028-stress,CZ,W,TOTAL,load_TWh,35.824550846
3122,2028-stress,CZ,Y,TOTAL,import_TWh,17.7965942435809
3123,2028-stress,CZ,S,TOTAL,import_TWh,8.814412422970625
3124,2028-stress,CZ,W,TOTAL,import_TWh,8.982181820610272
3125,2028-stress,CZ,Y,TOTAL,export_TWh,2.7805835722474557
3126,2028-stress,CZ,S,TOTAL,export_TWh,1.1896698170612607
3127,2028-stress,CZ,W,TOTAL,export_TWh,1.5909137551861954
3128,2028-stress,CZ,Y,TOTAL,net_import_TWh,15.016010671333444
3129,2028-stress,CZ,S,TOTAL,net_import_TWh,7.624742605909364
3130,2028-stress,CZ,W,TOTAL,net_import_TWh,7.391268065424077
3131,2028-stress,CZ,Y,TOTAL,curtailment_TWh,3.1513991416431965e-15
3132,2028-stress,CZ,S,TOTAL,curtailment_TWh,1.0477378964424134e-15
3133,2028-stress,CZ,W,TOTAL,curtailment_TWh,2.103661245200783e-15
3134,2028-stress,CZ,Y,nuclear,production_TWh,24.13186136693848
3135,2028-stress,CZ,Y,solar,production_TWh,6.763550152347859
3136,2028-stress,CZ,Y,onshore,production_TWh,1.0726521232339172
3137,2028-stress,CZ,Y,waste,production_TWh,1.1431799999998538
3138,2028-stress,CZ,Y,gas_ccgt,production_TWh,4.9719349835592235
3139,2028-stress,CZ,Y,gas_chp,production_TWh,2.530473285165568
3140,2028-stress,CZ,Y,biogas,production_TWh,1.0821640280628355
3141,2028-stress,CZ,Y,lig_sc,production_TWh,0.9107709133453816
3142,2028-stress,CZ,Y,bio,production_TWh,0.0
3143,2028-stress,CZ,Y,gas_eng_chp,production_TWh,1.5478920000001
3144,2028-stress,CZ,Y,lig,production_TWh,1.2677831327982445
3145,2028-stress,CZ,Y,lig_ex,production_TWh,2.2448429284227567
3146,2028-stress,CZ,Y,coal,production_TWh,0.0
3147,2028-stress,CZ,Y,coal_ex,production_TWh,0.21824749678027894
3148,2028-stress,CZ,Y,gas_peak,production_TWh,0.09078870117674931
3149,2028-stress,CZ,Y,lig_old,production_TWh,0.0
3150,2028-stress,CZ,Y,b_CHP,production_TWh,0.033062739755555556
3151,2028-stress,CZ,Y,lig_bp,production_TWh,1.6342656000000402
3152,2028-stress,CZ,Y,coal_bp,production_TWh,0.0
3153,2028-stress,CZ,Y,dsr,production_TWh,0.0
3154,2028-stress,CZ,Y,eens,production_TWh,-1.1868195315329244e-18
3155,2028-stress,CZ,Y,h_ror,production_TWh,1.1607575294576395
3156,2028-stress,CZ,Y,h_dams,production_TWh,0.8726771428571428
3157,2028-stress,CZ,Y,li,production_TWh,0.08964363530733324
3158,2028-stress,CZ,Y,pump_open,production_TWh,0.3870142459103277
3159,2028-stress,CZ,Y,pump,production_TWh,0.49870194873911694
3160,2028-stress,CZ,Y,TOTAL,production_TWh,52.65226395385841
3161,2028-stress,CZ,S,nuclear,production_TWh,11.663389397825554
3162,2028-stress,CZ,S,solar,production_TWh,4.567538230578035
3163,2028-stress,CZ,S,onshore,production_TWh,0.4434150195349656
3164,2028-stress,CZ,S,waste,production_TWh,0.4394971519758335
3165,2028-stress,CZ,S,gas_ccgt,production_TWh,2.3048933530669107
3166,2028-stress,CZ,S,gas_chp,production_TWh,0.45004985873278763
3167,2028-stress,CZ,S,biogas,production_TWh,0.2791810723832188
3168,2028-stress,CZ,S,lig_sc,production_TWh,0.0
3169,2028-stress,CZ,S,bio,production_TWh,0.0
3170,2028-stress,CZ,S,gas_eng_chp,production_TWh,0.5440136631048058
3171,2028-stress,CZ,S,lig,production_TWh,0.0
3172,2028-stress,CZ,S,lig_ex,production_TWh,0.9749257349470802
3173,2028-stress,CZ,S,coal,production_TWh,0.0
3174,2028-stress,CZ,S,coal_ex,production_TWh,0.09160515971327157
3175,2028-stress,CZ,S,gas_peak,production_TWh,0.0
3176,2028-stress,CZ,S,lig_old,production_TWh,0.0
3177,2028-stress,CZ,S,b_CHP,production_TWh,1.1753482138147915e-18
3178,2028-stress,CZ,S,lig_bp,production_TWh,0.3154547822100533
3179,2028-stress,CZ,S,coal_bp,production_TWh,0.0
3180,2028-stress,CZ,S,dsr,production_TWh,0.0
3181,2028-stress,CZ,S,eens,production_TWh,-1.1370815400297304e-18
3182,2028-stress,CZ,S,h_ror,production_TWh,0.5704384627909728
3183,2028-stress,CZ,S,h_dams,production_TWh,0.4826474142857143
3184,2028-stress,CZ,S,li,production_TWh,0.03877760223840637
3185,2028-stress,CZ,S,pump_open,production_TWh,0.22072390997834557
3186,2028-stress,CZ,S,pump,production_TWh,0.30023311374154343
3187,2028-stress,CZ,S,TOTAL,production_TWh,105.30452790771682
3188,2028-stress,CZ,W,nuclear,production_TWh,12.468471969112926
3189,2028-stress,CZ,W,solar,production_TWh,2.1960119217698244
3190,2028-stress,CZ,W,onshore,production_TWh,0.6292371036989517
3191,2028-stress,CZ,W,waste,production_TWh,0.7036828480240204
3192,2028-stress,CZ,W,gas_ccgt,production_TWh,2.6670416304923137
3193,2028-stress,CZ,W,gas_chp,production_TWh,2.0804234264327808
3194,2028-stress,CZ,W,biogas,production_TWh,0.8029829556796166
3195,2028-stress,CZ,W,lig_sc,production_TWh,0.9107709133453815
3196,2028-stress,CZ,W,bio,production_TWh,0.0
3197,2028-stress,CZ,W,gas_eng_chp,production_TWh,1.003878336895294
3198,2028-stress,CZ,W,lig,production_TWh,1.2677831327982447
3199,2028-stress,CZ,W,lig_ex,production_TWh,1.2699171934756768
3200,2028-stress,CZ,W,coal,production_TWh,0.0
3201,2028-stress,CZ,W,coal_ex,production_TWh,0.12664233706700737
3202,2028-stress,CZ,W,gas_peak,production_TWh,0.09078870117674931
3203,2028-stress,CZ,W,lig_old,production_TWh,0.0
3204,2028-stress,CZ,W,b_CHP,production_TWh,0.033062739755555556
3205,2028-stress,CZ,W,lig_bp,production_TWh,1.3188108177899867
3206,2028-stress,CZ,W,coal_bp,production_TWh,0.0
3207,2028-stress,CZ,W,dsr,production_TWh,0.0
3208,2028-stress,CZ,W,eens,production_TWh,-4.973799150319384e-20
3209,2028-stress,CZ,W,h_ror,production_TWh,0.5903190666666667
3210,2028-stress,CZ,W,h_dams,production_TWh,0.39002972857142865
3211,2028-stress,CZ,W,li,production_TWh,0.050866033068926876
3212,2028-stress,CZ,W,pump_open,production_TWh,0.16629033593198214
3213,2028-stress,CZ,W,pump,production_TWh,0.19846883499757345
3214,2028-stress,CZ,W,TOTAL,production_TWh,105.30452790771682
3215,2028-stress,CZ,Y,gas_chp,production_el_eq_TWh,3.5712767999999557
3216,2028-stress,CZ,Y,gas_eng_chp,production_el_eq_TWh,1.5478920000001
3217,2028-stress,CZ,Y,lig_ex,production_el_eq_TWh,5.389992959999844
3218,2028-stress,CZ,Y,coal_ex,production_el_eq_TWh,0.5365324799999789
3219,2028-stress,CZ,Y,b_CHP,production_el_eq_TWh,0.08265684938888888
3220,2028-stress,CZ,Y,lig_bp,production_el_eq_TWh,1.6342656000000402
3221,2028-stress,CZ,Y,coal_bp,production_el_eq_TWh,0.0
3222,2028-stress,CZ,Y,eens,production_el_eq_TWh,0.0
3223,2028-stress,CZ,S,gas_chp,production_el_eq_TWh,0.7657605616785731
3224,2028-stress,CZ,S,gas_eng_chp,production_el_eq_TWh,0.5440136631048058
3225,2028-stress,CZ,S,lig_ex,production_el_eq_TWh,2.4370406326534098
3226,2028-stress,CZ,S,coal_ex,production_el_eq_TWh,0.2288768278546075
3227,2028-stress,CZ,S,b_CHP,production_el_eq_TWh,2.9383705345369778e-18
3228,2028-stress,CZ,S,lig_bp,production_el_eq_TWh,0.3154547822100533
3229,2028-stress,CZ,S,coal_bp,production_el_eq_TWh,0.0
3230,2028-stress,CZ,S,eens,production_el_eq_TWh,0.0
3231,2028-stress,CZ,W,gas_chp,production_el_eq_TWh,2.8055162383213825
3232,2028-stress,CZ,W,gas_eng_chp,production_el_eq_TWh,1.003878336895294
3233,2028-stress,CZ,W,lig_ex,production_el_eq_TWh,2.9529523273464346
3234,2028-stress,CZ,W,coal_ex,production_el_eq_TWh,0.30765565214537144
3235,2028-stress,CZ,W,b_CHP,production_el_eq_TWh,0.08265684938888888
3236,2028-stress,CZ,W,lig_bp,production_el_eq_TWh,1.3188108177899867
3237,2028-stress,CZ,W,coal_bp,production_el_eq_TWh,0.0
3238,2028-stress,CZ,W,eens,production_el_eq_TWh,0.0
3239,2028-stress,CZ,Y,solar,production_used_TWh,6.763550152347859
3240,2028-stress,CZ,Y,onshore,production_used_TWh,1.0726521232339172
3241,2028-stress,CZ,S,solar,production_used_TWh,4.567538230578035
3242,2028-stress,CZ,S,onshore,production_used_TWh,0.4434150195349656
3243,2028-stress,CZ,W,solar,production_used_TWh,2.1960119217698244
3244,2028-stress,CZ,W,onshore,production_used_TWh,0.6292371036989517
3245,2028-stress,CZ,Y,solar,production_excess_TWh,0.0
3246,2028-stress,CZ,Y,onshore,production_excess_TWh,0.0
3247,2028-stress,CZ,S,solar,production_excess_TWh,0.0
3248,2028-stress,CZ,S,onshore,production_excess_TWh,0.0
3249,2028-stress,CZ,W,solar,production_excess_TWh,0.0
3250,2028-stress,CZ,W,onshore,production_excess_TWh,0.0
3251,2028-stress,CZ,Y,h_ror,discharged_TWh,1.1607575294576395
3252,2028-stress,CZ,Y,h_dams,discharged_TWh,0.8726771428571428
3253,2028-stress,CZ,Y,li,discharged_TWh,0.08964363530733324
3254,2028-stress,CZ,Y,pump_open,discharged_TWh,0.3870142459103277
3255,2028-stress,CZ,Y,pump,discharged_TWh,0.49870194873911694
3256,2028-stress,CZ,Y,TOTAL,discharged_TWh,3.0087945022715603
3257,2028-stress,CZ,S,h_ror,discharged_TWh,0.5704384627909728
3258,2028-stress,CZ,S,h_dams,discharged_TWh,0.4826474142857143
3259,2028-stress,CZ,S,li,discharged_TWh,0.03877760223840637
3260,2028-stress,CZ,S,pump_open,discharged_TWh,0.22072390997834557
3261,2028-stress,CZ,S,pump,discharged_TWh,0.30023311374154343
3262,2028-stress,CZ,S,TOTAL,discharged_TWh,6.017589004543121
3263,2028-stress,CZ,W,h_ror,discharged_TWh,0.5903190666666667
3264,2028-stress,CZ,W,h_dams,discharged_TWh,0.39002972857142865
3265,2028-stress,CZ,W,li,discharged_TWh,0.050866033068926876
3266,2028-stress,CZ,W,pump_open,discharged_TWh,0.16629033593198214
3267,2028-stress,CZ,W,pump,discharged_TWh,0.19846883499757345
3268,2028-stress,CZ,W,TOTAL,discharged_TWh,6.017589004543121
3269,2028-stress,CZ,Y,h_ror,charged_TWh,0.0
3270,2028-stress,CZ,Y,h_dams,charged_TWh,0.0
3271,2028-stress,CZ,Y,li,charged_TWh,0.0991176014485687
3272,2028-stress,CZ,Y,pump_open,charged_TWh,0.49446800027228033
3273,2028-stress,CZ,Y,pump,charged_TWh,0.6926415954709957
3274,2028-stress,CZ,Y,TOTAL,charged_TWh,1.2862271971918449
3275,2028-stress,CZ,S,h_ror,charged_TWh,0.0
3276,2028-stress,CZ,S,h_dams,charged_TWh,0.0
3277,2028-stress,CZ,S,li,charged_TWh,0.04299101164430505
3278,2028-stress,CZ,S,pump_open,charged_TWh,0.2917921931923985
3279,2028-stress,CZ,S,pump,charged_TWh,0.41924674618015717
3280,2028-stress,CZ,S,TOTAL,charged_TWh,2.5724543943836897
3281,2028-stress,CZ,W,h_ror,charged_TWh,0.0
3282,2028-stress,CZ,W,h_dams,charged_TWh,0.0
3283,2028-stress,CZ,W,li,charged_TWh,0.056126589804263625
3284,2028-stress,CZ,W,pump_open,charged_TWh,0.20267580707988184
3285,2028-stress,CZ,W,pump,charged_TWh,0.2733948492908385
3286,2028-stress,CZ,W,TOTAL,charged_TWh,2.5724543943836897
3287,2028-stress,CZ,Y,h_ror,inflow_TWh,1.161956
3288,2028-stress,CZ,Y,h_dams,inflow_TWh,0.8726771428571429
3289,2028-stress,CZ,Y,pump_open,inflow_TWh,0.030997285714285717
3290,2028-stress,CZ,S,h_ror,inflow_TWh,0.571188
3291,2028-stress,CZ,S,h_dams,inflow_TWh,0.483751
3292,2028-stress,CZ,S,pump_open,inflow_TWh,0.012085
3293,2028-stress,CZ,W,h_ror,inflow_TWh,0.590768
3294,2028-stress,CZ,W,h_dams,inflow_TWh,0.38892614285714283
3295,2028-stress,CZ,W,pump_open,inflow_TWh,0.01891228571428572
3296,2028-stress,CZ,Y,gas_chp,heat_production_PJ,7.493785306807588
3297,2028-stress,CZ,Y,gas_eng_chp,heat_production_PJ,5.57241120000036
3298,2028-stress,CZ,Y,lig_ex,heat_production_PJ,31.70311231829705
3299,2028-stress,CZ,Y,coal_ex,heat_production_PJ,3.208312630854576
3300,2028-stress,CZ,Y,b_CHP,heat_production_PJ,0.53561638404
3301,2028-stress,CZ,Y,lig_bp,heat_production_PJ,17.65006848000043
3302,2028-stress,CZ,Y,coal_bp,heat_production_PJ,0.0
3303,2028-stress,CZ,Y,eens,heat_production_PJ,4.272550313518528e-18
3304,2028-stress,CZ,S,gas_chp,heat_production_PJ,2.273117061209655
3305,2028-stress,CZ,S,gas_eng_chp,heat_production_PJ,1.9584491871773009
3306,2028-stress,CZ,S,lig_ex,heat_production_PJ,14.738118168879803
3307,2028-stress,CZ,S,coal_ex,heat_production_PJ,1.3836984148646658
3308,2028-stress,CZ,S,b_CHP,heat_production_PJ,1.9040641063799616e-17
3309,2028-stress,CZ,S,lig_bp,heat_production_PJ,3.4069116478685757
3310,2028-stress,CZ,S,coal_bp,heat_production_PJ,0.0
3311,2028-stress,CZ,S,eens,heat_production_PJ,4.09349354410703e-18
3312,2028-stress,CZ,W,gas_chp,heat_production_PJ,5.220668245597934
3313,2028-stress,CZ,W,gas_eng_chp,heat_production_PJ,3.613962012823058
3314,2028-stress,CZ,W,lig_ex,heat_production_PJ,16.964994149417244
3315,2028-stress,CZ,W,coal_ex,heat_production_PJ,1.8246142159899097
3316,2028-stress,CZ,W,b_CHP,heat_production_PJ,0.53561638404
3317,2028-stress,CZ,W,lig_bp,heat_production_PJ,14.243156832131858
3318,2028-stress,CZ,W,coal_bp,heat_production_PJ,0.0
3319,2028-stress,CZ,W,eens,heat_production_PJ,1.7905676941149782e-19
3320,2028-stress,CZ,Y,waste,production_hours,6757.0
3321,2028-stress,CZ,Y,gas_ccgt,production_hours,8263.0
3322,2028-stress,CZ,Y,gas_chp,production_hours,7774.0
3323,2028-stress,CZ,Y,biogas,production_hours,4246.0
3324,2028-stress,CZ,Y,lig_sc,production_hours,2420.0
3325,2028-stress,CZ,Y,bio,production_hours,0.0
3326,2028-stress,CZ,Y,gas_eng_chp,production_hours,5517.0
3327,2028-stress,CZ,Y,lig,production_hours,1728.0
3328,2028-stress,CZ,Y,lig_ex,production_hours,8526.0
3329,2028-stress,CZ,Y,coal,production_hours,0.0
3330,2028-stress,CZ,Y,coal_ex,production_hours,8442.0
3331,2028-stress,CZ,Y,gas_peak,production_hours,1056.0
3332,2028-stress,CZ,Y,lig_old,production_hours,0.0
3333,2028-stress,CZ,Y,b_CHP,production_hours,504.0
3334,2028-stress,CZ,Y,lig_bp,production_hours,6242.0
3335,2028-stress,CZ,Y,coal_bp,production_hours,0.0
3336,2028-stress,CZ,Y,dsr,production_hours,0.0
3337,2028-stress,CZ,Y,eens,production_hours,0.0
3338,2028-stress,CZ,Y,h_ror,production_hours,8760.0
3339,2028-stress,CZ,Y,h_dams,production_hours,8760.0
3340,2028-stress,CZ,Y,li,production_hours,1031.0
3341,2028-stress,CZ,Y,pump_open,production_hours,1321.0
3342,2028-stress,CZ,Y,pump,production_hours,1078.0
3343,2028-stress,CZ,S,waste,production_hours,2914.0
3344,2028-stress,CZ,S,gas_ccgt,production_hours,3894.0
3345,2028-stress,CZ,S,gas_chp,production_hours,3388.0
3346,2028-stress,CZ,S,biogas,production_hours,1194.0
3347,2028-stress,CZ,S,lig_sc,production_hours,0.0
3348,2028-stress,CZ,S,bio,production_hours,0.0
3349,2028-stress,CZ,S,gas_eng_chp,production_hours,2027.0
3350,2028-stress,CZ,S,lig,production_hours,0.0
3351,2028-stress,CZ,S,lig_ex,production_hours,4217.0
3352,2028-stress,CZ,S,coal,production_hours,0.0
3353,2028-stress,CZ,S,coal_ex,production_hours,4050.0
3354,2028-stress,CZ,S,gas_peak,production_hours,0.0
3355,2028-stress,CZ,S,lig_old,production_hours,0.0
3356,2028-stress,CZ,S,b_CHP,production_hours,0.0
3357,2028-stress,CZ,S,lig_bp,production_hours,1894.0
3358,2028-stress,CZ,S,coal_bp,production_hours,0.0
3359,2028-stress,CZ,S,dsr,production_hours,0.0
3360,2028-stress,CZ,S,eens,production_hours,0.0
3361,2028-stress,CZ,S,h_ror,production_hours,4368.0
3362,2028-stress,CZ,S,h_dams,production_hours,4368.0
3363,2028-stress,CZ,S,li,production_hours,451.0
3364,2028-stress,CZ,S,pump_open,production_hours,743.0
3365,2028-stress,CZ,S,pump,production_hours,666.0
3366,2028-stress,CZ,W,waste,production_hours,3843.0
3367,2028-stress,CZ,W,gas_ccgt,production_hours,4369.0
3368,2028-stress,CZ,W,gas_chp,production_hours,4386.0
3369,2028-stress,CZ,W,biogas,production_hours,3052.0
3370,2028-stress,CZ,W,lig_sc,production_hours,2420.0
3371,2028-stress,CZ,W,bio,production_hours,0.0
3372,2028-stress,CZ,W,gas_eng_chp,production_hours,3490.0
3373,2028-stress,CZ,W,lig,production_hours,1728.0
3374,2028-stress,CZ,W,lig_ex,production_hours,4309.0
3375,2028-stress,CZ,W,coal,production_hours,0.0
3376,2028-stress,CZ,W,coal_ex,production_hours,4392.0
3377,2028-stress,CZ,W,gas_peak,production_hours,1056.0
3378,2028-stress,CZ,W,lig_old,production_hours,0.0
3379,2028-stress,CZ,W,b_CHP,production_hours,504.0
3380,2028-stress,CZ,W,lig_bp,production_hours,4348.0
3381,2028-stress,CZ,W,coal_bp,production_hours,0.0
3382,2028-stress,CZ,W,dsr,production_hours,0.0
3383,2028-stress,CZ,W,eens,production_hours,0.0
3384,2028-stress,CZ,W,h_ror,production_hours,4392.0
3385,2028-stress,CZ,W,h_dams,production_hours,4392.0
3386,2028-stress,CZ,W,li,production_hours,580.0
3387,2028-stress,CZ,W,pump_open,production_hours,578.0
3388,2028-stress,CZ,W,pump,production_hours,412.0
3389,2028-stress,CZ,Y,nuclear,capex_mn_EUR_per_yr,2738.4690791124917
3390,2028-stress,CZ,Y,solar,capex_mn_EUR_per_yr,362.97951645653444
3391,2028-stress,CZ,Y,onshore,capex_mn_EUR_per_yr,68.82996852045387
3392,2028-stress,CZ,Y,waste,capex_mn_EUR_per_yr,228.2938717209026
3393,2028-stress,CZ,Y,gas_ccgt,capex_mn_EUR_per_yr,76.18061222457844
3394,2028-stress,CZ,Y,gas_chp,capex_mn_EUR_per_yr,138.841538451773
3395,2028-stress,CZ,Y,biogas,capex_mn_EUR_per_yr,16.217086196531145
3396,2028-stress,CZ,Y,lig_sc,capex_mn_EUR_per_yr,144.15255774515765
3397,2028-stress,CZ,Y,bio,capex_mn_EUR_per_yr,0.0
3398,2028-stress,CZ,Y,gas_eng_chp,capex_mn_EUR_per_yr,22.59441391073202
3399,2028-stress,CZ,Y,lig,capex_mn_EUR_per_yr,285.68415989494883
3400,2028-stress,CZ,Y,lig_ex,capex_mn_EUR_per_yr,381.78586505838734
3401,2028-stress,CZ,Y,coal,capex_mn_EUR_per_yr,0.0
3402,2028-stress,CZ,Y,coal_ex,capex_mn_EUR_per_yr,26.048184884115727
3403,2028-stress,CZ,Y,gas_peak,capex_mn_EUR_per_yr,7.893982066856129
3404,2028-stress,CZ,Y,lig_old,capex_mn_EUR_per_yr,0.0
3405,2028-stress,CZ,Y,b_CHP,capex_mn_EUR_per_yr,109.81713302115291
3406,2028-stress,CZ,Y,lig_bp,capex_mn_EUR_per_yr,115.75887212868723
3407,2028-stress,CZ,Y,coal_bp,capex_mn_EUR_per_yr,0.0
3408,2028-stress,CZ,Y,dsr,capex_mn_EUR_per_yr,0.0
3409,2028-stress,CZ,Y,h_ror,capex_mn_EUR_per_yr,84.30517292657983
3410,2028-stress,CZ,Y,h_dams,capex_mn_EUR_per_yr,123.71530195731836
3411,2028-stress,CZ,Y,li,capex_mn_EUR_per_yr,4.011568788183623
3412,2028-stress,CZ,Y,pump_open,capex_mn_EUR_per_yr,95.47814765178921
3413,2028-stress,CZ,Y,pump,capex_mn_EUR_per_yr,137.73230661258106
3414,2028-stress,CZ,S,nuclear,capex_mn_EUR_per_yr,2738.4690791124917
3415,2028-stress,CZ,S,solar,capex_mn_EUR_per_yr,362.97951645653444
3416,2028-stress,CZ,S,onshore,capex_mn_EUR_per_yr,68.82996852045387
3417,2028-stress,CZ,S,waste,capex_mn_EUR_per_yr,228.2938717209026
3418,2028-stress,CZ,S,gas_ccgt,capex_mn_EUR_per_yr,76.18061222457844
3419,2028-stress,CZ,S,gas_chp,capex_mn_EUR_per_yr,138.841538451773
3420,2028-stress,CZ,S,biogas,capex_mn_EUR_per_yr,16.217086196531145
3421,2028-stress,CZ,S,lig_sc,capex_mn_EUR_per_yr,144.15255774515765
3422,2028-stress,CZ,S,bio,capex_mn_EUR_per_yr,0.0
3423,2028-stress,CZ,S,gas_eng_chp,capex_mn_EUR_per_yr,22.59441391073202
3424,2028-stress,CZ,S,lig,capex_mn_EUR_per_yr,285.68415989494883
3425,2028-stress,CZ,S,lig_ex,capex_mn_EUR_per_yr,381.78586505838734
3426,2028-stress,CZ,S,coal,capex_mn_EUR_per_yr,0.0
3427,2028-stress,CZ,S,coal_ex,capex_mn_EUR_per_yr,26.048184884115727
3428,2028-stress,CZ,S,gas_peak,capex_mn_EUR_per_yr,7.893982066856129
3429,2028-stress,CZ,S,lig_old,capex_mn_EUR_per_yr,0.0
3430,2028-stress,CZ,S,b_CHP,capex_mn_EUR_per_yr,109.81713302115291
3431,2028-stress,CZ,S,lig_bp,capex_mn_EUR_per_yr,115.75887212868723
3432,2028-stress,CZ,S,coal_bp,capex_mn_EUR_per_yr,0.0
3433,2028-stress,CZ,S,dsr,capex_mn_EUR_per_yr,0.0
3434,2028-stress,CZ,S,h_ror,capex_mn_EUR_per_yr,84.30517292657983
3435,2028-stress,CZ,S,h_dams,capex_mn_EUR_per_yr,123.71530195731836
3436,2028-stress,CZ,S,li,capex_mn_EUR_per_yr,4.011568788183623
3437,2028-stress,CZ,S,pump_open,capex_mn_EUR_per_yr,95.47814765178921
3438,2028-stress,CZ,S,pump,capex_mn_EUR_per_yr,137.73230661258106
3439,2028-stress,CZ,W,nuclear,capex_mn_EUR_per_yr,2738.4690791124917
3440,2028-stress,CZ,W,solar,capex_mn_EUR_per_yr,362.97951645653444
3441,2028-stress,CZ,W,onshore,capex_mn_EUR_per_yr,68.82996852045387
3442,2028-stress,CZ,W,waste,capex_mn_EUR_per_yr,228.2938717209026
3443,2028-stress,CZ,W,gas_ccgt,capex_mn_EUR_per_yr,76.18061222457844
3444,2028-stress,CZ,W,gas_chp,capex_mn_EUR_per_yr,138.841538451773
3445,2028-stress,CZ,W,biogas,capex_mn_EUR_per_yr,16.217086196531145
3446,2028-stress,CZ,W,lig_sc,capex_mn_EUR_per_yr,144.15255774515765
3447,2028-stress,CZ,W,bio,capex_mn_EUR_per_yr,0.0
3448,2028-stress,CZ,W,gas_eng_chp,capex_mn_EUR_per_yr,22.59441391073202
3449,2028-stress,CZ,W,lig,capex_mn_EUR_per_yr,285.68415989494883
3450,2028-stress,CZ,W,lig_ex,capex_mn_EUR_per_yr,381.78586505838734
3451,2028-stress,CZ,W,coal,capex_mn_EUR_per_yr,0.0
3452,2028-stress,CZ,W,coal_ex,capex_mn_EUR_per_yr,26.048184884115727
3453,2028-stress,CZ,W,gas_peak,capex_mn_EUR_per_yr,7.893982066856129
3454,2028-stress,CZ,W,lig_old,capex_mn_EUR_per_yr,0.0
3455,2028-stress,CZ,W,b_CHP,capex_mn_EUR_per_yr,109.81713302115291
3456,2028-stress,CZ,W,lig_bp,capex_mn_EUR_per_yr,115.75887212868723
3457,2028-stress,CZ,W,coal_bp,capex_mn_EUR_per_yr,0.0
3458,2028-stress,CZ,W,dsr,capex_mn_EUR_per_yr,0.0
3459,2028-stress,CZ,W,h_ror,capex_mn_EUR_per_yr,84.30517292657983
3460,2028-stress,CZ,W,h_dams,capex_mn_EUR_per_yr,123.71530195731836
3461,2028-stress,CZ,W,li,capex_mn_EUR_per_yr,4.011568788183623
3462,2028-stress,CZ,W,pump_open,capex_mn_EUR_per_yr,95.47814765178921
3463,2028-stress,CZ,W,pump,capex_mn_EUR_per_yr,137.73230661258106
3464,2028-stress,CZ,Y,nuclear,opex_mn_EUR,494.9444766359082
3465,2028-stress,CZ,Y,solar,opex_mn_EUR,0.0
3466,2028-stress,CZ,Y,onshore,opex_mn_EUR,0.0
3467,2028-stress,CZ,Y,waste,opex_mn_EUR,45.768958402874524
3468,2028-stress,CZ,Y,gas_ccgt,opex_mn_EUR,422.48170580700906
3469,2028-stress,CZ,Y,gas_chp,opex_mn_EUR,219.57774347530494
3470,2028-stress,CZ,Y,biogas,opex_mn_EUR,106.78686693571706
3471,2028-stress,CZ,Y,lig_sc,opex_mn_EUR,94.8590620651493
3472,2028-stress,CZ,Y,bio,opex_mn_EUR,0.0
3473,2028-stress,CZ,Y,gas_eng_chp,opex_mn_EUR,167.5679084000108
3474,2028-stress,CZ,Y,lig,opex_mn_EUR,141.85926670481882
3475,2028-stress,CZ,Y,lig_ex,opex_mn_EUR,250.23777618638542
3476,2028-stress,CZ,Y,coal,opex_mn_EUR,0.0
3477,2028-stress,CZ,Y,coal_ex,opex_mn_EUR,24.622913361620192
3478,2028-stress,CZ,Y,gas_peak,opex_mn_EUR,10.966000083895867
3479,2028-stress,CZ,Y,lig_old,opex_mn_EUR,0.0
3480,2028-stress,CZ,Y,b_CHP,opex_mn_EUR,5.358516626193252
3481,2028-stress,CZ,Y,lig_bp,opex_mn_EUR,358.26901837313784
3482,2028-stress,CZ,Y,coal_bp,opex_mn_EUR,0.0
3483,2028-stress,CZ,Y,dsr,opex_mn_EUR,0.0
3484,2028-stress,CZ,Y,h_ror,opex_mn_EUR,2.321515058915279
3485,2028-stress,CZ,Y,h_dams,opex_mn_EUR,2.618031428571429
3486,2028-stress,CZ,Y,li,opex_mn_EUR,0.44821817653666624
3487,2028-stress,CZ,Y,pump_open,opex_mn_EUR,1.5480569836413107
3488,2028-stress,CZ,Y,pump,opex_mn_EUR,1.9948077949564678
3489,2028-stress,CZ,S,nuclear,opex_mn_EUR,239.2161165494021
3490,2028-stress,CZ,S,solar,opex_mn_EUR,0.0
3491,2028-stress,CZ,S,onshore,opex_mn_EUR,0.0
3492,2028-stress,CZ,S,waste,opex_mn_EUR,18.191949783163665
3493,2028-stress,CZ,S,gas_ccgt,opex_mn_EUR,197.9990999734028
3494,2028-stress,CZ,S,gas_chp,opex_mn_EUR,39.1358402226239
3495,2028-stress,CZ,S,biogas,opex_mn_EUR,27.712690726680286
3496,2028-stress,CZ,S,lig_sc,opex_mn_EUR,0.0
3497,2028-stress,CZ,S,bio,opex_mn_EUR,0.0
3498,2028-stress,CZ,S,gas_eng_chp,opex_mn_EUR,58.892501329223585
3499,2028-stress,CZ,S,lig,opex_mn_EUR,0.0
3500,2028-stress,CZ,S,lig_ex,opex_mn_EUR,108.4059696376868
3501,2028-stress,CZ,S,coal,opex_mn_EUR,0.0
3502,2028-stress,CZ,S,coal_ex,opex_mn_EUR,10.318036162973888
3503,2028-stress,CZ,S,gas_peak,opex_mn_EUR,0.0
3504,2028-stress,CZ,S,lig_old,opex_mn_EUR,0.0
3505,2028-stress,CZ,S,b_CHP,opex_mn_EUR,1.7840044629095477e-16
3506,2028-stress,CZ,S,lig_bp,opex_mn_EUR,69.77764156896163
3507,2028-stress,CZ,S,coal_bp,opex_mn_EUR,0.0
3508,2028-stress,CZ,S,dsr,opex_mn_EUR,0.0
3509,2028-stress,CZ,S,h_ror,opex_mn_EUR,
3510,2028-stress,CZ,S,h_dams,opex_mn_EUR,1.447942242857143
3511,2028-stress,CZ,S,li,opex_mn_EUR,0.19388801119203183
3512,2028-stress,CZ,S,pump_open,opex_mn_EUR,0.8828956399133823
3513,2028-stress,CZ,S,pump,opex_mn_EUR,1.2009324549661737
3514,2028-stress,CZ,W,nuclear,opex_mn_EUR,255.72836008650606
3515,2028-stress,CZ,W,solar,opex_mn_EUR,0.0
3516,2028-stress,CZ,W,onshore,opex_mn_EUR,0.0
3517,2028-stress,CZ,W,waste,opex_mn_EUR,27.57700861971087
3518,2028-stress,CZ,W,gas_ccgt,opex_mn_EUR,224.48260583360627
3519,2028-stress,CZ,W,gas_chp,opex_mn_EUR,180.44190325268107
3520,2028-stress,CZ,W,biogas,opex_mn_EUR,79.07417620903675
3521,2028-stress,CZ,W,lig_sc,opex_mn_EUR,94.85906206514929
3522,2028-stress,CZ,W,bio,opex_mn_EUR,0.0
3523,2028-stress,CZ,W,gas_eng_chp,opex_mn_EUR,108.67540707078719
3524,2028-stress,CZ,W,lig,opex_mn_EUR,141.85926670481885
3525,2028-stress,CZ,W,lig_ex,opex_mn_EUR,141.83180654869867
3526,2028-stress,CZ,W,coal,opex_mn_EUR,0.0
3527,2028-stress,CZ,W,coal_ex,opex_mn_EUR,14.304877198646302
3528,2028-stress,CZ,W,gas_peak,opex_mn_EUR,10.966000083895867
3529,2028-stress,CZ,W,lig_old,opex_mn_EUR,0.0
3530,2028-stress,CZ,W,b_CHP,opex_mn_EUR,5.358516626193252
3531,2028-stress,CZ,W,lig_bp,opex_mn_EUR,288.4913768041762
3532,2028-stress,CZ,W,coal_bp,opex_mn_EUR,0.0
3533,2028-stress,CZ,W,dsr,opex_mn_EUR,0.0
3534,2028-stress,CZ,W,h_ror,opex_mn_EUR,1.1806381333333333
3535,2028-stress,CZ,W,h_dams,opex_mn_EUR,1.1700891857142859
3536,2028-stress,CZ,W,li,opex_mn_EUR,0.2543301653446344
3537,2028-stress,CZ,W,pump_open,opex_mn_EUR,0.6651613437279286
3538,2028-stress,CZ,W,pump,opex_mn_EUR,0.7938753399902938
3539,2028-stress,CZ,Y,h_ror,wholesale_expenses_mn_EUR,0.0
3540,2028-stress,CZ,Y,h_dams,wholesale_expenses_mn_EUR,0.0
3541,2028-stress,CZ,Y,li,wholesale_expenses_mn_EUR,12.90780267667774
3542,2028-stress,CZ,Y,pump_open,wholesale_expenses_mn_EUR,50.86188603457245
3543,2028-stress,CZ,Y,pump,wholesale_expenses_mn_EUR,74.2817027390494
3544,2028-stress,CZ,Y,IMPORT_EXPORT,wholesale_expenses_mn_EUR,1968.959175797146
3545,2028-stress,CZ,S,h_ror,wholesale_expenses_mn_EUR,0.0
3546,2028-stress,CZ,S,h_dams,wholesale_expenses_mn_EUR,0.0
3547,2028-stress,CZ,S,li,wholesale_expenses_mn_EUR,2.598489069679603
3548,2028-stress,CZ,S,pump_open,wholesale_expenses_mn_EUR,14.399559989084818
3549,2028-stress,CZ,S,pump,wholesale_expenses_mn_EUR,20.372278853310906
3550,2028-stress,CZ,S,IMPORT_EXPORT,wholesale_expenses_mn_EUR,665.8293665817092
3551,2028-stress,CZ,W,h_ror,wholesale_expenses_mn_EUR,0.0
3552,2028-stress,CZ,W,h_dams,wholesale_expenses_mn_EUR,0.0
3553,2028-stress,CZ,W,li,wholesale_expenses_mn_EUR,10.309313606998135
3554,2028-stress,CZ,W,pump_open,wholesale_expenses_mn_EUR,36.46232604548764
3555,2028-stress,CZ,W,pump,wholesale_expenses_mn_EUR,53.90942388573848
3556,2028-stress,CZ,W,IMPORT_EXPORT,wholesale_expenses_mn_EUR,1303.1298092154368
3557,2028-stress,CZ,Y,nuclear,wholesale_revenues_mn_EUR,4109.993677700274
3558,2028-stress,CZ,Y,solar,wholesale_revenues_mn_EUR,665.073792167946
3559,2028-stress,CZ,Y,onshore,wholesale_revenues_mn_EUR,117.13487520472925
3560,2028-stress,CZ,Y,waste,wholesale_revenues_mn_EUR,244.19327008879998
3561,2028-stress,CZ,Y,gas_ccgt,wholesale_revenues_mn_EUR,884.0013721321583
3562,2028-stress,CZ,Y,gas_chp,wholesale_revenues_mn_EUR,758.540668496912
3563,2028-stress,CZ,Y,biogas,wholesale_revenues_mn_EUR,297.0272090646317
3564,2028-stress,CZ,Y,lig_sc,wholesale_revenues_mn_EUR,380.6386887377042
3565,2028-stress,CZ,Y,bio,wholesale_revenues_mn_EUR,0.0
3566,2028-stress,CZ,Y,gas_eng_chp,wholesale_revenues_mn_EUR,377.66302823728364
3567,2028-stress,CZ,Y,lig,wholesale_revenues_mn_EUR,696.7082203072498
3568,2028-stress,CZ,Y,lig_ex,wholesale_revenues_mn_EUR,658.7842280348375
3569,2028-stress,CZ,Y,coal,wholesale_revenues_mn_EUR,0.0
3570,2028-stress,CZ,Y,coal_ex,wholesale_revenues_mn_EUR,51.87927463043813
3571,2028-stress,CZ,Y,gas_peak,wholesale_revenues_mn_EUR,72.47904736249079
3572,2028-stress,CZ,Y,lig_old,wholesale_revenues_mn_EUR,0.0
3573,2028-stress,CZ,Y,b_CHP,wholesale_revenues_mn_EUR,57.03077851382528
3574,2028-stress,CZ,Y,lig_bp,wholesale_revenues_mn_EUR,391.11754408118486
3575,2028-stress,CZ,Y,coal_bp,wholesale_revenues_mn_EUR,0.0
3576,2028-stress,CZ,Y,dsr,wholesale_revenues_mn_EUR,0.0
3577,2028-stress,CZ,Y,h_ror,wholesale_revenues_mn_EUR,189.29806329551633
3578,2028-stress,CZ,Y,h_dams,wholesale_revenues_mn_EUR,177.5246192045333
3579,2028-stress,CZ,Y,li,wholesale_revenues_mn_EUR,18.56600087284138
3580,2028-stress,CZ,Y,pump_open,wholesale_revenues_mn_EUR,104.00554994049529
3581,2028-stress,CZ,Y,pump,wholesale_revenues_mn_EUR,127.70484112193355
3582,2028-stress,CZ,Y,IMPORT_EXPORT,wholesale_revenues_mn_EUR,55.650966462278205
3583,2028-stress,CZ,S,nuclear,wholesale_revenues_mn_EUR,1005.6368773165376
3584,2028-stress,CZ,S,solar,wholesale_revenues_mn_EUR,298.11607555933097
3585,2028-stress,CZ,S,onshore,wholesale_revenues_mn_EUR,37.75058772255675
3586,2028-stress,CZ,S,waste,wholesale_revenues_mn_EUR,43.234861935973676
3587,2028-stress,CZ,S,gas_ccgt,wholesale_revenues_mn_EUR,212.9374765413777
3588,2028-stress,CZ,S,gas_chp,wholesale_revenues_mn_EUR,42.5400244244359
3589,2028-stress,CZ,S,biogas,wholesale_revenues_mn_EUR,28.566075633647994
3590,2028-stress,CZ,S,lig_sc,wholesale_revenues_mn_EUR,0.0
3591,2028-stress,CZ,S,bio,wholesale_revenues_mn_EUR,0.0
3592,2028-stress,CZ,S,gas_eng_chp,wholesale_revenues_mn_EUR,54.302789124069136
3593,2028-stress,CZ,S,lig,wholesale_revenues_mn_EUR,0.0
3594,2028-stress,CZ,S,lig_ex,wholesale_revenues_mn_EUR,82.29148891948448
3595,2028-stress,CZ,S,coal,wholesale_revenues_mn_EUR,0.0
3596,2028-stress,CZ,S,coal_ex,wholesale_revenues_mn_EUR,7.799575716375097
3597,2028-stress,CZ,S,gas_peak,wholesale_revenues_mn_EUR,0.0
3598,2028-stress,CZ,S,lig_old,wholesale_revenues_mn_EUR,0.0
3599,2028-stress,CZ,S,b_CHP,wholesale_revenues_mn_EUR,1.0289303405886581e-16
3600,2028-stress,CZ,S,lig_bp,wholesale_revenues_mn_EUR,28.979184140478946
3601,2028-stress,CZ,S,coal_bp,wholesale_revenues_mn_EUR,0.0
3602,2028-stress,CZ,S,dsr,wholesale_revenues_mn_EUR,0.0
3603,2028-stress,CZ,S,h_ror,wholesale_revenues_mn_EUR,49.4656778381031
3604,2028-stress,CZ,S,h_dams,wholesale_revenues_mn_EUR,46.846131860511335
3605,2028-stress,CZ,S,li,wholesale_revenues_mn_EUR,3.9481888834711842
3606,2028-stress,CZ,S,pump_open,wholesale_revenues_mn_EUR,22.517174228627137
3607,2028-stress,CZ,S,pump,wholesale_revenues_mn_EUR,30.398369802583
3608,2028-stress,CZ,S,IMPORT_EXPORT,wholesale_revenues_mn_EUR,0.08392920195026067
3609,2028-stress,CZ,W,nuclear,wholesale_revenues_mn_EUR,3104.3568003837368
3610,2028-stress,CZ,W,solar,wholesale_revenues_mn_EUR,366.9577166086151
3611,2028-stress,CZ,W,onshore,wholesale_revenues_mn_EUR,79.38428748217251
3612,2028-stress,CZ,W,waste,wholesale_revenues_mn_EUR,200.95840815282637
3613,2028-stress,CZ,W,gas_ccgt,wholesale_revenues_mn_EUR,671.0638955907807
3614,2028-stress,CZ,W,gas_chp,wholesale_revenues_mn_EUR,716.0006440724761
3615,2028-stress,CZ,W,biogas,wholesale_revenues_mn_EUR,268.46113343098375
3616,2028-stress,CZ,W,lig_sc,wholesale_revenues_mn_EUR,380.6386887377042
3617,2028-stress,CZ,W,bio,wholesale_revenues_mn_EUR,0.0
3618,2028-stress,CZ,W,gas_eng_chp,wholesale_revenues_mn_EUR,323.3602391132145
3619,2028-stress,CZ,W,lig,wholesale_revenues_mn_EUR,696.7082203072498
3620,2028-stress,CZ,W,lig_ex,wholesale_revenues_mn_EUR,576.4927391153532
3621,2028-stress,CZ,W,coal,wholesale_revenues_mn_EUR,0.0
3622,2028-stress,CZ,W,coal_ex,wholesale_revenues_mn_EUR,44.07969891406304
3623,2028-stress,CZ,W,gas_peak,wholesale_revenues_mn_EUR,72.47904736249079
3624,2028-stress,CZ,W,lig_old,wholesale_revenues_mn_EUR,0.0
3625,2028-stress,CZ,W,b_CHP,wholesale_revenues_mn_EUR,57.03077851382528
3626,2028-stress,CZ,W,lig_bp,wholesale_revenues_mn_EUR,362.13835994070587
3627,2028-stress,CZ,W,coal_bp,wholesale_revenues_mn_EUR,0.0
3628,2028-stress,CZ,W,dsr,wholesale_revenues_mn_EUR,0.0
3629,2028-stress,CZ,W,h_ror,wholesale_revenues_mn_EUR,139.83238545741327
3630,2028-stress,CZ,W,h_dams,wholesale_revenues_mn_EUR,130.678487344022
3631,2028-stress,CZ,W,li,wholesale_revenues_mn_EUR,14.61781198937019
3632,2028-stress,CZ,W,pump_open,wholesale_revenues_mn_EUR,81.48837571186813
3633,2028-stress,CZ,W,pump,wholesale_revenues_mn_EUR,97.30647131935054
3634,2028-stress,CZ,W,IMPORT_EXPORT,wholesale_revenues_mn_EUR,55.56703726032794
3635,2028-stress,CZ,Y,TOTAL,avg_consumer_price_EUR_per_MWh,183.0981043847034
3636,2028-stress,CZ,S,TOTAL,avg_consumer_price_EUR_per_MWh,85.86091904996029
3637,2028-stress,CZ,W,TOTAL,avg_consumer_price_EUR_per_MWh,266.03912913844374
3638,2028-stress,CZ,Y,TOTAL,avg_producer_price_EUR_per_MWh,196.64753053331202
3639,2028-stress,CZ,S,TOTAL,avg_producer_price_EUR_per_MWh,83.45374963452765
3640,2028-stress,CZ,W,TOTAL,avg_producer_price_EUR_per_MWh,287.27793127022073
3641,2028-stress,CZ,Y,nuclear,capacity_factor,0.672061160003901
3642,2028-stress,CZ,Y,solar,capacity_factor,0.11029925232139365
3643,2028-stress,CZ,Y,onshore,capacity_factor,0.24489774503057474
3644,2028-stress,CZ,Y,waste,capacity_factor,0.6666666666665815
3645,2028-stress,CZ,Y,gas_ccgt,capacity_factor,0.9192946010814285
3646,2028-stress,CZ,Y,gas_chp,capacity_factor,0.5333333333333268
3647,2028-stress,CZ,Y,biogas,capacity_factor,0.44277672544755214
3648,2028-stress,CZ,Y,lig_sc,capacity_factor,0.238680629810292
3649,2028-stress,CZ,Y,gas_eng_chp,capacity_factor,0.5333333333333679
3650,2028-stress,CZ,Y,lig,capacity_factor,0.1676444512992399
3651,2028-stress,CZ,Y,lig_ex,capacity_factor,0.5333333333333179
3652,2028-stress,CZ,Y,coal_ex,capacity_factor,0.5333333333333125
3653,2028-stress,CZ,Y,gas_peak,capacity_factor,0.10767240126380119
3654,2028-stress,CZ,Y,b_CHP,capacity_factor,0.04509301505643055
3655,2028-stress,CZ,Y,lig_bp,capacity_factor,0.5333333333333465
3656,2028-stress,CZ,Y,h_ror,capacity_factor,0.3192929332281564
3657,2028-stress,CZ,Y,h_dams,capacity_factor,0.16358075272307002
3658,2028-stress,CZ,Y,li,capacity_factor,0.1023329170175037
3659,2028-stress,CZ,Y,pump_open,capacity_factor,0.0939993796537277
3660,2028-stress,CZ,Y,pump,capacity_factor,0.08396673481282527
3661,2028-stress,CZ,Y,TOTAL,capacity_factor,0.3117242628133849
3662,2028-stress,CZ,S,nuclear,capacity_factor,0.6514247085763767
3663,2028-stress,CZ,S,solar,capacity_factor,0.1493831184778269
3664,2028-stress,CZ,S,onshore,capacity_factor,0.20302885509842747
3665,2028-stress,CZ,S,waste,capacity_factor,0.5140101141657585
3666,2028-stress,CZ,S,gas_ccgt,capacity_factor,0.8546761413910035
3667,2028-stress,CZ,S,gas_chp,capacity_factor,0.2293452170339773
3668,2028-stress,CZ,S,biogas,capacity_factor,0.22908631065883092
3669,2028-stress,CZ,S,lig_sc,capacity_factor,0.0
3670,2028-stress,CZ,S,gas_eng_chp,capacity_factor,0.3759147407426796
3671,2028-stress,CZ,S,lig,capacity_factor,0.0
3672,2028-stress,CZ,S,lig_ex,capacity_factor,0.4836094478266398
3673,2028-stress,CZ,S,coal_ex,capacity_factor,0.4562743049068738
3674,2028-stress,CZ,S,gas_peak,capacity_factor,0.0
3675,2028-stress,CZ,S,b_CHP,capacity_factor,3.2148333426735306e-18
3676,2028-stress,CZ,S,lig_bp,capacity_factor,0.2064594094388665
3677,2028-stress,CZ,S,h_ror,capacity_factor,0.3146864726990229
3678,2028-stress,CZ,S,h_dams,capacity_factor,0.18143875682140986
3679,2028-stress,CZ,S,li,capacity_factor,0.0887765619011135
3680,2028-stress,CZ,S,pump_open,capacity_factor,0.1075149588780812
3681,2028-stress,CZ,S,pump,capacity_factor,0.10137859470780503
3682,2028-stress,CZ,S,TOTAL,capacity_factor,1.2503225926031372
3683,2028-stress,CZ,W,nuclear,capacity_factor,0.6925848439372861
3684,2028-stress,CZ,W,solar,capacity_factor,0.07142895920406662
3685,2028-stress,CZ,W,onshore,capacity_factor,0.2865378432144589
3686,2028-stress,CZ,W,waste,capacity_factor,0.8184890303559245
3687,2028-stress,CZ,W,gas_ccgt,capacity_factor,0.9835599544347476
3688,2028-stress,CZ,W,gas_chp,capacity_factor,0.8356603123851387
3689,2028-stress,CZ,W,biogas,capacity_factor,0.6552994330516355
3690,2028-stress,CZ,W,lig_sc,capacity_factor,0.4760569938839157
3691,2028-stress,CZ,W,gas_eng_chp,capacity_factor,0.6898917150355822
3692,2028-stress,CZ,W,lig,capacity_factor,0.3343728127006698
3693,2028-stress,CZ,W,lig_ex,capacity_factor,0.5827855036186481
3694,2028-stress,CZ,W,coal_ex,capacity_factor,0.6099712741727213
3695,2028-stress,CZ,W,gas_peak,capacity_factor,0.21475642875020454
3696,2028-stress,CZ,W,b_CHP,capacity_factor,0.08993962019451995
3697,2028-stress,CZ,W,lig_bp,capacity_factor,0.8584210609223921
3698,2028-stress,CZ,W,h_ror,capacity_factor,0.32387422184183
3699,2028-stress,CZ,W,h_dams,capacity_factor,0.145820333346579
3700,2028-stress,CZ,W,li,capacity_factor,0.11581519369063495
3701,2028-stress,CZ,W,pump_open,capacity_factor,0.08055765605355102
3702,2028-stress,CZ,W,pump,capacity_factor,0.06665002169322791
3703,2028-stress,CZ,W,TOTAL,capacity_factor,1.2434902287091307
3704,2028-stress,CZ,Y,li,capacity_factor_charging,0.009008666220200535
3705,2028-stress,CZ,Y,pump_open,capacity_factor_charging,0.12828663352850778
3706,2028-stress,CZ,Y,pump,capacity_factor_charging,0.11907933024409205
3707,2028-stress,CZ,S,li,capacity_factor_charging,0.007836260297122316
3708,2028-stress,CZ,S,pump_open,capacity_factor_charging,0.15182327734369722
3709,2028-stress,CZ,S,pump,capacity_factor_charging,0.1445502980949061
3710,2028-stress,CZ,W,li,capacity_factor_charging,0.010174665553535151
3711,2028-stress,CZ,W,pump_open,capacity_factor_charging,0.10487860525329207
3712,2028-stress,CZ,W,pump,capacity_factor_charging,0.09374754800994912
3713,2028-stress,CZ,Y,nuclear,emissions_MtCO2,0.0
3714,2028-stress,CZ,Y,solar,emissions_MtCO2,0.0
3715,2028-stress,CZ,Y,onshore,emissions_MtCO2,0.0
3716,2028-stress,CZ,Y,waste,emissions_MtCO2,0.0
3717,2028-stress,CZ,Y,gas_ccgt,emissions_MtCO2,1.953260172112552
3718,2028-stress,CZ,Y,gas_chp,emissions_MtCO2,1.4030015999999825
3719,2028-stress,CZ,Y,biogas,emissions_MtCO2,0.0
3720,2028-stress,CZ,Y,lig_sc,emissions_MtCO2,0.8472287566003551
3721,2028-stress,CZ,Y,bio,emissions_MtCO2,0.0
3722,2028-stress,CZ,Y,gas_eng_chp,emissions_MtCO2,0.7567472000000488
3723,2028-stress,CZ,Y,lig,emissions_MtCO2,1.2677831327982445
3724,2028-stress,CZ,Y,lig_ex,emissions_MtCO2,5.389992959999844
3725,2028-stress,CZ,Y,coal,emissions_MtCO2,0.0
3726,2028-stress,CZ,Y,coal_ex,emissions_MtCO2,0.4539064780799822
3727,2028-stress,CZ,Y,gas_peak,emissions_MtCO2,0.04993378564721211
3728,2028-stress,CZ,Y,lig_old,emissions_MtCO2,0.0
3729,2028-stress,CZ,Y,b_CHP,emissions_MtCO2,0.0
3730,2028-stress,CZ,Y,lig_bp,emissions_MtCO2,3.2685312000000804
3731,2028-stress,CZ,Y,coal_bp,emissions_MtCO2,0.0
3732,2028-stress,CZ,Y,dsr,emissions_MtCO2,0.0
3733,2028-stress,CZ,Y,eens,emissions_MtCO2,0.0
3734,2028-stress,CZ,Y,h_ror,emissions_MtCO2,0.0
3735,2028-stress,CZ,Y,h_dams,emissions_MtCO2,0.0
3736,2028-stress,CZ,Y,li,emissions_MtCO2,0.0
3737,2028-stress,CZ,Y,pump_open,emissions_MtCO2,0.0
3738,2028-stress,CZ,Y,pump,emissions_MtCO2,0.0
3739,2028-stress,CZ,Y,TOTAL,emissions_MtCO2,15.390385285238303
3740,2028-stress,CZ,S,nuclear,emissions_MtCO2,0.0
3741,2028-stress,CZ,S,solar,emissions_MtCO2,0.0
3742,2028-stress,CZ,S,onshore,emissions_MtCO2,0.0
3743,2028-stress,CZ,S,waste,emissions_MtCO2,0.0
3744,2028-stress,CZ,S,gas_ccgt,emissions_MtCO2,0.9054938172762863
3745,2028-stress,CZ,S,gas_chp,emissions_MtCO2,0.30083450637372516
3746,2028-stress,CZ,S,biogas,emissions_MtCO2,0.0
3747,2028-stress,CZ,S,lig_sc,emissions_MtCO2,0.0
3748,2028-stress,CZ,S,bio,emissions_MtCO2,0.0
3749,2028-stress,CZ,S,gas_eng_chp,emissions_MtCO2,0.26596223529568286
3750,2028-stress,CZ,S,lig,emissions_MtCO2,0.0
3751,2028-stress,CZ,S,lig_ex,emissions_MtCO2,2.4370406326534098
3752,2028-stress,CZ,S,coal,emissions_MtCO2,0.0
3753,2028-stress,CZ,S,coal_ex,emissions_MtCO2,0.19362979636499797
3754,2028-stress,CZ,S,gas_peak,emissions_MtCO2,0.0
3755,2028-stress,CZ,S,lig_old,emissions_MtCO2,0.0
3756,2028-stress,CZ,S,b_CHP,emissions_MtCO2,0.0
3757,2028-stress,CZ,S,lig_bp,emissions_MtCO2,0.6309095644201066
3758,2028-stress,CZ,S,coal_bp,emissions_MtCO2,0.0
3759,2028-stress,CZ,S,dsr,emissions_MtCO2,0.0
3760,2028-stress,CZ,S,eens,emissions_MtCO2,0.0
3761,2028-stress,CZ,S,h_ror,emissions_MtCO2,0.0
3762,2028-stress,CZ,S,h_dams,emissions_MtCO2,0.0
3763,2028-stress,CZ,S,li,emissions_MtCO2,0.0
3764,2028-stress,CZ,S,pump_open,emissions_MtCO2,0.0
3765,2028-stress,CZ,S,pump,emissions_MtCO2,0.0
3766,2028-stress,CZ,S,TOTAL,emissions_MtCO2,30.780770570476605
3767,2028-stress,CZ,W,nuclear,emissions_MtCO2,0.0
3768,2028-stress,CZ,W,solar,emissions_MtCO2,0.0
3769,2028-stress,CZ,W,onshore,emissions_MtCO2,0.0
3770,2028-stress,CZ,W,waste,emissions_MtCO2,0.0
3771,2028-stress,CZ,W,gas_ccgt,emissions_MtCO2,1.0477663548362661
3772,2028-stress,CZ,W,gas_chp,emissions_MtCO2,1.1021670936262573
3773,2028-stress,CZ,W,biogas,emissions_MtCO2,0.0
3774,2028-stress,CZ,W,lig_sc,emissions_MtCO2,0.847228756600355
3775,2028-stress,CZ,W,bio,emissions_MtCO2,0.0
3776,2028-stress,CZ,W,gas_eng_chp,emissions_MtCO2,0.4907849647043659
3777,2028-stress,CZ,W,lig,emissions_MtCO2,1.2677831327982447
3778,2028-stress,CZ,W,lig_ex,emissions_MtCO2,2.9529523273464346
3779,2028-stress,CZ,W,coal,emissions_MtCO2,0.0
3780,2028-stress,CZ,W,coal_ex,emissions_MtCO2,0.26027668171498425
3781,2028-stress,CZ,W,gas_peak,emissions_MtCO2,0.04993378564721211
3782,2028-stress,CZ,W,lig_old,emissions_MtCO2,0.0
3783,2028-stress,CZ,W,b_CHP,emissions_MtCO2,0.0
3784,2028-stress,CZ,W,lig_bp,emissions_MtCO2,2.6376216355799733
3785,2028-stress,CZ,W,coal_bp,emissions_MtCO2,0.0
3786,2028-stress,CZ,W,dsr,emissions_MtCO2,0.0
3787,2028-stress,CZ,W,eens,emissions_MtCO2,0.0
3788,2028-stress,CZ,W,h_ror,emissions_MtCO2,0.0
3789,2028-stress,CZ,W,h_dams,emissions_MtCO2,0.0
3790,2028-stress,CZ,W,li,emissions_MtCO2,0.0
3791,2028-stress,CZ,W,pump_open,emissions_MtCO2,0.0
3792,2028-stress,CZ,W,pump,emissions_MtCO2,0.0
3793,2028-stress,CZ,W,TOTAL,emissions_MtCO2,30.780770570476605
3794,2028-stress,CZ,Y,nuclear,power_share_high_value,0.9921123458328609
3795,2028-stress,CZ,Y,solar,power_share_high_value,0.959134525889196
3796,2028-stress,CZ,Y,onshore,power_share_high_value,0.9952677715649425
3797,2028-stress,CZ,S,nuclear,power_share_high_value,0.985756993020744
3798,2028-stress,CZ,S,solar,power_share_high_value,0.9479697874623445
3799,2028-stress,CZ,S,onshore,power_share_high_value,0.989908750945283
3800,2028-stress,CZ,W,nuclear,power_share_high_value,0.9980573369105091
3801,2028-stress,CZ,W,solar,power_share_high_value,0.9823563349757106
3802,2028-stress,CZ,W,onshore,power_share_high_value,0.9990442021326658
3803,2028-stress,CZ,Y,nuclear,power_share_low_value,0.007887654167139163
3804,2028-stress,CZ,Y,solar,power_share_low_value,0.04086547411080382
3805,2028-stress,CZ,Y,onshore,power_share_low_value,0.004732228435057776
3806,2028-stress,CZ,S,nuclear,power_share_low_value,0.014243006979255905
3807,2028-stress,CZ,S,solar,power_share_low_value,0.052030212537655496
3808,2028-stress,CZ,S,onshore,power_share_low_value,0.010091249054717068
3809,2028-stress,CZ,W,nuclear,power_share_low_value,0.0019426630894909492
3810,2028-stress,CZ,W,solar,power_share_low_value,0.017643665024289323
3811,2028-stress,CZ,W,onshore,power_share_low_value,0.0009557978673342979
3812,2028-stress,CZ,Y,nuclear,power_share_zero_value,0.0
3813,2028-stress,CZ,Y,solar,power_share_zero_value,0.0
3814,2028-stress,CZ,Y,onshore,power_share_zero_value,0.0
3815,2028-stress,CZ,S,nuclear,power_share_zero_value,0.0
3816,2028-stress,CZ,S,solar,power_share_zero_value,0.0
3817,2028-stress,CZ,S,onshore,power_share_zero_value,0.0
3818,2028-stress,CZ,W,nuclear,power_share_zero_value,0.0
3819,2028-stress,CZ,W,solar,power_share_zero_value,0.0
3820,2028-stress,CZ,W,onshore,power_share_zero_value,0.0
