MARKET_NODE,TARGET_YEAR,CAPACITY_MW,TECHNOLOGY,DATA_VERSION,STATUS
AL00,2026,0,Non-market batteries,Post-CfE,Non-Market
AL00,2026,1822,Reservoir,Post-CfE,Market
AL00,2026,1822,Reservoir,Pre-CfE,Market
AL00,2026,421,Run of river,Post-CfE,Market
AL00,2026,421,Run of river,Pre-CfE,Market
AL00,2026,350,Solar (PV),Post-CfE,Market
AL00,2026,350,Solar (PV),Pre-CfE,Market
AL00,2026,0,Implicit solar PV,Post-CfE,Market
AL00,2026,0,Implicit solar PV,Pre-CfE,Market
AL00,2026,100,Wind onshore,Post-CfE,Market
AL00,2026,100,Wind onshore,Pre-CfE,Market
AL00,2028,300,Gas,Post-CfE,Market
AL00,2028,300,Gas,Pre-CfE,Market
AL00,2028,0,Non-market batteries,Post-CfE,Non-Market
AL00,2028,1822,Reservoir,Post-CfE,Market
AL00,2028,1822,Reservoir,Pre-CfE,Market
AL00,2028,421,Run of river,Post-CfE,Market
AL00,2028,421,Run of river,Pre-CfE,Market
AL00,2028,550,Solar (PV),Post-CfE,Market
AL00,2028,550,Solar (PV),Pre-CfE,Market
AL00,2028,0,Implicit solar PV,Post-CfE,Market
AL00,2028,0,Implicit solar PV,Pre-CfE,Market
AL00,2028,200,Wind onshore,Post-CfE,Market
AL00,2028,200,Wind onshore,Pre-CfE,Market
AL00,2030,300,Gas,Post-CfE,Market
AL00,2030,300,Gas,Pre-CfE,Market
AL00,2030,0,Non-market batteries,Post-CfE,Non-Market
AL00,2030,2032,Reservoir,Post-CfE,Market
AL00,2030,2032,Reservoir,Pre-CfE,Market
AL00,2030,491,Run of river,Post-CfE,Market
AL00,2030,491,Run of river,Pre-CfE,Market
AL00,2030,700,Solar (PV),Post-CfE,Market
AL00,2030,700,Solar (PV),Pre-CfE,Market
AL00,2030,0,Implicit solar PV,Post-CfE,Market
AL00,2030,0,Implicit solar PV,Pre-CfE,Market
AL00,2030,300,Wind onshore,Post-CfE,Market
AL00,2030,300,Wind onshore,Pre-CfE,Market
AL00,2035,300,Gas,Post-CfE,Market
AL00,2035,300,Gas,Pre-CfE,Market
AL00,2035,0,Non-market batteries,Post-CfE,Non-Market
AL00,2035,2032,Reservoir,Post-CfE,Market
AL00,2035,2032,Reservoir,Pre-CfE,Market
AL00,2035,491,Run of river,Post-CfE,Market
AL00,2035,491,Run of river,Pre-CfE,Market
AL00,2035,1100,Solar (PV),Post-CfE,Market
AL00,2035,1100,Solar (PV),Pre-CfE,Market
AL00,2035,0,Implicit solar PV,Post-CfE,Market
AL00,2035,0,Implicit solar PV,Pre-CfE,Market
AL00,2035,500,Wind onshore,Post-CfE,Market
AL00,2035,500,Wind onshore,Pre-CfE,Market
AT00,2026,462,Battery,Post-CfE,Market
AT00,2026,1937,Battery,Pre-CfE,Market
AT00,2026,270,DSR,Post-CfE,Market
AT00,2026,270,DSR,Pre-CfE,Market
AT00,2026,3695,Gas,Post-CfE,Market
AT00,2026,3695,Gas,Pre-CfE,Market
AT00,2026,1180,Non-market batteries,Post-CfE,Non-Market
AT00,2026,122,Oil,Post-CfE,Market
AT00,2026,122,Oil,Pre-CfE,Market
AT00,2026,4190,Open loop pumping,Post-CfE,Market
AT00,2026,4190,Open loop pumping,Pre-CfE,Market
AT00,2026,959,Others (non-RES),Post-CfE,Market
AT00,2026,959,Others (non-RES),Pre-CfE,Market
AT00,2026,549,Others (RES),Pre-CfE,Market
AT00,2026,1149,Pondage,Post-CfE,Market
AT00,2026,1149,Pondage,Pre-CfE,Market
AT00,2026,2532,Reservoir,Post-CfE,Market
AT00,2026,2532,Reservoir,Pre-CfE,Market
AT00,2026,4810,Run of river,Post-CfE,Market
AT00,2026,4810,Run of river,Pre-CfE,Market
AT00,2026,549,Small biomass,Post-CfE,Market
AT00,2026,8256,Solar (PV),Post-CfE,Market
AT00,2026,8256,Solar (PV),Pre-CfE,Market
AT00,2026,0,Implicit solar PV,Post-CfE,Market
AT00,2026,6514,Implicit solar PV,Pre-CfE,Market
AT00,2026,5636,Wind onshore,Post-CfE,Market
AT00,2026,5636,Wind onshore,Pre-CfE,Market
AT00,2028,874,Battery,Post-CfE,Market
AT00,2028,2782,Battery,Pre-CfE,Market
AT00,2028,490,DSR,Post-CfE,Market
AT00,2028,490,DSR,Pre-CfE,Market
AT00,2028,3695,Gas,Post-CfE,Market
AT00,2028,3695,Gas,Pre-CfE,Market
AT00,2028,1526,Non-market batteries,Post-CfE,Non-Market
AT00,2028,122,Oil,Post-CfE,Market
AT00,2028,122,Oil,Pre-CfE,Market
AT00,2028,4360,Open loop pumping,Post-CfE,Market
AT00,2028,4360,Open loop pumping,Pre-CfE,Market
AT00,2028,959,Others (non-RES),Post-CfE,Market
AT00,2028,959,Others (non-RES),Pre-CfE,Market
AT00,2028,594,Others (RES),Pre-CfE,Market
AT00,2028,1149,Pondage,Post-CfE,Market
AT00,2028,1149,Pondage,Pre-CfE,Market
AT00,2028,2532,Reservoir,Post-CfE,Market
AT00,2028,2532,Reservoir,Pre-CfE,Market
AT00,2028,4954,Run of river,Post-CfE,Market
AT00,2028,4954,Run of river,Pre-CfE,Market
AT00,2028,594,Small biomass,Post-CfE,Market
AT00,2028,10628,Solar (PV),Post-CfE,Market
AT00,2028,10628,Solar (PV),Pre-CfE,Market
AT00,2028,0,Implicit solar PV,Post-CfE,Market
AT00,2028,7947,Implicit solar PV,Pre-CfE,Market
AT00,2028,7318,Wind onshore,Post-CfE,Market
AT00,2028,7318,Wind onshore,Pre-CfE,Market
AT00,2030,1284,Battery,Post-CfE,Market
AT00,2030,3565,Battery,Pre-CfE,Market
AT00,2030,300,Closed loop pumping,Post-CfE,Market
AT00,2030,450,Closed loop pumping,Pre-CfE,Market
AT00,2030,710,DSR,Post-CfE,Market
AT00,2030,710,DSR,Pre-CfE,Market
AT00,2030,3280,Gas,Post-CfE,Market
AT00,2030,3280,Gas,Pre-CfE,Market
AT00,2030,1825,Non-market batteries,Post-CfE,Non-Market
AT00,2030,122,Oil,Post-CfE,Market
AT00,2030,122,Oil,Pre-CfE,Market
AT00,2030,5800,Open loop pumping,Post-CfE,Market
AT00,2030,5800,Open loop pumping,Pre-CfE,Market
AT00,2030,959,Others (non-RES),Post-CfE,Market
AT00,2030,959,Others (non-RES),Pre-CfE,Market
AT00,2030,640,Others (RES),Pre-CfE,Market
AT00,2030,1149,Pondage,Post-CfE,Market
AT00,2030,1149,Pondage,Pre-CfE,Market
AT00,2030,2532,Reservoir,Post-CfE,Market
AT00,2030,2532,Reservoir,Pre-CfE,Market
AT00,2030,5216,Run of river,Post-CfE,Market
AT00,2030,5216,Run of river,Pre-CfE,Market
AT00,2030,640,Small biomass,Post-CfE,Market
AT00,2030,13000,Solar (PV),Post-CfE,Market
AT00,2030,13000,Solar (PV),Pre-CfE,Market
AT00,2030,0,Implicit solar PV,Post-CfE,Market
AT00,2030,9184,Implicit solar PV,Pre-CfE,Market
AT00,2030,9000,Wind onshore,Post-CfE,Market
AT00,2030,9000,Wind onshore,Pre-CfE,Market
AT00,2035,3534,Battery,Post-CfE,Market
AT00,2035,7312,Battery,Pre-CfE,Market
AT00,2035,300,Closed loop pumping,Post-CfE,Market
AT00,2035,450,Closed loop pumping,Pre-CfE,Market
AT00,2035,1000,DSR,Post-CfE,Market
AT00,2035,1000,DSR,Pre-CfE,Market
AT00,2035,1348,Gas,Post-CfE,Market
AT00,2035,1348,Gas,Pre-CfE,Market
AT00,2035,3022,Non-market batteries,Post-CfE,Non-Market
AT00,2035,7015,Open loop pumping,Post-CfE,Market
AT00,2035,7015,Open loop pumping,Pre-CfE,Market
AT00,2035,617,Others (non-RES),Post-CfE,Market
AT00,2035,617,Others (non-RES),Pre-CfE,Market
AT00,2035,640,Others (RES),Pre-CfE,Market
AT00,2035,1149,Pondage,Post-CfE,Market
AT00,2035,1149,Pondage,Pre-CfE,Market
AT00,2035,2532,Reservoir,Post-CfE,Market
AT00,2035,2532,Reservoir,Pre-CfE,Market
AT00,2035,5413,Run of river,Post-CfE,Market
AT00,2035,5413,Run of river,Pre-CfE,Market
AT00,2035,640,Small biomass,Post-CfE,Market
AT00,2035,23435,Solar (PV),Post-CfE,Market
AT00,2035,23435,Solar (PV),Pre-CfE,Market
AT00,2035,0,Implicit solar PV,Post-CfE,Market
AT00,2035,14137,Implicit solar PV,Pre-CfE,Market
AT00,2035,10300,Wind onshore,Post-CfE,Market
AT00,2035,10300,Wind onshore,Pre-CfE,Market
BA00,2026,10,Battery,Post-CfE,Market
BA00,2026,10,Battery,Pre-CfE,Market
BA00,2026,1798,Lignite,Post-CfE,Market
BA00,2026,1798,Lignite,Pre-CfE,Market
BA00,2026,0,Non-market batteries,Post-CfE,Non-Market
BA00,2026,440,Open loop pumping,Post-CfE,Market
BA00,2026,440,Open loop pumping,Pre-CfE,Market
BA00,2026,228,Pondage,Post-CfE,Market
BA00,2026,228,Pondage,Pre-CfE,Market
BA00,2026,1456,Reservoir,Post-CfE,Market
BA00,2026,1456,Reservoir,Pre-CfE,Market
BA00,2026,41,Run of river,Post-CfE,Market
BA00,2026,41,Run of river,Pre-CfE,Market
BA00,2026,704,Solar (PV),Post-CfE,Market
BA00,2026,704,Solar (PV),Pre-CfE,Market
BA00,2026,0,Implicit solar PV,Post-CfE,Market
BA00,2026,1028,Wind onshore,Post-CfE,Market
BA00,2026,1028,Wind onshore,Pre-CfE,Market
BA00,2028,30,Battery,Post-CfE,Market
BA00,2028,30,Battery,Pre-CfE,Market
BA00,2028,1748,Lignite,Post-CfE,Market
BA00,2028,2028,Lignite,Pre-CfE,Market
BA00,2028,0,Non-market batteries,Post-CfE,Non-Market
BA00,2028,440,Open loop pumping,Post-CfE,Market
BA00,2028,440,Open loop pumping,Pre-CfE,Market
BA00,2028,228,Pondage,Post-CfE,Market
BA00,2028,228,Pondage,Pre-CfE,Market
BA00,2028,1616,Reservoir,Post-CfE,Market
BA00,2028,1616,Reservoir,Pre-CfE,Market
BA00,2028,41,Run of river,Post-CfE,Market
BA00,2028,41,Run of river,Pre-CfE,Market
BA00,2028,704,Solar (PV),Post-CfE,Market
BA00,2028,704,Solar (PV),Pre-CfE,Market
BA00,2028,0,Implicit solar PV,Post-CfE,Market
BA00,2028,1028,Wind onshore,Post-CfE,Market
BA00,2028,1028,Wind onshore,Pre-CfE,Market
BA00,2030,50,Battery,Post-CfE,Market
BA00,2030,50,Battery,Pre-CfE,Market
BA00,2030,1748,Lignite,Post-CfE,Market
BA00,2030,1748,Lignite,Pre-CfE,Market
BA00,2030,0,Non-market batteries,Post-CfE,Non-Market
BA00,2030,440,Open loop pumping,Post-CfE,Market
BA00,2030,440,Open loop pumping,Pre-CfE,Market
BA00,2030,228,Pondage,Post-CfE,Market
BA00,2030,228,Pondage,Pre-CfE,Market
BA00,2030,1616,Reservoir,Post-CfE,Market
BA00,2030,1616,Reservoir,Pre-CfE,Market
BA00,2030,41,Run of river,Post-CfE,Market
BA00,2030,41,Run of river,Pre-CfE,Market
BA00,2030,1204,Solar (PV),Post-CfE,Market
BA00,2030,1204,Solar (PV),Pre-CfE,Market
BA00,2030,0,Implicit solar PV,Post-CfE,Market
BA00,2030,1028,Wind onshore,Post-CfE,Market
BA00,2030,1028,Wind onshore,Pre-CfE,Market
BA00,2035,50,Battery,Post-CfE,Market
BA00,2035,50,Battery,Pre-CfE,Market
BA00,2035,1748,Lignite,Post-CfE,Market
BA00,2035,1748,Lignite,Pre-CfE,Market
BA00,2035,0,Non-market batteries,Post-CfE,Non-Market
BA00,2035,440,Open loop pumping,Post-CfE,Market
BA00,2035,440,Open loop pumping,Pre-CfE,Market
BA00,2035,228,Pondage,Post-CfE,Market
BA00,2035,228,Pondage,Pre-CfE,Market
BA00,2035,1616,Reservoir,Post-CfE,Market
BA00,2035,1616,Reservoir,Pre-CfE,Market
BA00,2035,41,Run of river,Post-CfE,Market
BA00,2035,41,Run of river,Pre-CfE,Market
BA00,2035,1704,Solar (PV),Post-CfE,Market
BA00,2035,1704,Solar (PV),Pre-CfE,Market
BA00,2035,0,Implicit solar PV,Post-CfE,Market
BA00,2035,1028,Wind onshore,Post-CfE,Market
BA00,2035,1028,Wind onshore,Pre-CfE,Market
BE00,2026,344,Battery,Post-CfE,Market
BE00,2026,344,Battery,Pre-CfE,Market
BE00,2026,354,Biofuel,Post-CfE,Market
BE00,2026,1305,Closed loop pumping,Post-CfE,Market
BE00,2026,1305,Closed loop pumping,Pre-CfE,Market
BE00,2026,2279,DSR,Post-CfE,Market
BE00,2026,2279,DSR,Pre-CfE,Market
BE00,2026,5243,Gas,Post-CfE,Market
BE00,2026,5326,Gas,Pre-CfE,Market
BE00,2026,0,Hard coal,Post-CfE,Market
BE00,2026,354,Hard coal,Pre-CfE,Market
BE00,2026,192,Non-market batteries,Post-CfE,Non-Market
BE00,2026,2056,Nuclear,Post-CfE,Market
BE00,2026,2056,Nuclear,Pre-CfE,Market
BE00,2026,140,Oil,Post-CfE,Market
BE00,2026,140,Oil,Pre-CfE,Market
BE00,2026,1547,Others (non-RES),Post-CfE,Market
BE00,2026,1547,Others (non-RES),Pre-CfE,Market
BE00,2026,547,Others (RES),Pre-CfE,Market
BE00,2026,137,Run of river,Post-CfE,Market
BE00,2026,137,Run of river,Pre-CfE,Market
BE00,2026,547,Small biomass,Post-CfE,Market
BE00,2026,10090,Solar (PV),Post-CfE,Market
BE00,2026,10090,Solar (PV),Pre-CfE,Market
BE00,2026,10100,Implicit solar PV,Pre-CfE,Market
BE00,2026,2260,Wind offshore,Post-CfE,Market
BE00,2026,2260,Wind offshore,Pre-CfE,Market
BE00,2026,3928,Wind onshore,Post-CfE,Market
BE00,2026,3928,Wind onshore,Pre-CfE,Market
BE00,2028,1239,Battery,Post-CfE,Market
BE00,2028,1239,Battery,Pre-CfE,Market
BE00,2028,354,Biofuel,Post-CfE,Market
BE00,2028,1305,Closed loop pumping,Post-CfE,Market
BE00,2028,1305,Closed loop pumping,Pre-CfE,Market
BE00,2028,2836,DSR,Post-CfE,Market
BE00,2028,2836,DSR,Pre-CfE,Market
BE00,2028,5498,Gas,Post-CfE,Market
BE00,2028,5581,Gas,Pre-CfE,Market
BE00,2028,0,Hard coal,Post-CfE,Market
BE00,2028,354,Hard coal,Pre-CfE,Market
BE00,2028,129,Non-market batteries,Post-CfE,Non-Market
BE00,2028,2056,Nuclear,Post-CfE,Market
BE00,2028,2056,Nuclear,Pre-CfE,Market
BE00,2028,140,Oil,Post-CfE,Market
BE00,2028,140,Oil,Pre-CfE,Market
BE00,2028,1642,Others (non-RES),Post-CfE,Market
BE00,2028,1642,Others (non-RES),Pre-CfE,Market
BE00,2028,567,Others (RES),Pre-CfE,Market
BE00,2028,143,Run of river,Post-CfE,Market
BE00,2028,143,Run of river,Pre-CfE,Market
BE00,2028,567,Small biomass,Post-CfE,Market
BE00,2028,11850,Solar (PV),Post-CfE,Market
BE00,2028,11850,Solar (PV),Pre-CfE,Market
BE00,2028,11700,Implicit solar PV,Pre-CfE,Market
BE00,2028,2260,Wind offshore,Post-CfE,Market
BE00,2028,2260,Wind offshore,Pre-CfE,Market
BE00,2028,4588,Wind onshore,Post-CfE,Market
BE00,2028,4588,Wind onshore,Pre-CfE,Market
BE00,2030,1476,Battery,Post-CfE,Market
BE00,2030,1476,Battery,Pre-CfE,Market
BE00,2030,354,Biofuel,Post-CfE,Market
BE00,2030,1305,Closed loop pumping,Post-CfE,Market
BE00,2030,1305,Closed loop pumping,Pre-CfE,Market
BE00,2030,3144,DSR,Post-CfE,Market
BE00,2030,3144,DSR,Pre-CfE,Market
BE00,2030,4779,Gas,Post-CfE,Market
BE00,2030,4862,Gas,Pre-CfE,Market
BE00,2030,0,Hard coal,Post-CfE,Market
BE00,2030,354,Hard coal,Pre-CfE,Market
BE00,2030,48,Non-market batteries,Post-CfE,Non-Market
BE00,2030,2056,Nuclear,Post-CfE,Market
BE00,2030,2056,Nuclear,Pre-CfE,Market
BE00,2030,140,Oil,Post-CfE,Market
BE00,2030,140,Oil,Pre-CfE,Market
BE00,2030,1642,Others (non-RES),Post-CfE,Market
BE00,2030,1642,Others (non-RES),Pre-CfE,Market
BE00,2030,567,Others (RES),Pre-CfE,Market
BE00,2030,148,Run of river,Post-CfE,Market
BE00,2030,148,Run of river,Pre-CfE,Market
BE00,2030,567,Small biomass,Post-CfE,Market
BE00,2030,13610,Solar (PV),Post-CfE,Market
BE00,2030,13610,Solar (PV),Pre-CfE,Market
BE00,2030,13300,Implicit solar PV,Pre-CfE,Market
BE00,2030,4360,Wind offshore,Post-CfE,Market
BE00,2030,4360,Wind offshore,Pre-CfE,Market
BE00,2030,5248,Wind onshore,Post-CfE,Market
BE00,2030,5248,Wind onshore,Pre-CfE,Market
BE00,2035,2604,Battery,Post-CfE,Market
BE00,2035,2604,Battery,Pre-CfE,Market
BE00,2035,354,Biofuel,Post-CfE,Market
BE00,2035,1305,Closed loop pumping,Post-CfE,Market
BE00,2035,1305,Closed loop pumping,Pre-CfE,Market
BE00,2035,3753,DSR,Post-CfE,Market
BE00,2035,3753,DSR,Pre-CfE,Market
BE00,2035,4481,Gas,Post-CfE,Market
BE00,2035,4564,Gas,Pre-CfE,Market
BE00,2035,0,Hard coal,Post-CfE,Market
BE00,2035,354,Hard coal,Pre-CfE,Market
BE00,2035,0,Non-market batteries,Post-CfE,Non-Market
BE00,2035,2056,Nuclear,Post-CfE,Market
BE00,2035,2056,Nuclear,Pre-CfE,Market
BE00,2035,140,Oil,Post-CfE,Market
BE00,2035,140,Oil,Pre-CfE,Market
BE00,2035,1642,Others (non-RES),Post-CfE,Market
BE00,2035,1642,Others (non-RES),Pre-CfE,Market
BE00,2035,567,Others (RES),Pre-CfE,Market
BE00,2035,162,Run of river,Post-CfE,Market
BE00,2035,162,Run of river,Pre-CfE,Market
BE00,2035,567,Small biomass,Post-CfE,Market
BE00,2035,18010,Solar (PV),Post-CfE,Market
BE00,2035,18010,Solar (PV),Pre-CfE,Market
BE00,2035,17300,Implicit solar PV,Pre-CfE,Market
BE00,2035,4360,Wind offshore,Post-CfE,Market
BE00,2035,4360,Wind offshore,Pre-CfE,Market
BE00,2035,6898,Wind onshore,Post-CfE,Market
BE00,2035,6898,Wind onshore,Pre-CfE,Market
BEOF,2030,1400,Wind offshore,Post-CfE,Market
BEOF,2030,1400,Wind offshore,Pre-CfE,Market
BEOF,2035,1400,Wind offshore,Post-CfE,Market
BEOF,2035,1400,Wind offshore,Pre-CfE,Market
BG00,2026,960,Battery,Post-CfE,Market
BG00,2026,960,Battery,Pre-CfE,Market
BG00,2026,420,Closed loop pumping,Post-CfE,Market
BG00,2026,420,Closed loop pumping,Pre-CfE,Market
BG00,2026,1259,Gas,Post-CfE,Market
BG00,2026,1259,Gas,Pre-CfE,Market
BG00,2026,90,Hard coal,Post-CfE,Market
BG00,2026,90,Hard coal,Pre-CfE,Market
BG00,2026,2573,Lignite,Post-CfE,Market
BG00,2026,3250,Lignite,Pre-CfE,Market
BG00,2026,0,Non-market batteries,Post-CfE,Non-Market
BG00,2026,2000,Nuclear,Post-CfE,Market
BG00,2026,2000,Nuclear,Pre-CfE,Market
BG00,2026,535,Open loop pumping,Post-CfE,Market
BG00,2026,535,Open loop pumping,Pre-CfE,Market
BG00,2026,184,Others (non-RES),Pre-CfE,Market
BG00,2026,263,Others (RES),Pre-CfE,Market
BG00,2026,1281,Reservoir,Post-CfE,Market
BG00,2026,1281,Reservoir,Pre-CfE,Market
BG00,2026,536,Run of river,Post-CfE,Market
BG00,2026,536,Run of river,Pre-CfE,Market
BG00,2026,263,Small biomass,Post-CfE,Market
BG00,2026,4001,Solar (PV),Post-CfE,Market
BG00,2026,4001,Solar (PV),Pre-CfE,Market
BG00,2026,0,Implicit solar PV,Post-CfE,Market
BG00,2026,0,Implicit solar PV,Pre-CfE,Market
BG00,2026,767,Wind onshore,Post-CfE,Market
BG00,2026,767,Wind onshore,Pre-CfE,Market
BG00,2028,1280,Battery,Post-CfE,Market
BG00,2028,1280,Battery,Pre-CfE,Market
BG00,2028,864,Closed loop pumping,Post-CfE,Market
BG00,2028,864,Closed loop pumping,Pre-CfE,Market
BG00,2028,1259,Gas,Post-CfE,Market
BG00,2028,1259,Gas,Pre-CfE,Market
BG00,2028,90,Hard coal,Post-CfE,Market
BG00,2028,90,Hard coal,Pre-CfE,Market
BG00,2028,2014,Lignite,Post-CfE,Market
BG00,2028,2691,Lignite,Pre-CfE,Market
BG00,2028,0,Non-market batteries,Post-CfE,Non-Market
BG00,2028,2000,Nuclear,Post-CfE,Market
BG00,2028,2000,Nuclear,Pre-CfE,Market
BG00,2028,535,Open loop pumping,Post-CfE,Market
BG00,2028,535,Open loop pumping,Pre-CfE,Market
BG00,2028,184,Others (non-RES),Pre-CfE,Market
BG00,2028,282,Others (RES),Pre-CfE,Market
BG00,2028,1281,Reservoir,Post-CfE,Market
BG00,2028,1281,Reservoir,Pre-CfE,Market
BG00,2028,536,Run of river,Post-CfE,Market
BG00,2028,536,Run of river,Pre-CfE,Market
BG00,2028,282,Small biomass,Post-CfE,Market
BG00,2028,4701,Solar (PV),Post-CfE,Market
BG00,2028,4301,Solar (PV),Pre-CfE,Market
BG00,2028,0,Implicit solar PV,Post-CfE,Market
BG00,2028,0,Implicit solar PV,Pre-CfE,Market
BG00,2028,100,Wind offshore,Post-CfE,Market
BG00,2028,100,Wind offshore,Pre-CfE,Market
BG00,2028,901,Wind onshore,Post-CfE,Market
BG00,2028,901,Wind onshore,Pre-CfE,Market
BG00,2030,1600,Battery,Post-CfE,Market
BG00,2030,1600,Battery,Pre-CfE,Market
BG00,2030,864,Closed loop pumping,Post-CfE,Market
BG00,2030,864,Closed loop pumping,Pre-CfE,Market
BG00,2030,1259,Gas,Post-CfE,Market
BG00,2030,1259,Gas,Pre-CfE,Market
BG00,2030,90,Hard coal,Post-CfE,Market
BG00,2030,90,Hard coal,Pre-CfE,Market
BG00,2030,1522,Lignite,Post-CfE,Market
BG00,2030,2199,Lignite,Pre-CfE,Market
BG00,2030,0,Non-market batteries,Post-CfE,Non-Market
BG00,2030,2000,Nuclear,Post-CfE,Market
BG00,2030,2000,Nuclear,Pre-CfE,Market
BG00,2030,535,Open loop pumping,Post-CfE,Market
BG00,2030,535,Open loop pumping,Pre-CfE,Market
BG00,2030,184,Others (non-RES),Pre-CfE,Market
BG00,2030,302,Others (RES),Pre-CfE,Market
BG00,2030,1281,Reservoir,Post-CfE,Market
BG00,2030,1281,Reservoir,Pre-CfE,Market
BG00,2030,536,Run of river,Post-CfE,Market
BG00,2030,536,Run of river,Pre-CfE,Market
BG00,2030,302,Small biomass,Post-CfE,Market
BG00,2030,5501,Solar (PV),Post-CfE,Market
BG00,2030,5501,Solar (PV),Pre-CfE,Market
BG00,2030,0,Implicit solar PV,Post-CfE,Market
BG00,2030,0,Implicit solar PV,Pre-CfE,Market
BG00,2030,500,Wind offshore,Post-CfE,Market
BG00,2030,500,Wind offshore,Pre-CfE,Market
BG00,2030,1501,Wind onshore,Post-CfE,Market
BG00,2030,1501,Wind onshore,Pre-CfE,Market
BG00,2035,1696,Battery,Post-CfE,Market
BG00,2035,1696,Battery,Pre-CfE,Market
BG00,2035,1664,Closed loop pumping,Post-CfE,Market
BG00,2035,1664,Closed loop pumping,Pre-CfE,Market
BG00,2035,1259,Gas,Post-CfE,Market
BG00,2035,1259,Gas,Pre-CfE,Market
BG00,2035,90,Hard coal,Post-CfE,Market
BG00,2035,90,Hard coal,Pre-CfE,Market
BG00,2035,1522,Lignite,Post-CfE,Market
BG00,2035,2199,Lignite,Pre-CfE,Market
BG00,2035,0,Non-market batteries,Post-CfE,Non-Market
BG00,2035,4000,Nuclear,Post-CfE,Market
BG00,2035,4000,Nuclear,Pre-CfE,Market
BG00,2035,535,Open loop pumping,Post-CfE,Market
BG00,2035,535,Open loop pumping,Pre-CfE,Market
BG00,2035,184,Others (non-RES),Pre-CfE,Market
BG00,2035,306,Others (RES),Pre-CfE,Market
BG00,2035,1281,Reservoir,Post-CfE,Market
BG00,2035,1281,Reservoir,Pre-CfE,Market
BG00,2035,536,Run of river,Post-CfE,Market
BG00,2035,536,Run of river,Pre-CfE,Market
BG00,2035,306,Small biomass,Post-CfE,Market
BG00,2035,8101,Solar (PV),Post-CfE,Market
BG00,2035,8101,Solar (PV),Pre-CfE,Market
BG00,2035,0,Implicit solar PV,Post-CfE,Market
BG00,2035,0,Implicit solar PV,Pre-CfE,Market
BG00,2035,1499,Wind offshore,Post-CfE,Market
BG00,2035,1499,Wind offshore,Pre-CfE,Market
BG00,2035,2500,Wind onshore,Post-CfE,Market
BG00,2035,2500,Wind onshore,Pre-CfE,Market
CH00,2026,938,Battery,Post-CfE,Market
CH00,2026,938,Battery,Pre-CfE,Market
CH00,2026,1900,Closed loop pumping,Post-CfE,Market
CH00,2026,1900,Closed loop pumping,Pre-CfE,Market
CH00,2026,336,Gas,Post-CfE,Non-Market
CH00,2026,336,Gas,Pre-CfE,Market
CH00,2026,0,Non-market batteries,Post-CfE,Non-Market
CH00,2026,378,Not defined or splitting not known RES,Post-CfE,Market
CH00,2026,2930,Nuclear,Post-CfE,Market
CH00,2026,2930,Nuclear,Pre-CfE,Market
CH00,2026,135,Oil,Post-CfE,Non-Market
CH00,2026,135,Oil,Pre-CfE,Market
CH00,2026,2258,Open loop pumping,Post-CfE,Market
CH00,2026,2258,Open loop pumping,Pre-CfE,Market
CH00,2026,581,Others (non-RES),Post-CfE,Market
CH00,2026,581,Others (non-RES),Pre-CfE,Market
CH00,2026,378,Others (RES),Pre-CfE,Market
CH00,2026,7925,Reservoir,Post-CfE,Market
CH00,2026,7925,Reservoir,Pre-CfE,Market
CH00,2026,4190,Run of river,Post-CfE,Market
CH00,2026,4190,Run of river,Pre-CfE,Market
CH00,2026,6790,Solar (PV),Post-CfE,Market
CH00,2026,6790,Solar (PV),Pre-CfE,Market
CH00,2026,0,Implicit solar PV,Post-CfE,Market
CH00,2026,0,Implicit solar PV,Pre-CfE,Market
CH00,2026,183,Wind onshore,Post-CfE,Market
CH00,2026,183,Wind onshore,Pre-CfE,Market
CH00,2028,1080,Battery,Post-CfE,Market
CH00,2028,1080,Battery,Pre-CfE,Market
CH00,2028,1900,Closed loop pumping,Post-CfE,Market
CH00,2028,1900,Closed loop pumping,Pre-CfE,Market
CH00,2028,400,Gas,Pre-CfE,Market
CH00,2028,0,Non-market batteries,Post-CfE,Non-Market
CH00,2028,398,Not defined or splitting not known RES,Post-CfE,Market
CH00,2028,2930,Nuclear,Post-CfE,Market
CH00,2028,2930,Nuclear,Pre-CfE,Market
CH00,2028,2359,Open loop pumping,Post-CfE,Market
CH00,2028,2359,Open loop pumping,Pre-CfE,Market
CH00,2028,575,Others (non-RES),Post-CfE,Market
CH00,2028,575,Others (non-RES),Pre-CfE,Market
CH00,2028,398,Others (RES),Pre-CfE,Market
CH00,2028,8227,Reservoir,Post-CfE,Market
CH00,2028,8227,Reservoir,Pre-CfE,Market
CH00,2028,4202,Run of river,Post-CfE,Market
CH00,2028,4202,Run of river,Pre-CfE,Market
CH00,2028,8280,Solar (PV),Post-CfE,Market
CH00,2028,8280,Solar (PV),Pre-CfE,Market
CH00,2028,0,Implicit solar PV,Post-CfE,Market
CH00,2028,0,Implicit solar PV,Pre-CfE,Market
CH00,2028,247,Wind onshore,Post-CfE,Market
CH00,2028,247,Wind onshore,Pre-CfE,Market
CH00,2030,1221,Battery,Post-CfE,Market
CH00,2030,1221,Battery,Pre-CfE,Market
CH00,2030,1900,Closed loop pumping,Post-CfE,Market
CH00,2030,1900,Closed loop pumping,Pre-CfE,Market
CH00,2030,400,Gas,Pre-CfE,Market
CH00,2030,0,Non-market batteries,Post-CfE,Non-Market
CH00,2030,426,Not defined or splitting not known RES,Post-CfE,Market
CH00,2030,1190,Nuclear,Post-CfE,Market
CH00,2030,1190,Nuclear,Pre-CfE,Market
CH00,2030,2460,Open loop pumping,Post-CfE,Market
CH00,2030,2460,Open loop pumping,Pre-CfE,Market
CH00,2030,567,Others (non-RES),Post-CfE,Market
CH00,2030,567,Others (non-RES),Pre-CfE,Market
CH00,2030,426,Others (RES),Pre-CfE,Market
CH00,2030,8530,Reservoir,Post-CfE,Market
CH00,2030,8530,Reservoir,Pre-CfE,Market
CH00,2030,4215,Run of river,Post-CfE,Market
CH00,2030,4215,Run of river,Pre-CfE,Market
CH00,2030,9770,Solar (PV),Post-CfE,Market
CH00,2030,9770,Solar (PV),Pre-CfE,Market
CH00,2030,0,Implicit solar PV,Post-CfE,Market
CH00,2030,0,Implicit solar PV,Pre-CfE,Market
CH00,2030,310,Wind onshore,Post-CfE,Market
CH00,2030,310,Wind onshore,Pre-CfE,Market
CH00,2035,2915,Battery,Post-CfE,Market
CH00,2035,2915,Battery,Pre-CfE,Market
CH00,2035,1900,Closed loop pumping,Post-CfE,Market
CH00,2035,1900,Closed loop pumping,Pre-CfE,Market
CH00,2035,400,Gas,Pre-CfE,Market
CH00,2035,0,Non-market batteries,Post-CfE,Non-Market
CH00,2035,448,Not defined or splitting not known RES,Post-CfE,Market
CH00,2035,3290,Open loop pumping,Post-CfE,Market
CH00,2035,3290,Open loop pumping,Pre-CfE,Market
CH00,2035,524,Others (non-RES),Post-CfE,Market
CH00,2035,524,Others (non-RES),Pre-CfE,Market
CH00,2035,448,Others (RES),Pre-CfE,Market
CH00,2035,8730,Reservoir,Post-CfE,Market
CH00,2035,8730,Reservoir,Pre-CfE,Market
CH00,2035,4263,Run of river,Post-CfE,Market
CH00,2035,4262,Run of river,Pre-CfE,Market
CH00,2035,16196,Solar (PV),Post-CfE,Market
CH00,2035,16196,Solar (PV),Pre-CfE,Market
CH00,2035,0,Implicit solar PV,Post-CfE,Market
CH00,2035,0,Implicit solar PV,Pre-CfE,Market
CH00,2035,730,Wind onshore,Post-CfE,Market
CH00,2035,730,Wind onshore,Pre-CfE,Market
CZ00,2026,1693,Battery,Post-CfE,Market
CZ00,2026,1693,Battery,Pre-CfE,Market
CZ00,2026,678,Closed loop pumping,Post-CfE,Market
CZ00,2026,678,Closed loop pumping,Pre-CfE,Market
CZ00,2026,1556,Gas,Post-CfE,Market
CZ00,2026,1885,Gas,Pre-CfE,Market
CZ00,2026,131,Lignite,Post-CfE,Market
CZ00,2026,5112,Lignite,Pre-CfE,Market
CZ00,2026,0,Non-market batteries,Post-CfE,Non-Market
CZ00,2026,4100,Nuclear,Post-CfE,Market
CZ00,2026,4100,Nuclear,Pre-CfE,Market
CZ00,2026,475,Open loop pumping,Post-CfE,Market
CZ00,2026,475,Open loop pumping,Pre-CfE,Market
CZ00,2026,2184,Others (non-RES),Post-CfE,Market
CZ00,2026,2317,Others (non-RES),Pre-CfE,Market
CZ00,2026,832,Others (RES),Pre-CfE,Market
CZ00,2026,535,Reservoir,Post-CfE,Market
CZ00,2026,535,Reservoir,Pre-CfE,Market
CZ00,2026,432,Run of river,Post-CfE,Market
CZ00,2026,432,Run of river,Pre-CfE,Market
CZ00,2026,496,Small biomass,Post-CfE,Market
CZ00,2026,7483,Solar (PV),Post-CfE,Market
CZ00,2026,7483,Solar (PV),Pre-CfE,Market
CZ00,2026,0,Implicit solar PV,Post-CfE,Market
CZ00,2026,0,Implicit solar PV,Pre-CfE,Market
CZ00,2026,477,Wind onshore,Post-CfE,Market
CZ00,2026,477,Wind onshore,Pre-CfE,Market
CZ00,2028,2370,Battery,Post-CfE,Market
CZ00,2028,2370,Battery,Pre-CfE,Market
CZ00,2028,678,Closed loop pumping,Post-CfE,Market
CZ00,2028,678,Closed loop pumping,Pre-CfE,Market
CZ00,2028,110,DSR,Post-CfE,Market
CZ00,2028,61,DSR,Pre-CfE,Market
CZ00,2028,2299,Gas,Post-CfE,Market
CZ00,2028,2784,Gas,Pre-CfE,Market
CZ00,2028,131,Lignite,Post-CfE,Market
CZ00,2028,4916,Lignite,Pre-CfE,Market
CZ00,2028,0,Non-market batteries,Post-CfE,Non-Market
CZ00,2028,4100,Nuclear,Post-CfE,Market
CZ00,2028,4100,Nuclear,Pre-CfE,Market
CZ00,2028,567,Open loop pumping,Post-CfE,Market
CZ00,2028,567,Open loop pumping,Pre-CfE,Market
CZ00,2028,2168,Others (non-RES),Post-CfE,Market
CZ00,2028,2204,Others (non-RES),Pre-CfE,Market
CZ00,2028,876,Others (RES),Pre-CfE,Market
CZ00,2028,535,Reservoir,Post-CfE,Market
CZ00,2028,535,Reservoir,Pre-CfE,Market
CZ00,2028,432,Run of river,Post-CfE,Market
CZ00,2028,432,Run of river,Pre-CfE,Market
CZ00,2028,470,Small biomass,Post-CfE,Market
CZ00,2028,10569,Solar (PV),Post-CfE,Market
CZ00,2028,10569,Solar (PV),Pre-CfE,Market
CZ00,2028,0,Implicit solar PV,Post-CfE,Market
CZ00,2028,0,Implicit solar PV,Pre-CfE,Market
CZ00,2028,732,Wind onshore,Post-CfE,Market
CZ00,2028,732,Wind onshore,Pre-CfE,Market
CZ00,2030,2871,Battery,Post-CfE,Market
CZ00,2030,2871,Battery,Pre-CfE,Market
CZ00,2030,678,Closed loop pumping,Post-CfE,Market
CZ00,2030,678,Closed loop pumping,Pre-CfE,Market
CZ00,2030,150,DSR,Post-CfE,Market
CZ00,2030,245,DSR,Pre-CfE,Market
CZ00,2030,5,FuelCell,Post-CfE,Market
CZ00,2030,5,FuelCell,Pre-CfE,Market
CZ00,2030,2542,Gas,Post-CfE,Market
CZ00,2030,3026,Gas,Pre-CfE,Market
CZ00,2030,131,Lignite,Post-CfE,Market
CZ00,2030,4611,Lignite,Pre-CfE,Market
CZ00,2030,0,Non-market batteries,Post-CfE,Non-Market
CZ00,2030,4100,Nuclear,Post-CfE,Market
CZ00,2030,4100,Nuclear,Pre-CfE,Market
CZ00,2030,658,Open loop pumping,Post-CfE,Market
CZ00,2030,658,Open loop pumping,Pre-CfE,Market
CZ00,2030,2000,Others (non-RES),Post-CfE,Market
CZ00,2030,2001,Others (non-RES),Pre-CfE,Market
CZ00,2030,898,Others (RES),Pre-CfE,Market
CZ00,2030,535,Reservoir,Post-CfE,Market
CZ00,2030,535,Reservoir,Pre-CfE,Market
CZ00,2030,432,Run of river,Post-CfE,Market
CZ00,2030,432,Run of river,Pre-CfE,Market
CZ00,2030,416,Small biomass,Post-CfE,Market
CZ00,2030,12516,Solar (PV),Post-CfE,Market
CZ00,2030,12516,Solar (PV),Pre-CfE,Market
CZ00,2030,0,Implicit solar PV,Post-CfE,Market
CZ00,2030,0,Implicit solar PV,Pre-CfE,Market
CZ00,2030,1274,Wind onshore,Post-CfE,Market
CZ00,2030,1274,Wind onshore,Pre-CfE,Market
CZ00,2035,3418,Battery,Post-CfE,Market
CZ00,2035,3418,Battery,Pre-CfE,Market
CZ00,2035,678,Closed loop pumping,Post-CfE,Market
CZ00,2035,678,Closed loop pumping,Pre-CfE,Market
CZ00,2035,190,DSR,Post-CfE,Market
CZ00,2035,740,DSR,Pre-CfE,Market
CZ00,2035,13,FuelCell,Post-CfE,Market
CZ00,2035,13,FuelCell,Pre-CfE,Market
CZ00,2035,2542,Gas,Post-CfE,Market
CZ00,2035,3181,Gas,Pre-CfE,Market
CZ00,2035,0,Non-market batteries,Post-CfE,Non-Market
CZ00,2035,4385,Nuclear,Post-CfE,Market
CZ00,2035,4385,Nuclear,Pre-CfE,Market
CZ00,2035,658,Open loop pumping,Post-CfE,Market
CZ00,2035,658,Open loop pumping,Pre-CfE,Market
CZ00,2035,1190,Others (non-RES),Post-CfE,Market
CZ00,2035,1274,Others (non-RES),Pre-CfE,Market
CZ00,2035,1052,Others (RES),Pre-CfE,Market
CZ00,2035,538,Reservoir,Post-CfE,Market
CZ00,2035,538,Reservoir,Pre-CfE,Market
CZ00,2035,432,Run of river,Post-CfE,Market
CZ00,2035,432,Run of river,Pre-CfE,Market
CZ00,2035,104,Small biomass,Post-CfE,Market
CZ00,2035,13749,Solar (PV),Post-CfE,Market
CZ00,2035,13749,Solar (PV),Pre-CfE,Market
CZ00,2035,0,Implicit solar PV,Post-CfE,Market
CZ00,2035,0,Implicit solar PV,Pre-CfE,Market
CZ00,2035,2218,Wind onshore,Post-CfE,Market
CZ00,2035,2218,Wind onshore,Pre-CfE,Market
DE00,2026,2244,Battery,Post-CfE,Market
DE00,2026,3927,Battery,Pre-CfE,Market
DE00,2026,7623,Closed loop pumping,Post-CfE,Market
DE00,2026,10517,Closed loop pumping,Pre-CfE,Market
DE00,2026,1021,DSR,Post-CfE,Market
DE00,2026,1021,DSR,Pre-CfE,Market
DE00,2026,25962,Gas,Post-CfE,Market
DE00,2026,27276,Gas,Pre-CfE,Market
DE00,2026,8070,Hard coal,Post-CfE,Market
DE00,2026,1093,Hard coal,Post-CfE,Non-Market
DE00,2026,12524,Hard coal,Pre-CfE,Market
DE00,2026,14144,Lignite,Post-CfE,Market
DE00,2026,14685,Lignite,Pre-CfE,Market
DE00,2026,11098,Non-market batteries,Post-CfE,Non-Market
DE00,2026,1495,Oil,Post-CfE,Market
DE00,2026,1842,Oil,Pre-CfE,Market
DE00,2026,2226,Open loop pumping,Post-CfE,Market
DE00,2026,140,Open loop pumping,Pre-CfE,Market
DE00,2026,11775,Others (non-RES),Post-CfE,Market
DE00,2026,11775,Others (non-RES),Pre-CfE,Market
DE00,2026,8199,Others (RES),Pre-CfE,Market
DE00,2026,1002,Reservoir,Post-CfE,Market
DE00,2026,242,Reservoir,Pre-CfE,Market
DE00,2026,3934,Run of river,Post-CfE,Market
DE00,2026,3934,Run of river,Pre-CfE,Market
DE00,2026,8199,Small biomass,Post-CfE,Market
DE00,2026,45750,Solar (PV),Post-CfE,Market
DE00,2026,45750,Solar (PV),Pre-CfE,Market
DE00,2026,68789,Implicit solar PV,Post-CfE,Market
DE00,2026,68789,Implicit solar PV,Pre-CfE,Market
DE00,2026,11417,Wind offshore,Post-CfE,Market
DE00,2026,11417,Wind offshore,Pre-CfE,Market
DE00,2026,66492,Wind onshore,Post-CfE,Market
DE00,2026,66492,Wind onshore,Pre-CfE,Market
DE00,2028,4903,Battery,Post-CfE,Market
DE00,2028,12092,Battery,Pre-CfE,Market
DE00,2028,8025,Closed loop pumping,Post-CfE,Market
DE00,2028,10897,Closed loop pumping,Pre-CfE,Market
DE00,2028,2480,DSR,Post-CfE,Market
DE00,2028,2480,DSR,Pre-CfE,Market
DE00,2028,24900,Gas,Post-CfE,Market
DE00,2028,25800,Gas,Pre-CfE,Market
DE00,2028,7543,Hard coal,Post-CfE,Market
DE00,2028,9660,Hard coal,Pre-CfE,Market
DE00,2028,12953,Lignite,Post-CfE,Market
DE00,2028,14546,Lignite,Pre-CfE,Market
DE00,2028,22223,Non-market batteries,Post-CfE,Non-Market
DE00,2028,779,Oil,Post-CfE,Market
DE00,2028,1079,Oil,Pre-CfE,Market
DE00,2028,2204,Open loop pumping,Post-CfE,Market
DE00,2028,140,Open loop pumping,Pre-CfE,Market
DE00,2028,10203,Others (non-RES),Post-CfE,Market
DE00,2028,10204,Others (non-RES),Pre-CfE,Market
DE00,2028,8800,Others (RES),Pre-CfE,Market
DE00,2028,1002,Reservoir,Post-CfE,Market
DE00,2028,242,Reservoir,Pre-CfE,Market
DE00,2028,3934,Run of river,Post-CfE,Market
DE00,2028,3934,Run of river,Pre-CfE,Market
DE00,2028,8800,Small biomass,Post-CfE,Market
DE00,2028,70286,Solar (PV),Post-CfE,Market
DE00,2028,70286,Solar (PV),Pre-CfE,Market
DE00,2028,91297,Implicit solar PV,Post-CfE,Market
DE00,2028,91297,Implicit solar PV,Pre-CfE,Market
DE00,2028,15097,Wind offshore,Post-CfE,Market
DE00,2028,15097,Wind offshore,Pre-CfE,Market
DE00,2028,85990,Wind onshore,Post-CfE,Market
DE00,2028,85990,Wind onshore,Pre-CfE,Market
DE00,2030,9080,Battery,Post-CfE,Market
DE00,2030,28469,Battery,Pre-CfE,Market
DE00,2030,8175,Closed loop pumping,Post-CfE,Market
DE00,2030,11047,Closed loop pumping,Pre-CfE,Market
DE00,2030,5000,DSR,Post-CfE,Market
DE00,2030,5000,DSR,Pre-CfE,Market
DE00,2030,27199,Gas,Post-CfE,Market
DE00,2030,28099,Gas,Pre-CfE,Market
DE00,2030,6919,Hard coal,Post-CfE,Market
DE00,2030,9036,Hard coal,Pre-CfE,Market
DE00,2030,5942,Lignite,Post-CfE,Market
DE00,2030,9654,Lignite,Pre-CfE,Market
DE00,2030,38875,Non-market batteries,Post-CfE,Non-Market
DE00,2030,768,Oil,Post-CfE,Market
DE00,2030,1068,Oil,Pre-CfE,Market
DE00,2030,2204,Open loop pumping,Post-CfE,Market
DE00,2030,140,Open loop pumping,Pre-CfE,Market
DE00,2030,9431,Others (non-RES),Post-CfE,Market
DE00,2030,9431,Others (non-RES),Pre-CfE,Market
DE00,2030,10000,Others (RES),Pre-CfE,Market
DE00,2030,1002,Reservoir,Post-CfE,Market
DE00,2030,242,Reservoir,Pre-CfE,Market
DE00,2030,3934,Run of river,Post-CfE,Market
DE00,2030,3934,Run of river,Pre-CfE,Market
DE00,2030,10000,Small biomass,Post-CfE,Market
DE00,2030,97002,Solar (PV),Post-CfE,Market
DE00,2030,97002,Solar (PV),Pre-CfE,Market
DE00,2030,118000,Implicit solar PV,Post-CfE,Market
DE00,2030,118000,Implicit solar PV,Pre-CfE,Market
DE00,2030,28097,Wind offshore,Post-CfE,Market
DE00,2030,28097,Wind offshore,Pre-CfE,Market
DE00,2030,115001,Wind onshore,Post-CfE,Market
DE00,2030,115001,Wind onshore,Pre-CfE,Market
DE00,2035,19523,Battery,Post-CfE,Market
DE00,2035,71168,Battery,Pre-CfE,Market
DE00,2035,8175,Closed loop pumping,Post-CfE,Market
DE00,2035,11047,Closed loop pumping,Pre-CfE,Market
DE00,2035,6571,DSR,Post-CfE,Market
DE00,2035,6571,DSR,Pre-CfE,Market
DE00,2035,34169,Gas,Post-CfE,Market
DE00,2035,35069,Gas,Pre-CfE,Market
DE00,2035,500,Hydrogen,Post-CfE,Market
DE00,2035,500,Hydrogen,Pre-CfE,Market
DE00,2035,5009,Lignite,Post-CfE,Market
DE00,2035,5009,Lignite,Pre-CfE,Market
DE00,2035,59250,Non-market batteries,Post-CfE,Non-Market
DE00,2035,487,Oil,Post-CfE,Market
DE00,2035,787,Oil,Pre-CfE,Market
DE00,2035,2204,Open loop pumping,Post-CfE,Market
DE00,2035,140,Open loop pumping,Pre-CfE,Market
DE00,2035,7863,Others (non-RES),Post-CfE,Market
DE00,2035,7863,Others (non-RES),Pre-CfE,Market
DE00,2035,6071,Others (RES),Pre-CfE,Market
DE00,2035,1002,Reservoir,Post-CfE,Market
DE00,2035,242,Reservoir,Pre-CfE,Market
DE00,2035,3934,Run of river,Post-CfE,Market
DE00,2035,3934,Run of river,Pre-CfE,Market
DE00,2035,6071,Small biomass,Post-CfE,Market
DE00,2035,143429,Solar (PV),Post-CfE,Market
DE00,2035,143429,Solar (PV),Pre-CfE,Market
DE00,2035,164714,Implicit solar PV,Post-CfE,Market
DE00,2035,164714,Implicit solar PV,Pre-CfE,Market
DE00,2035,49635,Wind offshore,Post-CfE,Market
DE00,2035,49635,Wind offshore,Pre-CfE,Market
DE00,2035,156956,Wind onshore,Post-CfE,Market
DE00,2035,145859,Wind onshore,Pre-CfE,Market
DEKF,2026,336,Wind offshore,Post-CfE,Market
DEKF,2026,336,Wind offshore,Pre-CfE,Market
DEKF,2028,336,Wind offshore,Post-CfE,Market
DEKF,2028,336,Wind offshore,Pre-CfE,Market
DEKF,2030,336,Wind offshore,Post-CfE,Market
DEKF,2030,336,Wind offshore,Pre-CfE,Market
DEKF,2035,336,Wind offshore,Post-CfE,Market
DEKF,2035,336,Wind offshore,Pre-CfE,Market
DKE1,2026,39,Battery,Post-CfE,Market
DKE1,2026,39,Battery,Pre-CfE,Market
DKE1,2026,957,Biofuel,Post-CfE,Market
DKE1,2026,298,Gas,Post-CfE,Market
DKE1,2026,326,Gas,Pre-CfE,Market
DKE1,2026,0,Hard coal,Post-CfE,Market
DKE1,2026,929,Hard coal,Pre-CfE,Market
DKE1,2026,0,Non-market batteries,Post-CfE,Non-Market
DKE1,2026,834,Oil,Post-CfE,Market
DKE1,2026,834,Oil,Pre-CfE,Market
DKE1,2026,2714,Solar (PV),Post-CfE,Market
DKE1,2026,2714,Solar (PV),Pre-CfE,Market
DKE1,2026,0,Implicit solar PV,Post-CfE,Market
DKE1,2026,0,Implicit solar PV,Pre-CfE,Market
DKE1,2026,423,Wind offshore,Post-CfE,Market
DKE1,2026,423,Wind offshore,Pre-CfE,Market
DKE1,2026,822,Wind onshore,Post-CfE,Market
DKE1,2026,822,Wind onshore,Pre-CfE,Market
DKE1,2028,48,Battery,Post-CfE,Market
DKE1,2028,48,Battery,Pre-CfE,Market
DKE1,2028,977,Biofuel,Post-CfE,Market
DKE1,2028,261,Gas,Post-CfE,Market
DKE1,2028,309,Gas,Pre-CfE,Market
DKE1,2028,0,Hard coal,Post-CfE,Market
DKE1,2028,929,Hard coal,Pre-CfE,Market
DKE1,2028,0,Non-market batteries,Post-CfE,Non-Market
DKE1,2028,834,Oil,Post-CfE,Market
DKE1,2028,834,Oil,Pre-CfE,Market
DKE1,2028,4260,Solar (PV),Post-CfE,Market
DKE1,2028,4260,Solar (PV),Pre-CfE,Market
DKE1,2028,0,Implicit solar PV,Post-CfE,Market
DKE1,2028,0,Implicit solar PV,Pre-CfE,Market
DKE1,2028,873,Wind offshore,Post-CfE,Market
DKE1,2028,873,Wind offshore,Pre-CfE,Market
DKE1,2028,941,Wind onshore,Post-CfE,Market
DKE1,2028,941,Wind onshore,Pre-CfE,Market
DKE1,2030,56,Battery,Post-CfE,Market
DKE1,2030,56,Battery,Pre-CfE,Market
DKE1,2030,977,Biofuel,Post-CfE,Market
DKE1,2030,255,Gas,Post-CfE,Market
DKE1,2030,303,Gas,Pre-CfE,Market
DKE1,2030,0,Hard coal,Post-CfE,Market
DKE1,2030,929,Hard coal,Pre-CfE,Market
DKE1,2030,0,Non-market batteries,Post-CfE,Non-Market
DKE1,2030,834,Oil,Post-CfE,Market
DKE1,2030,834,Oil,Pre-CfE,Market
DKE1,2030,5640,Solar (PV),Post-CfE,Market
DKE1,2030,5640,Solar (PV),Pre-CfE,Market
DKE1,2030,0,Implicit solar PV,Post-CfE,Market
DKE1,2030,0,Implicit solar PV,Pre-CfE,Market
DKE1,2030,873,Wind offshore,Post-CfE,Market
DKE1,2030,873,Wind offshore,Pre-CfE,Market
DKE1,2030,1057,Wind onshore,Post-CfE,Market
DKE1,2030,1057,Wind onshore,Pre-CfE,Market
DKE1,2035,78,Battery,Post-CfE,Market
DKE1,2035,78,Battery,Pre-CfE,Market
DKE1,2035,885,Biofuel,Post-CfE,Market
DKE1,2035,200,Gas,Post-CfE,Market
DKE1,2035,226,Gas,Pre-CfE,Market
DKE1,2035,0,Hard coal,Post-CfE,Market
DKE1,2035,859,Hard coal,Pre-CfE,Market
DKE1,2035,0,Non-market batteries,Post-CfE,Non-Market
DKE1,2035,576,Oil,Post-CfE,Market
DKE1,2035,576,Oil,Pre-CfE,Market
DKE1,2035,7578,Solar (PV),Post-CfE,Market
DKE1,2035,7578,Solar (PV),Pre-CfE,Market
DKE1,2035,0,Implicit solar PV,Post-CfE,Market
DKE1,2035,0,Implicit solar PV,Pre-CfE,Market
DKE1,2035,873,Wind offshore,Post-CfE,Market
DKE1,2035,873,Wind offshore,Pre-CfE,Market
DKE1,2035,1118,Wind onshore,Post-CfE,Market
DKE1,2035,1118,Wind onshore,Pre-CfE,Market
DKHE,2030,1100,Wind offshore,Post-CfE,Market
DKHE,2030,1100,Wind offshore,Pre-CfE,Market
DKHE,2035,1100,Wind offshore,Post-CfE,Market
DKHE,2035,1100,Wind offshore,Pre-CfE,Market
DKK2,2035,1400,Wind offshore,Post-CfE,Market
DKK2,2035,1400,Wind offshore,Pre-CfE,Market
DKKA,2035,1100,Wind offshore,Post-CfE,Market
DKKA,2035,1100,Wind offshore,Pre-CfE,Market
DKKF,2026,605,Wind offshore,Post-CfE,Market
DKKF,2026,605,Wind offshore,Pre-CfE,Market
DKKF,2028,605,Wind offshore,Post-CfE,Market
DKKF,2028,605,Wind offshore,Pre-CfE,Market
DKKF,2030,605,Wind offshore,Post-CfE,Market
DKKF,2030,605,Wind offshore,Pre-CfE,Market
DKKF,2035,605,Wind offshore,Post-CfE,Market
DKKF,2035,605,Wind offshore,Pre-CfE,Market
DKN1,2035,4500,Wind offshore,Post-CfE,Market
DKN1,2035,4500,Wind offshore,Pre-CfE,Market
DKN2,2035,3400,Wind offshore,Post-CfE,Market
DKN2,2035,3400,Wind offshore,Pre-CfE,Market
DKNS,2035,6000,Wind offshore,Post-CfE,Market
DKNS,2035,6000,Wind offshore,Pre-CfE,Market
DKW1,2026,36,Battery,Post-CfE,Market
DKW1,2026,36,Battery,Pre-CfE,Market
DKW1,2026,999,Biofuel,Post-CfE,Market
DKW1,2026,1517,Gas,Post-CfE,Market
DKW1,2026,1681,Gas,Pre-CfE,Market
DKW1,2026,410,Hard coal,Post-CfE,Market
DKW1,2026,1245,Hard coal,Pre-CfE,Market
DKW1,2026,0,Non-market batteries,Post-CfE,Non-Market
DKW1,2026,188,Oil,Post-CfE,Market
DKW1,2026,188,Oil,Pre-CfE,Market
DKW1,2026,6689,Solar (PV),Post-CfE,Market
DKW1,2026,6689,Solar (PV),Pre-CfE,Market
DKW1,2026,0,Implicit solar PV,Post-CfE,Market
DKW1,2026,0,Implicit solar PV,Pre-CfE,Market
DKW1,2026,1627,Wind offshore,Post-CfE,Market
DKW1,2026,1627,Wind offshore,Pre-CfE,Market
DKW1,2026,4752,Wind onshore,Post-CfE,Market
DKW1,2026,4752,Wind onshore,Pre-CfE,Market
DKW1,2028,55,Battery,Post-CfE,Market
DKW1,2028,55,Battery,Pre-CfE,Market
DKW1,2028,998,Biofuel,Post-CfE,Market
DKW1,2028,1377,Gas,Post-CfE,Market
DKW1,2028,1540,Gas,Pre-CfE,Market
DKW1,2028,410,Hard coal,Post-CfE,Market
DKW1,2028,1245,Hard coal,Pre-CfE,Market
DKW1,2028,0,Non-market batteries,Post-CfE,Non-Market
DKW1,2028,172,Oil,Post-CfE,Market
DKW1,2028,172,Oil,Pre-CfE,Market
DKW1,2028,10709,Solar (PV),Post-CfE,Market
DKW1,2028,10709,Solar (PV),Pre-CfE,Market
DKW1,2028,0,Implicit solar PV,Post-CfE,Market
DKW1,2028,0,Implicit solar PV,Pre-CfE,Market
DKW1,2028,2772,Wind offshore,Post-CfE,Market
DKW1,2028,2772,Wind offshore,Pre-CfE,Market
DKW1,2028,5613,Wind onshore,Post-CfE,Market
DKW1,2028,5613,Wind onshore,Pre-CfE,Market
DKW1,2030,234,Battery,Post-CfE,Market
DKW1,2030,234,Battery,Pre-CfE,Market
DKW1,2030,998,Biofuel,Post-CfE,Market
DKW1,2030,1278,Gas,Post-CfE,Market
DKW1,2030,1441,Gas,Pre-CfE,Market
DKW1,2030,0,Hard coal,Post-CfE,Market
DKW1,2030,835,Hard coal,Pre-CfE,Market
DKW1,2030,0,Non-market batteries,Post-CfE,Non-Market
DKW1,2030,140,Oil,Post-CfE,Market
DKW1,2030,140,Oil,Pre-CfE,Market
DKW1,2030,14979,Solar (PV),Post-CfE,Market
DKW1,2030,14979,Solar (PV),Pre-CfE,Market
DKW1,2030,0,Implicit solar PV,Post-CfE,Market
DKW1,2030,0,Implicit solar PV,Pre-CfE,Market
DKW1,2030,2772,Wind offshore,Post-CfE,Market
DKW1,2030,2772,Wind offshore,Pre-CfE,Market
DKW1,2030,6256,Wind onshore,Post-CfE,Market
DKW1,2030,6256,Wind onshore,Pre-CfE,Market
DKW1,2035,282,Battery,Post-CfE,Market
DKW1,2035,282,Battery,Pre-CfE,Market
DKW1,2035,604,Biofuel,Post-CfE,Market
DKW1,2035,513,Gas,Post-CfE,Market
DKW1,2035,644,Gas,Pre-CfE,Market
DKW1,2035,0,Hard coal,Post-CfE,Market
DKW1,2035,473,Hard coal,Pre-CfE,Market
DKW1,2035,0,Non-market batteries,Post-CfE,Non-Market
DKW1,2035,126,Oil,Post-CfE,Market
DKW1,2035,126,Oil,Pre-CfE,Market
DKW1,2035,18629,Solar (PV),Post-CfE,Market
DKW1,2035,18629,Solar (PV),Pre-CfE,Market
DKW1,2035,0,Implicit solar PV,Post-CfE,Market
DKW1,2035,0,Implicit solar PV,Pre-CfE,Market
DKW1,2035,3772,Wind offshore,Post-CfE,Market
DKW1,2035,3772,Wind offshore,Pre-CfE,Market
DKW1,2035,6445,Wind onshore,Post-CfE,Market
DKW1,2035,6445,Wind onshore,Pre-CfE,Market
EE00,2026,27,Battery,Post-CfE,Market
EE00,2026,27,Battery,Pre-CfE,Market
EE00,2026,155,Biofuel,Post-CfE,Market
EE00,2026,148,DSR,Post-CfE,Market
EE00,2026,148,DSR,Pre-CfE,Market
EE00,2026,0,Non-market batteries,Post-CfE,Non-Market
EE00,2026,8,Not defined or splitting not known RES,Post-CfE,Market
EE00,2026,1063,Oil,Post-CfE,Market
EE00,2026,466,Oil,Pre-CfE,Market
EE00,2026,145,Others (non-RES),Post-CfE,Market
EE00,2026,145,Others (non-RES),Pre-CfE,Market
EE00,2026,160,Others (RES),Pre-CfE,Market
EE00,2026,152,Small biomass,Post-CfE,Market
EE00,2026,1320,Solar (PV),Post-CfE,Market
EE00,2026,1320,Solar (PV),Pre-CfE,Market
EE00,2026,0,Implicit solar PV,Post-CfE,Market
EE00,2026,0,Implicit solar PV,Pre-CfE,Market
EE00,2026,732,Wind onshore,Post-CfE,Market
EE00,2026,732,Wind onshore,Pre-CfE,Market
EE00,2028,227,Battery,Post-CfE,Market
EE00,2028,27,Battery,Pre-CfE,Market
EE00,2028,136,Biofuel,Post-CfE,Market
EE00,2028,173,DSR,Post-CfE,Market
EE00,2028,173,DSR,Pre-CfE,Market
EE00,2028,250,Gas,Pre-CfE,Market
EE00,2028,0,Non-market batteries,Post-CfE,Non-Market
EE00,2028,8,Not defined or splitting not known RES,Post-CfE,Market
EE00,2028,216,Oil,Post-CfE,Market
EE00,2028,546,Oil,Pre-CfE,Market
EE00,2028,143,Others (non-RES),Post-CfE,Market
EE00,2028,143,Others (non-RES),Pre-CfE,Market
EE00,2028,160,Others (RES),Pre-CfE,Market
EE00,2028,152,Small biomass,Post-CfE,Market
EE00,2028,1470,Solar (PV),Post-CfE,Market
EE00,2028,1470,Solar (PV),Pre-CfE,Market
EE00,2028,0,Implicit solar PV,Post-CfE,Market
EE00,2028,0,Implicit solar PV,Pre-CfE,Market
EE00,2028,1362,Wind onshore,Post-CfE,Market
EE00,2028,1362,Wind onshore,Pre-CfE,Market
EE00,2030,227,Battery,Post-CfE,Market
EE00,2030,27,Battery,Pre-CfE,Market
EE00,2030,136,Biofuel,Post-CfE,Market
EE00,2030,198,DSR,Post-CfE,Market
EE00,2030,198,DSR,Pre-CfE,Market
EE00,2030,250,Gas,Pre-CfE,Market
EE00,2030,0,Non-market batteries,Post-CfE,Non-Market
EE00,2030,8,Not defined or splitting not known RES,Post-CfE,Market
EE00,2030,216,Oil,Post-CfE,Market
EE00,2030,546,Oil,Pre-CfE,Market
EE00,2030,143,Others (non-RES),Post-CfE,Market
EE00,2030,143,Others (non-RES),Pre-CfE,Market
EE00,2030,160,Others (RES),Pre-CfE,Market
EE00,2030,152,Small biomass,Post-CfE,Market
EE00,2030,1570,Solar (PV),Post-CfE,Market
EE00,2030,1570,Solar (PV),Pre-CfE,Market
EE00,2030,0,Implicit solar PV,Post-CfE,Market
EE00,2030,0,Implicit solar PV,Pre-CfE,Market
EE00,2030,1716,Wind onshore,Post-CfE,Market
EE00,2030,1716,Wind onshore,Pre-CfE,Market
EE00,2035,227,Battery,Post-CfE,Market
EE00,2035,27,Battery,Pre-CfE,Market
EE00,2035,136,Biofuel,Post-CfE,Market
EE00,2035,260,DSR,Post-CfE,Market
EE00,2035,260,DSR,Pre-CfE,Market
EE00,2035,250,Gas,Pre-CfE,Market
EE00,2035,0,Non-market batteries,Post-CfE,Non-Market
EE00,2035,8,Not defined or splitting not known RES,Post-CfE,Market
EE00,2035,216,Oil,Post-CfE,Market
EE00,2035,143,Others (non-RES),Post-CfE,Market
EE00,2035,143,Others (non-RES),Pre-CfE,Market
EE00,2035,160,Others (RES),Pre-CfE,Market
EE00,2035,152,Small biomass,Post-CfE,Market
EE00,2035,1700,Solar (PV),Post-CfE,Market
EE00,2035,1700,Solar (PV),Pre-CfE,Market
EE00,2035,0,Implicit solar PV,Post-CfE,Market
EE00,2035,0,Implicit solar PV,Pre-CfE,Market
EE00,2035,1000,Wind offshore,Post-CfE,Market
EE00,2035,1000,Wind offshore,Pre-CfE,Market
EE00,2035,2600,Wind onshore,Post-CfE,Market
EE00,2035,2600,Wind onshore,Pre-CfE,Market
ES00,2026,915,Battery,Post-CfE,Market
ES00,2026,1072,Battery,Pre-CfE,Market
ES00,2026,3331,Closed loop pumping,Post-CfE,Market
ES00,2026,3331,Closed loop pumping,Pre-CfE,Market
ES00,2026,609,DSR,Post-CfE,Market
ES00,2026,609,DSR,Pre-CfE,Market
ES00,2026,25060,Gas,Post-CfE,Market
ES00,2026,25060,Gas,Pre-CfE,Market
ES00,2026,157,Non-market batteries,Post-CfE,Non-Market
ES00,2026,1431,Not defined or splitting not known RES,Post-CfE,Market
ES00,2026,7117,Nuclear,Post-CfE,Market
ES00,2026,7117,Nuclear,Pre-CfE,Market
ES00,2026,2683,Open loop pumping,Post-CfE,Market
ES00,2026,2683,Open loop pumping,Pre-CfE,Market
ES00,2026,4342,Others (non-RES),Post-CfE,Market
ES00,2026,4342,Others (non-RES),Pre-CfE,Market
ES00,2026,1431,Others (RES),Pre-CfE,Market
ES00,2026,11177,Reservoir,Post-CfE,Market
ES00,2026,11177,Reservoir,Pre-CfE,Market
ES00,2026,3412,Run of river,Post-CfE,Market
ES00,2026,3412,Run of river,Pre-CfE,Market
ES00,2026,42618,Solar (PV),Post-CfE,Market
ES00,2026,42618,Solar (PV),Pre-CfE,Market
ES00,2026,2304,Solar (thermal),Post-CfE,Market
ES00,2026,2304,Solar (thermal),Pre-CfE,Market
ES00,2026,0,Implicit solar PV,Post-CfE,Market
ES00,2026,0,Implicit solar PV,Pre-CfE,Market
ES00,2026,36132,Wind onshore,Post-CfE,Market
ES00,2026,36132,Wind onshore,Pre-CfE,Market
ES00,2028,1915,Battery,Post-CfE,Market
ES00,2028,2169,Battery,Pre-CfE,Market
ES00,2028,3867,Closed loop pumping,Post-CfE,Market
ES00,2028,3867,Closed loop pumping,Pre-CfE,Market
ES00,2028,609,DSR,Post-CfE,Market
ES00,2028,609,DSR,Pre-CfE,Market
ES00,2028,25060,Gas,Post-CfE,Market
ES00,2028,25060,Gas,Pre-CfE,Market
ES00,2028,254,Non-market batteries,Post-CfE,Non-Market
ES00,2028,1697,Not defined or splitting not known RES,Post-CfE,Market
ES00,2028,6106,Nuclear,Post-CfE,Market
ES00,2028,6106,Nuclear,Pre-CfE,Market
ES00,2028,2683,Open loop pumping,Post-CfE,Market
ES00,2028,2683,Open loop pumping,Pre-CfE,Market
ES00,2028,4273,Others (non-RES),Post-CfE,Market
ES00,2028,4275,Others (non-RES),Pre-CfE,Market
ES00,2028,1697,Others (RES),Pre-CfE,Market
ES00,2028,11177,Reservoir,Post-CfE,Market
ES00,2028,11177,Reservoir,Pre-CfE,Market
ES00,2028,3412,Run of river,Post-CfE,Market
ES00,2028,3412,Run of river,Pre-CfE,Market
ES00,2028,54869,Solar (PV),Post-CfE,Market
ES00,2028,54869,Solar (PV),Pre-CfE,Market
ES00,2028,2354,Solar (thermal),Post-CfE,Market
ES00,2028,2354,Solar (thermal),Pre-CfE,Market
ES00,2028,0,Implicit solar PV,Post-CfE,Market
ES00,2028,0,Implicit solar PV,Pre-CfE,Market
ES00,2028,100,Wind offshore,Post-CfE,Market
ES00,2028,100,Wind offshore,Pre-CfE,Market
ES00,2028,42038,Wind onshore,Post-CfE,Market
ES00,2028,42038,Wind onshore,Pre-CfE,Market
ES00,2030,7000,Battery,Post-CfE,Market
ES00,2030,7700,Battery,Pre-CfE,Market
ES00,2030,6461,Closed loop pumping,Post-CfE,Market
ES00,2030,5362,Closed loop pumping,Pre-CfE,Market
ES00,2030,1197,DSR,Post-CfE,Market
ES00,2030,1197,DSR,Pre-CfE,Market
ES00,2030,25060,Gas,Post-CfE,Market
ES00,2030,25060,Gas,Pre-CfE,Market
ES00,2030,700,Non-market batteries,Post-CfE,Non-Market
ES00,2030,1964,Not defined or splitting not known RES,Post-CfE,Market
ES00,2030,5100,Nuclear,Post-CfE,Market
ES00,2030,5100,Nuclear,Pre-CfE,Market
ES00,2030,3123,Open loop pumping,Post-CfE,Market
ES00,2030,4223,Open loop pumping,Pre-CfE,Market
ES00,2030,4072,Others (non-RES),Post-CfE,Market
ES00,2030,4072,Others (non-RES),Pre-CfE,Market
ES00,2030,1964,Others (RES),Pre-CfE,Market
ES00,2030,11177,Reservoir,Post-CfE,Market
ES00,2030,11177,Reservoir,Pre-CfE,Market
ES00,2030,3667,Run of river,Post-CfE,Market
ES00,2030,3667,Run of river,Pre-CfE,Market
ES00,2030,64051,Solar (PV),Post-CfE,Market
ES00,2030,64051,Solar (PV),Pre-CfE,Market
ES00,2030,4804,Solar (thermal),Post-CfE,Market
ES00,2030,4804,Solar (thermal),Pre-CfE,Market
ES00,2030,0,Implicit solar PV,Post-CfE,Market
ES00,2030,0,Implicit solar PV,Pre-CfE,Market
ES00,2030,2800,Wind offshore,Post-CfE,Market
ES00,2030,2800,Wind offshore,Pre-CfE,Market
ES00,2030,50222,Wind onshore,Post-CfE,Market
ES00,2030,50222,Wind onshore,Pre-CfE,Market
ES00,2035,13690,Battery,Post-CfE,Market
ES00,2035,14618,Battery,Pre-CfE,Market
ES00,2035,8280,Closed loop pumping,Post-CfE,Market
ES00,2035,6516,Closed loop pumping,Pre-CfE,Market
ES00,2035,2600,DSR,Post-CfE,Market
ES00,2035,2600,DSR,Pre-CfE,Market
ES00,2035,25060,Gas,Post-CfE,Market
ES00,2035,25060,Gas,Pre-CfE,Market
ES00,2035,928,Non-market batteries,Post-CfE,Non-Market
ES00,2035,1964,Not defined or splitting not known RES,Post-CfE,Market
ES00,2035,2049,Nuclear,Pre-CfE,Market
ES00,2035,3123,Open loop pumping,Post-CfE,Market
ES00,2035,4223,Open loop pumping,Pre-CfE,Market
ES00,2035,4072,Others (non-RES),Post-CfE,Market
ES00,2035,4072,Others (non-RES),Pre-CfE,Market
ES00,2035,1964,Others (RES),Pre-CfE,Market
ES00,2035,11177,Reservoir,Post-CfE,Market
ES00,2035,11177,Reservoir,Pre-CfE,Market
ES00,2035,3667,Run of river,Post-CfE,Market
ES00,2035,3667,Run of river,Pre-CfE,Market
ES00,2035,107051,Solar (PV),Post-CfE,Market
ES00,2035,107051,Solar (PV),Pre-CfE,Market
ES00,2035,4804,Solar (thermal),Post-CfE,Market
ES00,2035,4804,Solar (thermal),Pre-CfE,Market
ES00,2035,0,Implicit solar PV,Post-CfE,Market
ES00,2035,0,Implicit solar PV,Pre-CfE,Market
ES00,2035,2800,Wind offshore,Post-CfE,Market
ES00,2035,2800,Wind offshore,Pre-CfE,Market
ES00,2035,68222,Wind onshore,Post-CfE,Market
ES00,2035,68222,Wind onshore,Pre-CfE,Market
FI00,2026,679,Battery,Post-CfE,Market
FI00,2026,679,Battery,Pre-CfE,Market
FI00,2026,1596,Biofuel,Post-CfE,Market
FI00,2026,1164,DSR,Post-CfE,Market
FI00,2026,1164,DSR,Pre-CfE,Market
FI00,2026,1489,Gas,Post-CfE,Market
FI00,2026,1619,Gas,Pre-CfE,Market
FI00,2026,170,Hard coal,Post-CfE,Market
FI00,2026,2636,Hard coal,Pre-CfE,Market
FI00,2026,4394,Nuclear,Post-CfE,Market
FI00,2026,4394,Nuclear,Pre-CfE,Market
FI00,2026,41,Oil,Post-CfE,Market
FI00,2026,41,Oil,Pre-CfE,Market
FI00,2026,153,Others (non-RES),Post-CfE,Market
FI00,2026,153,Others (non-RES),Pre-CfE,Market
FI00,2026,1729,Others (RES),Pre-CfE,Market
FI00,2026,3237,Reservoir,Post-CfE,Market
FI00,2026,3237,Reservoir,Pre-CfE,Market
FI00,2026,1729,Small biomass,Post-CfE,Market
FI00,2026,2684,Solar (PV),Post-CfE,Market
FI00,2026,2684,Solar (PV),Pre-CfE,Market
FI00,2026,0,Implicit solar PV,Post-CfE,Market
FI00,2026,0,Implicit solar PV,Pre-CfE,Market
FI00,2026,10829,Wind onshore,Post-CfE,Market
FI00,2026,10829,Wind onshore,Pre-CfE,Market
FI00,2028,1649,Battery,Post-CfE,Market
FI00,2028,1649,Battery,Pre-CfE,Market
FI00,2028,1596,Biofuel,Post-CfE,Market
FI00,2028,1411,DSR,Post-CfE,Market
FI00,2028,1411,DSR,Pre-CfE,Market
FI00,2028,1407,Gas,Post-CfE,Market
FI00,2028,1492,Gas,Pre-CfE,Market
FI00,2028,170,Hard coal,Post-CfE,Market
FI00,2028,1766,Hard coal,Pre-CfE,Market
FI00,2028,4394,Nuclear,Post-CfE,Market
FI00,2028,4394,Nuclear,Pre-CfE,Market
FI00,2028,41,Oil,Post-CfE,Market
FI00,2028,41,Oil,Pre-CfE,Market
FI00,2028,153,Others (non-RES),Post-CfE,Market
FI00,2028,153,Others (non-RES),Pre-CfE,Market
FI00,2028,1729,Others (RES),Pre-CfE,Market
FI00,2028,3237,Reservoir,Post-CfE,Market
FI00,2028,3237,Reservoir,Pre-CfE,Market
FI00,2028,1729,Small biomass,Post-CfE,Market
FI00,2028,5298,Solar (PV),Post-CfE,Market
FI00,2028,5298,Solar (PV),Pre-CfE,Market
FI00,2028,0,Implicit solar PV,Post-CfE,Market
FI00,2028,0,Implicit solar PV,Pre-CfE,Market
FI00,2028,16977,Wind onshore,Post-CfE,Market
FI00,2028,16977,Wind onshore,Pre-CfE,Market
FI00,2030,1739,Battery,Post-CfE,Market
FI00,2030,1739,Battery,Pre-CfE,Market
FI00,2030,1282,Biofuel,Post-CfE,Market
FI00,2030,1664,DSR,Post-CfE,Market
FI00,2030,1664,DSR,Pre-CfE,Market
FI00,2030,1231,Gas,Post-CfE,Market
FI00,2030,1316,Gas,Pre-CfE,Market
FI00,2030,44,Hard coal,Post-CfE,Market
FI00,2030,1406,Hard coal,Pre-CfE,Market
FI00,2030,4394,Nuclear,Post-CfE,Market
FI00,2030,4394,Nuclear,Pre-CfE,Market
FI00,2030,153,Others (non-RES),Post-CfE,Market
FI00,2030,153,Others (non-RES),Pre-CfE,Market
FI00,2030,1729,Others (RES),Pre-CfE,Market
FI00,2030,3237,Reservoir,Post-CfE,Market
FI00,2030,3237,Reservoir,Pre-CfE,Market
FI00,2030,1729,Small biomass,Post-CfE,Market
FI00,2030,7598,Solar (PV),Post-CfE,Market
FI00,2030,7598,Solar (PV),Pre-CfE,Market
FI00,2030,0,Implicit solar PV,Post-CfE,Market
FI00,2030,0,Implicit solar PV,Pre-CfE,Market
FI00,2030,1000,Wind offshore,Post-CfE,Market
FI00,2030,1000,Wind offshore,Pre-CfE,Market
FI00,2030,23312,Wind onshore,Post-CfE,Market
FI00,2030,23312,Wind onshore,Pre-CfE,Market
FI00,2035,1889,Battery,Post-CfE,Market
FI00,2035,1889,Battery,Pre-CfE,Market
FI00,2035,1178,Biofuel,Post-CfE,Market
FI00,2035,2083,DSR,Post-CfE,Market
FI00,2035,2083,DSR,Pre-CfE,Market
FI00,2035,1046,Gas,Post-CfE,Market
FI00,2035,1086,Gas,Pre-CfE,Market
FI00,2035,0,Hard coal,Post-CfE,Market
FI00,2035,1178,Hard coal,Pre-CfE,Market
FI00,2035,4394,Nuclear,Post-CfE,Market
FI00,2035,4394,Nuclear,Pre-CfE,Market
FI00,2035,153,Others (non-RES),Post-CfE,Market
FI00,2035,153,Others (non-RES),Pre-CfE,Market
FI00,2035,1729,Others (RES),Pre-CfE,Market
FI00,2035,3237,Reservoir,Post-CfE,Market
FI00,2035,3237,Reservoir,Pre-CfE,Market
FI00,2035,1729,Small biomass,Post-CfE,Market
FI00,2035,10995,Solar (PV),Post-CfE,Market
FI00,2035,10995,Solar (PV),Pre-CfE,Market
FI00,2035,0,Implicit solar PV,Post-CfE,Market
FI00,2035,0,Implicit solar PV,Pre-CfE,Market
FI00,2035,3600,Wind offshore,Post-CfE,Market
FI00,2035,3600,Wind offshore,Pre-CfE,Market
FI00,2035,39806,Wind onshore,Post-CfE,Market
FI00,2035,39806,Wind onshore,Pre-CfE,Market
FR00,2026,470,Battery,Post-CfE,Market
FR00,2026,470,Battery,Pre-CfE,Market
FR00,2026,1950,Closed loop pumping,Post-CfE,Market
FR00,2026,1950,Closed loop pumping,Pre-CfE,Market
FR00,2026,4550,DSR,Post-CfE,Market
FR00,2026,4550,DSR,Pre-CfE,Market
FR00,2026,7189,Gas,Post-CfE,Market
FR00,2026,7189,Gas,Pre-CfE,Market
FR00,2026,1724,Hard coal,Post-CfE,Market
FR00,2026,1724,Hard coal,Pre-CfE,Market
FR00,2026,0,Non-market batteries,Post-CfE,Non-Market
FR00,2026,665,Not defined or splitting not known RES,Post-CfE,Market
FR00,2026,63020,Nuclear,Post-CfE,Market
FR00,2026,63020,Nuclear,Pre-CfE,Market
FR00,2026,1331,Oil,Post-CfE,Market
FR00,2026,1331,Oil,Pre-CfE,Market
FR00,2026,1850,Open loop pumping,Post-CfE,Market
FR00,2026,1850,Open loop pumping,Pre-CfE,Market
FR00,2026,6340,Others (non-RES),Post-CfE,Market
FR00,2026,6340,Others (non-RES),Pre-CfE,Market
FR00,2026,1340,Others (RES),Pre-CfE,Market
FR00,2026,9600,Reservoir,Post-CfE,Market
FR00,2026,9600,Reservoir,Pre-CfE,Market
FR00,2026,13600,Run of river,Post-CfE,Market
FR00,2026,13600,Run of river,Pre-CfE,Market
FR00,2026,675,Small biomass,Post-CfE,Market
FR00,2026,24716,Solar (PV),Post-CfE,Market
FR00,2026,24716,Solar (PV),Pre-CfE,Market
FR00,2026,0,Implicit solar PV,Post-CfE,Market
FR00,2026,0,Implicit solar PV,Pre-CfE,Market
FR00,2026,2015,Wind offshore,Post-CfE,Market
FR00,2026,3015,Wind offshore,Pre-CfE,Market
FR00,2026,24800,Wind onshore,Post-CfE,Market
FR00,2026,24800,Wind onshore,Pre-CfE,Market
FR00,2028,470,Battery,Post-CfE,Market
FR00,2028,470,Battery,Pre-CfE,Market
FR00,2028,1950,Closed loop pumping,Post-CfE,Market
FR00,2028,1950,Closed loop pumping,Pre-CfE,Market
FR00,2028,5130,DSR,Post-CfE,Market
FR00,2028,5130,DSR,Pre-CfE,Market
FR00,2028,7189,Gas,Post-CfE,Market
FR00,2028,7189,Gas,Pre-CfE,Market
FR00,2028,0,Non-market batteries,Post-CfE,Non-Market
FR00,2028,715,Not defined or splitting not known RES,Post-CfE,Market
FR00,2028,63020,Nuclear,Post-CfE,Market
FR00,2028,63020,Nuclear,Pre-CfE,Market
FR00,2028,971,Oil,Post-CfE,Market
FR00,2028,1331,Oil,Pre-CfE,Market
FR00,2028,1850,Open loop pumping,Post-CfE,Market
FR00,2028,1850,Open loop pumping,Pre-CfE,Market
FR00,2028,7784,Others (non-RES),Post-CfE,Market
FR00,2028,7784,Others (non-RES),Pre-CfE,Market
FR00,2028,1390,Others (RES),Pre-CfE,Market
FR00,2028,9724,Reservoir,Post-CfE,Market
FR00,2028,9724,Reservoir,Pre-CfE,Market
FR00,2028,13600,Run of river,Post-CfE,Market
FR00,2028,13600,Run of river,Pre-CfE,Market
FR00,2028,675,Small biomass,Post-CfE,Market
FR00,2028,32516,Solar (PV),Post-CfE,Market
FR00,2028,32516,Solar (PV),Pre-CfE,Market
FR00,2028,0,Implicit solar PV,Post-CfE,Market
FR00,2028,0,Implicit solar PV,Pre-CfE,Market
FR00,2028,3015,Wind offshore,Post-CfE,Market
FR00,2028,3615,Wind offshore,Pre-CfE,Market
FR00,2028,27640,Wind onshore,Post-CfE,Market
FR00,2028,27640,Wind onshore,Pre-CfE,Market
FR00,2030,470,Battery,Post-CfE,Market
FR00,2030,470,Battery,Pre-CfE,Market
FR00,2030,1950,Closed loop pumping,Post-CfE,Market
FR00,2030,1950,Closed loop pumping,Pre-CfE,Market
FR00,2030,5710,DSR,Post-CfE,Market
FR00,2030,5710,DSR,Pre-CfE,Market
FR00,2030,7189,Gas,Post-CfE,Market
FR00,2030,7189,Gas,Pre-CfE,Market
FR00,2030,0,Non-market batteries,Post-CfE,Non-Market
FR00,2030,765,Not defined or splitting not known RES,Post-CfE,Market
FR00,2030,63020,Nuclear,Post-CfE,Market
FR00,2030,63020,Nuclear,Pre-CfE,Market
FR00,2030,971,Oil,Post-CfE,Market
FR00,2030,1331,Oil,Pre-CfE,Market
FR00,2030,1850,Open loop pumping,Post-CfE,Market
FR00,2030,1850,Open loop pumping,Pre-CfE,Market
FR00,2030,7504,Others (non-RES),Post-CfE,Market
FR00,2030,7504,Others (non-RES),Pre-CfE,Market
FR00,2030,1440,Others (RES),Pre-CfE,Market
FR00,2030,9847,Reservoir,Post-CfE,Market
FR00,2030,9847,Reservoir,Pre-CfE,Market
FR00,2030,13600,Run of river,Post-CfE,Market
FR00,2030,13600,Run of river,Pre-CfE,Market
FR00,2030,675,Small biomass,Post-CfE,Market
FR00,2030,40316,Solar (PV),Post-CfE,Market
FR00,2030,40316,Solar (PV),Pre-CfE,Market
FR00,2030,0,Implicit solar PV,Post-CfE,Market
FR00,2030,0,Implicit solar PV,Pre-CfE,Market
FR00,2030,3615,Wind offshore,Post-CfE,Market
FR00,2030,3875,Wind offshore,Pre-CfE,Market
FR00,2030,30480,Wind onshore,Post-CfE,Market
FR00,2030,30480,Wind onshore,Pre-CfE,Market
FR00,2035,470,Battery,Post-CfE,Market
FR00,2035,470,Battery,Pre-CfE,Market
FR00,2035,2179,Closed loop pumping,Post-CfE,Market
FR00,2035,2179,Closed loop pumping,Pre-CfE,Market
FR00,2035,6600,DSR,Post-CfE,Market
FR00,2035,6600,DSR,Pre-CfE,Market
FR00,2035,7189,Gas,Post-CfE,Market
FR00,2035,7189,Gas,Pre-CfE,Market
FR00,2035,0,Non-market batteries,Post-CfE,Non-Market
FR00,2035,765,Not defined or splitting not known RES,Post-CfE,Market
FR00,2035,63020,Nuclear,Post-CfE,Market
FR00,2035,63020,Nuclear,Pre-CfE,Market
FR00,2035,1331,Oil,Pre-CfE,Market
FR00,2035,2068,Open loop pumping,Post-CfE,Market
FR00,2035,2068,Open loop pumping,Pre-CfE,Market
FR00,2035,5516,Others (non-RES),Post-CfE,Market
FR00,2035,5516,Others (non-RES),Pre-CfE,Market
FR00,2035,1440,Others (RES),Pre-CfE,Market
FR00,2035,9847,Reservoir,Post-CfE,Market
FR00,2035,9847,Reservoir,Pre-CfE,Market
FR00,2035,13600,Run of river,Post-CfE,Market
FR00,2035,13600,Run of river,Pre-CfE,Market
FR00,2035,675,Small biomass,Post-CfE,Market
FR00,2035,62216,Solar (PV),Post-CfE,Market
FR00,2035,62216,Solar (PV),Pre-CfE,Market
FR00,2035,0,Implicit solar PV,Post-CfE,Market
FR00,2035,0,Implicit solar PV,Pre-CfE,Market
FR00,2035,14775,Wind offshore,Post-CfE,Market
FR00,2035,17975,Wind offshore,Pre-CfE,Market
FR00,2035,37580,Wind onshore,Post-CfE,Market
FR00,2035,37580,Wind onshore,Pre-CfE,Market
GR00,2026,700,Battery,Post-CfE,Market
GR00,2026,700,Battery,Pre-CfE,Market
GR00,2026,680,Closed loop pumping,Post-CfE,Market
GR00,2026,680,Closed loop pumping,Pre-CfE,Market
GR00,2026,155,DSR,Post-CfE,Market
GR00,2026,290,DSR,Pre-CfE,Market
GR00,2026,7687,Gas,Post-CfE,Market
GR00,2026,7687,Gas,Pre-CfE,Market
GR00,2026,660,Lignite,Post-CfE,Market
GR00,2026,660,Lignite,Pre-CfE,Market
GR00,2026,0,Non-market batteries,Post-CfE,Non-Market
GR00,2026,144,Not defined or splitting not known RES,Post-CfE,Market
GR00,2026,699,Open loop pumping,Post-CfE,Market
GR00,2026,699,Open loop pumping,Pre-CfE,Market
GR00,2026,285,Others (RES),Pre-CfE,Market
GR00,2026,22,Pondage,Post-CfE,Market
GR00,2026,22,Pondage,Pre-CfE,Market
GR00,2026,2661,Reservoir,Post-CfE,Market
GR00,2026,2661,Reservoir,Pre-CfE,Market
GR00,2026,293,Run of river,Post-CfE,Market
GR00,2026,293,Run of river,Pre-CfE,Market
GR00,2026,141,Small biomass,Post-CfE,Market
GR00,2026,8842,Solar (PV),Post-CfE,Market
GR00,2026,8842,Solar (PV),Pre-CfE,Market
GR00,2026,0,Implicit solar PV,Post-CfE,Market
GR00,2026,0,Implicit solar PV,Pre-CfE,Market
GR00,2026,5701,Wind onshore,Post-CfE,Market
GR00,2026,5701,Wind onshore,Pre-CfE,Market
GR00,2028,1500,Battery,Post-CfE,Market
GR00,2028,1500,Battery,Pre-CfE,Market
GR00,2028,680,Closed loop pumping,Post-CfE,Market
GR00,2028,680,Closed loop pumping,Pre-CfE,Market
GR00,2028,205,DSR,Post-CfE,Market
GR00,2028,340,DSR,Pre-CfE,Market
GR00,2028,7687,Gas,Post-CfE,Market
GR00,2028,7687,Gas,Pre-CfE,Market
GR00,2028,660,Lignite,Post-CfE,Market
GR00,2028,660,Lignite,Pre-CfE,Market
GR00,2028,0,Non-market batteries,Post-CfE,Non-Market
GR00,2028,147,Not defined or splitting not known RES,Post-CfE,Market
GR00,2028,699,Open loop pumping,Post-CfE,Market
GR00,2028,699,Open loop pumping,Pre-CfE,Market
GR00,2028,293,Others (RES),Pre-CfE,Market
GR00,2028,22,Pondage,Post-CfE,Market
GR00,2028,22,Pondage,Pre-CfE,Market
GR00,2028,2744,Reservoir,Post-CfE,Market
GR00,2028,2744,Reservoir,Pre-CfE,Market
GR00,2028,298,Run of river,Post-CfE,Market
GR00,2028,298,Run of river,Pre-CfE,Market
GR00,2028,145,Small biomass,Post-CfE,Market
GR00,2028,10811,Solar (PV),Post-CfE,Market
GR00,2028,10811,Solar (PV),Pre-CfE,Market
GR00,2028,0,Implicit solar PV,Post-CfE,Market
GR00,2028,0,Implicit solar PV,Pre-CfE,Market
GR00,2028,6196,Wind onshore,Post-CfE,Market
GR00,2028,6196,Wind onshore,Pre-CfE,Market
GR00,2030,3100,Battery,Post-CfE,Market
GR00,2030,3100,Battery,Pre-CfE,Market
GR00,2030,680,Closed loop pumping,Post-CfE,Market
GR00,2030,680,Closed loop pumping,Pre-CfE,Market
GR00,2030,285,DSR,Post-CfE,Market
GR00,2030,420,DSR,Pre-CfE,Market
GR00,2030,7687,Gas,Post-CfE,Market
GR00,2030,7687,Gas,Pre-CfE,Market
GR00,2030,0,Non-market batteries,Post-CfE,Non-Market
GR00,2030,150,Not defined or splitting not known RES,Post-CfE,Market
GR00,2030,699,Open loop pumping,Post-CfE,Market
GR00,2030,699,Open loop pumping,Pre-CfE,Market
GR00,2030,300,Others (RES),Pre-CfE,Market
GR00,2030,22,Pondage,Post-CfE,Market
GR00,2030,22,Pondage,Pre-CfE,Market
GR00,2030,2744,Reservoir,Post-CfE,Market
GR00,2030,2744,Reservoir,Pre-CfE,Market
GR00,2030,302,Run of river,Post-CfE,Market
GR00,2030,302,Run of river,Pre-CfE,Market
GR00,2030,150,Small biomass,Post-CfE,Market
GR00,2030,12900,Solar (PV),Post-CfE,Market
GR00,2030,12900,Solar (PV),Pre-CfE,Market
GR00,2030,0,Implicit solar PV,Post-CfE,Market
GR00,2030,0,Implicit solar PV,Pre-CfE,Market
GR00,2030,1900,Wind offshore,Post-CfE,Market
GR00,2030,1900,Wind offshore,Pre-CfE,Market
GR00,2030,6800,Wind onshore,Post-CfE,Market
GR00,2030,6800,Wind onshore,Pre-CfE,Market
GR00,2035,3600,Battery,Post-CfE,Market
GR00,2035,3600,Battery,Pre-CfE,Market
GR00,2035,1500,Closed loop pumping,Post-CfE,Market
GR00,2035,1500,Closed loop pumping,Pre-CfE,Market
GR00,2035,535,DSR,Post-CfE,Market
GR00,2035,670,DSR,Pre-CfE,Market
GR00,2035,7113,Gas,Post-CfE,Market
GR00,2035,7113,Gas,Pre-CfE,Market
GR00,2035,100,Geothermal,Post-CfE,Market
GR00,2035,0,Non-market batteries,Post-CfE,Non-Market
GR00,2035,200,Not defined or splitting not known RES,Post-CfE,Market
GR00,2035,699,Open loop pumping,Post-CfE,Market
GR00,2035,699,Open loop pumping,Pre-CfE,Market
GR00,2035,900,Others (RES),Pre-CfE,Market
GR00,2035,22,Pondage,Post-CfE,Market
GR00,2035,22,Pondage,Pre-CfE,Market
GR00,2035,2744,Reservoir,Post-CfE,Market
GR00,2035,2744,Reservoir,Pre-CfE,Market
GR00,2035,508,Run of river,Post-CfE,Market
GR00,2035,508,Run of river,Pre-CfE,Market
GR00,2035,600,Small biomass,Post-CfE,Market
GR00,2035,18000,Solar (PV),Post-CfE,Market
GR00,2035,18000,Solar (PV),Pre-CfE,Market
GR00,2035,0,Implicit solar PV,Post-CfE,Market
GR00,2035,0,Implicit solar PV,Pre-CfE,Market
GR00,2035,6200,Wind offshore,Post-CfE,Market
GR00,2035,6200,Wind offshore,Pre-CfE,Market
GR00,2035,7500,Wind onshore,Post-CfE,Market
GR00,2035,7500,Wind onshore,Pre-CfE,Market
GR03,2026,0,Non-market batteries,Post-CfE,Non-Market
GR03,2026,408,Oil,Post-CfE,Market
GR03,2026,408,Oil,Pre-CfE,Market
GR03,2026,250,Solar (PV),Post-CfE,Market
GR03,2026,250,Solar (PV),Pre-CfE,Market
GR03,2026,70,Solar (thermal),Post-CfE,Market
GR03,2026,70,Solar (thermal),Pre-CfE,Market
GR03,2026,0,Implicit solar PV,Post-CfE,Market
GR03,2026,0,Implicit solar PV,Pre-CfE,Market
GR03,2026,469,Wind onshore,Post-CfE,Market
GR03,2026,469,Wind onshore,Pre-CfE,Market
GR03,2028,150,Battery,Post-CfE,Market
GR03,2028,150,Battery,Pre-CfE,Market
GR03,2028,0,Non-market batteries,Post-CfE,Non-Market
GR03,2028,408,Oil,Post-CfE,Market
GR03,2028,408,Oil,Pre-CfE,Market
GR03,2028,400,Solar (PV),Post-CfE,Market
GR03,2028,400,Solar (PV),Pre-CfE,Market
GR03,2028,137,Solar (thermal),Post-CfE,Market
GR03,2028,137,Solar (thermal),Pre-CfE,Market
GR03,2028,0,Implicit solar PV,Post-CfE,Market
GR03,2028,0,Implicit solar PV,Pre-CfE,Market
GR03,2028,634,Wind onshore,Post-CfE,Market
GR03,2028,634,Wind onshore,Pre-CfE,Market
GR03,2030,300,Battery,Post-CfE,Market
GR03,2030,300,Battery,Pre-CfE,Market
GR03,2030,0,Non-market batteries,Post-CfE,Non-Market
GR03,2030,408,Oil,Post-CfE,Market
GR03,2030,408,Oil,Pre-CfE,Market
GR03,2030,500,Solar (PV),Post-CfE,Market
GR03,2030,500,Solar (PV),Pre-CfE,Market
GR03,2030,137,Solar (thermal),Post-CfE,Market
GR03,2030,137,Solar (thermal),Pre-CfE,Market
GR03,2030,0,Implicit solar PV,Post-CfE,Market
GR03,2030,0,Implicit solar PV,Pre-CfE,Market
GR03,2030,800,Wind onshore,Post-CfE,Market
GR03,2030,800,Wind onshore,Pre-CfE,Market
GR03,2035,400,Battery,Post-CfE,Market
GR03,2035,400,Battery,Pre-CfE,Market
GR03,2035,0,Non-market batteries,Post-CfE,Non-Market
GR03,2035,700,Solar (PV),Post-CfE,Market
GR03,2035,700,Solar (PV),Pre-CfE,Market
GR03,2035,200,Solar (thermal),Post-CfE,Market
GR03,2035,200,Solar (thermal),Pre-CfE,Market
GR03,2035,0,Implicit solar PV,Post-CfE,Market
GR03,2035,0,Implicit solar PV,Pre-CfE,Market
GR03,2035,1000,Wind onshore,Post-CfE,Market
GR03,2035,1000,Wind onshore,Pre-CfE,Market
HR00,2026,66,Battery,Post-CfE,Market
HR00,2026,66,Battery,Pre-CfE,Market
HR00,2026,87,DSR,Post-CfE,Market
HR00,2026,87,DSR,Pre-CfE,Market
HR00,2026,1474,Gas,Post-CfE,Market
HR00,2026,1474,Gas,Pre-CfE,Market
HR00,2026,20,Geothermal,Post-CfE,Market
HR00,2026,290,Hard coal,Post-CfE,Market
HR00,2026,290,Hard coal,Pre-CfE,Market
HR00,2026,0,Non-market batteries,Post-CfE,Non-Market
HR00,2026,335,Not defined or splitting not known RES,Post-CfE,Market
HR00,2026,303,Oil,Post-CfE,Market
HR00,2026,303,Oil,Pre-CfE,Market
HR00,2026,281,Open loop pumping,Post-CfE,Market
HR00,2026,281,Open loop pumping,Pre-CfE,Market
HR00,2026,200,Others (non-RES),Post-CfE,Market
HR00,2026,200,Others (non-RES),Pre-CfE,Market
HR00,2026,454,Others (RES),Pre-CfE,Market
HR00,2026,321,Pondage,Post-CfE,Market
HR00,2026,321,Pondage,Pre-CfE,Market
HR00,2026,1412,Reservoir,Post-CfE,Market
HR00,2026,1412,Reservoir,Pre-CfE,Market
HR00,2026,63,Run of river,Post-CfE,Market
HR00,2026,63,Run of river,Pre-CfE,Market
HR00,2026,99,Small biomass,Post-CfE,Market
HR00,2026,830,Solar (PV),Post-CfE,Market
HR00,2026,830,Solar (PV),Pre-CfE,Market
HR00,2026,120,Solar (thermal),Post-CfE,Market
HR00,2026,120,Solar (thermal),Pre-CfE,Market
HR00,2026,0,Implicit solar PV,Post-CfE,Market
HR00,2026,0,Implicit solar PV,Pre-CfE,Market
HR00,2026,2212,Wind onshore,Post-CfE,Market
HR00,2026,2212,Wind onshore,Pre-CfE,Market
HR00,2028,66,Battery,Post-CfE,Market
HR00,2028,66,Battery,Pre-CfE,Market
HR00,2028,87,DSR,Post-CfE,Market
HR00,2028,87,DSR,Pre-CfE,Market
HR00,2028,1474,Gas,Post-CfE,Market
HR00,2028,1474,Gas,Pre-CfE,Market
HR00,2028,20,Geothermal,Post-CfE,Market
HR00,2028,290,Hard coal,Post-CfE,Market
HR00,2028,290,Hard coal,Pre-CfE,Market
HR00,2028,0,Non-market batteries,Post-CfE,Non-Market
HR00,2028,415,Not defined or splitting not known RES,Post-CfE,Market
HR00,2028,303,Oil,Post-CfE,Market
HR00,2028,303,Oil,Pre-CfE,Market
HR00,2028,281,Open loop pumping,Post-CfE,Market
HR00,2028,281,Open loop pumping,Pre-CfE,Market
HR00,2028,200,Others (non-RES),Post-CfE,Market
HR00,2028,200,Others (non-RES),Pre-CfE,Market
HR00,2028,534,Others (RES),Pre-CfE,Market
HR00,2028,321,Pondage,Post-CfE,Market
HR00,2028,321,Pondage,Pre-CfE,Market
HR00,2028,1412,Reservoir,Post-CfE,Market
HR00,2028,1412,Reservoir,Pre-CfE,Market
HR00,2028,63,Run of river,Post-CfE,Market
HR00,2028,63,Run of river,Pre-CfE,Market
HR00,2028,99,Small biomass,Post-CfE,Market
HR00,2028,1413,Solar (PV),Post-CfE,Market
HR00,2028,1413,Solar (PV),Pre-CfE,Market
HR00,2028,160,Solar (thermal),Post-CfE,Market
HR00,2028,160,Solar (thermal),Pre-CfE,Market
HR00,2028,0,Implicit solar PV,Post-CfE,Market
HR00,2028,0,Implicit solar PV,Pre-CfE,Market
HR00,2028,2580,Wind onshore,Post-CfE,Market
HR00,2028,2580,Wind onshore,Pre-CfE,Market
HR00,2030,66,Battery,Post-CfE,Market
HR00,2030,66,Battery,Pre-CfE,Market
HR00,2030,87,DSR,Post-CfE,Market
HR00,2030,87,DSR,Pre-CfE,Market
HR00,2030,1474,Gas,Post-CfE,Market
HR00,2030,1474,Gas,Pre-CfE,Market
HR00,2030,20,Geothermal,Post-CfE,Market
HR00,2030,290,Hard coal,Post-CfE,Market
HR00,2030,290,Hard coal,Pre-CfE,Market
HR00,2030,0,Non-market batteries,Post-CfE,Non-Market
HR00,2030,495,Not defined or splitting not known RES,Post-CfE,Market
HR00,2030,303,Oil,Post-CfE,Market
HR00,2030,303,Oil,Pre-CfE,Market
HR00,2030,281,Open loop pumping,Post-CfE,Market
HR00,2030,281,Open loop pumping,Pre-CfE,Market
HR00,2030,200,Others (non-RES),Post-CfE,Market
HR00,2030,200,Others (non-RES),Pre-CfE,Market
HR00,2030,614,Others (RES),Pre-CfE,Market
HR00,2030,321,Pondage,Post-CfE,Market
HR00,2030,321,Pondage,Pre-CfE,Market
HR00,2030,1412,Reservoir,Post-CfE,Market
HR00,2030,1412,Reservoir,Pre-CfE,Market
HR00,2030,63,Run of river,Post-CfE,Market
HR00,2030,63,Run of river,Pre-CfE,Market
HR00,2030,99,Small biomass,Post-CfE,Market
HR00,2030,1533,Solar (PV),Post-CfE,Market
HR00,2030,1773,Solar (PV),Pre-CfE,Market
HR00,2030,400,Solar (thermal),Post-CfE,Market
HR00,2030,400,Solar (thermal),Pre-CfE,Market
HR00,2030,0,Implicit solar PV,Post-CfE,Market
HR00,2030,0,Implicit solar PV,Pre-CfE,Market
HR00,2030,510,Wind offshore,Post-CfE,Market
HR00,2030,510,Wind offshore,Pre-CfE,Market
HR00,2030,2824,Wind onshore,Post-CfE,Market
HR00,2030,2824,Wind onshore,Pre-CfE,Market
HR00,2035,66,Battery,Post-CfE,Market
HR00,2035,66,Battery,Pre-CfE,Market
HR00,2035,87,DSR,Post-CfE,Market
HR00,2035,87,DSR,Pre-CfE,Market
HR00,2035,498,Gas,Post-CfE,Market
HR00,2035,700,Gas,Pre-CfE,Market
HR00,2035,20,Geothermal,Post-CfE,Market
HR00,2035,290,Hard coal,Pre-CfE,Market
HR00,2035,0,Non-market batteries,Post-CfE,Non-Market
HR00,2035,495,Not defined or splitting not known RES,Post-CfE,Market
HR00,2035,281,Open loop pumping,Post-CfE,Market
HR00,2035,281,Open loop pumping,Pre-CfE,Market
HR00,2035,614,Others (RES),Pre-CfE,Market
HR00,2035,321,Pondage,Post-CfE,Market
HR00,2035,321,Pondage,Pre-CfE,Market
HR00,2035,1948,Reservoir,Post-CfE,Market
HR00,2035,1948,Reservoir,Pre-CfE,Market
HR00,2035,63,Run of river,Post-CfE,Market
HR00,2035,63,Run of river,Pre-CfE,Market
HR00,2035,99,Small biomass,Post-CfE,Market
HR00,2035,1795,Solar (PV),Post-CfE,Market
HR00,2035,1795,Solar (PV),Pre-CfE,Market
HR00,2035,400,Solar (thermal),Post-CfE,Market
HR00,2035,400,Solar (thermal),Pre-CfE,Market
HR00,2035,0,Implicit solar PV,Post-CfE,Market
HR00,2035,0,Implicit solar PV,Pre-CfE,Market
HR00,2035,510,Wind offshore,Post-CfE,Market
HR00,2035,510,Wind offshore,Pre-CfE,Market
HR00,2035,3133,Wind onshore,Post-CfE,Market
HR00,2035,3133,Wind onshore,Pre-CfE,Market
HU00,2026,398,Battery,Post-CfE,Market
HU00,2026,303,Battery,Pre-CfE,Market
HU00,2026,259,Biofuel,Post-CfE,Market
HU00,2026,2285,Gas,Post-CfE,Market
HU00,2026,2285,Gas,Pre-CfE,Market
HU00,2026,19,Geothermal,Post-CfE,Market
HU00,2026,14,Hard coal,Post-CfE,Market
HU00,2026,273,Hard coal,Pre-CfE,Market
HU00,2026,412,Lignite,Post-CfE,Market
HU00,2026,612,Lignite,Pre-CfE,Market
HU00,2026,0,Non-market batteries,Post-CfE,Non-Market
HU00,2026,1917,Nuclear,Post-CfE,Market
HU00,2026,1917,Nuclear,Pre-CfE,Market
HU00,2026,495,Oil,Post-CfE,Market
HU00,2026,495,Oil,Pre-CfE,Market
HU00,2026,1133,Others (non-RES),Post-CfE,Market
HU00,2026,999,Others (non-RES),Pre-CfE,Market
HU00,2026,126,Others (RES),Pre-CfE,Market
HU00,2026,63,Run of river,Post-CfE,Market
HU00,2026,63,Run of river,Pre-CfE,Market
HU00,2026,113,Small biomass,Post-CfE,Market
HU00,2026,9120,Solar (PV),Post-CfE,Market
HU00,2026,9034,Solar (PV),Pre-CfE,Market
HU00,2026,0,Implicit solar PV,Post-CfE,Market
HU00,2026,325,Wind onshore,Post-CfE,Market
HU00,2026,334,Wind onshore,Pre-CfE,Market
HU00,2028,504,Battery,Post-CfE,Market
HU00,2028,439,Battery,Pre-CfE,Market
HU00,2028,202,Biofuel,Post-CfE,Market
HU00,2028,3434,Gas,Post-CfE,Market
HU00,2028,3434,Gas,Pre-CfE,Market
HU00,2028,19,Geothermal,Post-CfE,Market
HU00,2028,0,Hard coal,Post-CfE,Market
HU00,2028,202,Hard coal,Pre-CfE,Market
HU00,2028,0,Non-market batteries,Post-CfE,Non-Market
HU00,2028,1917,Nuclear,Post-CfE,Market
HU00,2028,1917,Nuclear,Pre-CfE,Market
HU00,2028,495,Oil,Post-CfE,Market
HU00,2028,495,Oil,Pre-CfE,Market
HU00,2028,1213,Others (non-RES),Post-CfE,Market
HU00,2028,1086,Others (non-RES),Pre-CfE,Market
HU00,2028,131,Others (RES),Pre-CfE,Market
HU00,2028,63,Run of river,Post-CfE,Market
HU00,2028,63,Run of river,Pre-CfE,Market
HU00,2028,116,Small biomass,Post-CfE,Market
HU00,2028,12416,Solar (PV),Post-CfE,Market
HU00,2028,11349,Solar (PV),Pre-CfE,Market
HU00,2028,0,Implicit solar PV,Post-CfE,Market
HU00,2028,325,Wind onshore,Post-CfE,Market
HU00,2028,334,Wind onshore,Pre-CfE,Market
HU00,2030,582,Battery,Post-CfE,Market
HU00,2030,510,Battery,Pre-CfE,Market
HU00,2030,202,Biofuel,Post-CfE,Market
HU00,2030,3697,Gas,Post-CfE,Market
HU00,2030,3697,Gas,Pre-CfE,Market
HU00,2030,53,Geothermal,Post-CfE,Market
HU00,2030,0,Hard coal,Post-CfE,Market
HU00,2030,202,Hard coal,Pre-CfE,Market
HU00,2030,0,Non-market batteries,Post-CfE,Non-Market
HU00,2030,3097,Nuclear,Post-CfE,Market
HU00,2030,3097,Nuclear,Pre-CfE,Market
HU00,2030,495,Oil,Post-CfE,Market
HU00,2030,495,Oil,Pre-CfE,Market
HU00,2030,1235,Others (non-RES),Post-CfE,Market
HU00,2030,1087,Others (non-RES),Pre-CfE,Market
HU00,2030,165,Others (RES),Pre-CfE,Market
HU00,2030,63,Run of river,Post-CfE,Market
HU00,2030,63,Run of river,Pre-CfE,Market
HU00,2030,116,Small biomass,Post-CfE,Market
HU00,2030,13090,Solar (PV),Post-CfE,Market
HU00,2030,13725,Solar (PV),Pre-CfE,Market
HU00,2030,0,Implicit solar PV,Post-CfE,Market
HU00,2030,1080,Wind onshore,Post-CfE,Market
HU00,2030,1080,Wind onshore,Pre-CfE,Market
HU00,2035,677,Battery,Post-CfE,Market
HU00,2035,590,Battery,Pre-CfE,Market
HU00,2035,131,Biofuel,Post-CfE,Market
HU00,2035,3461,Gas,Post-CfE,Market
HU00,2035,3461,Gas,Pre-CfE,Market
HU00,2035,116,Geothermal,Post-CfE,Market
HU00,2035,0,Hard coal,Post-CfE,Market
HU00,2035,100,Hard coal,Pre-CfE,Market
HU00,2035,0,Non-market batteries,Post-CfE,Non-Market
HU00,2035,4277,Nuclear,Post-CfE,Market
HU00,2035,4277,Nuclear,Pre-CfE,Market
HU00,2035,10,Oil,Post-CfE,Market
HU00,2035,10,Oil,Pre-CfE,Market
HU00,2035,1235,Others (non-RES),Post-CfE,Market
HU00,2035,1087,Others (non-RES),Pre-CfE,Market
HU00,2035,228,Others (RES),Pre-CfE,Market
HU00,2035,63,Run of river,Post-CfE,Market
HU00,2035,63,Run of river,Pre-CfE,Market
HU00,2035,116,Small biomass,Post-CfE,Market
HU00,2035,14284,Solar (PV),Post-CfE,Market
HU00,2035,15817,Solar (PV),Pre-CfE,Market
HU00,2035,0,Implicit solar PV,Post-CfE,Market
HU00,2035,1675,Wind onshore,Post-CfE,Market
HU00,2035,1675,Wind onshore,Pre-CfE,Market
IE00,2026,393,Battery,Post-CfE,Market
IE00,2026,393,Battery,Pre-CfE,Market
IE00,2026,157,Biofuel,Post-CfE,Market
IE00,2026,292,Closed loop pumping,Post-CfE,Market
IE00,2026,292,Closed loop pumping,Pre-CfE,Market
IE00,2026,142,DSR,Post-CfE,Market
IE00,2026,182,DSR,Pre-CfE,Market
IE00,2026,4569,Gas,Post-CfE,Market
IE00,2026,741,Gas,Post-CfE,Non-Market
IE00,2026,4659,Gas,Pre-CfE,Market
IE00,2026,500,Hard coal,Post-CfE,Non-Market
IE00,2026,500,Hard coal,Pre-CfE,Market
IE00,2026,39,Lignite,Post-CfE,Market
IE00,2026,196,Lignite,Pre-CfE,Market
IE00,2026,0,Non-market batteries,Post-CfE,Non-Market
IE00,2026,188,Oil,Post-CfE,Market
IE00,2026,250,Oil,Post-CfE,Non-Market
IE00,2026,438,Oil,Pre-CfE,Market
IE00,2026,138,Others (non-RES),Post-CfE,Market
IE00,2026,138,Others (non-RES),Pre-CfE,Market
IE00,2026,31,Others (RES),Pre-CfE,Market
IE00,2026,215,Run of river,Post-CfE,Market
IE00,2026,215,Run of river,Pre-CfE,Market
IE00,2026,31,Small biomass,Post-CfE,Market
IE00,2026,2343,Solar (PV),Post-CfE,Market
IE00,2026,2343,Solar (PV),Pre-CfE,Market
IE00,2026,746,Implicit solar PV,Post-CfE,Market
IE00,2026,746,Implicit solar PV,Pre-CfE,Market
IE00,2026,25,Wind offshore,Post-CfE,Market
IE00,2026,25,Wind offshore,Pre-CfE,Market
IE00,2026,5755,Wind onshore,Post-CfE,Market
IE00,2026,5755,Wind onshore,Pre-CfE,Market
IE00,2028,550,Battery,Post-CfE,Market
IE00,2028,550,Battery,Pre-CfE,Market
IE00,2028,157,Biofuel,Post-CfE,Market
IE00,2028,292,Closed loop pumping,Post-CfE,Market
IE00,2028,292,Closed loop pumping,Pre-CfE,Market
IE00,2028,142,DSR,Post-CfE,Market
IE00,2028,182,DSR,Pre-CfE,Market
IE00,2028,5033,Gas,Post-CfE,Market
IE00,2028,741,Gas,Post-CfE,Non-Market
IE00,2028,5123,Gas,Pre-CfE,Market
IE00,2028,500,Hard coal,Post-CfE,Non-Market
IE00,2028,500,Hard coal,Pre-CfE,Market
IE00,2028,39,Lignite,Post-CfE,Market
IE00,2028,196,Lignite,Pre-CfE,Market
IE00,2028,0,Non-market batteries,Post-CfE,Non-Market
IE00,2028,188,Oil,Post-CfE,Market
IE00,2028,250,Oil,Post-CfE,Non-Market
IE00,2028,438,Oil,Pre-CfE,Market
IE00,2028,138,Others (non-RES),Post-CfE,Market
IE00,2028,138,Others (non-RES),Pre-CfE,Market
IE00,2028,31,Others (RES),Pre-CfE,Market
IE00,2028,215,Run of river,Post-CfE,Market
IE00,2028,215,Run of river,Pre-CfE,Market
IE00,2028,31,Small biomass,Post-CfE,Market
IE00,2028,3257,Solar (PV),Post-CfE,Market
IE00,2028,3257,Solar (PV),Pre-CfE,Market
IE00,2028,1070,Implicit solar PV,Post-CfE,Market
IE00,2028,1070,Implicit solar PV,Pre-CfE,Market
IE00,2028,725,Wind offshore,Post-CfE,Market
IE00,2028,725,Wind offshore,Pre-CfE,Market
IE00,2028,6700,Wind onshore,Post-CfE,Market
IE00,2028,6700,Wind onshore,Pre-CfE,Market
IE00,2030,550,Battery,Post-CfE,Market
IE00,2030,550,Battery,Pre-CfE,Market
IE00,2030,157,Biofuel,Post-CfE,Market
IE00,2030,292,Closed loop pumping,Post-CfE,Market
IE00,2030,292,Closed loop pumping,Pre-CfE,Market
IE00,2030,142,DSR,Post-CfE,Market
IE00,2030,182,DSR,Pre-CfE,Market
IE00,2030,5033,Gas,Post-CfE,Market
IE00,2030,741,Gas,Post-CfE,Non-Market
IE00,2030,5123,Gas,Pre-CfE,Market
IE00,2030,500,Hard coal,Post-CfE,Non-Market
IE00,2030,39,Lignite,Post-CfE,Market
IE00,2030,196,Lignite,Pre-CfE,Market
IE00,2030,0,Non-market batteries,Post-CfE,Non-Market
IE00,2030,188,Oil,Post-CfE,Market
IE00,2030,250,Oil,Post-CfE,Non-Market
IE00,2030,188,Oil,Pre-CfE,Market
IE00,2030,138,Others (non-RES),Post-CfE,Market
IE00,2030,138,Others (non-RES),Pre-CfE,Market
IE00,2030,31,Others (RES),Pre-CfE,Market
IE00,2030,215,Run of river,Post-CfE,Market
IE00,2030,215,Run of river,Pre-CfE,Market
IE00,2030,31,Small biomass,Post-CfE,Market
IE00,2030,4136,Solar (PV),Post-CfE,Market
IE00,2030,4136,Solar (PV),Pre-CfE,Market
IE00,2030,1364,Implicit solar PV,Post-CfE,Market
IE00,2030,1364,Implicit solar PV,Pre-CfE,Market
IE00,2030,5000,Wind offshore,Post-CfE,Market
IE00,2030,5000,Wind offshore,Pre-CfE,Market
IE00,2030,7000,Wind onshore,Post-CfE,Market
IE00,2030,7000,Wind onshore,Pre-CfE,Market
IE00,2035,550,Battery,Post-CfE,Market
IE00,2035,550,Battery,Pre-CfE,Market
IE00,2035,39,Biofuel,Post-CfE,Market
IE00,2035,292,Closed loop pumping,Post-CfE,Market
IE00,2035,292,Closed loop pumping,Pre-CfE,Market
IE00,2035,142,DSR,Post-CfE,Market
IE00,2035,182,DSR,Pre-CfE,Market
IE00,2035,5033,Gas,Post-CfE,Market
IE00,2035,741,Gas,Post-CfE,Non-Market
IE00,2035,5123,Gas,Pre-CfE,Market
IE00,2035,500,Hard coal,Post-CfE,Non-Market
IE00,2035,39,Lignite,Post-CfE,Market
IE00,2035,78,Lignite,Pre-CfE,Market
IE00,2035,0,Non-market batteries,Post-CfE,Non-Market
IE00,2035,188,Oil,Post-CfE,Market
IE00,2035,250,Oil,Post-CfE,Non-Market
IE00,2035,188,Oil,Pre-CfE,Market
IE00,2035,138,Others (non-RES),Post-CfE,Market
IE00,2035,138,Others (non-RES),Pre-CfE,Market
IE00,2035,31,Others (RES),Pre-CfE,Market
IE00,2035,215,Run of river,Post-CfE,Market
IE00,2035,215,Run of river,Pre-CfE,Market
IE00,2035,31,Small biomass,Post-CfE,Market
IE00,2035,5798,Solar (PV),Post-CfE,Market
IE00,2035,5798,Solar (PV),Pre-CfE,Market
IE00,2035,1539,Implicit solar PV,Post-CfE,Market
IE00,2035,1539,Implicit solar PV,Pre-CfE,Market
IE00,2035,9270,Wind offshore,Post-CfE,Market
IE00,2035,9270,Wind offshore,Pre-CfE,Market
IE00,2035,9000,Wind onshore,Post-CfE,Market
IE00,2035,9000,Wind onshore,Pre-CfE,Market
ITCA,2026,38,Battery,Post-CfE,Market
ITCA,2026,38,Battery,Pre-CfE,Market
ITCA,2026,21,DSR,Pre-CfE,Market
ITCA,2026,3498,Gas,Post-CfE,Market
ITCA,2026,3498,Gas,Pre-CfE,Market
ITCA,2026,0,Non-market batteries,Post-CfE,Non-Market
ITCA,2026,47,Others (non-RES),Post-CfE,Market
ITCA,2026,47,Others (non-RES),Pre-CfE,Market
ITCA,2026,171,Others (RES),Pre-CfE,Market
ITCA,2026,699,Reservoir,Post-CfE,Market
ITCA,2026,699,Reservoir,Pre-CfE,Market
ITCA,2026,118,Run of river,Post-CfE,Market
ITCA,2026,118,Run of river,Pre-CfE,Market
ITCA,2026,172,Small biomass,Post-CfE,Market
ITCA,2026,1138,Solar (PV),Post-CfE,Market
ITCA,2026,1138,Solar (PV),Pre-CfE,Market
ITCA,2026,0,Solar roof-top PV,Post-CfE,Market
ITCA,2026,0,Solar roof-top PV,Pre-CfE,Market
ITCA,2026,1581,Wind onshore,Post-CfE,Market
ITCA,2026,1581,Wind onshore,Pre-CfE,Market
ITCA,2028,156,Battery,Post-CfE,Market
ITCA,2028,156,Battery,Pre-CfE,Market
ITCA,2028,28,DSR,Pre-CfE,Market
ITCA,2028,3498,Gas,Post-CfE,Market
ITCA,2028,3498,Gas,Pre-CfE,Market
ITCA,2028,0,Non-market batteries,Post-CfE,Non-Market
ITCA,2028,47,Others (non-RES),Post-CfE,Market
ITCA,2028,47,Others (non-RES),Pre-CfE,Market
ITCA,2028,171,Others (RES),Pre-CfE,Market
ITCA,2028,699,Reservoir,Post-CfE,Market
ITCA,2028,699,Reservoir,Pre-CfE,Market
ITCA,2028,118,Run of river,Post-CfE,Market
ITCA,2028,118,Run of river,Pre-CfE,Market
ITCA,2028,172,Small biomass,Post-CfE,Market
ITCA,2028,1488,Solar (PV),Post-CfE,Market
ITCA,2028,1488,Solar (PV),Pre-CfE,Market
ITCA,2028,0,Solar roof-top PV,Post-CfE,Market
ITCA,2028,0,Solar roof-top PV,Pre-CfE,Market
ITCA,2028,1989,Wind onshore,Post-CfE,Market
ITCA,2028,1989,Wind onshore,Pre-CfE,Market
ITCA,2030,415,Battery,Post-CfE,Market
ITCA,2030,415,Battery,Pre-CfE,Market
ITCA,2030,37,DSR,Pre-CfE,Market
ITCA,2030,3498,Gas,Post-CfE,Market
ITCA,2030,3498,Gas,Pre-CfE,Market
ITCA,2030,0,Non-market batteries,Post-CfE,Non-Market
ITCA,2030,47,Others (non-RES),Post-CfE,Market
ITCA,2030,47,Others (non-RES),Pre-CfE,Market
ITCA,2030,171,Others (RES),Pre-CfE,Market
ITCA,2030,699,Reservoir,Post-CfE,Market
ITCA,2030,699,Reservoir,Pre-CfE,Market
ITCA,2030,118,Run of river,Post-CfE,Market
ITCA,2030,118,Run of river,Pre-CfE,Market
ITCA,2030,172,Small biomass,Post-CfE,Market
ITCA,2030,1840,Solar (PV),Post-CfE,Market
ITCA,2030,1840,Solar (PV),Pre-CfE,Market
ITCA,2030,0,Solar roof-top PV,Post-CfE,Market
ITCA,2030,0,Solar roof-top PV,Pre-CfE,Market
ITCA,2030,2465,Wind onshore,Post-CfE,Market
ITCA,2030,2465,Wind onshore,Pre-CfE,Market
ITCA,2035,793,Battery,Post-CfE,Market
ITCA,2035,793,Battery,Pre-CfE,Market
ITCA,2035,37,DSR,Pre-CfE,Market
ITCA,2035,3498,Gas,Post-CfE,Market
ITCA,2035,3498,Gas,Pre-CfE,Market
ITCA,2035,0,Non-market batteries,Post-CfE,Non-Market
ITCA,2035,47,Others (non-RES),Post-CfE,Market
ITCA,2035,47,Others (non-RES),Pre-CfE,Market
ITCA,2035,171,Others (RES),Pre-CfE,Market
ITCA,2035,699,Reservoir,Post-CfE,Market
ITCA,2035,699,Reservoir,Pre-CfE,Market
ITCA,2035,118,Run of river,Post-CfE,Market
ITCA,2035,118,Run of river,Pre-CfE,Market
ITCA,2035,172,Small biomass,Post-CfE,Market
ITCA,2035,2615,Solar (PV),Post-CfE,Market
ITCA,2035,2615,Solar (PV),Pre-CfE,Market
ITCA,2035,0,Solar roof-top PV,Post-CfE,Market
ITCA,2035,0,Solar roof-top PV,Pre-CfE,Market
ITCA,2035,350,Wind offshore,Post-CfE,Market
ITCA,2035,350,Wind offshore,Pre-CfE,Market
ITCA,2035,2782,Wind onshore,Post-CfE,Market
ITCA,2035,2782,Wind onshore,Pre-CfE,Market
ITCN,2026,195,Battery,Post-CfE,Market
ITCN,2026,195,Battery,Pre-CfE,Market
ITCN,2026,164,DSR,Pre-CfE,Market
ITCN,2026,1649,Gas,Post-CfE,Market
ITCN,2026,1962,Gas,Pre-CfE,Market
ITCN,2026,862,Geothermal,Post-CfE,Market
ITCN,2026,0,Non-market batteries,Post-CfE,Non-Market
ITCN,2026,428,Others (non-RES),Post-CfE,Market
ITCN,2026,394,Others (non-RES),Pre-CfE,Market
ITCN,2026,1034,Others (RES),Pre-CfE,Market
ITCN,2026,374,Reservoir,Post-CfE,Market
ITCN,2026,374,Reservoir,Pre-CfE,Market
ITCN,2026,308,Run of river,Post-CfE,Market
ITCN,2026,308,Run of river,Pre-CfE,Market
ITCN,2026,165,Small biomass,Post-CfE,Market
ITCN,2026,4166,Solar (PV),Post-CfE,Market
ITCN,2026,4166,Solar (PV),Pre-CfE,Market
ITCN,2026,0,Solar roof-top PV,Post-CfE,Market
ITCN,2026,0,Solar roof-top PV,Pre-CfE,Market
ITCN,2026,215,Wind onshore,Post-CfE,Market
ITCN,2026,215,Wind onshore,Pre-CfE,Market
ITCN,2028,282,Battery,Post-CfE,Market
ITCN,2028,282,Battery,Pre-CfE,Market
ITCN,2028,171,DSR,Pre-CfE,Market
ITCN,2028,1649,Gas,Post-CfE,Market
ITCN,2028,1962,Gas,Pre-CfE,Market
ITCN,2028,862,Geothermal,Post-CfE,Market
ITCN,2028,0,Non-market batteries,Post-CfE,Non-Market
ITCN,2028,428,Others (non-RES),Post-CfE,Market
ITCN,2028,394,Others (non-RES),Pre-CfE,Market
ITCN,2028,1034,Others (RES),Pre-CfE,Market
ITCN,2028,374,Reservoir,Post-CfE,Market
ITCN,2028,374,Reservoir,Pre-CfE,Market
ITCN,2028,308,Run of river,Post-CfE,Market
ITCN,2028,308,Run of river,Pre-CfE,Market
ITCN,2028,165,Small biomass,Post-CfE,Market
ITCN,2028,5603,Solar (PV),Post-CfE,Market
ITCN,2028,5603,Solar (PV),Pre-CfE,Market
ITCN,2028,0,Solar roof-top PV,Post-CfE,Market
ITCN,2028,0,Solar roof-top PV,Pre-CfE,Market
ITCN,2028,256,Wind onshore,Post-CfE,Market
ITCN,2028,256,Wind onshore,Pre-CfE,Market
ITCN,2030,370,Battery,Post-CfE,Market
ITCN,2030,370,Battery,Pre-CfE,Market
ITCN,2030,189,DSR,Pre-CfE,Market
ITCN,2030,1649,Gas,Post-CfE,Market
ITCN,2030,1962,Gas,Pre-CfE,Market
ITCN,2030,881,Geothermal,Post-CfE,Market
ITCN,2030,0,Non-market batteries,Post-CfE,Non-Market
ITCN,2030,428,Others (non-RES),Post-CfE,Market
ITCN,2030,394,Others (non-RES),Pre-CfE,Market
ITCN,2030,1034,Others (RES),Pre-CfE,Market
ITCN,2030,374,Reservoir,Post-CfE,Market
ITCN,2030,374,Reservoir,Pre-CfE,Market
ITCN,2030,308,Run of river,Post-CfE,Market
ITCN,2030,308,Run of river,Pre-CfE,Market
ITCN,2030,135,Small biomass,Post-CfE,Market
ITCN,2030,7048,Solar (PV),Post-CfE,Market
ITCN,2030,7048,Solar (PV),Pre-CfE,Market
ITCN,2030,0,Solar roof-top PV,Post-CfE,Market
ITCN,2030,0,Solar roof-top PV,Pre-CfE,Market
ITCN,2030,100,Wind offshore,Post-CfE,Market
ITCN,2030,100,Wind offshore,Pre-CfE,Market
ITCN,2030,288,Wind onshore,Post-CfE,Market
ITCN,2030,288,Wind onshore,Pre-CfE,Market
ITCN,2035,863,Battery,Post-CfE,Market
ITCN,2035,863,Battery,Pre-CfE,Market
ITCN,2035,189,DSR,Pre-CfE,Market
ITCN,2035,1649,Gas,Post-CfE,Market
ITCN,2035,1962,Gas,Pre-CfE,Market
ITCN,2035,881,Geothermal,Post-CfE,Market
ITCN,2035,0,Non-market batteries,Post-CfE,Non-Market
ITCN,2035,428,Others (non-RES),Post-CfE,Market
ITCN,2035,394,Others (non-RES),Pre-CfE,Market
ITCN,2035,1034,Others (RES),Pre-CfE,Market
ITCN,2035,374,Reservoir,Post-CfE,Market
ITCN,2035,374,Reservoir,Pre-CfE,Market
ITCN,2035,308,Run of river,Post-CfE,Market
ITCN,2035,308,Run of river,Pre-CfE,Market
ITCN,2035,135,Small biomass,Post-CfE,Market
ITCN,2035,8613,Solar (PV),Post-CfE,Market
ITCN,2035,8613,Solar (PV),Pre-CfE,Market
ITCN,2035,0,Solar roof-top PV,Post-CfE,Market
ITCN,2035,0,Solar roof-top PV,Pre-CfE,Market
ITCN,2035,450,Wind offshore,Post-CfE,Market
ITCN,2035,450,Wind offshore,Pre-CfE,Market
ITCN,2035,325,Wind onshore,Post-CfE,Market
ITCN,2035,325,Wind onshore,Pre-CfE,Market
ITCS,2026,676,Battery,Post-CfE,Market
ITCS,2026,676,Battery,Pre-CfE,Market
ITCS,2026,985,Closed loop pumping,Post-CfE,Market
ITCS,2026,985,Closed loop pumping,Pre-CfE,Market
ITCS,2026,154,DSR,Pre-CfE,Market
ITCS,2026,7470,Gas,Post-CfE,Market
ITCS,2026,7375,Gas,Pre-CfE,Market
ITCS,2026,0,Non-market batteries,Post-CfE,Non-Market
ITCS,2026,80,Oil,Post-CfE,Market
ITCS,2026,742,Open loop pumping,Post-CfE,Market
ITCS,2026,742,Open loop pumping,Pre-CfE,Market
ITCS,2026,591,Others (non-RES),Post-CfE,Market
ITCS,2026,577,Others (non-RES),Pre-CfE,Market
ITCS,2026,350,Others (RES),Pre-CfE,Market
ITCS,2026,961,Reservoir,Post-CfE,Market
ITCS,2026,961,Reservoir,Pre-CfE,Market
ITCS,2026,680,Run of river,Post-CfE,Market
ITCS,2026,680,Run of river,Pre-CfE,Market
ITCS,2026,339,Small biomass,Post-CfE,Market
ITCS,2026,9302,Solar (PV),Post-CfE,Market
ITCS,2026,9302,Solar (PV),Pre-CfE,Market
ITCS,2026,0,Solar roof-top PV,Post-CfE,Market
ITCS,2026,0,Solar roof-top PV,Pre-CfE,Market
ITCS,2026,3647,Wind onshore,Post-CfE,Market
ITCS,2026,3647,Wind onshore,Pre-CfE,Market
ITCS,2028,1089,Battery,Post-CfE,Market
ITCS,2028,1089,Battery,Pre-CfE,Market
ITCS,2028,985,Closed loop pumping,Post-CfE,Market
ITCS,2028,985,Closed loop pumping,Pre-CfE,Market
ITCS,2028,168,DSR,Pre-CfE,Market
ITCS,2028,7470,Gas,Post-CfE,Market
ITCS,2028,7375,Gas,Pre-CfE,Market
ITCS,2028,0,Non-market batteries,Post-CfE,Non-Market
ITCS,2028,80,Oil,Post-CfE,Market
ITCS,2028,742,Open loop pumping,Post-CfE,Market
ITCS,2028,742,Open loop pumping,Pre-CfE,Market
ITCS,2028,591,Others (non-RES),Post-CfE,Market
ITCS,2028,577,Others (non-RES),Pre-CfE,Market
ITCS,2028,350,Others (RES),Pre-CfE,Market
ITCS,2028,961,Reservoir,Post-CfE,Market
ITCS,2028,961,Reservoir,Pre-CfE,Market
ITCS,2028,680,Run of river,Post-CfE,Market
ITCS,2028,680,Run of river,Pre-CfE,Market
ITCS,2028,339,Small biomass,Post-CfE,Market
ITCS,2028,11381,Solar (PV),Post-CfE,Market
ITCS,2028,11381,Solar (PV),Pre-CfE,Market
ITCS,2028,0,Solar roof-top PV,Post-CfE,Market
ITCS,2028,0,Solar roof-top PV,Pre-CfE,Market
ITCS,2028,4422,Wind onshore,Post-CfE,Market
ITCS,2028,4422,Wind onshore,Pre-CfE,Market
ITCS,2030,1701,Battery,Post-CfE,Market
ITCS,2030,1701,Battery,Pre-CfE,Market
ITCS,2030,985,Closed loop pumping,Post-CfE,Market
ITCS,2030,985,Closed loop pumping,Pre-CfE,Market
ITCS,2030,192,DSR,Pre-CfE,Market
ITCS,2030,7470,Gas,Post-CfE,Market
ITCS,2030,7375,Gas,Pre-CfE,Market
ITCS,2030,0,Non-market batteries,Post-CfE,Non-Market
ITCS,2030,80,Oil,Post-CfE,Market
ITCS,2030,742,Open loop pumping,Post-CfE,Market
ITCS,2030,742,Open loop pumping,Pre-CfE,Market
ITCS,2030,591,Others (non-RES),Post-CfE,Market
ITCS,2030,577,Others (non-RES),Pre-CfE,Market
ITCS,2030,350,Others (RES),Pre-CfE,Market
ITCS,2030,961,Reservoir,Post-CfE,Market
ITCS,2030,961,Reservoir,Pre-CfE,Market
ITCS,2030,680,Run of river,Post-CfE,Market
ITCS,2030,680,Run of river,Pre-CfE,Market
ITCS,2030,278,Small biomass,Post-CfE,Market
ITCS,2030,13471,Solar (PV),Post-CfE,Market
ITCS,2030,13471,Solar (PV),Pre-CfE,Market
ITCS,2030,0,Solar roof-top PV,Post-CfE,Market
ITCS,2030,0,Solar roof-top PV,Pre-CfE,Market
ITCS,2030,5293,Wind onshore,Post-CfE,Market
ITCS,2030,5293,Wind onshore,Pre-CfE,Market
ITCS,2035,2877,Battery,Post-CfE,Market
ITCS,2035,2877,Battery,Pre-CfE,Market
ITCS,2035,985,Closed loop pumping,Post-CfE,Market
ITCS,2035,985,Closed loop pumping,Pre-CfE,Market
ITCS,2035,192,DSR,Pre-CfE,Market
ITCS,2035,7470,Gas,Post-CfE,Market
ITCS,2035,7375,Gas,Pre-CfE,Market
ITCS,2035,0,Non-market batteries,Post-CfE,Non-Market
ITCS,2035,80,Oil,Post-CfE,Market
ITCS,2035,742,Open loop pumping,Post-CfE,Market
ITCS,2035,742,Open loop pumping,Pre-CfE,Market
ITCS,2035,591,Others (non-RES),Post-CfE,Market
ITCS,2035,577,Others (non-RES),Pre-CfE,Market
ITCS,2035,350,Others (RES),Pre-CfE,Market
ITCS,2035,961,Reservoir,Post-CfE,Market
ITCS,2035,961,Reservoir,Pre-CfE,Market
ITCS,2035,680,Run of river,Post-CfE,Market
ITCS,2035,680,Run of river,Pre-CfE,Market
ITCS,2035,278,Small biomass,Post-CfE,Market
ITCS,2035,15218,Solar (PV),Post-CfE,Market
ITCS,2035,15218,Solar (PV),Pre-CfE,Market
ITCS,2035,0,Solar roof-top PV,Post-CfE,Market
ITCS,2035,0,Solar roof-top PV,Pre-CfE,Market
ITCS,2035,350,Wind offshore,Post-CfE,Market
ITCS,2035,350,Wind offshore,Pre-CfE,Market
ITCS,2035,5975,Wind onshore,Post-CfE,Market
ITCS,2035,5975,Wind onshore,Pre-CfE,Market
ITN1,2026,1841,Battery,Post-CfE,Market
ITN1,2026,1841,Battery,Pre-CfE,Market
ITN1,2026,2380,Closed loop pumping,Post-CfE,Market
ITN1,2026,2380,Closed loop pumping,Pre-CfE,Market
ITN1,2026,1038,DSR,Pre-CfE,Market
ITN1,2026,25116,Gas,Post-CfE,Market
ITN1,2026,25156,Gas,Pre-CfE,Market
ITN1,2026,0,Non-market batteries,Post-CfE,Non-Market
ITN1,2026,2755,Open loop pumping,Post-CfE,Market
ITN1,2026,2755,Open loop pumping,Pre-CfE,Market
ITN1,2026,3199,Others (non-RES),Post-CfE,Market
ITN1,2026,2968,Others (non-RES),Pre-CfE,Market
ITN1,2026,1698,Others (RES),Pre-CfE,Market
ITN1,2026,6075,Reservoir,Post-CfE,Market
ITN1,2026,6075,Reservoir,Pre-CfE,Market
ITN1,2026,5663,Run of river,Post-CfE,Market
ITN1,2026,5663,Run of river,Pre-CfE,Market
ITN1,2026,1788,Small biomass,Post-CfE,Market
ITN1,2026,22868,Solar (PV),Post-CfE,Market
ITN1,2026,22868,Solar (PV),Pre-CfE,Market
ITN1,2026,0,Solar roof-top PV,Post-CfE,Market
ITN1,2026,0,Solar roof-top PV,Pre-CfE,Market
ITN1,2026,299,Wind onshore,Post-CfE,Market
ITN1,2026,299,Wind onshore,Pre-CfE,Market
ITN1,2028,2404,Battery,Post-CfE,Market
ITN1,2028,2404,Battery,Pre-CfE,Market
ITN1,2028,2380,Closed loop pumping,Post-CfE,Market
ITN1,2028,2380,Closed loop pumping,Pre-CfE,Market
ITN1,2028,1198,DSR,Pre-CfE,Market
ITN1,2028,25116,Gas,Post-CfE,Market
ITN1,2028,25156,Gas,Pre-CfE,Market
ITN1,2028,0,Non-market batteries,Post-CfE,Non-Market
ITN1,2028,2755,Open loop pumping,Post-CfE,Market
ITN1,2028,2755,Open loop pumping,Pre-CfE,Market
ITN1,2028,3199,Others (non-RES),Post-CfE,Market
ITN1,2028,2968,Others (non-RES),Pre-CfE,Market
ITN1,2028,1698,Others (RES),Pre-CfE,Market
ITN1,2028,6075,Reservoir,Post-CfE,Market
ITN1,2028,6075,Reservoir,Pre-CfE,Market
ITN1,2028,5663,Run of river,Post-CfE,Market
ITN1,2028,5663,Run of river,Pre-CfE,Market
ITN1,2028,1788,Small biomass,Post-CfE,Market
ITN1,2028,29716,Solar (PV),Post-CfE,Market
ITN1,2028,29716,Solar (PV),Pre-CfE,Market
ITN1,2028,0,Solar roof-top PV,Post-CfE,Market
ITN1,2028,0,Solar roof-top PV,Pre-CfE,Market
ITN1,2028,380,Wind onshore,Post-CfE,Market
ITN1,2028,380,Wind onshore,Pre-CfE,Market
ITN1,2030,2966,Battery,Post-CfE,Market
ITN1,2030,2966,Battery,Pre-CfE,Market
ITN1,2030,2380,Closed loop pumping,Post-CfE,Market
ITN1,2030,2380,Closed loop pumping,Pre-CfE,Market
ITN1,2030,1429,DSR,Pre-CfE,Market
ITN1,2030,25116,Gas,Post-CfE,Market
ITN1,2030,25156,Gas,Pre-CfE,Market
ITN1,2030,0,Non-market batteries,Post-CfE,Non-Market
ITN1,2030,2755,Open loop pumping,Post-CfE,Market
ITN1,2030,2755,Open loop pumping,Pre-CfE,Market
ITN1,2030,3199,Others (non-RES),Post-CfE,Market
ITN1,2030,2968,Others (non-RES),Pre-CfE,Market
ITN1,2030,1198,Others (RES),Pre-CfE,Market
ITN1,2030,6075,Reservoir,Post-CfE,Market
ITN1,2030,6075,Reservoir,Pre-CfE,Market
ITN1,2030,5663,Run of river,Post-CfE,Market
ITN1,2030,5663,Run of river,Pre-CfE,Market
ITN1,2030,1219,Small biomass,Post-CfE,Market
ITN1,2030,36601,Solar (PV),Post-CfE,Market
ITN1,2030,36601,Solar (PV),Pre-CfE,Market
ITN1,2030,0,Solar roof-top PV,Post-CfE,Market
ITN1,2030,0,Solar roof-top PV,Pre-CfE,Market
ITN1,2030,200,Wind offshore,Post-CfE,Market
ITN1,2030,200,Wind offshore,Pre-CfE,Market
ITN1,2030,445,Wind onshore,Post-CfE,Market
ITN1,2030,445,Wind onshore,Pre-CfE,Market
ITN1,2035,4081,Battery,Post-CfE,Market
ITN1,2035,4081,Battery,Pre-CfE,Market
ITN1,2035,2380,Closed loop pumping,Post-CfE,Market
ITN1,2035,2380,Closed loop pumping,Pre-CfE,Market
ITN1,2035,1429,DSR,Pre-CfE,Market
ITN1,2035,25116,Gas,Post-CfE,Market
ITN1,2035,25156,Gas,Pre-CfE,Market
ITN1,2035,0,Non-market batteries,Post-CfE,Non-Market
ITN1,2035,2755,Open loop pumping,Post-CfE,Market
ITN1,2035,2755,Open loop pumping,Pre-CfE,Market
ITN1,2035,3199,Others (non-RES),Post-CfE,Market
ITN1,2035,2968,Others (non-RES),Pre-CfE,Market
ITN1,2035,1198,Others (RES),Pre-CfE,Market
ITN1,2035,6075,Reservoir,Post-CfE,Market
ITN1,2035,6075,Reservoir,Pre-CfE,Market
ITN1,2035,5663,Run of river,Post-CfE,Market
ITN1,2035,5663,Run of river,Pre-CfE,Market
ITN1,2035,1219,Small biomass,Post-CfE,Market
ITN1,2035,43748,Solar (PV),Post-CfE,Market
ITN1,2035,43748,Solar (PV),Pre-CfE,Market
ITN1,2035,0,Solar roof-top PV,Post-CfE,Market
ITN1,2035,0,Solar roof-top PV,Pre-CfE,Market
ITN1,2035,800,Wind offshore,Post-CfE,Market
ITN1,2035,800,Wind offshore,Pre-CfE,Market
ITN1,2035,502,Wind onshore,Post-CfE,Market
ITN1,2035,502,Wind onshore,Pre-CfE,Market
ITS1,2026,125,Battery,Post-CfE,Market
ITS1,2026,125,Battery,Pre-CfE,Market
ITS1,2026,79,DSR,Pre-CfE,Market
ITS1,2026,4462,Gas,Post-CfE,Market
ITS1,2026,4439,Gas,Pre-CfE,Market
ITS1,2026,0,Non-market batteries,Post-CfE,Non-Market
ITS1,2026,736,Others (non-RES),Post-CfE,Market
ITS1,2026,282,Others (non-RES),Pre-CfE,Market
ITS1,2026,402,Others (RES),Pre-CfE,Market
ITS1,2026,177,Reservoir,Post-CfE,Market
ITS1,2026,177,Reservoir,Pre-CfE,Market
ITS1,2026,53,Run of river,Post-CfE,Market
ITS1,2026,53,Run of river,Pre-CfE,Market
ITS1,2026,408,Small biomass,Post-CfE,Market
ITS1,2026,5169,Solar (PV),Post-CfE,Market
ITS1,2026,5169,Solar (PV),Pre-CfE,Market
ITS1,2026,80,Solar (thermal),Post-CfE,Market
ITS1,2026,80,Solar (thermal),Pre-CfE,Market
ITS1,2026,0,Solar roof-top PV,Post-CfE,Market
ITS1,2026,0,Solar roof-top PV,Pre-CfE,Market
ITS1,2026,30,Wind offshore,Post-CfE,Market
ITS1,2026,30,Wind offshore,Pre-CfE,Market
ITS1,2026,7232,Wind onshore,Post-CfE,Market
ITS1,2026,7232,Wind onshore,Pre-CfE,Market
ITS1,2028,425,Battery,Post-CfE,Market
ITS1,2028,425,Battery,Pre-CfE,Market
ITS1,2028,87,DSR,Pre-CfE,Market
ITS1,2028,4462,Gas,Post-CfE,Market
ITS1,2028,4439,Gas,Pre-CfE,Market
ITS1,2028,0,Non-market batteries,Post-CfE,Non-Market
ITS1,2028,736,Others (non-RES),Post-CfE,Market
ITS1,2028,282,Others (non-RES),Pre-CfE,Market
ITS1,2028,402,Others (RES),Pre-CfE,Market
ITS1,2028,177,Reservoir,Post-CfE,Market
ITS1,2028,177,Reservoir,Pre-CfE,Market
ITS1,2028,53,Run of river,Post-CfE,Market
ITS1,2028,53,Run of river,Pre-CfE,Market
ITS1,2028,408,Small biomass,Post-CfE,Market
ITS1,2028,6107,Solar (PV),Post-CfE,Market
ITS1,2028,6107,Solar (PV),Pre-CfE,Market
ITS1,2028,80,Solar (thermal),Post-CfE,Market
ITS1,2028,80,Solar (thermal),Pre-CfE,Market
ITS1,2028,0,Solar roof-top PV,Post-CfE,Market
ITS1,2028,0,Solar roof-top PV,Pre-CfE,Market
ITS1,2028,30,Wind offshore,Post-CfE,Market
ITS1,2028,30,Wind offshore,Pre-CfE,Market
ITS1,2028,8702,Wind onshore,Post-CfE,Market
ITS1,2028,8702,Wind onshore,Pre-CfE,Market
ITS1,2030,1925,Battery,Post-CfE,Market
ITS1,2030,1925,Battery,Pre-CfE,Market
ITS1,2030,100,DSR,Pre-CfE,Market
ITS1,2030,4462,Gas,Post-CfE,Market
ITS1,2030,4439,Gas,Pre-CfE,Market
ITS1,2030,0,Non-market batteries,Post-CfE,Non-Market
ITS1,2030,736,Others (non-RES),Post-CfE,Market
ITS1,2030,282,Others (non-RES),Pre-CfE,Market
ITS1,2030,202,Others (RES),Pre-CfE,Market
ITS1,2030,177,Reservoir,Post-CfE,Market
ITS1,2030,177,Reservoir,Pre-CfE,Market
ITS1,2030,53,Run of river,Post-CfE,Market
ITS1,2030,53,Run of river,Pre-CfE,Market
ITS1,2030,377,Small biomass,Post-CfE,Market
ITS1,2030,7050,Solar (PV),Post-CfE,Market
ITS1,2030,7050,Solar (PV),Pre-CfE,Market
ITS1,2030,440,Solar (thermal),Post-CfE,Market
ITS1,2030,440,Solar (thermal),Pre-CfE,Market
ITS1,2030,0,Solar roof-top PV,Post-CfE,Market
ITS1,2030,0,Solar roof-top PV,Pre-CfE,Market
ITS1,2030,630,Wind offshore,Post-CfE,Market
ITS1,2030,630,Wind offshore,Pre-CfE,Market
ITS1,2030,10317,Wind onshore,Post-CfE,Market
ITS1,2030,10317,Wind onshore,Pre-CfE,Market
ITS1,2035,3370,Battery,Post-CfE,Market
ITS1,2035,3370,Battery,Pre-CfE,Market
ITS1,2035,100,DSR,Pre-CfE,Market
ITS1,2035,4462,Gas,Post-CfE,Market
ITS1,2035,4439,Gas,Pre-CfE,Market
ITS1,2035,0,Non-market batteries,Post-CfE,Non-Market
ITS1,2035,736,Others (non-RES),Post-CfE,Market
ITS1,2035,282,Others (non-RES),Pre-CfE,Market
ITS1,2035,202,Others (RES),Pre-CfE,Market
ITS1,2035,177,Reservoir,Post-CfE,Market
ITS1,2035,177,Reservoir,Pre-CfE,Market
ITS1,2035,53,Run of river,Post-CfE,Market
ITS1,2035,53,Run of river,Pre-CfE,Market
ITS1,2035,377,Small biomass,Post-CfE,Market
ITS1,2035,9180,Solar (PV),Post-CfE,Market
ITS1,2035,9180,Solar (PV),Pre-CfE,Market
ITS1,2035,440,Solar (thermal),Post-CfE,Market
ITS1,2035,440,Solar (thermal),Pre-CfE,Market
ITS1,2035,0,Solar roof-top PV,Post-CfE,Market
ITS1,2035,0,Solar roof-top PV,Pre-CfE,Market
ITS1,2035,1430,Wind offshore,Post-CfE,Market
ITS1,2035,1430,Wind offshore,Pre-CfE,Market
ITS1,2035,11647,Wind onshore,Post-CfE,Market
ITS1,2035,11647,Wind onshore,Pre-CfE,Market
ITSA,2026,890,Battery,Post-CfE,Market
ITSA,2026,890,Battery,Pre-CfE,Market
ITSA,2026,240,Closed loop pumping,Post-CfE,Market
ITSA,2026,240,Closed loop pumping,Pre-CfE,Market
ITSA,2026,8,DSR,Pre-CfE,Market
ITSA,2026,633,Gas,Post-CfE,Market
ITSA,2026,633,Gas,Pre-CfE,Market
ITSA,2026,517,Hard coal,Post-CfE,Market
ITSA,2026,517,Hard coal,Pre-CfE,Market
ITSA,2026,0,Non-market batteries,Post-CfE,Non-Market
ITSA,2026,97,Others (non-RES),Post-CfE,Market
ITSA,2026,88,Others (non-RES),Pre-CfE,Market
ITSA,2026,93,Others (RES),Pre-CfE,Market
ITSA,2026,142,Reservoir,Post-CfE,Market
ITSA,2026,142,Reservoir,Pre-CfE,Market
ITSA,2026,77,Run of river,Post-CfE,Market
ITSA,2026,77,Run of river,Pre-CfE,Market
ITSA,2026,94,Small biomass,Post-CfE,Market
ITSA,2026,2991,Solar (PV),Post-CfE,Market
ITSA,2026,2991,Solar (PV),Pre-CfE,Market
ITSA,2026,0,Solar roof-top PV,Post-CfE,Market
ITSA,2026,0,Solar roof-top PV,Pre-CfE,Market
ITSA,2026,1650,Wind onshore,Post-CfE,Market
ITSA,2026,1650,Wind onshore,Pre-CfE,Market
ITSA,2028,1108,Battery,Post-CfE,Market
ITSA,2028,1108,Battery,Pre-CfE,Market
ITSA,2028,240,Closed loop pumping,Post-CfE,Market
ITSA,2028,240,Closed loop pumping,Pre-CfE,Market
ITSA,2028,9,DSR,Pre-CfE,Market
ITSA,2028,43,Gas,Post-CfE,Market
ITSA,2028,43,Gas,Pre-CfE,Market
ITSA,2028,267,Hard coal,Post-CfE,Market
ITSA,2028,267,Hard coal,Pre-CfE,Market
ITSA,2028,0,Non-market batteries,Post-CfE,Non-Market
ITSA,2028,97,Others (non-RES),Post-CfE,Market
ITSA,2028,88,Others (non-RES),Pre-CfE,Market
ITSA,2028,93,Others (RES),Pre-CfE,Market
ITSA,2028,142,Reservoir,Post-CfE,Market
ITSA,2028,142,Reservoir,Pre-CfE,Market
ITSA,2028,77,Run of river,Post-CfE,Market
ITSA,2028,77,Run of river,Pre-CfE,Market
ITSA,2028,94,Small biomass,Post-CfE,Market
ITSA,2028,3949,Solar (PV),Post-CfE,Market
ITSA,2028,3949,Solar (PV),Pre-CfE,Market
ITSA,2028,0,Solar roof-top PV,Post-CfE,Market
ITSA,2028,0,Solar roof-top PV,Pre-CfE,Market
ITSA,2028,2140,Wind onshore,Post-CfE,Market
ITSA,2028,2140,Wind onshore,Pre-CfE,Market
ITSA,2030,1947,Battery,Post-CfE,Market
ITSA,2030,1947,Battery,Pre-CfE,Market
ITSA,2030,240,Closed loop pumping,Post-CfE,Market
ITSA,2030,240,Closed loop pumping,Pre-CfE,Market
ITSA,2030,10,DSR,Pre-CfE,Market
ITSA,2030,43,Gas,Post-CfE,Market
ITSA,2030,43,Gas,Pre-CfE,Market
ITSA,2030,0,Non-market batteries,Post-CfE,Non-Market
ITSA,2030,97,Others (non-RES),Post-CfE,Market
ITSA,2030,88,Others (non-RES),Pre-CfE,Market
ITSA,2030,93,Others (RES),Pre-CfE,Market
ITSA,2030,142,Reservoir,Post-CfE,Market
ITSA,2030,142,Reservoir,Pre-CfE,Market
ITSA,2030,77,Run of river,Post-CfE,Market
ITSA,2030,77,Run of river,Pre-CfE,Market
ITSA,2030,94,Small biomass,Post-CfE,Market
ITSA,2030,4913,Solar (PV),Post-CfE,Market
ITSA,2030,4913,Solar (PV),Pre-CfE,Market
ITSA,2030,0,Solar roof-top PV,Post-CfE,Market
ITSA,2030,0,Solar roof-top PV,Pre-CfE,Market
ITSA,2030,600,Wind offshore,Post-CfE,Market
ITSA,2030,600,Wind offshore,Pre-CfE,Market
ITSA,2030,2505,Wind onshore,Post-CfE,Market
ITSA,2030,2505,Wind onshore,Pre-CfE,Market
ITSA,2035,2195,Battery,Post-CfE,Market
ITSA,2035,2195,Battery,Pre-CfE,Market
ITSA,2035,240,Closed loop pumping,Post-CfE,Market
ITSA,2035,240,Closed loop pumping,Pre-CfE,Market
ITSA,2035,10,DSR,Pre-CfE,Market
ITSA,2035,43,Gas,Post-CfE,Market
ITSA,2035,43,Gas,Pre-CfE,Market
ITSA,2035,0,Non-market batteries,Post-CfE,Non-Market
ITSA,2035,97,Others (non-RES),Post-CfE,Market
ITSA,2035,88,Others (non-RES),Pre-CfE,Market
ITSA,2035,93,Others (RES),Pre-CfE,Market
ITSA,2035,142,Reservoir,Post-CfE,Market
ITSA,2035,142,Reservoir,Pre-CfE,Market
ITSA,2035,77,Run of river,Post-CfE,Market
ITSA,2035,77,Run of river,Pre-CfE,Market
ITSA,2035,94,Small biomass,Post-CfE,Market
ITSA,2035,6415,Solar (PV),Post-CfE,Market
ITSA,2035,6415,Solar (PV),Pre-CfE,Market
ITSA,2035,0,Solar roof-top PV,Post-CfE,Market
ITSA,2035,0,Solar roof-top PV,Pre-CfE,Market
ITSA,2035,1400,Wind offshore,Post-CfE,Market
ITSA,2035,1400,Wind offshore,Pre-CfE,Market
ITSA,2035,2828,Wind onshore,Post-CfE,Market
ITSA,2035,2828,Wind onshore,Pre-CfE,Market
ITSI,2026,100,Battery,Post-CfE,Market
ITSI,2026,100,Battery,Pre-CfE,Market
ITSI,2026,500,Closed loop pumping,Post-CfE,Market
ITSI,2026,500,Closed loop pumping,Pre-CfE,Market
ITSI,2026,35,DSR,Pre-CfE,Market
ITSI,2026,3428,Gas,Post-CfE,Market
ITSI,2026,3428,Gas,Pre-CfE,Market
ITSI,2026,0,Non-market batteries,Post-CfE,Non-Market
ITSI,2026,866,Oil,Post-CfE,Market
ITSI,2026,866,Oil,Pre-CfE,Market
ITSI,2026,80,Open loop pumping,Post-CfE,Market
ITSI,2026,80,Open loop pumping,Pre-CfE,Market
ITSI,2026,233,Others (non-RES),Post-CfE,Market
ITSI,2026,149,Others (non-RES),Pre-CfE,Market
ITSI,2026,83,Others (RES),Pre-CfE,Market
ITSI,2026,37,Reservoir,Post-CfE,Market
ITSI,2026,37,Reservoir,Pre-CfE,Market
ITSI,2026,92,Run of river,Post-CfE,Market
ITSI,2026,92,Run of river,Pre-CfE,Market
ITSI,2026,94,Small biomass,Post-CfE,Market
ITSI,2026,4842,Solar (PV),Post-CfE,Market
ITSI,2026,4842,Solar (PV),Pre-CfE,Market
ITSI,2026,170,Solar (thermal),Post-CfE,Market
ITSI,2026,170,Solar (thermal),Pre-CfE,Market
ITSI,2026,0,Solar roof-top PV,Post-CfE,Market
ITSI,2026,0,Solar roof-top PV,Pre-CfE,Market
ITSI,2026,3239,Wind onshore,Post-CfE,Market
ITSI,2026,3239,Wind onshore,Pre-CfE,Market
ITSI,2028,400,Battery,Post-CfE,Market
ITSI,2028,400,Battery,Pre-CfE,Market
ITSI,2028,500,Closed loop pumping,Post-CfE,Market
ITSI,2028,500,Closed loop pumping,Pre-CfE,Market
ITSI,2028,38,DSR,Pre-CfE,Market
ITSI,2028,3428,Gas,Post-CfE,Market
ITSI,2028,3428,Gas,Pre-CfE,Market
ITSI,2028,0,Non-market batteries,Post-CfE,Non-Market
ITSI,2028,80,Open loop pumping,Post-CfE,Market
ITSI,2028,80,Open loop pumping,Pre-CfE,Market
ITSI,2028,233,Others (non-RES),Post-CfE,Market
ITSI,2028,149,Others (non-RES),Pre-CfE,Market
ITSI,2028,83,Others (RES),Pre-CfE,Market
ITSI,2028,37,Reservoir,Post-CfE,Market
ITSI,2028,37,Reservoir,Pre-CfE,Market
ITSI,2028,92,Run of river,Post-CfE,Market
ITSI,2028,92,Run of river,Pre-CfE,Market
ITSI,2028,94,Small biomass,Post-CfE,Market
ITSI,2028,6440,Solar (PV),Post-CfE,Market
ITSI,2028,6440,Solar (PV),Pre-CfE,Market
ITSI,2028,170,Solar (thermal),Post-CfE,Market
ITSI,2028,170,Solar (thermal),Pre-CfE,Market
ITSI,2028,0,Solar roof-top PV,Post-CfE,Market
ITSI,2028,0,Solar roof-top PV,Pre-CfE,Market
ITSI,2028,4056,Wind onshore,Post-CfE,Market
ITSI,2028,4056,Wind onshore,Pre-CfE,Market
ITSI,2030,1540,Battery,Post-CfE,Market
ITSI,2030,1540,Battery,Pre-CfE,Market
ITSI,2030,500,Closed loop pumping,Post-CfE,Market
ITSI,2030,500,Closed loop pumping,Pre-CfE,Market
ITSI,2030,44,DSR,Pre-CfE,Market
ITSI,2030,2852,Gas,Post-CfE,Market
ITSI,2030,2852,Gas,Pre-CfE,Market
ITSI,2030,0,Non-market batteries,Post-CfE,Non-Market
ITSI,2030,80,Open loop pumping,Post-CfE,Market
ITSI,2030,80,Open loop pumping,Pre-CfE,Market
ITSI,2030,233,Others (non-RES),Post-CfE,Market
ITSI,2030,149,Others (non-RES),Pre-CfE,Market
ITSI,2030,83,Others (RES),Pre-CfE,Market
ITSI,2030,37,Reservoir,Post-CfE,Market
ITSI,2030,37,Reservoir,Pre-CfE,Market
ITSI,2030,92,Run of river,Post-CfE,Market
ITSI,2030,92,Run of river,Pre-CfE,Market
ITSI,2030,94,Small biomass,Post-CfE,Market
ITSI,2030,8046,Solar (PV),Post-CfE,Market
ITSI,2030,8046,Solar (PV),Pre-CfE,Market
ITSI,2030,440,Solar (thermal),Post-CfE,Market
ITSI,2030,440,Solar (thermal),Pre-CfE,Market
ITSI,2030,0,Solar roof-top PV,Post-CfE,Market
ITSI,2030,0,Solar roof-top PV,Pre-CfE,Market
ITSI,2030,600,Wind offshore,Post-CfE,Market
ITSI,2030,600,Wind offshore,Pre-CfE,Market
ITSI,2030,4686,Wind onshore,Post-CfE,Market
ITSI,2030,4686,Wind onshore,Pre-CfE,Market
ITSI,2035,2533,Battery,Post-CfE,Market
ITSI,2035,2533,Battery,Pre-CfE,Market
ITSI,2035,500,Closed loop pumping,Post-CfE,Market
ITSI,2035,500,Closed loop pumping,Pre-CfE,Market
ITSI,2035,44,DSR,Pre-CfE,Market
ITSI,2035,2852,Gas,Post-CfE,Market
ITSI,2035,2852,Gas,Pre-CfE,Market
ITSI,2035,0,Non-market batteries,Post-CfE,Non-Market
ITSI,2035,80,Open loop pumping,Post-CfE,Market
ITSI,2035,80,Open loop pumping,Pre-CfE,Market
ITSI,2035,233,Others (non-RES),Post-CfE,Market
ITSI,2035,149,Others (non-RES),Pre-CfE,Market
ITSI,2035,83,Others (RES),Pre-CfE,Market
ITSI,2035,37,Reservoir,Post-CfE,Market
ITSI,2035,37,Reservoir,Pre-CfE,Market
ITSI,2035,92,Run of river,Post-CfE,Market
ITSI,2035,92,Run of river,Pre-CfE,Market
ITSI,2035,94,Small biomass,Post-CfE,Market
ITSI,2035,10244,Solar (PV),Post-CfE,Market
ITSI,2035,10244,Solar (PV),Pre-CfE,Market
ITSI,2035,440,Solar (thermal),Post-CfE,Market
ITSI,2035,440,Solar (thermal),Pre-CfE,Market
ITSI,2035,0,Solar roof-top PV,Post-CfE,Market
ITSI,2035,0,Solar roof-top PV,Pre-CfE,Market
ITSI,2035,1400,Wind offshore,Post-CfE,Market
ITSI,2035,1400,Wind offshore,Pre-CfE,Market
ITSI,2035,5290,Wind onshore,Post-CfE,Market
ITSI,2035,5290,Wind onshore,Pre-CfE,Market
LT00,2026,350,Battery,Post-CfE,Market
LT00,2026,350,Battery,Pre-CfE,Market
LT00,2026,828,Closed loop pumping,Post-CfE,Market
LT00,2026,828,Closed loop pumping,Pre-CfE,Market
LT00,2026,16,DSR,Post-CfE,Market
LT00,2026,16,DSR,Pre-CfE,Market
LT00,2026,598,Gas,Post-CfE,Market
LT00,2026,1231,Gas,Pre-CfE,Market
LT00,2026,0,Non-market batteries,Post-CfE,Non-Market
LT00,2026,36,Not defined or splitting not known RES,Post-CfE,Market
LT00,2026,82,Others (non-RES),Post-CfE,Market
LT00,2026,188,Others (non-RES),Pre-CfE,Market
LT00,2026,152,Others (RES),Pre-CfE,Market
LT00,2026,127,Run of river,Post-CfE,Market
LT00,2026,127,Run of river,Pre-CfE,Market
LT00,2026,116,Small biomass,Post-CfE,Market
LT00,2026,4200,Solar (PV),Post-CfE,Market
LT00,2026,4050,Solar (PV),Pre-CfE,Market
LT00,2026,1300,Implicit solar PV,Post-CfE,Market
LT00,2026,1300,Implicit solar PV,Pre-CfE,Market
LT00,2026,22,Wind offshore,Post-CfE,Market
LT00,2026,22,Wind offshore,Pre-CfE,Market
LT00,2026,1932,Wind onshore,Post-CfE,Market
LT00,2026,2639,Wind onshore,Pre-CfE,Market
LT00,2028,1050,Battery,Post-CfE,Market
LT00,2028,900,Battery,Pre-CfE,Market
LT00,2028,938,Closed loop pumping,Post-CfE,Market
LT00,2028,938,Closed loop pumping,Pre-CfE,Market
LT00,2028,28,DSR,Post-CfE,Market
LT00,2028,28,DSR,Pre-CfE,Market
LT00,2028,503,Gas,Post-CfE,Market
LT00,2028,1083,Gas,Pre-CfE,Market
LT00,2028,0,Non-market batteries,Post-CfE,Non-Market
LT00,2028,36,Not defined or splitting not known RES,Post-CfE,Market
LT00,2028,82,Others (non-RES),Post-CfE,Market
LT00,2028,188,Others (non-RES),Pre-CfE,Market
LT00,2028,152,Others (RES),Pre-CfE,Market
LT00,2028,127,Run of river,Post-CfE,Market
LT00,2028,127,Run of river,Pre-CfE,Market
LT00,2028,116,Small biomass,Post-CfE,Market
LT00,2028,4850,Solar (PV),Post-CfE,Market
LT00,2028,4900,Solar (PV),Pre-CfE,Market
LT00,2028,1450,Implicit solar PV,Post-CfE,Market
LT00,2028,1450,Implicit solar PV,Pre-CfE,Market
LT00,2028,722,Wind offshore,Post-CfE,Market
LT00,2028,722,Wind offshore,Pre-CfE,Market
LT00,2028,4097,Wind onshore,Post-CfE,Market
LT00,2028,4507,Wind onshore,Pre-CfE,Market
LT00,2030,1500,Battery,Post-CfE,Market
LT00,2030,650,Battery,Pre-CfE,Market
LT00,2030,938,Closed loop pumping,Post-CfE,Market
LT00,2030,938,Closed loop pumping,Pre-CfE,Market
LT00,2030,40,DSR,Post-CfE,Market
LT00,2030,40,DSR,Pre-CfE,Market
LT00,2030,503,Gas,Post-CfE,Market
LT00,2030,513,Gas,Pre-CfE,Market
LT00,2030,0,Non-market batteries,Post-CfE,Non-Market
LT00,2030,36,Not defined or splitting not known RES,Post-CfE,Market
LT00,2030,82,Others (non-RES),Post-CfE,Market
LT00,2030,188,Others (non-RES),Pre-CfE,Market
LT00,2030,152,Others (RES),Pre-CfE,Market
LT00,2030,127,Run of river,Post-CfE,Market
LT00,2030,127,Run of river,Pre-CfE,Market
LT00,2030,116,Small biomass,Post-CfE,Market
LT00,2030,5150,Solar (PV),Post-CfE,Market
LT00,2030,5200,Solar (PV),Pre-CfE,Market
LT00,2030,1550,Implicit solar PV,Post-CfE,Market
LT00,2030,1550,Implicit solar PV,Pre-CfE,Market
LT00,2030,1422,Wind offshore,Post-CfE,Market
LT00,2030,1422,Wind offshore,Pre-CfE,Market
LT00,2030,4827,Wind onshore,Post-CfE,Market
LT00,2030,4908,Wind onshore,Pre-CfE,Market
LT00,2035,1800,Battery,Post-CfE,Market
LT00,2035,700,Battery,Pre-CfE,Market
LT00,2035,938,Closed loop pumping,Post-CfE,Market
LT00,2035,938,Closed loop pumping,Pre-CfE,Market
LT00,2035,40,DSR,Post-CfE,Market
LT00,2035,40,DSR,Pre-CfE,Market
LT00,2035,503,Gas,Post-CfE,Market
LT00,2035,513,Gas,Pre-CfE,Market
LT00,2035,0,Non-market batteries,Post-CfE,Non-Market
LT00,2035,36,Not defined or splitting not known RES,Post-CfE,Market
LT00,2035,82,Others (non-RES),Post-CfE,Market
LT00,2035,188,Others (non-RES),Pre-CfE,Market
LT00,2035,152,Others (RES),Pre-CfE,Market
LT00,2035,127,Run of river,Post-CfE,Market
LT00,2035,127,Run of river,Pre-CfE,Market
LT00,2035,116,Small biomass,Post-CfE,Market
LT00,2035,5825,Solar (PV),Post-CfE,Market
LT00,2035,5800,Solar (PV),Pre-CfE,Market
LT00,2035,1700,Implicit solar PV,Post-CfE,Market
LT00,2035,1700,Implicit solar PV,Pre-CfE,Market
LT00,2035,2122,Wind offshore,Post-CfE,Market
LT00,2035,2122,Wind offshore,Pre-CfE,Market
LT00,2035,5228,Wind onshore,Post-CfE,Market
LT00,2035,5228,Wind onshore,Pre-CfE,Market
LUG1,2026,2,Battery,Post-CfE,Market
LUG1,2026,2,Battery,Pre-CfE,Market
LUG1,2026,10,DSR,Post-CfE,Market
LUG1,2026,10,DSR,Pre-CfE,Market
LUG1,2026,1,Non-market batteries,Post-CfE,Non-Market
LUG1,2026,11,Open loop pumping,Pre-CfE,Market
LUG1,2026,47,Others (non-RES),Post-CfE,Market
LUG1,2026,47,Others (non-RES),Pre-CfE,Market
LUG1,2026,90,Others (RES),Pre-CfE,Market
LUG1,2026,27,Run of river,Post-CfE,Market
LUG1,2026,27,Run of river,Pre-CfE,Market
LUG1,2026,90,Small biomass,Post-CfE,Market
LUG1,2026,755,Solar (PV),Post-CfE,Market
LUG1,2026,755,Solar (PV),Pre-CfE,Market
LUG1,2026,555,Implicit solar PV,Post-CfE,Market
LUG1,2026,555,Implicit solar PV,Pre-CfE,Market
LUG1,2026,342,Wind onshore,Post-CfE,Market
LUG1,2026,342,Wind onshore,Pre-CfE,Market
LUG1,2028,10,Battery,Post-CfE,Market
LUG1,2028,10,Battery,Pre-CfE,Market
LUG1,2028,20,DSR,Post-CfE,Market
LUG1,2028,20,DSR,Pre-CfE,Market
LUG1,2028,3,Non-market batteries,Post-CfE,Non-Market
LUG1,2028,11,Open loop pumping,Pre-CfE,Market
LUG1,2028,49,Others (non-RES),Post-CfE,Market
LUG1,2028,49,Others (non-RES),Pre-CfE,Market
LUG1,2028,95,Others (RES),Pre-CfE,Market
LUG1,2028,27,Run of river,Post-CfE,Market
LUG1,2028,27,Run of river,Pre-CfE,Market
LUG1,2028,95,Small biomass,Post-CfE,Market
LUG1,2028,989,Solar (PV),Post-CfE,Market
LUG1,2028,989,Solar (PV),Pre-CfE,Market
LUG1,2028,728,Implicit solar PV,Post-CfE,Market
LUG1,2028,728,Implicit solar PV,Pre-CfE,Market
LUG1,2028,400,Wind onshore,Post-CfE,Market
LUG1,2028,400,Wind onshore,Pre-CfE,Market
LUG1,2030,25,Battery,Post-CfE,Market
LUG1,2030,25,Battery,Pre-CfE,Market
LUG1,2030,45,DSR,Post-CfE,Market
LUG1,2030,45,DSR,Pre-CfE,Market
LUG1,2030,20,Non-market batteries,Post-CfE,Non-Market
LUG1,2030,11,Open loop pumping,Pre-CfE,Market
LUG1,2030,50,Others (non-RES),Post-CfE,Market
LUG1,2030,50,Others (non-RES),Pre-CfE,Market
LUG1,2030,100,Others (RES),Pre-CfE,Market
LUG1,2030,27,Run of river,Post-CfE,Market
LUG1,2030,27,Run of river,Pre-CfE,Market
LUG1,2030,100,Small biomass,Post-CfE,Market
LUG1,2030,1236,Solar (PV),Post-CfE,Market
LUG1,2030,1236,Solar (PV),Pre-CfE,Market
LUG1,2030,900,Implicit solar PV,Post-CfE,Market
LUG1,2030,900,Implicit solar PV,Pre-CfE,Market
LUG1,2030,462,Wind onshore,Post-CfE,Market
LUG1,2030,462,Wind onshore,Pre-CfE,Market
LUG1,2035,38,Battery,Post-CfE,Market
LUG1,2035,38,Battery,Pre-CfE,Market
LUG1,2035,75,DSR,Post-CfE,Market
LUG1,2035,75,DSR,Pre-CfE,Market
LUG1,2035,60,Non-market batteries,Post-CfE,Non-Market
LUG1,2035,11,Open loop pumping,Pre-CfE,Market
LUG1,2035,21,Others (non-RES),Post-CfE,Market
LUG1,2035,21,Others (non-RES),Pre-CfE,Market
LUG1,2035,113,Others (RES),Pre-CfE,Market
LUG1,2035,27,Run of river,Post-CfE,Market
LUG1,2035,27,Run of river,Pre-CfE,Market
LUG1,2035,113,Small biomass,Post-CfE,Market
LUG1,2035,1759,Solar (PV),Post-CfE,Market
LUG1,2035,1759,Solar (PV),Pre-CfE,Market
LUG1,2035,1250,Implicit solar PV,Post-CfE,Market
LUG1,2035,1250,Implicit solar PV,Pre-CfE,Market
LUG1,2035,591,Wind onshore,Post-CfE,Market
LUG1,2035,591,Wind onshore,Pre-CfE,Market
LV00,2026,150,DSR,Post-CfE,Market
LV00,2026,150,DSR,Pre-CfE,Market
LV00,2026,1073,Gas,Post-CfE,Market
LV00,2026,1073,Gas,Pre-CfE,Market
LV00,2026,80,Non-market batteries,Post-CfE,Non-Market
LV00,2026,118,Others (RES),Pre-CfE,Market
LV00,2026,1592,Pondage,Post-CfE,Market
LV00,2026,1592,Pondage,Pre-CfE,Market
LV00,2026,118,Small biomass,Post-CfE,Market
LV00,2026,700,Solar (PV),Post-CfE,Market
LV00,2026,700,Solar (PV),Pre-CfE,Market
LV00,2026,30,Solar (thermal),Post-CfE,Market
LV00,2026,30,Solar (thermal),Pre-CfE,Market
LV00,2026,100,Implicit solar PV,Post-CfE,Market
LV00,2026,100,Implicit solar PV,Pre-CfE,Market
LV00,2026,268,Wind onshore,Post-CfE,Market
LV00,2026,268,Wind onshore,Pre-CfE,Market
LV00,2028,150,DSR,Post-CfE,Market
LV00,2028,150,DSR,Pre-CfE,Market
LV00,2028,1073,Gas,Post-CfE,Market
LV00,2028,1073,Gas,Pre-CfE,Market
LV00,2028,80,Non-market batteries,Post-CfE,Non-Market
LV00,2028,128,Others (RES),Pre-CfE,Market
LV00,2028,1592,Pondage,Post-CfE,Market
LV00,2028,1592,Pondage,Pre-CfE,Market
LV00,2028,128,Small biomass,Post-CfE,Market
LV00,2028,1000,Solar (PV),Post-CfE,Market
LV00,2028,1000,Solar (PV),Pre-CfE,Market
LV00,2028,50,Solar (thermal),Post-CfE,Market
LV00,2028,50,Solar (thermal),Pre-CfE,Market
LV00,2028,100,Implicit solar PV,Post-CfE,Market
LV00,2028,100,Implicit solar PV,Pre-CfE,Market
LV00,2028,358,Wind onshore,Post-CfE,Market
LV00,2028,358,Wind onshore,Pre-CfE,Market
LV00,2030,150,DSR,Post-CfE,Market
LV00,2030,150,DSR,Pre-CfE,Market
LV00,2030,1073,Gas,Post-CfE,Market
LV00,2030,1073,Gas,Pre-CfE,Market
LV00,2030,80,Non-market batteries,Post-CfE,Non-Market
LV00,2030,138,Others (RES),Pre-CfE,Market
LV00,2030,1592,Pondage,Post-CfE,Market
LV00,2030,1592,Pondage,Pre-CfE,Market
LV00,2030,138,Small biomass,Post-CfE,Market
LV00,2030,1350,Solar (PV),Post-CfE,Market
LV00,2030,1350,Solar (PV),Pre-CfE,Market
LV00,2030,70,Solar (thermal),Post-CfE,Market
LV00,2030,70,Solar (thermal),Pre-CfE,Market
LV00,2030,100,Implicit solar PV,Post-CfE,Market
LV00,2030,100,Implicit solar PV,Pre-CfE,Market
LV00,2030,1000,Wind offshore,Post-CfE,Market
LV00,2030,1000,Wind offshore,Pre-CfE,Market
LV00,2030,448,Wind onshore,Post-CfE,Market
LV00,2030,448,Wind onshore,Pre-CfE,Market
LV00,2035,150,DSR,Post-CfE,Market
LV00,2035,150,DSR,Pre-CfE,Market
LV00,2035,1073,Gas,Post-CfE,Market
LV00,2035,1073,Gas,Pre-CfE,Market
LV00,2035,80,Non-market batteries,Post-CfE,Non-Market
LV00,2035,138,Others (RES),Pre-CfE,Market
LV00,2035,1592,Pondage,Post-CfE,Market
LV00,2035,1592,Pondage,Pre-CfE,Market
LV00,2035,138,Small biomass,Post-CfE,Market
LV00,2035,1350,Solar (PV),Post-CfE,Market
LV00,2035,1350,Solar (PV),Pre-CfE,Market
LV00,2035,70,Solar (thermal),Post-CfE,Market
LV00,2035,70,Solar (thermal),Pre-CfE,Market
LV00,2035,100,Implicit solar PV,Post-CfE,Market
LV00,2035,100,Implicit solar PV,Pre-CfE,Market
LV00,2035,1000,Wind offshore,Post-CfE,Market
LV00,2035,1000,Wind offshore,Pre-CfE,Market
LV00,2035,493,Wind onshore,Post-CfE,Market
LV00,2035,493,Wind onshore,Pre-CfE,Market
MD00,2026,1137,Gas,Pre-CfE,Market
MD00,2026,550,Hard coal,Pre-CfE,Market
MD00,2026,3,Others (RES),Pre-CfE,Market
MD00,2026,64,Run of river,Pre-CfE,Market
MD00,2026,169,Solar (PV),Pre-CfE,Market
MD00,2026,217,Wind onshore,Pre-CfE,Market
MD00,2028,10,Battery,Pre-CfE,Market
MD00,2028,1189,Gas,Pre-CfE,Market
MD00,2028,550,Hard coal,Pre-CfE,Market
MD00,2028,3,Others (RES),Pre-CfE,Market
MD00,2028,64,Run of river,Pre-CfE,Market
MD00,2028,254,Solar (PV),Pre-CfE,Market
MD00,2028,424,Wind onshore,Pre-CfE,Market
MD00,2030,10,Battery,Pre-CfE,Market
MD00,2030,1189,Gas,Pre-CfE,Market
MD00,2030,550,Hard coal,Pre-CfE,Market
MD00,2030,3,Others (RES),Pre-CfE,Market
MD00,2030,64,Run of river,Pre-CfE,Market
MD00,2030,364,Solar (PV),Pre-CfE,Market
MD00,2030,655,Wind onshore,Pre-CfE,Market
MD00,2035,10,Battery,Pre-CfE,Market
MD00,2035,1189,Gas,Pre-CfE,Market
MD00,2035,550,Hard coal,Pre-CfE,Market
MD00,2035,3,Others (RES),Pre-CfE,Market
MD00,2035,64,Run of river,Pre-CfE,Market
MD00,2035,577,Solar (PV),Pre-CfE,Market
MD00,2035,868,Wind onshore,Pre-CfE,Market
ME00,2026,225,Lignite,Post-CfE,Market
ME00,2026,225,Lignite,Pre-CfE,Market
ME00,2026,0,Non-market batteries,Post-CfE,Non-Market
ME00,2026,648,Reservoir,Post-CfE,Market
ME00,2026,648,Reservoir,Pre-CfE,Market
ME00,2026,0,Implicit solar PV,Post-CfE,Market
ME00,2026,0,Implicit solar PV,Pre-CfE,Market
ME00,2026,175,Wind onshore,Post-CfE,Market
ME00,2026,175,Wind onshore,Pre-CfE,Market
ME00,2028,225,Lignite,Post-CfE,Market
ME00,2028,225,Lignite,Pre-CfE,Market
ME00,2028,0,Non-market batteries,Post-CfE,Non-Market
ME00,2028,706,Reservoir,Post-CfE,Market
ME00,2028,706,Reservoir,Pre-CfE,Market
ME00,2028,581,Run of river,Post-CfE,Market
ME00,2028,581,Run of river,Pre-CfE,Market
ME00,2028,1659,Solar (PV),Post-CfE,Market
ME00,2028,1659,Solar (PV),Pre-CfE,Market
ME00,2028,0,Implicit solar PV,Post-CfE,Market
ME00,2028,0,Implicit solar PV,Pre-CfE,Market
ME00,2028,275,Wind onshore,Post-CfE,Market
ME00,2028,275,Wind onshore,Pre-CfE,Market
ME00,2030,225,Lignite,Post-CfE,Market
ME00,2030,225,Lignite,Pre-CfE,Market
ME00,2030,0,Non-market batteries,Post-CfE,Non-Market
ME00,2030,706,Reservoir,Post-CfE,Market
ME00,2030,706,Reservoir,Pre-CfE,Market
ME00,2030,581,Run of river,Post-CfE,Market
ME00,2030,581,Run of river,Pre-CfE,Market
ME00,2030,2039,Solar (PV),Post-CfE,Market
ME00,2030,2039,Solar (PV),Pre-CfE,Market
ME00,2030,0,Implicit solar PV,Post-CfE,Market
ME00,2030,0,Implicit solar PV,Pre-CfE,Market
ME00,2030,275,Wind onshore,Post-CfE,Market
ME00,2030,275,Wind onshore,Pre-CfE,Market
ME00,2035,0,Non-market batteries,Post-CfE,Non-Market
ME00,2035,706,Reservoir,Post-CfE,Market
ME00,2035,706,Reservoir,Pre-CfE,Market
ME00,2035,581,Run of river,Post-CfE,Market
ME00,2035,581,Run of river,Pre-CfE,Market
ME00,2035,2039,Solar (PV),Post-CfE,Market
ME00,2035,2039,Solar (PV),Pre-CfE,Market
ME00,2035,0,Implicit solar PV,Post-CfE,Market
ME00,2035,0,Implicit solar PV,Pre-CfE,Market
ME00,2035,275,Wind onshore,Post-CfE,Market
ME00,2035,275,Wind onshore,Pre-CfE,Market
MK00,2026,560,Gas,Post-CfE,Market
MK00,2026,560,Gas,Pre-CfE,Market
MK00,2026,300,Lignite,Post-CfE,Market
MK00,2026,300,Lignite,Pre-CfE,Market
MK00,2026,0,Non-market batteries,Post-CfE,Non-Market
MK00,2026,31,Others (RES),Pre-CfE,Market
MK00,2026,539,Reservoir,Post-CfE,Market
MK00,2026,539,Reservoir,Pre-CfE,Market
MK00,2026,212,Run of river,Post-CfE,Market
MK00,2026,212,Run of river,Pre-CfE,Market
MK00,2026,31,Small biomass,Post-CfE,Market
MK00,2026,313,Solar (PV),Post-CfE,Market
MK00,2026,313,Solar (PV),Pre-CfE,Market
MK00,2026,0,Implicit solar PV,Post-CfE,Market
MK00,2026,0,Implicit solar PV,Pre-CfE,Market
MK00,2026,170,Wind onshore,Post-CfE,Market
MK00,2026,170,Wind onshore,Pre-CfE,Market
MK00,2028,760,Gas,Post-CfE,Market
MK00,2028,760,Gas,Pre-CfE,Market
MK00,2028,0,Non-market batteries,Post-CfE,Non-Market
MK00,2028,31,Others (RES),Pre-CfE,Market
MK00,2028,539,Reservoir,Post-CfE,Market
MK00,2028,539,Reservoir,Pre-CfE,Market
MK00,2028,222,Run of river,Post-CfE,Market
MK00,2028,222,Run of river,Pre-CfE,Market
MK00,2028,31,Small biomass,Post-CfE,Market
MK00,2028,313,Solar (PV),Post-CfE,Market
MK00,2028,313,Solar (PV),Pre-CfE,Market
MK00,2028,0,Implicit solar PV,Post-CfE,Market
MK00,2028,0,Implicit solar PV,Pre-CfE,Market
MK00,2028,210,Wind onshore,Post-CfE,Market
MK00,2028,210,Wind onshore,Pre-CfE,Market
MK00,2030,760,Gas,Post-CfE,Market
MK00,2030,760,Gas,Pre-CfE,Market
MK00,2030,0,Non-market batteries,Post-CfE,Non-Market
MK00,2030,31,Others (RES),Pre-CfE,Market
MK00,2030,729,Reservoir,Post-CfE,Market
MK00,2030,729,Reservoir,Pre-CfE,Market
MK00,2030,231,Run of river,Post-CfE,Market
MK00,2030,230,Run of river,Pre-CfE,Market
MK00,2030,31,Small biomass,Post-CfE,Market
MK00,2030,630,Solar (PV),Post-CfE,Market
MK00,2030,630,Solar (PV),Pre-CfE,Market
MK00,2030,0,Implicit solar PV,Post-CfE,Market
MK00,2030,0,Implicit solar PV,Pre-CfE,Market
MK00,2030,410,Wind onshore,Post-CfE,Market
MK00,2030,410,Wind onshore,Pre-CfE,Market
MK00,2035,760,Gas,Post-CfE,Market
MK00,2035,760,Gas,Pre-CfE,Market
MK00,2035,0,Non-market batteries,Post-CfE,Non-Market
MK00,2035,31,Others (RES),Pre-CfE,Market
MK00,2035,729,Reservoir,Post-CfE,Market
MK00,2035,729,Reservoir,Pre-CfE,Market
MK00,2035,231,Run of river,Post-CfE,Market
MK00,2035,230,Run of river,Pre-CfE,Market
MK00,2035,31,Small biomass,Post-CfE,Market
MK00,2035,690,Solar (PV),Post-CfE,Market
MK00,2035,690,Solar (PV),Pre-CfE,Market
MK00,2035,0,Implicit solar PV,Post-CfE,Market
MK00,2035,0,Implicit solar PV,Pre-CfE,Market
MK00,2035,460,Wind onshore,Post-CfE,Market
MK00,2035,460,Wind onshore,Pre-CfE,Market
MT00,2026,336,Gas,Post-CfE,Market
MT00,2026,336,Gas,Pre-CfE,Market
MT00,2026,0,Non-market batteries,Post-CfE,Non-Market
MT00,2026,175,Oil,Post-CfE,Non-Market
MT00,2026,215,Oil,Pre-CfE,Market
MT00,2026,257,Solar (PV),Post-CfE,Market
MT00,2026,257,Solar (PV),Pre-CfE,Market
MT00,2026,0,Implicit solar PV,Post-CfE,Market
MT00,2026,0,Implicit solar PV,Pre-CfE,Market
MT00,2028,336,Gas,Post-CfE,Market
MT00,2028,336,Gas,Pre-CfE,Market
MT00,2028,0,Non-market batteries,Post-CfE,Non-Market
MT00,2028,175,Oil,Post-CfE,Non-Market
MT00,2028,215,Oil,Pre-CfE,Market
MT00,2028,264,Solar (PV),Post-CfE,Market
MT00,2028,264,Solar (PV),Pre-CfE,Market
MT00,2028,0,Implicit solar PV,Post-CfE,Market
MT00,2028,0,Implicit solar PV,Pre-CfE,Market
MT00,2030,486,Gas,Post-CfE,Market
MT00,2030,486,Gas,Pre-CfE,Market
MT00,2030,0,Non-market batteries,Post-CfE,Non-Market
MT00,2030,175,Oil,Post-CfE,Non-Market
MT00,2030,215,Oil,Pre-CfE,Market
MT00,2030,266,Solar (PV),Post-CfE,Market
MT00,2030,266,Solar (PV),Pre-CfE,Market
MT00,2030,0,Implicit solar PV,Post-CfE,Market
MT00,2030,0,Implicit solar PV,Pre-CfE,Market
MT00,2035,486,Gas,Post-CfE,Market
MT00,2035,486,Gas,Pre-CfE,Market
MT00,2035,0,Non-market batteries,Post-CfE,Non-Market
MT00,2035,175,Oil,Post-CfE,Non-Market
MT00,2035,266,Solar (PV),Post-CfE,Market
MT00,2035,266,Solar (PV),Pre-CfE,Market
MT00,2035,0,Implicit solar PV,Post-CfE,Market
MT00,2035,0,Implicit solar PV,Pre-CfE,Market
NL00,2026,1591,Battery,Post-CfE,Market
NL00,2026,1591,Battery,Pre-CfE,Market
NL00,2026,1341,Biofuel,Post-CfE,Market
NL00,2026,1055,DSR,Post-CfE,Market
NL00,2026,1055,DSR,Pre-CfE,Market
NL00,2026,13311,Gas,Post-CfE,Market
NL00,2026,13311,Gas,Pre-CfE,Market
NL00,2026,2671,Hard coal,Post-CfE,Market
NL00,2026,4012,Hard coal,Pre-CfE,Market
NL00,2026,434,Non-market batteries,Post-CfE,Non-Market
NL00,2026,486,Nuclear,Post-CfE,Market
NL00,2026,486,Nuclear,Pre-CfE,Market
NL00,2026,3953,Others (non-RES),Post-CfE,Market
NL00,2026,3953,Others (non-RES),Pre-CfE,Market
NL00,2026,415,Others (RES),Pre-CfE,Market
NL00,2026,37,Run of river,Post-CfE,Market
NL00,2026,37,Run of river,Pre-CfE,Market
NL00,2026,415,Small biomass,Post-CfE,Market
NL00,2026,42810,Solar (PV),Post-CfE,Market
NL00,2026,42810,Solar (PV),Pre-CfE,Market
NL00,2026,0,Implicit solar PV,Post-CfE,Market
NL00,2026,27407,Implicit solar PV,Pre-CfE,Market
NL00,2026,6139,Wind offshore,Post-CfE,Market
NL00,2026,6139,Wind offshore,Pre-CfE,Market
NL00,2026,7300,Wind onshore,Post-CfE,Market
NL00,2026,7300,Wind onshore,Pre-CfE,Market
NL00,2028,3374,Battery,Post-CfE,Market
NL00,2028,3374,Battery,Pre-CfE,Market
NL00,2028,710,Biofuel,Post-CfE,Market
NL00,2028,1600,DSR,Post-CfE,Market
NL00,2028,1600,DSR,Pre-CfE,Market
NL00,2028,12470,Gas,Post-CfE,Market
NL00,2028,12470,Gas,Pre-CfE,Market
NL00,2028,2671,Hard coal,Post-CfE,Market
NL00,2028,3381,Hard coal,Pre-CfE,Market
NL00,2028,1302,Non-market batteries,Post-CfE,Non-Market
NL00,2028,486,Nuclear,Post-CfE,Market
NL00,2028,486,Nuclear,Pre-CfE,Market
NL00,2028,3914,Others (non-RES),Post-CfE,Market
NL00,2028,3914,Others (non-RES),Pre-CfE,Market
NL00,2028,415,Others (RES),Pre-CfE,Market
NL00,2028,37,Run of river,Post-CfE,Market
NL00,2028,37,Run of river,Pre-CfE,Market
NL00,2028,415,Small biomass,Post-CfE,Market
NL00,2028,51066,Solar (PV),Post-CfE,Market
NL00,2028,51066,Solar (PV),Pre-CfE,Market
NL00,2028,0,Implicit solar PV,Post-CfE,Market
NL00,2028,32273,Implicit solar PV,Pre-CfE,Market
NL00,2028,8139,Wind offshore,Post-CfE,Market
NL00,2028,8139,Wind offshore,Pre-CfE,Market
NL00,2028,9100,Wind onshore,Post-CfE,Market
NL00,2028,9100,Wind onshore,Pre-CfE,Market
NL00,2030,4900,Battery,Post-CfE,Market
NL00,2030,4900,Battery,Pre-CfE,Market
NL00,2030,0,Biofuel,Post-CfE,Market
NL00,2030,1700,DSR,Post-CfE,Market
NL00,2030,1700,DSR,Pre-CfE,Market
NL00,2030,10927,Gas,Post-CfE,Market
NL00,2030,10927,Gas,Pre-CfE,Market
NL00,2030,2171,Non-market batteries,Post-CfE,Non-Market
NL00,2030,486,Nuclear,Post-CfE,Market
NL00,2030,486,Nuclear,Pre-CfE,Market
NL00,2030,3893,Others (non-RES),Post-CfE,Market
NL00,2030,3893,Others (non-RES),Pre-CfE,Market
NL00,2030,415,Others (RES),Pre-CfE,Market
NL00,2030,37,Run of river,Post-CfE,Market
NL00,2030,37,Run of river,Pre-CfE,Market
NL00,2030,415,Small biomass,Post-CfE,Market
NL00,2030,59317,Solar (PV),Post-CfE,Market
NL00,2030,59317,Solar (PV),Pre-CfE,Market
NL00,2030,0,Implicit solar PV,Post-CfE,Market
NL00,2030,37138,Implicit solar PV,Pre-CfE,Market
NL00,2030,14651,Wind offshore,Post-CfE,Market
NL00,2030,14651,Wind offshore,Pre-CfE,Market
NL00,2030,9100,Wind onshore,Post-CfE,Market
NL00,2030,9100,Wind onshore,Pre-CfE,Market
NL00,2035,9950,Battery,Post-CfE,Market
NL00,2035,9950,Battery,Pre-CfE,Market
NL00,2035,0,Biofuel,Post-CfE,Market
NL00,2035,2017,DSR,Post-CfE,Market
NL00,2035,2017,DSR,Pre-CfE,Market
NL00,2035,10162,Gas,Post-CfE,Market
NL00,2035,10162,Gas,Pre-CfE,Market
NL00,2035,5366,Non-market batteries,Post-CfE,Non-Market
NL00,2035,486,Nuclear,Post-CfE,Market
NL00,2035,486,Nuclear,Pre-CfE,Market
NL00,2035,3858,Others (non-RES),Post-CfE,Market
NL00,2035,3858,Others (non-RES),Pre-CfE,Market
NL00,2035,415,Others (RES),Pre-CfE,Market
NL00,2035,37,Run of river,Post-CfE,Market
NL00,2035,37,Run of river,Pre-CfE,Market
NL00,2035,415,Small biomass,Post-CfE,Market
NL00,2035,75944,Solar (PV),Post-CfE,Market
NL00,2035,75944,Solar (PV),Pre-CfE,Market
NL00,2035,0,Implicit solar PV,Post-CfE,Market
NL00,2035,46790,Implicit solar PV,Pre-CfE,Market
NL00,2035,25351,Wind offshore,Post-CfE,Market
NL00,2035,25351,Wind offshore,Pre-CfE,Market
NL00,2035,10599,Wind onshore,Post-CfE,Market
NL00,2035,10599,Wind onshore,Pre-CfE,Market
NL60,2035,2000,Wind offshore,Post-CfE,Market
NL60,2035,2000,Wind offshore,Pre-CfE,Market
NLLL,2030,2000,Wind offshore,Post-CfE,Market
NLLL,2030,2000,Wind offshore,Pre-CfE,Market
NLLL,2035,2000,Wind offshore,Post-CfE,Market
NLLL,2035,2000,Wind offshore,Pre-CfE,Market
NOM1,2026,1914,DSR,Post-CfE,Market
NOM1,2026,1914,DSR,Pre-CfE,Market
NOM1,2026,0,Non-market batteries,Post-CfE,Non-Market
NOM1,2026,60,Open loop pumping,Post-CfE,Market
NOM1,2026,60,Open loop pumping,Pre-CfE,Market
NOM1,2026,20,Others (non-RES),Post-CfE,Market
NOM1,2026,20,Others (non-RES),Pre-CfE,Market
NOM1,2026,3132,Reservoir,Post-CfE,Market
NOM1,2026,3132,Reservoir,Pre-CfE,Market
NOM1,2026,1157,Run of river,Post-CfE,Market
NOM1,2026,1157,Run of river,Pre-CfE,Market
NOM1,2026,210,Solar (PV),Post-CfE,Market
NOM1,2026,210,Solar (PV),Pre-CfE,Market
NOM1,2026,0,Implicit solar PV,Post-CfE,Market
NOM1,2026,0,Implicit solar PV,Pre-CfE,Market
NOM1,2026,2075,Wind onshore,Post-CfE,Market
NOM1,2026,2075,Wind onshore,Pre-CfE,Market
NOM1,2028,1976,DSR,Post-CfE,Market
NOM1,2028,1976,DSR,Pre-CfE,Market
NOM1,2028,0,Non-market batteries,Post-CfE,Non-Market
NOM1,2028,60,Open loop pumping,Post-CfE,Market
NOM1,2028,60,Open loop pumping,Pre-CfE,Market
NOM1,2028,20,Others (non-RES),Post-CfE,Market
NOM1,2028,20,Others (non-RES),Pre-CfE,Market
NOM1,2028,3182,Reservoir,Post-CfE,Market
NOM1,2028,3182,Reservoir,Pre-CfE,Market
NOM1,2028,1173,Run of river,Post-CfE,Market
NOM1,2028,1174,Run of river,Pre-CfE,Market
NOM1,2028,500,Solar (PV),Post-CfE,Market
NOM1,2028,500,Solar (PV),Pre-CfE,Market
NOM1,2028,0,Implicit solar PV,Post-CfE,Market
NOM1,2028,0,Implicit solar PV,Pre-CfE,Market
NOM1,2028,2075,Wind onshore,Post-CfE,Market
NOM1,2028,2075,Wind onshore,Pre-CfE,Market
NOM1,2030,2038,DSR,Post-CfE,Market
NOM1,2030,2038,DSR,Pre-CfE,Market
NOM1,2030,0,Non-market batteries,Post-CfE,Non-Market
NOM1,2030,60,Open loop pumping,Post-CfE,Market
NOM1,2030,60,Open loop pumping,Pre-CfE,Market
NOM1,2030,20,Others (non-RES),Post-CfE,Market
NOM1,2030,20,Others (non-RES),Pre-CfE,Market
NOM1,2030,3206,Reservoir,Post-CfE,Market
NOM1,2030,3206,Reservoir,Pre-CfE,Market
NOM1,2030,1184,Run of river,Post-CfE,Market
NOM1,2030,1184,Run of river,Pre-CfE,Market
NOM1,2030,1000,Solar (PV),Post-CfE,Market
NOM1,2030,1000,Solar (PV),Pre-CfE,Market
NOM1,2030,0,Implicit solar PV,Post-CfE,Market
NOM1,2030,0,Implicit solar PV,Pre-CfE,Market
NOM1,2030,2425,Wind onshore,Post-CfE,Market
NOM1,2030,2425,Wind onshore,Pre-CfE,Market
NOM1,2035,2264,DSR,Post-CfE,Market
NOM1,2035,2264,DSR,Pre-CfE,Market
NOM1,2035,0,Non-market batteries,Post-CfE,Non-Market
NOM1,2035,60,Open loop pumping,Post-CfE,Market
NOM1,2035,60,Open loop pumping,Pre-CfE,Market
NOM1,2035,20,Others (non-RES),Post-CfE,Market
NOM1,2035,20,Others (non-RES),Pre-CfE,Market
NOM1,2035,3249,Reservoir,Post-CfE,Market
NOM1,2035,3249,Reservoir,Pre-CfE,Market
NOM1,2035,1213,Run of river,Post-CfE,Market
NOM1,2035,1213,Run of river,Pre-CfE,Market
NOM1,2035,1750,Solar (PV),Post-CfE,Market
NOM1,2035,1750,Solar (PV),Pre-CfE,Market
NOM1,2035,0,Implicit solar PV,Post-CfE,Market
NOM1,2035,0,Implicit solar PV,Pre-CfE,Market
NOM1,2035,2425,Wind onshore,Post-CfE,Market
NOM1,2035,2425,Wind onshore,Pre-CfE,Market
NON1,2026,1048,DSR,Post-CfE,Market
NON1,2026,1048,DSR,Pre-CfE,Market
NON1,2026,0,Non-market batteries,Post-CfE,Non-Market
NON1,2026,0,Open loop pumping,Post-CfE,Market
NON1,2026,0,Open loop pumping,Pre-CfE,Market
NON1,2026,195,Others (non-RES),Post-CfE,Market
NON1,2026,195,Others (non-RES),Pre-CfE,Market
NON1,2026,4682,Reservoir,Post-CfE,Market
NON1,2026,4682,Reservoir,Pre-CfE,Market
NON1,2026,701,Run of river,Post-CfE,Market
NON1,2026,701,Run of river,Pre-CfE,Market
NON1,2026,0,Implicit solar PV,Post-CfE,Market
NON1,2026,0,Implicit solar PV,Pre-CfE,Market
NON1,2026,1108,Wind onshore,Post-CfE,Market
NON1,2026,1108,Wind onshore,Pre-CfE,Market
NON1,2028,1305,DSR,Post-CfE,Market
NON1,2028,1305,DSR,Pre-CfE,Market
NON1,2028,0,Non-market batteries,Post-CfE,Non-Market
NON1,2028,0,Open loop pumping,Post-CfE,Market
NON1,2028,0,Open loop pumping,Pre-CfE,Market
NON1,2028,195,Others (non-RES),Post-CfE,Market
NON1,2028,195,Others (non-RES),Pre-CfE,Market
NON1,2028,4730,Reservoir,Post-CfE,Market
NON1,2028,4730,Reservoir,Pre-CfE,Market
NON1,2028,717,Run of river,Post-CfE,Market
NON1,2028,717,Run of river,Pre-CfE,Market
NON1,2028,0,Implicit solar PV,Post-CfE,Market
NON1,2028,0,Implicit solar PV,Pre-CfE,Market
NON1,2028,1108,Wind onshore,Post-CfE,Market
NON1,2028,1108,Wind onshore,Pre-CfE,Market
NON1,2030,1563,DSR,Post-CfE,Market
NON1,2030,1563,DSR,Pre-CfE,Market
NON1,2030,0,Non-market batteries,Post-CfE,Non-Market
NON1,2030,0,Open loop pumping,Post-CfE,Market
NON1,2030,0,Open loop pumping,Pre-CfE,Market
NON1,2030,195,Others (non-RES),Post-CfE,Market
NON1,2030,195,Others (non-RES),Pre-CfE,Market
NON1,2030,4754,Reservoir,Post-CfE,Market
NON1,2030,4754,Reservoir,Pre-CfE,Market
NON1,2030,727,Run of river,Post-CfE,Market
NON1,2030,727,Run of river,Pre-CfE,Market
NON1,2030,0,Implicit solar PV,Post-CfE,Market
NON1,2030,0,Implicit solar PV,Pre-CfE,Market
NON1,2030,1108,Wind onshore,Post-CfE,Market
NON1,2030,1108,Wind onshore,Pre-CfE,Market
NON1,2035,1643,DSR,Post-CfE,Market
NON1,2035,1643,DSR,Pre-CfE,Market
NON1,2035,0,Non-market batteries,Post-CfE,Non-Market
NON1,2035,0,Open loop pumping,Post-CfE,Market
NON1,2035,0,Open loop pumping,Pre-CfE,Market
NON1,2035,195,Others (non-RES),Post-CfE,Market
NON1,2035,195,Others (non-RES),Pre-CfE,Market
NON1,2035,4795,Reservoir,Post-CfE,Market
NON1,2035,4795,Reservoir,Pre-CfE,Market
NON1,2035,755,Run of river,Post-CfE,Market
NON1,2035,754,Run of river,Pre-CfE,Market
NON1,2035,0,Implicit solar PV,Post-CfE,Market
NON1,2035,0,Implicit solar PV,Pre-CfE,Market
NON1,2035,1258,Wind onshore,Post-CfE,Market
NON1,2035,1258,Wind onshore,Pre-CfE,Market
NOS0,2026,0,Non-market batteries,Post-CfE,Non-Market
NOS0,2026,0,Implicit solar PV,Post-CfE,Market
NOS0,2026,0,Implicit solar PV,Pre-CfE,Market
NOS0,2028,0,Non-market batteries,Post-CfE,Non-Market
NOS0,2028,0,Implicit solar PV,Post-CfE,Market
NOS0,2028,0,Implicit solar PV,Pre-CfE,Market
NOS0,2030,0,Non-market batteries,Post-CfE,Non-Market
NOS0,2030,0,Implicit solar PV,Post-CfE,Market
NOS0,2030,0,Implicit solar PV,Pre-CfE,Market
NOS0,2035,0,Non-market batteries,Post-CfE,Non-Market
NOS0,2035,0,Implicit solar PV,Post-CfE,Market
NOS0,2035,0,Implicit solar PV,Pre-CfE,Market
NOS1,2026,556,DSR,Post-CfE,Market
NOS1,2026,556,DSR,Pre-CfE,Market
NOS1,2026,0,Open loop pumping,Post-CfE,Market
NOS1,2026,0,Open loop pumping,Pre-CfE,Market
NOS1,2026,5,Others (non-RES),Post-CfE,Market
NOS1,2026,5,Others (non-RES),Pre-CfE,Market
NOS1,2026,2800,Reservoir,Post-CfE,Market
NOS1,2026,2800,Reservoir,Pre-CfE,Market
NOS1,2026,2954,Run of river,Post-CfE,Market
NOS1,2026,2954,Run of river,Pre-CfE,Market
NOS1,2026,210,Solar (PV),Post-CfE,Market
NOS1,2026,210,Solar (PV),Pre-CfE,Market
NOS1,2026,386,Wind onshore,Post-CfE,Market
NOS1,2026,386,Wind onshore,Pre-CfE,Market
NOS1,2028,623,DSR,Post-CfE,Market
NOS1,2028,623,DSR,Pre-CfE,Market
NOS1,2028,0,Open loop pumping,Post-CfE,Market
NOS1,2028,0,Open loop pumping,Pre-CfE,Market
NOS1,2028,5,Others (non-RES),Post-CfE,Market
NOS1,2028,5,Others (non-RES),Pre-CfE,Market
NOS1,2028,2890,Reservoir,Post-CfE,Market
NOS1,2028,2890,Reservoir,Pre-CfE,Market
NOS1,2028,2984,Run of river,Post-CfE,Market
NOS1,2028,2984,Run of river,Pre-CfE,Market
NOS1,2028,500,Solar (PV),Post-CfE,Market
NOS1,2028,500,Solar (PV),Pre-CfE,Market
NOS1,2028,386,Wind onshore,Post-CfE,Market
NOS1,2028,386,Wind onshore,Pre-CfE,Market
NOS1,2030,690,DSR,Post-CfE,Market
NOS1,2030,690,DSR,Pre-CfE,Market
NOS1,2030,0,Open loop pumping,Post-CfE,Market
NOS1,2030,0,Open loop pumping,Pre-CfE,Market
NOS1,2030,5,Others (non-RES),Post-CfE,Market
NOS1,2030,5,Others (non-RES),Pre-CfE,Market
NOS1,2030,3269,Reservoir,Post-CfE,Market
NOS1,2030,3269,Reservoir,Pre-CfE,Market
NOS1,2030,3002,Run of river,Post-CfE,Market
NOS1,2030,3002,Run of river,Pre-CfE,Market
NOS1,2030,1000,Solar (PV),Post-CfE,Market
NOS1,2030,1000,Solar (PV),Pre-CfE,Market
NOS1,2030,386,Wind onshore,Post-CfE,Market
NOS1,2030,386,Wind onshore,Pre-CfE,Market
NOS1,2035,747,DSR,Post-CfE,Market
NOS1,2035,747,DSR,Pre-CfE,Market
NOS1,2035,0,Open loop pumping,Post-CfE,Market
NOS1,2035,0,Open loop pumping,Pre-CfE,Market
NOS1,2035,5,Others (non-RES),Post-CfE,Market
NOS1,2035,5,Others (non-RES),Pre-CfE,Market
NOS1,2035,3944,Reservoir,Post-CfE,Market
NOS1,2035,3944,Reservoir,Pre-CfE,Market
NOS1,2035,3053,Run of river,Post-CfE,Market
NOS1,2035,3054,Run of river,Pre-CfE,Market
NOS1,2035,1750,Solar (PV),Post-CfE,Market
NOS1,2035,1750,Solar (PV),Pre-CfE,Market
NOS1,2035,586,Wind onshore,Post-CfE,Market
NOS1,2035,586,Wind onshore,Pre-CfE,Market
NOS2,2026,2914,DSR,Post-CfE,Market
NOS2,2026,2914,DSR,Pre-CfE,Market
NOS2,2026,238,Open loop pumping,Post-CfE,Market
NOS2,2026,238,Open loop pumping,Pre-CfE,Market
NOS2,2026,29,Others (non-RES),Post-CfE,Market
NOS2,2026,29,Others (non-RES),Pre-CfE,Market
NOS2,2026,9807,Reservoir,Post-CfE,Market
NOS2,2026,9807,Reservoir,Pre-CfE,Market
NOS2,2026,1659,Run of river,Post-CfE,Market
NOS2,2026,1659,Run of river,Pre-CfE,Market
NOS2,2026,210,Solar (PV),Post-CfE,Market
NOS2,2026,210,Solar (PV),Pre-CfE,Market
NOS2,2026,4,Wind offshore,Post-CfE,Market
NOS2,2026,4,Wind offshore,Pre-CfE,Market
NOS2,2026,1855,Wind onshore,Post-CfE,Market
NOS2,2026,1855,Wind onshore,Pre-CfE,Market
NOS2,2028,3377,DSR,Post-CfE,Market
NOS2,2028,3377,DSR,Pre-CfE,Market
NOS2,2028,238,Open loop pumping,Post-CfE,Market
NOS2,2028,238,Open loop pumping,Pre-CfE,Market
NOS2,2028,29,Others (non-RES),Post-CfE,Market
NOS2,2028,29,Others (non-RES),Pre-CfE,Market
NOS2,2028,9927,Reservoir,Post-CfE,Market
NOS2,2028,9927,Reservoir,Pre-CfE,Market
NOS2,2028,1699,Run of river,Post-CfE,Market
NOS2,2028,1699,Run of river,Pre-CfE,Market
NOS2,2028,500,Solar (PV),Post-CfE,Market
NOS2,2028,500,Solar (PV),Pre-CfE,Market
NOS2,2028,4,Wind offshore,Post-CfE,Market
NOS2,2028,4,Wind offshore,Pre-CfE,Market
NOS2,2028,1855,Wind onshore,Post-CfE,Market
NOS2,2028,1855,Wind onshore,Pre-CfE,Market
NOS2,2030,3840,DSR,Post-CfE,Market
NOS2,2030,3840,DSR,Pre-CfE,Market
NOS2,2030,238,Open loop pumping,Post-CfE,Market
NOS2,2030,238,Open loop pumping,Pre-CfE,Market
NOS2,2030,29,Others (non-RES),Post-CfE,Market
NOS2,2030,29,Others (non-RES),Pre-CfE,Market
NOS2,2030,10894,Reservoir,Post-CfE,Market
NOS2,2030,10894,Reservoir,Pre-CfE,Market
NOS2,2030,1724,Run of river,Post-CfE,Market
NOS2,2030,1724,Run of river,Pre-CfE,Market
NOS2,2030,1000,Solar (PV),Post-CfE,Market
NOS2,2030,1000,Solar (PV),Pre-CfE,Market
NOS2,2030,3004,Wind offshore,Post-CfE,Market
NOS2,2030,4,Wind offshore,Pre-CfE,Market
NOS2,2030,1855,Wind onshore,Post-CfE,Market
NOS2,2030,1855,Wind onshore,Pre-CfE,Market
NOS2,2035,4599,DSR,Post-CfE,Market
NOS2,2035,4599,DSR,Pre-CfE,Market
NOS2,2035,238,Open loop pumping,Post-CfE,Market
NOS2,2035,238,Open loop pumping,Pre-CfE,Market
NOS2,2035,29,Others (non-RES),Post-CfE,Market
NOS2,2035,29,Others (non-RES),Pre-CfE,Market
NOS2,2035,12194,Reservoir,Post-CfE,Market
NOS2,2035,12194,Reservoir,Pre-CfE,Market
NOS2,2035,1792,Run of river,Post-CfE,Market
NOS2,2035,1792,Run of river,Pre-CfE,Market
NOS2,2035,1750,Solar (PV),Post-CfE,Market
NOS2,2035,1750,Solar (PV),Pre-CfE,Market
NOS2,2035,4504,Wind offshore,Post-CfE,Market
NOS2,2035,4,Wind offshore,Pre-CfE,Market
NOS2,2035,2055,Wind onshore,Post-CfE,Market
NOS2,2035,2055,Wind onshore,Pre-CfE,Market
NOS3,2026,1283,DSR,Post-CfE,Market
NOS3,2026,1283,DSR,Pre-CfE,Market
NOS3,2026,412,Open loop pumping,Post-CfE,Market
NOS3,2026,412,Open loop pumping,Pre-CfE,Market
NOS3,2026,16,Others (non-RES),Post-CfE,Market
NOS3,2026,16,Others (non-RES),Pre-CfE,Market
NOS3,2026,5470,Reservoir,Post-CfE,Market
NOS3,2026,5470,Reservoir,Pre-CfE,Market
NOS3,2026,811,Run of river,Post-CfE,Market
NOS3,2026,811,Run of river,Pre-CfE,Market
NOS3,2026,210,Solar (PV),Post-CfE,Market
NOS3,2026,210,Solar (PV),Pre-CfE,Market
NOS3,2028,1360,DSR,Post-CfE,Market
NOS3,2028,1360,DSR,Pre-CfE,Market
NOS3,2028,412,Open loop pumping,Post-CfE,Market
NOS3,2028,412,Open loop pumping,Pre-CfE,Market
NOS3,2028,16,Others (non-RES),Post-CfE,Market
NOS3,2028,16,Others (non-RES),Pre-CfE,Market
NOS3,2028,5509,Reservoir,Post-CfE,Market
NOS3,2028,5509,Reservoir,Pre-CfE,Market
NOS3,2028,823,Run of river,Post-CfE,Market
NOS3,2028,823,Run of river,Pre-CfE,Market
NOS3,2028,500,Solar (PV),Post-CfE,Market
NOS3,2028,500,Solar (PV),Pre-CfE,Market
NOS3,2030,1438,DSR,Post-CfE,Market
NOS3,2030,1438,DSR,Pre-CfE,Market
NOS3,2030,412,Open loop pumping,Post-CfE,Market
NOS3,2030,412,Open loop pumping,Pre-CfE,Market
NOS3,2030,16,Others (non-RES),Post-CfE,Market
NOS3,2030,16,Others (non-RES),Pre-CfE,Market
NOS3,2030,5527,Reservoir,Post-CfE,Market
NOS3,2030,5527,Reservoir,Pre-CfE,Market
NOS3,2030,831,Run of river,Post-CfE,Market
NOS3,2030,831,Run of river,Pre-CfE,Market
NOS3,2030,1000,Solar (PV),Post-CfE,Market
NOS3,2030,1000,Solar (PV),Pre-CfE,Market
NOS3,2035,1381,DSR,Post-CfE,Market
NOS3,2035,1381,DSR,Pre-CfE,Market
NOS3,2035,412,Open loop pumping,Post-CfE,Market
NOS3,2035,412,Open loop pumping,Pre-CfE,Market
NOS3,2035,16,Others (non-RES),Post-CfE,Market
NOS3,2035,16,Others (non-RES),Pre-CfE,Market
NOS3,2035,5559,Reservoir,Post-CfE,Market
NOS3,2035,5559,Reservoir,Pre-CfE,Market
NOS3,2035,853,Run of river,Post-CfE,Market
NOS3,2035,853,Run of river,Pre-CfE,Market
NOS3,2035,1750,Solar (PV),Post-CfE,Market
NOS3,2035,1750,Solar (PV),Pre-CfE,Market
NOS3,2035,1000,Wind offshore,Post-CfE,Market
NOS3,2035,1500,Wind offshore,Pre-CfE,Market
PL00,2026,629,Biofuel,Post-CfE,Market
PL00,2026,1333,Closed loop pumping,Post-CfE,Market
PL00,2026,1333,Closed loop pumping,Pre-CfE,Market
PL00,2026,1313,DSR,Post-CfE,Non-Market
PL00,2026,6681,Gas,Post-CfE,Market
PL00,2026,6389,Gas,Pre-CfE,Market
PL00,2026,13485,Hard coal,Post-CfE,Market
PL00,2026,13343,Hard coal,Pre-CfE,Market
PL00,2026,6520,Lignite,Post-CfE,Market
PL00,2026,6520,Lignite,Pre-CfE,Market
PL00,2026,0,Non-market batteries,Post-CfE,Non-Market
PL00,2026,277,Not defined or splitting not known RES,Post-CfE,Market
PL00,2026,283,Open loop pumping,Post-CfE,Market
PL00,2026,283,Open loop pumping,Pre-CfE,Market
PL00,2026,4952,Others (non-RES),Post-CfE,Market
PL00,2026,4975,Others (non-RES),Pre-CfE,Market
PL00,2026,1162,Others (RES),Pre-CfE,Market
PL00,2026,205,Reservoir,Post-CfE,Market
PL00,2026,205,Reservoir,Pre-CfE,Market
PL00,2026,524,Run of river,Post-CfE,Market
PL00,2026,524,Run of river,Pre-CfE,Market
PL00,2026,928,Small biomass,Post-CfE,Market
PL00,2026,20408,Solar (PV),Post-CfE,Market
PL00,2026,20408,Solar (PV),Pre-CfE,Market
PL00,2026,0,Implicit solar PV,Post-CfE,Market
PL00,2026,0,Implicit solar PV,Pre-CfE,Market
PL00,2026,1900,Wind offshore,Post-CfE,Market
PL00,2026,1900,Wind offshore,Pre-CfE,Market
PL00,2026,11540,Wind onshore,Post-CfE,Market
PL00,2026,11540,Wind onshore,Pre-CfE,Market
PL00,2028,2113,Battery,Post-CfE,Market
PL00,2028,2065,Battery,Pre-CfE,Market
PL00,2028,629,Biofuel,Post-CfE,Market
PL00,2028,1333,Closed loop pumping,Post-CfE,Market
PL00,2028,1333,Closed loop pumping,Pre-CfE,Market
PL00,2028,853,DSR,Post-CfE,Non-Market
PL00,2028,8315,Gas,Post-CfE,Market
PL00,2028,8186,Gas,Pre-CfE,Market
PL00,2028,13287,Hard coal,Post-CfE,Market
PL00,2028,12304,Hard coal,Pre-CfE,Market
PL00,2028,6520,Lignite,Post-CfE,Market
PL00,2028,6520,Lignite,Pre-CfE,Market
PL00,2028,0,Non-market batteries,Post-CfE,Non-Market
PL00,2028,302,Not defined or splitting not known RES,Post-CfE,Market
PL00,2028,283,Open loop pumping,Post-CfE,Market
PL00,2028,283,Open loop pumping,Pre-CfE,Market
PL00,2028,4996,Others (non-RES),Post-CfE,Market
PL00,2028,4945,Others (non-RES),Pre-CfE,Market
PL00,2028,1152,Others (RES),Pre-CfE,Market
PL00,2028,205,Reservoir,Post-CfE,Market
PL00,2028,205,Reservoir,Pre-CfE,Market
PL00,2028,524,Run of river,Post-CfE,Market
PL00,2028,524,Run of river,Pre-CfE,Market
PL00,2028,898,Small biomass,Post-CfE,Market
PL00,2028,23704,Solar (PV),Post-CfE,Market
PL00,2028,23704,Solar (PV),Pre-CfE,Market
PL00,2028,0,Implicit solar PV,Post-CfE,Market
PL00,2028,0,Implicit solar PV,Pre-CfE,Market
PL00,2028,6033,Wind offshore,Post-CfE,Market
PL00,2028,6033,Wind offshore,Pre-CfE,Market
PL00,2028,12740,Wind onshore,Post-CfE,Market
PL00,2028,12740,Wind onshore,Pre-CfE,Market
PL00,2030,2113,Battery,Post-CfE,Market
PL00,2030,2065,Battery,Pre-CfE,Market
PL00,2030,629,Biofuel,Post-CfE,Market
PL00,2030,1333,Closed loop pumping,Post-CfE,Market
PL00,2030,1333,Closed loop pumping,Pre-CfE,Market
PL00,2030,8279,Gas,Post-CfE,Market
PL00,2030,8181,Gas,Pre-CfE,Market
PL00,2030,12443,Hard coal,Post-CfE,Market
PL00,2030,12304,Hard coal,Pre-CfE,Market
PL00,2030,6520,Lignite,Post-CfE,Market
PL00,2030,6520,Lignite,Pre-CfE,Market
PL00,2030,0,Non-market batteries,Post-CfE,Non-Market
PL00,2030,367,Not defined or splitting not known RES,Post-CfE,Market
PL00,2030,283,Open loop pumping,Post-CfE,Market
PL00,2030,283,Open loop pumping,Pre-CfE,Market
PL00,2030,4041,Others (non-RES),Post-CfE,Market
PL00,2030,3914,Others (non-RES),Pre-CfE,Market
PL00,2030,1263,Others (RES),Pre-CfE,Market
PL00,2030,205,Reservoir,Post-CfE,Market
PL00,2030,205,Reservoir,Pre-CfE,Market
PL00,2030,524,Run of river,Post-CfE,Market
PL00,2030,524,Run of river,Pre-CfE,Market
PL00,2030,944,Small biomass,Post-CfE,Market
PL00,2030,27000,Solar (PV),Post-CfE,Market
PL00,2030,27000,Solar (PV),Pre-CfE,Market
PL00,2030,0,Implicit solar PV,Post-CfE,Market
PL00,2030,0,Implicit solar PV,Pre-CfE,Market
PL00,2030,7593,Wind offshore,Post-CfE,Market
PL00,2030,7593,Wind offshore,Pre-CfE,Market
PL00,2030,13940,Wind onshore,Post-CfE,Market
PL00,2030,13940,Wind onshore,Pre-CfE,Market
PL00,2035,2113,Battery,Post-CfE,Market
PL00,2035,2065,Battery,Pre-CfE,Market
PL00,2035,17,Biofuel,Post-CfE,Market
PL00,2035,1333,Closed loop pumping,Post-CfE,Market
PL00,2035,1333,Closed loop pumping,Pre-CfE,Market
PL00,2035,8254,Gas,Post-CfE,Market
PL00,2035,8147,Gas,Pre-CfE,Market
PL00,2035,8049,Hard coal,Post-CfE,Market
PL00,2035,7247,Hard coal,Pre-CfE,Market
PL00,2035,4060,Lignite,Post-CfE,Market
PL00,2035,3337,Lignite,Pre-CfE,Market
PL00,2035,0,Non-market batteries,Post-CfE,Non-Market
PL00,2035,408,Not defined or splitting not known RES,Post-CfE,Market
PL00,2035,2220,Nuclear,Post-CfE,Market
PL00,2035,2220,Nuclear,Pre-CfE,Market
PL00,2035,283,Open loop pumping,Post-CfE,Market
PL00,2035,283,Open loop pumping,Pre-CfE,Market
PL00,2035,2856,Others (non-RES),Post-CfE,Market
PL00,2035,2786,Others (non-RES),Pre-CfE,Market
PL00,2035,1310,Others (RES),Pre-CfE,Market
PL00,2035,205,Reservoir,Post-CfE,Market
PL00,2035,205,Reservoir,Pre-CfE,Market
PL00,2035,524,Run of river,Post-CfE,Market
PL00,2035,524,Run of river,Pre-CfE,Market
PL00,2035,950,Small biomass,Post-CfE,Market
PL00,2035,36000,Solar (PV),Post-CfE,Market
PL00,2035,36000,Solar (PV),Pre-CfE,Market
PL00,2035,0,Implicit solar PV,Post-CfE,Market
PL00,2035,0,Implicit solar PV,Pre-CfE,Market
PL00,2035,10874,Wind offshore,Post-CfE,Market
PL00,2035,10874,Wind offshore,Pre-CfE,Market
PL00,2035,16940,Wind onshore,Post-CfE,Market
PL00,2035,16940,Wind onshore,Pre-CfE,Market
PT00,2026,125,Battery,Post-CfE,Market
PT00,2026,198,Battery,Pre-CfE,Market
PT00,2026,3829,Gas,Post-CfE,Market
PT00,2026,3829,Gas,Pre-CfE,Market
PT00,2026,34,Geothermal,Post-CfE,Market
PT00,2026,3,Marine,Post-CfE,Market
PT00,2026,0,Non-market batteries,Post-CfE,Non-Market
PT00,2026,460,Not defined or splitting not known RES,Post-CfE,Market
PT00,2026,3839,Open loop pumping,Post-CfE,Market
PT00,2026,3839,Open loop pumping,Pre-CfE,Market
PT00,2026,712,Others (non-RES),Post-CfE,Market
PT00,2026,900,Others (non-RES),Pre-CfE,Market
PT00,2026,1154,Others (RES),Pre-CfE,Market
PT00,2026,266,Pondage,Post-CfE,Market
PT00,2026,266,Pondage,Pre-CfE,Market
PT00,2026,3766,Reservoir,Post-CfE,Market
PT00,2026,3766,Reservoir,Pre-CfE,Market
PT00,2026,508,Run of river,Post-CfE,Market
PT00,2026,508,Run of river,Pre-CfE,Market
PT00,2026,349,Small biomass,Post-CfE,Market
PT00,2026,4870,Solar (PV),Post-CfE,Market
PT00,2026,7517,Solar (PV),Pre-CfE,Market
PT00,2026,60,Solar (thermal),Pre-CfE,Market
PT00,2026,0,Implicit solar PV,Post-CfE,Market
PT00,2026,0,Implicit solar PV,Pre-CfE,Market
PT00,2026,44,Wind offshore,Post-CfE,Market
PT00,2026,223,Wind offshore,Pre-CfE,Market
PT00,2026,6116,Wind onshore,Post-CfE,Market
PT00,2026,6714,Wind onshore,Pre-CfE,Market
PT00,2028,167,Battery,Post-CfE,Market
PT00,2028,594,Battery,Pre-CfE,Market
PT00,2028,3829,Gas,Post-CfE,Market
PT00,2028,3829,Gas,Pre-CfE,Market
PT00,2028,34,Geothermal,Post-CfE,Market
PT00,2028,3,Marine,Post-CfE,Market
PT00,2028,0,Non-market batteries,Post-CfE,Non-Market
PT00,2028,460,Not defined or splitting not known RES,Post-CfE,Market
PT00,2028,3839,Open loop pumping,Post-CfE,Market
PT00,2028,3839,Open loop pumping,Pre-CfE,Market
PT00,2028,637,Others (non-RES),Post-CfE,Market
PT00,2028,916,Others (non-RES),Pre-CfE,Market
PT00,2028,1290,Others (RES),Pre-CfE,Market
PT00,2028,266,Pondage,Post-CfE,Market
PT00,2028,266,Pondage,Pre-CfE,Market
PT00,2028,3766,Reservoir,Post-CfE,Market
PT00,2028,3766,Reservoir,Pre-CfE,Market
PT00,2028,508,Run of river,Post-CfE,Market
PT00,2028,508,Run of river,Pre-CfE,Market
PT00,2028,349,Small biomass,Post-CfE,Market
PT00,2028,7041,Solar (PV),Post-CfE,Market
PT00,2028,11156,Solar (PV),Pre-CfE,Market
PT00,2028,300,Solar (thermal),Pre-CfE,Market
PT00,2028,0,Implicit solar PV,Post-CfE,Market
PT00,2028,0,Implicit solar PV,Pre-CfE,Market
PT00,2028,121,Wind offshore,Post-CfE,Market
PT00,2028,1013,Wind offshore,Pre-CfE,Market
PT00,2028,7304,Wind onshore,Post-CfE,Market
PT00,2028,8354,Wind onshore,Pre-CfE,Market
PT00,2030,990,Battery,Post-CfE,Market
PT00,2030,990,Battery,Pre-CfE,Market
PT00,2030,2839,Gas,Post-CfE,Market
PT00,2030,2839,Gas,Pre-CfE,Market
PT00,2030,49,Geothermal,Post-CfE,Market
PT00,2030,181,Marine,Post-CfE,Market
PT00,2030,0,Non-market batteries,Post-CfE,Non-Market
PT00,2030,757,Not defined or splitting not known RES,Post-CfE,Market
PT00,2030,3839,Open loop pumping,Post-CfE,Market
PT00,2030,3839,Open loop pumping,Pre-CfE,Market
PT00,2030,886,Others (non-RES),Post-CfE,Market
PT00,2030,886,Others (non-RES),Pre-CfE,Market
PT00,2030,1449,Others (RES),Pre-CfE,Market
PT00,2030,266,Pondage,Post-CfE,Market
PT00,2030,266,Pondage,Pre-CfE,Market
PT00,2030,3766,Reservoir,Post-CfE,Market
PT00,2030,3766,Reservoir,Pre-CfE,Market
PT00,2030,508,Run of river,Post-CfE,Market
PT00,2030,508,Run of river,Pre-CfE,Market
PT00,2030,462,Small biomass,Post-CfE,Market
PT00,2030,14796,Solar (PV),Post-CfE,Market
PT00,2030,14796,Solar (PV),Pre-CfE,Market
PT00,2030,540,Solar (thermal),Post-CfE,Market
PT00,2030,540,Solar (thermal),Pre-CfE,Market
PT00,2030,0,Implicit solar PV,Post-CfE,Market
PT00,2030,0,Implicit solar PV,Pre-CfE,Market
PT00,2030,1803,Wind offshore,Post-CfE,Market
PT00,2030,1803,Wind offshore,Pre-CfE,Market
PT00,2030,9994,Wind onshore,Post-CfE,Market
PT00,2030,9994,Wind onshore,Pre-CfE,Market
PT00,2035,4839,Battery,Post-CfE,Market
PT00,2035,4839,Battery,Pre-CfE,Market
PT00,2035,2055,Gas,Post-CfE,Market
PT00,2035,2055,Gas,Pre-CfE,Market
PT00,2035,74,Geothermal,Post-CfE,Market
PT00,2035,201,Marine,Post-CfE,Market
PT00,2035,0,Non-market batteries,Post-CfE,Non-Market
PT00,2035,870,Not defined or splitting not known RES,Post-CfE,Market
PT00,2035,3839,Open loop pumping,Post-CfE,Market
PT00,2035,3839,Open loop pumping,Pre-CfE,Market
PT00,2035,578,Others (non-RES),Post-CfE,Market
PT00,2035,578,Others (non-RES),Pre-CfE,Market
PT00,2035,1518,Others (RES),Pre-CfE,Market
PT00,2035,266,Pondage,Post-CfE,Market
PT00,2035,266,Pondage,Pre-CfE,Market
PT00,2035,3766,Reservoir,Post-CfE,Market
PT00,2035,3766,Reservoir,Pre-CfE,Market
PT00,2035,508,Run of river,Post-CfE,Market
PT00,2035,508,Run of river,Pre-CfE,Market
PT00,2035,373,Small biomass,Post-CfE,Market
PT00,2035,22111,Solar (PV),Post-CfE,Market
PT00,2035,22111,Solar (PV),Pre-CfE,Market
PT00,2035,600,Solar (thermal),Post-CfE,Market
PT00,2035,600,Solar (thermal),Pre-CfE,Market
PT00,2035,0,Implicit solar PV,Post-CfE,Market
PT00,2035,0,Implicit solar PV,Pre-CfE,Market
PT00,2035,5600,Wind offshore,Post-CfE,Market
PT00,2035,5600,Wind offshore,Pre-CfE,Market
PT00,2035,11529,Wind onshore,Post-CfE,Market
PT00,2035,11529,Wind onshore,Pre-CfE,Market
RO00,2026,270,Battery,Post-CfE,Market
RO00,2026,270,Battery,Pre-CfE,Market
RO00,2026,4740,Gas,Post-CfE,Market
RO00,2026,4740,Gas,Pre-CfE,Market
RO00,2026,130,Hard coal,Post-CfE,Market
RO00,2026,130,Hard coal,Pre-CfE,Market
RO00,2026,0,Non-market batteries,Post-CfE,Non-Market
RO00,2026,1300,Nuclear,Post-CfE,Market
RO00,2026,1300,Nuclear,Pre-CfE,Market
RO00,2026,810,Open loop pumping,Post-CfE,Market
RO00,2026,810,Open loop pumping,Pre-CfE,Market
RO00,2026,128,Others (RES),Pre-CfE,Market
RO00,2026,2391,Reservoir,Post-CfE,Market
RO00,2026,2391,Reservoir,Pre-CfE,Market
RO00,2026,3305,Run of river,Post-CfE,Market
RO00,2026,3305,Run of river,Pre-CfE,Market
RO00,2026,128,Small biomass,Post-CfE,Market
RO00,2026,5500,Solar (PV),Post-CfE,Market
RO00,2026,5100,Solar (PV),Pre-CfE,Market
RO00,2026,0,Implicit solar PV,Post-CfE,Market
RO00,2026,0,Implicit solar PV,Pre-CfE,Market
RO00,2026,4300,Wind onshore,Post-CfE,Market
RO00,2026,5099,Wind onshore,Pre-CfE,Market
RO00,2028,330,Battery,Post-CfE,Market
RO00,2028,330,Battery,Pre-CfE,Market
RO00,2028,6052,Gas,Post-CfE,Market
RO00,2028,6052,Gas,Pre-CfE,Market
RO00,2028,130,Hard coal,Post-CfE,Market
RO00,2028,130,Hard coal,Pre-CfE,Market
RO00,2028,0,Non-market batteries,Post-CfE,Non-Market
RO00,2028,650,Nuclear,Post-CfE,Market
RO00,2028,650,Nuclear,Pre-CfE,Market
RO00,2028,810,Open loop pumping,Post-CfE,Market
RO00,2028,810,Open loop pumping,Pre-CfE,Market
RO00,2028,130,Others (RES),Pre-CfE,Market
RO00,2028,2281,Reservoir,Post-CfE,Market
RO00,2028,2281,Reservoir,Pre-CfE,Market
RO00,2028,3337,Run of river,Post-CfE,Market
RO00,2028,3337,Run of river,Pre-CfE,Market
RO00,2028,130,Small biomass,Post-CfE,Market
RO00,2028,6900,Solar (PV),Post-CfE,Market
RO00,2028,6700,Solar (PV),Pre-CfE,Market
RO00,2028,0,Implicit solar PV,Post-CfE,Market
RO00,2028,0,Implicit solar PV,Pre-CfE,Market
RO00,2028,5500,Wind onshore,Post-CfE,Market
RO00,2028,5499,Wind onshore,Pre-CfE,Market
RO00,2030,400,Battery,Post-CfE,Market
RO00,2030,400,Battery,Pre-CfE,Market
RO00,2030,6028,Gas,Post-CfE,Market
RO00,2030,6052,Gas,Pre-CfE,Market
RO00,2030,130,Hard coal,Post-CfE,Market
RO00,2030,130,Hard coal,Pre-CfE,Market
RO00,2030,0,Non-market batteries,Post-CfE,Non-Market
RO00,2030,1739,Nuclear,Post-CfE,Market
RO00,2030,1739,Nuclear,Pre-CfE,Market
RO00,2030,810,Open loop pumping,Post-CfE,Market
RO00,2030,810,Open loop pumping,Pre-CfE,Market
RO00,2030,137,Others (RES),Pre-CfE,Market
RO00,2030,2403,Reservoir,Post-CfE,Market
RO00,2030,2403,Reservoir,Pre-CfE,Market
RO00,2030,3364,Run of river,Post-CfE,Market
RO00,2030,3364,Run of river,Pre-CfE,Market
RO00,2030,137,Small biomass,Post-CfE,Market
RO00,2030,8300,Solar (PV),Post-CfE,Market
RO00,2030,8300,Solar (PV),Pre-CfE,Market
RO00,2030,0,Implicit solar PV,Post-CfE,Market
RO00,2030,0,Implicit solar PV,Pre-CfE,Market
RO00,2030,1000,Wind offshore,Post-CfE,Market
RO00,2030,1000,Wind offshore,Pre-CfE,Market
RO00,2030,6000,Wind onshore,Post-CfE,Market
RO00,2030,5999,Wind onshore,Pre-CfE,Market
RO00,2035,600,Battery,Post-CfE,Market
RO00,2035,600,Battery,Pre-CfE,Market
RO00,2035,6380,Gas,Post-CfE,Market
RO00,2035,6380,Gas,Pre-CfE,Market
RO00,2035,0,Non-market batteries,Post-CfE,Non-Market
RO00,2035,3087,Nuclear,Post-CfE,Market
RO00,2035,3087,Nuclear,Pre-CfE,Market
RO00,2035,839,Open loop pumping,Post-CfE,Market
RO00,2035,839,Open loop pumping,Pre-CfE,Market
RO00,2035,160,Others (RES),Pre-CfE,Market
RO00,2035,2583,Reservoir,Post-CfE,Market
RO00,2035,2583,Reservoir,Pre-CfE,Market
RO00,2035,3378,Run of river,Post-CfE,Market
RO00,2035,3378,Run of river,Pre-CfE,Market
RO00,2035,160,Small biomass,Post-CfE,Market
RO00,2035,11000,Solar (PV),Post-CfE,Market
RO00,2035,10500,Solar (PV),Pre-CfE,Market
RO00,2035,0,Implicit solar PV,Post-CfE,Market
RO00,2035,0,Implicit solar PV,Pre-CfE,Market
RO00,2035,1000,Wind offshore,Post-CfE,Market
RO00,2035,1000,Wind offshore,Pre-CfE,Market
RO00,2035,6600,Wind onshore,Post-CfE,Market
RO00,2035,6599,Wind onshore,Pre-CfE,Market
RS00,2026,614,Closed loop pumping,Post-CfE,Market
RS00,2026,614,Closed loop pumping,Pre-CfE,Market
RS00,2026,802,Gas,Post-CfE,Market
RS00,2026,401,Gas,Pre-CfE,Market
RS00,2026,8948,Lignite,Post-CfE,Market
RS00,2026,4845,Lignite,Pre-CfE,Market
RS00,2026,0,Non-market batteries,Post-CfE,Non-Market
RS00,2026,60,Others (non-RES),Post-CfE,Market
RS00,2026,30,Others (non-RES),Pre-CfE,Market
RS00,2026,435,Reservoir,Post-CfE,Market
RS00,2026,435,Reservoir,Pre-CfE,Market
RS00,2026,1947,Run of river,Post-CfE,Market
RS00,2026,1947,Run of river,Pre-CfE,Market
RS00,2026,564,Solar (PV),Post-CfE,Market
RS00,2026,282,Solar (PV),Pre-CfE,Market
RS00,2026,0,Implicit solar PV,Post-CfE,Market
RS00,2026,5748,Wind onshore,Post-CfE,Market
RS00,2026,2874,Wind onshore,Pre-CfE,Market
RS00,2028,614,Closed loop pumping,Post-CfE,Market
RS00,2028,614,Closed loop pumping,Pre-CfE,Market
RS00,2028,802,Gas,Post-CfE,Market
RS00,2028,401,Gas,Pre-CfE,Market
RS00,2028,10100,Lignite,Post-CfE,Market
RS00,2028,5050,Lignite,Pre-CfE,Market
RS00,2028,0,Non-market batteries,Post-CfE,Non-Market
RS00,2028,206,Not defined or splitting not known RES,Post-CfE,Market
RS00,2028,60,Others (non-RES),Post-CfE,Market
RS00,2028,30,Others (non-RES),Pre-CfE,Market
RS00,2028,133,Others (RES),Pre-CfE,Market
RS00,2028,435,Reservoir,Post-CfE,Market
RS00,2028,435,Reservoir,Pre-CfE,Market
RS00,2028,2206,Run of river,Post-CfE,Market
RS00,2028,2206,Run of river,Pre-CfE,Market
RS00,2028,60,Small biomass,Post-CfE,Market
RS00,2028,2092,Solar (PV),Post-CfE,Market
RS00,2028,1046,Solar (PV),Pre-CfE,Market
RS00,2028,0,Implicit solar PV,Post-CfE,Market
RS00,2028,9402,Wind onshore,Post-CfE,Market
RS00,2028,4701,Wind onshore,Pre-CfE,Market
RS00,2030,614,Closed loop pumping,Post-CfE,Market
RS00,2030,614,Closed loop pumping,Pre-CfE,Market
RS00,2030,802,Gas,Post-CfE,Market
RS00,2030,401,Gas,Pre-CfE,Market
RS00,2030,10100,Lignite,Post-CfE,Market
RS00,2030,5050,Lignite,Pre-CfE,Market
RS00,2030,0,Non-market batteries,Post-CfE,Non-Market
RS00,2030,206,Not defined or splitting not known RES,Post-CfE,Market
RS00,2030,60,Others (non-RES),Post-CfE,Market
RS00,2030,30,Others (non-RES),Pre-CfE,Market
RS00,2030,133,Others (RES),Pre-CfE,Market
RS00,2030,435,Reservoir,Post-CfE,Market
RS00,2030,435,Reservoir,Pre-CfE,Market
RS00,2030,2214,Run of river,Post-CfE,Market
RS00,2030,2214,Run of river,Pre-CfE,Market
RS00,2030,60,Small biomass,Post-CfE,Market
RS00,2030,2092,Solar (PV),Post-CfE,Market
RS00,2030,1046,Solar (PV),Pre-CfE,Market
RS00,2030,0,Implicit solar PV,Post-CfE,Market
RS00,2030,9402,Wind onshore,Post-CfE,Market
RS00,2030,4701,Wind onshore,Pre-CfE,Market
RS00,2035,1314,Closed loop pumping,Post-CfE,Market
RS00,2035,1314,Closed loop pumping,Pre-CfE,Market
RS00,2035,1544,Gas,Post-CfE,Market
RS00,2035,772,Gas,Pre-CfE,Market
RS00,2035,10100,Lignite,Post-CfE,Market
RS00,2035,5050,Lignite,Pre-CfE,Market
RS00,2035,0,Non-market batteries,Post-CfE,Non-Market
RS00,2035,206,Not defined or splitting not known RES,Post-CfE,Market
RS00,2035,60,Others (non-RES),Post-CfE,Market
RS00,2035,30,Others (non-RES),Pre-CfE,Market
RS00,2035,133,Others (RES),Pre-CfE,Market
RS00,2035,435,Reservoir,Post-CfE,Market
RS00,2035,435,Reservoir,Pre-CfE,Market
RS00,2035,2261,Run of river,Post-CfE,Market
RS00,2035,2261,Run of river,Pre-CfE,Market
RS00,2035,60,Small biomass,Post-CfE,Market
RS00,2035,2092,Solar (PV),Post-CfE,Market
RS00,2035,1046,Solar (PV),Pre-CfE,Market
RS00,2035,0,Implicit solar PV,Post-CfE,Market
RS00,2035,9402,Wind onshore,Post-CfE,Market
RS00,2035,4701,Wind onshore,Pre-CfE,Market
SE01,2026,179,DSR,Post-CfE,Market
SE01,2026,179,DSR,Pre-CfE,Market
SE01,2026,97,Gas,Post-CfE,Market
SE01,2026,97,Gas,Pre-CfE,Market
SE01,2026,0,Non-market batteries,Post-CfE,Non-Market
SE01,2026,15,Others (non-RES),Post-CfE,Market
SE01,2026,15,Others (non-RES),Pre-CfE,Market
SE01,2026,179,Others (RES),Pre-CfE,Market
SE01,2026,5444,Reservoir,Post-CfE,Market
SE01,2026,5444,Reservoir,Pre-CfE,Market
SE01,2026,179,Small biomass,Post-CfE,Market
SE01,2026,16,Solar (PV),Post-CfE,Market
SE01,2026,16,Solar (PV),Pre-CfE,Market
SE01,2026,39,Implicit solar PV,Post-CfE,Market
SE01,2026,39,Implicit solar PV,Pre-CfE,Market
SE01,2026,3593,Wind onshore,Post-CfE,Market
SE01,2026,3593,Wind onshore,Pre-CfE,Market
SE01,2028,197,DSR,Post-CfE,Market
SE01,2028,197,DSR,Pre-CfE,Market
SE01,2028,97,Gas,Post-CfE,Market
SE01,2028,97,Gas,Pre-CfE,Market
SE01,2028,0,Non-market batteries,Post-CfE,Non-Market
SE01,2028,15,Others (non-RES),Post-CfE,Market
SE01,2028,15,Others (non-RES),Pre-CfE,Market
SE01,2028,179,Others (RES),Pre-CfE,Market
SE01,2028,5444,Reservoir,Post-CfE,Market
SE01,2028,5444,Reservoir,Pre-CfE,Market
SE01,2028,179,Small biomass,Post-CfE,Market
SE01,2028,33,Solar (PV),Post-CfE,Market
SE01,2028,33,Solar (PV),Pre-CfE,Market
SE01,2028,42,Implicit solar PV,Post-CfE,Market
SE01,2028,42,Implicit solar PV,Pre-CfE,Market
SE01,2028,4083,Wind onshore,Post-CfE,Market
SE01,2028,4083,Wind onshore,Pre-CfE,Market
SE01,2030,214,DSR,Post-CfE,Market
SE01,2030,214,DSR,Pre-CfE,Market
SE01,2030,0,Non-market batteries,Post-CfE,Non-Market
SE01,2030,15,Others (non-RES),Post-CfE,Market
SE01,2030,15,Others (non-RES),Pre-CfE,Market
SE01,2030,179,Others (RES),Pre-CfE,Market
SE01,2030,5444,Reservoir,Post-CfE,Market
SE01,2030,5444,Reservoir,Pre-CfE,Market
SE01,2030,179,Small biomass,Post-CfE,Market
SE01,2030,366,Solar (PV),Post-CfE,Market
SE01,2030,366,Solar (PV),Pre-CfE,Market
SE01,2030,45,Implicit solar PV,Post-CfE,Market
SE01,2030,45,Implicit solar PV,Pre-CfE,Market
SE01,2030,5406,Wind onshore,Post-CfE,Market
SE01,2030,5406,Wind onshore,Pre-CfE,Market
SE01,2035,214,DSR,Post-CfE,Market
SE01,2035,214,DSR,Pre-CfE,Market
SE01,2035,0,Non-market batteries,Post-CfE,Non-Market
SE01,2035,15,Others (non-RES),Post-CfE,Market
SE01,2035,15,Others (non-RES),Pre-CfE,Market
SE01,2035,179,Others (RES),Pre-CfE,Market
SE01,2035,5444,Reservoir,Post-CfE,Market
SE01,2035,5444,Reservoir,Pre-CfE,Market
SE01,2035,179,Small biomass,Post-CfE,Market
SE01,2035,550,Solar (PV),Post-CfE,Market
SE01,2035,550,Solar (PV),Pre-CfE,Market
SE01,2035,245,Implicit solar PV,Post-CfE,Market
SE01,2035,245,Implicit solar PV,Pre-CfE,Market
SE01,2035,0,Wind offshore,Post-CfE,Market
SE01,2035,0,Wind offshore,Pre-CfE,Market
SE01,2035,7511,Wind onshore,Post-CfE,Market
SE01,2035,7511,Wind onshore,Pre-CfE,Market
SE02,2026,271,DSR,Post-CfE,Market
SE02,2026,271,DSR,Pre-CfE,Market
SE02,2026,0,Non-market batteries,Post-CfE,Non-Market
SE02,2026,19,Others (non-RES),Post-CfE,Market
SE02,2026,19,Others (non-RES),Pre-CfE,Market
SE02,2026,746,Others (RES),Pre-CfE,Market
SE02,2026,7650,Reservoir,Post-CfE,Market
SE02,2026,7650,Reservoir,Pre-CfE,Market
SE02,2026,746,Small biomass,Post-CfE,Market
SE02,2026,162,Solar (PV),Post-CfE,Market
SE02,2026,162,Solar (PV),Pre-CfE,Market
SE02,2026,268,Implicit solar PV,Post-CfE,Market
SE02,2026,268,Implicit solar PV,Pre-CfE,Market
SE02,2026,8146,Wind onshore,Post-CfE,Market
SE02,2026,8146,Wind onshore,Pre-CfE,Market
SE02,2028,297,DSR,Post-CfE,Market
SE02,2028,297,DSR,Pre-CfE,Market
SE02,2028,0,Non-market batteries,Post-CfE,Non-Market
SE02,2028,19,Others (non-RES),Post-CfE,Market
SE02,2028,19,Others (non-RES),Pre-CfE,Market
SE02,2028,746,Others (RES),Pre-CfE,Market
SE02,2028,7650,Reservoir,Post-CfE,Market
SE02,2028,7650,Reservoir,Pre-CfE,Market
SE02,2028,746,Small biomass,Post-CfE,Market
SE02,2028,336,Solar (PV),Post-CfE,Market
SE02,2028,336,Solar (PV),Pre-CfE,Market
SE02,2028,289,Implicit solar PV,Post-CfE,Market
SE02,2028,289,Implicit solar PV,Pre-CfE,Market
SE02,2028,9204,Wind onshore,Post-CfE,Market
SE02,2028,9204,Wind onshore,Pre-CfE,Market
SE02,2030,323,DSR,Post-CfE,Market
SE02,2030,323,DSR,Pre-CfE,Market
SE02,2030,0,Non-market batteries,Post-CfE,Non-Market
SE02,2030,19,Others (non-RES),Post-CfE,Market
SE02,2030,19,Others (non-RES),Pre-CfE,Market
SE02,2030,746,Others (RES),Pre-CfE,Market
SE02,2030,7650,Reservoir,Post-CfE,Market
SE02,2030,7650,Reservoir,Pre-CfE,Market
SE02,2030,746,Small biomass,Post-CfE,Market
SE02,2030,466,Solar (PV),Post-CfE,Market
SE02,2030,466,Solar (PV),Pre-CfE,Market
SE02,2030,245,Implicit solar PV,Post-CfE,Market
SE02,2030,245,Implicit solar PV,Pre-CfE,Market
SE02,2030,9500,Wind onshore,Post-CfE,Market
SE02,2030,9500,Wind onshore,Pre-CfE,Market
SE02,2035,323,DSR,Post-CfE,Market
SE02,2035,323,DSR,Pre-CfE,Market
SE02,2035,0,Non-market batteries,Post-CfE,Non-Market
SE02,2035,19,Others (non-RES),Post-CfE,Market
SE02,2035,19,Others (non-RES),Pre-CfE,Market
SE02,2035,746,Others (RES),Pre-CfE,Market
SE02,2035,7650,Reservoir,Post-CfE,Market
SE02,2035,7650,Reservoir,Pre-CfE,Market
SE02,2035,746,Small biomass,Post-CfE,Market
SE02,2035,980,Solar (PV),Post-CfE,Market
SE02,2035,980,Solar (PV),Pre-CfE,Market
SE02,2035,245,Implicit solar PV,Post-CfE,Market
SE02,2035,245,Implicit solar PV,Pre-CfE,Market
SE02,2035,11500,Wind onshore,Post-CfE,Market
SE02,2035,11500,Wind onshore,Pre-CfE,Market
SE03,2026,784,DSR,Post-CfE,Market
SE03,2026,784,DSR,Pre-CfE,Market
SE03,2026,307,Gas,Post-CfE,Market
SE03,2026,307,Gas,Pre-CfE,Market
SE03,2026,0,Non-market batteries,Post-CfE,Non-Market
SE03,2026,200,Not defined or splitting not known RES,Post-CfE,Market
SE03,2026,6961,Nuclear,Post-CfE,Market
SE03,2026,6961,Nuclear,Pre-CfE,Market
SE03,2026,95,Oil,Post-CfE,Market
SE03,2026,921,Oil,Pre-CfE,Market
SE03,2026,343,Others (non-RES),Post-CfE,Market
SE03,2026,343,Others (non-RES),Pre-CfE,Market
SE03,2026,2064,Others (RES),Pre-CfE,Market
SE03,2026,2286,Reservoir,Post-CfE,Market
SE03,2026,2286,Reservoir,Pre-CfE,Market
SE03,2026,1864,Small biomass,Post-CfE,Market
SE03,2026,1076,Solar (PV),Post-CfE,Market
SE03,2026,1076,Solar (PV),Pre-CfE,Market
SE03,2026,3271,Implicit solar PV,Post-CfE,Market
SE03,2026,3271,Implicit solar PV,Pre-CfE,Market
SE03,2026,30,Wind offshore,Post-CfE,Market
SE03,2026,30,Wind offshore,Pre-CfE,Market
SE03,2026,4927,Wind onshore,Post-CfE,Market
SE03,2026,4927,Wind onshore,Pre-CfE,Market
SE03,2028,860,DSR,Post-CfE,Market
SE03,2028,860,DSR,Pre-CfE,Market
SE03,2028,270,Gas,Post-CfE,Market
SE03,2028,270,Gas,Pre-CfE,Market
SE03,2028,0,Non-market batteries,Post-CfE,Non-Market
SE03,2028,200,Not defined or splitting not known RES,Post-CfE,Market
SE03,2028,6961,Nuclear,Post-CfE,Market
SE03,2028,6961,Nuclear,Pre-CfE,Market
SE03,2028,95,Oil,Post-CfE,Market
SE03,2028,921,Oil,Pre-CfE,Market
SE03,2028,343,Others (non-RES),Post-CfE,Market
SE03,2028,343,Others (non-RES),Pre-CfE,Market
SE03,2028,2102,Others (RES),Pre-CfE,Market
SE03,2028,2286,Reservoir,Post-CfE,Market
SE03,2028,2286,Reservoir,Pre-CfE,Market
SE03,2028,1902,Small biomass,Post-CfE,Market
SE03,2028,2230,Solar (PV),Post-CfE,Market
SE03,2028,2230,Solar (PV),Pre-CfE,Market
SE03,2028,3521,Implicit solar PV,Post-CfE,Market
SE03,2028,3521,Implicit solar PV,Pre-CfE,Market
SE03,2028,30,Wind offshore,Post-CfE,Market
SE03,2028,30,Wind offshore,Pre-CfE,Market
SE03,2028,5538,Wind onshore,Post-CfE,Market
SE03,2028,5538,Wind onshore,Pre-CfE,Market
SE03,2030,937,DSR,Post-CfE,Market
SE03,2030,937,DSR,Pre-CfE,Market
SE03,2030,270,Gas,Post-CfE,Market
SE03,2030,270,Gas,Pre-CfE,Market
SE03,2030,0,Non-market batteries,Post-CfE,Non-Market
SE03,2030,200,Not defined or splitting not known RES,Post-CfE,Market
SE03,2030,6961,Nuclear,Post-CfE,Market
SE03,2030,6961,Nuclear,Pre-CfE,Market
SE03,2030,826,Oil,Pre-CfE,Market
SE03,2030,343,Others (non-RES),Post-CfE,Market
SE03,2030,343,Others (non-RES),Pre-CfE,Market
SE03,2030,2102,Others (RES),Pre-CfE,Market
SE03,2030,2286,Reservoir,Post-CfE,Market
SE03,2030,2286,Reservoir,Pre-CfE,Market
SE03,2030,1902,Small biomass,Post-CfE,Market
SE03,2030,1722,Solar (PV),Post-CfE,Market
SE03,2030,1722,Solar (PV),Pre-CfE,Market
SE03,2030,3566,Implicit solar PV,Post-CfE,Market
SE03,2030,3566,Implicit solar PV,Pre-CfE,Market
SE03,2030,430,Wind offshore,Post-CfE,Market
SE03,2030,430,Wind offshore,Pre-CfE,Market
SE03,2030,5384,Wind onshore,Post-CfE,Market
SE03,2030,5384,Wind onshore,Pre-CfE,Market
SE03,2035,937,DSR,Post-CfE,Market
SE03,2035,937,DSR,Pre-CfE,Market
SE03,2035,216,Gas,Post-CfE,Market
SE03,2035,216,Gas,Pre-CfE,Market
SE03,2035,0,Non-market batteries,Post-CfE,Non-Market
SE03,2035,6961,Nuclear,Post-CfE,Market
SE03,2035,6961,Nuclear,Pre-CfE,Market
SE03,2035,826,Oil,Pre-CfE,Market
SE03,2035,343,Others (non-RES),Post-CfE,Market
SE03,2035,343,Others (non-RES),Pre-CfE,Market
SE03,2035,1902,Others (RES),Pre-CfE,Market
SE03,2035,2286,Reservoir,Post-CfE,Market
SE03,2035,2286,Reservoir,Pre-CfE,Market
SE03,2035,1902,Small biomass,Post-CfE,Market
SE03,2035,4560,Solar (PV),Post-CfE,Market
SE03,2035,4560,Solar (PV),Pre-CfE,Market
SE03,2035,3566,Implicit solar PV,Post-CfE,Market
SE03,2035,3566,Implicit solar PV,Pre-CfE,Market
SE03,2035,1567,Wind offshore,Post-CfE,Market
SE03,2035,1567,Wind offshore,Pre-CfE,Market
SE03,2035,7417,Wind onshore,Post-CfE,Market
SE03,2035,7417,Wind onshore,Pre-CfE,Market
SE04,2026,221,DSR,Post-CfE,Market
SE04,2026,221,DSR,Pre-CfE,Market
SE04,2026,436,Gas,Post-CfE,Market
SE04,2026,436,Gas,Pre-CfE,Market
SE04,2026,0,Non-market batteries,Post-CfE,Non-Market
SE04,2026,92,Not defined or splitting not known RES,Post-CfE,Market
SE04,2026,569,Oil,Pre-CfE,Market
SE04,2026,73,Others (non-RES),Post-CfE,Market
SE04,2026,73,Others (non-RES),Pre-CfE,Market
SE04,2026,671,Others (RES),Pre-CfE,Market
SE04,2026,237,Reservoir,Post-CfE,Market
SE04,2026,237,Reservoir,Pre-CfE,Market
SE04,2026,578,Small biomass,Post-CfE,Market
SE04,2026,591,Solar (PV),Post-CfE,Market
SE04,2026,591,Solar (PV),Pre-CfE,Market
SE04,2026,1451,Implicit solar PV,Post-CfE,Market
SE04,2026,1451,Implicit solar PV,Pre-CfE,Market
SE04,2026,162,Wind offshore,Post-CfE,Market
SE04,2026,162,Wind offshore,Pre-CfE,Market
SE04,2026,2333,Wind onshore,Post-CfE,Market
SE04,2026,2333,Wind onshore,Pre-CfE,Market
SE04,2028,243,DSR,Post-CfE,Market
SE04,2028,243,DSR,Pre-CfE,Market
SE04,2028,436,Gas,Post-CfE,Market
SE04,2028,436,Gas,Pre-CfE,Market
SE04,2028,0,Non-market batteries,Post-CfE,Non-Market
SE04,2028,92,Not defined or splitting not known RES,Post-CfE,Market
SE04,2028,569,Oil,Pre-CfE,Market
SE04,2028,73,Others (non-RES),Post-CfE,Market
SE04,2028,73,Others (non-RES),Pre-CfE,Market
SE04,2028,753,Others (RES),Pre-CfE,Market
SE04,2028,237,Reservoir,Post-CfE,Market
SE04,2028,237,Reservoir,Pre-CfE,Market
SE04,2028,661,Small biomass,Post-CfE,Market
SE04,2028,1225,Solar (PV),Post-CfE,Market
SE04,2028,1225,Solar (PV),Pre-CfE,Market
SE04,2028,1561,Implicit solar PV,Post-CfE,Market
SE04,2028,1561,Implicit solar PV,Pre-CfE,Market
SE04,2028,162,Wind offshore,Post-CfE,Market
SE04,2028,162,Wind offshore,Pre-CfE,Market
SE04,2028,2617,Wind onshore,Post-CfE,Market
SE04,2028,2617,Wind onshore,Pre-CfE,Market
SE04,2030,265,DSR,Post-CfE,Market
SE04,2030,265,DSR,Pre-CfE,Market
SE04,2030,0,Non-market batteries,Post-CfE,Non-Market
SE04,2030,569,Oil,Pre-CfE,Market
SE04,2030,73,Others (non-RES),Post-CfE,Market
SE04,2030,73,Others (non-RES),Pre-CfE,Market
SE04,2030,661,Others (RES),Pre-CfE,Market
SE04,2030,237,Reservoir,Post-CfE,Market
SE04,2030,237,Reservoir,Pre-CfE,Market
SE04,2030,661,Small biomass,Post-CfE,Market
SE04,2030,672,Solar (PV),Post-CfE,Market
SE04,2030,672,Solar (PV),Pre-CfE,Market
SE04,2030,1555,Implicit solar PV,Post-CfE,Market
SE04,2030,1555,Implicit solar PV,Pre-CfE,Market
SE04,2030,434,Wind offshore,Post-CfE,Market
SE04,2030,434,Wind offshore,Pre-CfE,Market
SE04,2030,2663,Wind onshore,Post-CfE,Market
SE04,2030,2663,Wind onshore,Pre-CfE,Market
SE04,2035,265,DSR,Post-CfE,Market
SE04,2035,265,DSR,Pre-CfE,Market
SE04,2035,0,Non-market batteries,Post-CfE,Non-Market
SE04,2035,569,Oil,Pre-CfE,Market
SE04,2035,73,Others (non-RES),Post-CfE,Market
SE04,2035,73,Others (non-RES),Pre-CfE,Market
SE04,2035,661,Others (RES),Pre-CfE,Market
SE04,2035,237,Reservoir,Post-CfE,Market
SE04,2035,237,Reservoir,Pre-CfE,Market
SE04,2035,661,Small biomass,Post-CfE,Market
SE04,2035,1850,Solar (PV),Post-CfE,Market
SE04,2035,1850,Solar (PV),Pre-CfE,Market
SE04,2035,1555,Implicit solar PV,Post-CfE,Market
SE04,2035,1555,Implicit solar PV,Pre-CfE,Market
SE04,2035,2495,Wind offshore,Post-CfE,Market
SE04,2035,2495,Wind offshore,Pre-CfE,Market
SE04,2035,3006,Wind onshore,Post-CfE,Market
SE04,2035,3006,Wind onshore,Pre-CfE,Market
SI00,2026,367,Battery,Post-CfE,Market
SI00,2026,367,Battery,Pre-CfE,Market
SI00,2026,180,Closed loop pumping,Post-CfE,Market
SI00,2026,180,Closed loop pumping,Pre-CfE,Market
SI00,2026,10,DSR,Post-CfE,Market
SI00,2026,527,Gas,Post-CfE,Market
SI00,2026,585,Gas,Pre-CfE,Market
SI00,2026,81,Hard coal,Post-CfE,Market
SI00,2026,81,Hard coal,Pre-CfE,Market
SI00,2026,844,Lignite,Post-CfE,Market
SI00,2026,844,Lignite,Pre-CfE,Market
SI00,2026,0,Non-market batteries,Post-CfE,Non-Market
SI00,2026,696,Nuclear,Post-CfE,Market
SI00,2026,696,Nuclear,Pre-CfE,Market
SI00,2026,192,Others (non-RES),Post-CfE,Market
SI00,2026,192,Others (non-RES),Pre-CfE,Market
SI00,2026,57,Others (RES),Pre-CfE,Market
SI00,2026,1007,Pondage,Post-CfE,Market
SI00,2026,1007,Pondage,Pre-CfE,Market
SI00,2026,21,Reservoir,Post-CfE,Market
SI00,2026,21,Reservoir,Pre-CfE,Market
SI00,2026,128,Run of river,Post-CfE,Market
SI00,2026,128,Run of river,Pre-CfE,Market
SI00,2026,57,Small biomass,Post-CfE,Market
SI00,2026,1600,Solar (PV),Post-CfE,Market
SI00,2026,1600,Solar (PV),Pre-CfE,Market
SI00,2026,1099,Implicit solar PV,Post-CfE,Market
SI00,2026,0,Implicit solar PV,Pre-CfE,Market
SI00,2026,68,Wind onshore,Post-CfE,Market
SI00,2026,68,Wind onshore,Pre-CfE,Market
SI00,2028,487,Battery,Post-CfE,Market
SI00,2028,487,Battery,Pre-CfE,Market
SI00,2028,180,Closed loop pumping,Post-CfE,Market
SI00,2028,180,Closed loop pumping,Pre-CfE,Market
SI00,2028,10,DSR,Post-CfE,Market
SI00,2028,594,Gas,Post-CfE,Market
SI00,2028,652,Gas,Pre-CfE,Market
SI00,2028,81,Hard coal,Post-CfE,Market
SI00,2028,81,Hard coal,Pre-CfE,Market
SI00,2028,539,Lignite,Post-CfE,Market
SI00,2028,539,Lignite,Pre-CfE,Market
SI00,2028,0,Non-market batteries,Post-CfE,Non-Market
SI00,2028,696,Nuclear,Post-CfE,Market
SI00,2028,696,Nuclear,Pre-CfE,Market
SI00,2028,204,Others (non-RES),Post-CfE,Market
SI00,2028,204,Others (non-RES),Pre-CfE,Market
SI00,2028,59,Others (RES),Pre-CfE,Market
SI00,2028,1007,Pondage,Post-CfE,Market
SI00,2028,1007,Pondage,Pre-CfE,Market
SI00,2028,21,Reservoir,Post-CfE,Market
SI00,2028,21,Reservoir,Pre-CfE,Market
SI00,2028,128,Run of river,Post-CfE,Market
SI00,2028,128,Run of river,Pre-CfE,Market
SI00,2028,59,Small biomass,Post-CfE,Market
SI00,2028,2200,Solar (PV),Post-CfE,Market
SI00,2028,2200,Solar (PV),Pre-CfE,Market
SI00,2028,1561,Implicit solar PV,Post-CfE,Market
SI00,2028,0,Implicit solar PV,Pre-CfE,Market
SI00,2028,93,Wind onshore,Post-CfE,Market
SI00,2028,93,Wind onshore,Pre-CfE,Market
SI00,2030,607,Battery,Post-CfE,Market
SI00,2030,607,Battery,Pre-CfE,Market
SI00,2030,180,Closed loop pumping,Post-CfE,Market
SI00,2030,180,Closed loop pumping,Pre-CfE,Market
SI00,2030,30,DSR,Post-CfE,Market
SI00,2030,594,Gas,Post-CfE,Market
SI00,2030,652,Gas,Pre-CfE,Market
SI00,2030,81,Hard coal,Post-CfE,Market
SI00,2030,81,Hard coal,Pre-CfE,Market
SI00,2030,539,Lignite,Post-CfE,Market
SI00,2030,539,Lignite,Pre-CfE,Market
SI00,2030,0,Non-market batteries,Post-CfE,Non-Market
SI00,2030,696,Nuclear,Post-CfE,Market
SI00,2030,696,Nuclear,Pre-CfE,Market
SI00,2030,217,Others (non-RES),Post-CfE,Market
SI00,2030,217,Others (non-RES),Pre-CfE,Market
SI00,2030,61,Others (RES),Pre-CfE,Market
SI00,2030,1052,Pondage,Post-CfE,Market
SI00,2030,1052,Pondage,Pre-CfE,Market
SI00,2030,21,Reservoir,Post-CfE,Market
SI00,2030,21,Reservoir,Pre-CfE,Market
SI00,2030,128,Run of river,Post-CfE,Market
SI00,2030,128,Run of river,Pre-CfE,Market
SI00,2030,61,Small biomass,Post-CfE,Market
SI00,2030,2750,Solar (PV),Post-CfE,Market
SI00,2030,2750,Solar (PV),Pre-CfE,Market
SI00,2030,2023,Implicit solar PV,Post-CfE,Market
SI00,2030,0,Implicit solar PV,Pre-CfE,Market
SI00,2030,122,Wind onshore,Post-CfE,Market
SI00,2030,122,Wind onshore,Pre-CfE,Market
SI00,2035,907,Battery,Post-CfE,Market
SI00,2035,907,Battery,Pre-CfE,Market
SI00,2035,180,Closed loop pumping,Post-CfE,Market
SI00,2035,180,Closed loop pumping,Pre-CfE,Market
SI00,2035,60,DSR,Post-CfE,Market
SI00,2035,594,Gas,Post-CfE,Market
SI00,2035,652,Gas,Pre-CfE,Market
SI00,2035,36,Hard coal,Post-CfE,Market
SI00,2035,36,Hard coal,Pre-CfE,Market
SI00,2035,539,Lignite,Post-CfE,Market
SI00,2035,539,Lignite,Pre-CfE,Market
SI00,2035,0,Non-market batteries,Post-CfE,Non-Market
SI00,2035,696,Nuclear,Post-CfE,Market
SI00,2035,696,Nuclear,Pre-CfE,Market
SI00,2035,247,Others (non-RES),Post-CfE,Market
SI00,2035,247,Others (non-RES),Pre-CfE,Market
SI00,2035,72,Others (RES),Pre-CfE,Market
SI00,2035,1088,Pondage,Post-CfE,Market
SI00,2035,1088,Pondage,Pre-CfE,Market
SI00,2035,21,Reservoir,Post-CfE,Market
SI00,2035,21,Reservoir,Pre-CfE,Market
SI00,2035,134,Run of river,Post-CfE,Market
SI00,2035,134,Run of river,Pre-CfE,Market
SI00,2035,72,Small biomass,Post-CfE,Market
SI00,2035,4150,Solar (PV),Post-CfE,Market
SI00,2035,4150,Solar (PV),Pre-CfE,Market
SI00,2035,3463,Implicit solar PV,Post-CfE,Market
SI00,2035,0,Implicit solar PV,Pre-CfE,Market
SI00,2035,212,Wind onshore,Post-CfE,Market
SI00,2035,212,Wind onshore,Pre-CfE,Market
SK00,2026,80,Battery,Post-CfE,Market
SK00,2026,80,Battery,Pre-CfE,Market
SK00,2026,150,Biofuel,Post-CfE,Market
SK00,2026,730,Closed loop pumping,Post-CfE,Market
SK00,2026,730,Closed loop pumping,Pre-CfE,Market
SK00,2026,738,Gas,Post-CfE,Market
SK00,2026,1044,Gas,Pre-CfE,Market
SK00,2026,4,Geothermal,Post-CfE,Market
SK00,2026,269,Hard coal,Post-CfE,Market
SK00,2026,291,Hard coal,Pre-CfE,Market
SK00,2026,56,Lignite,Post-CfE,Market
SK00,2026,85,Lignite,Pre-CfE,Market
SK00,2026,27,Non-market batteries,Post-CfE,Non-Market
SK00,2026,29,Not defined or splitting not known RES,Post-CfE,Market
SK00,2026,2752,Nuclear,Post-CfE,Market
SK00,2026,2752,Nuclear,Pre-CfE,Market
SK00,2026,133,Oil,Post-CfE,Market
SK00,2026,243,Oil,Pre-CfE,Market
SK00,2026,276,Open loop pumping,Post-CfE,Market
SK00,2026,276,Open loop pumping,Pre-CfE,Market
SK00,2026,273,Others (non-RES),Post-CfE,Market
SK00,2026,273,Others (non-RES),Pre-CfE,Market
SK00,2026,220,Others (RES),Pre-CfE,Market
SK00,2026,203,Pondage,Post-CfE,Market
SK00,2026,203,Pondage,Pre-CfE,Market
SK00,2026,21,Reservoir,Post-CfE,Market
SK00,2026,21,Reservoir,Pre-CfE,Market
SK00,2026,1401,Run of river,Post-CfE,Market
SK00,2026,1401,Run of river,Pre-CfE,Market
SK00,2026,187,Small biomass,Post-CfE,Market
SK00,2026,1125,Solar (PV),Post-CfE,Market
SK00,2026,1125,Solar (PV),Pre-CfE,Market
SK00,2026,165,Implicit solar PV,Post-CfE,Market
SK00,2026,165,Implicit solar PV,Pre-CfE,Market
SK00,2026,426,Wind onshore,Post-CfE,Market
SK00,2026,426,Wind onshore,Pre-CfE,Market
SK00,2028,170,Battery,Post-CfE,Market
SK00,2028,170,Battery,Pre-CfE,Market
SK00,2028,150,Biofuel,Post-CfE,Market
SK00,2028,760,Closed loop pumping,Post-CfE,Market
SK00,2028,760,Closed loop pumping,Pre-CfE,Market
SK00,2028,738,Gas,Post-CfE,Market
SK00,2028,1044,Gas,Pre-CfE,Market
SK00,2028,4,Geothermal,Post-CfE,Market
SK00,2028,269,Hard coal,Post-CfE,Market
SK00,2028,291,Hard coal,Pre-CfE,Market
SK00,2028,56,Lignite,Post-CfE,Market
SK00,2028,85,Lignite,Pre-CfE,Market
SK00,2028,34,Non-market batteries,Post-CfE,Non-Market
SK00,2028,33,Not defined or splitting not known RES,Post-CfE,Market
SK00,2028,2776,Nuclear,Post-CfE,Market
SK00,2028,2776,Nuclear,Pre-CfE,Market
SK00,2028,133,Oil,Post-CfE,Market
SK00,2028,243,Oil,Pre-CfE,Market
SK00,2028,276,Open loop pumping,Post-CfE,Market
SK00,2028,276,Open loop pumping,Pre-CfE,Market
SK00,2028,290,Others (non-RES),Post-CfE,Market
SK00,2028,290,Others (non-RES),Pre-CfE,Market
SK00,2028,224,Others (RES),Pre-CfE,Market
SK00,2028,203,Pondage,Post-CfE,Market
SK00,2028,203,Pondage,Pre-CfE,Market
SK00,2028,21,Reservoir,Post-CfE,Market
SK00,2028,21,Reservoir,Pre-CfE,Market
SK00,2028,1423,Run of river,Post-CfE,Market
SK00,2028,1423,Run of river,Pre-CfE,Market
SK00,2028,187,Small biomass,Post-CfE,Market
SK00,2028,1250,Solar (PV),Post-CfE,Market
SK00,2028,1250,Solar (PV),Pre-CfE,Market
SK00,2028,195,Implicit solar PV,Post-CfE,Market
SK00,2028,195,Implicit solar PV,Pre-CfE,Market
SK00,2028,569,Wind onshore,Post-CfE,Market
SK00,2028,569,Wind onshore,Pre-CfE,Market
SK00,2030,266,Battery,Post-CfE,Market
SK00,2030,266,Battery,Pre-CfE,Market
SK00,2030,150,Biofuel,Post-CfE,Market
SK00,2030,760,Closed loop pumping,Post-CfE,Market
SK00,2030,760,Closed loop pumping,Pre-CfE,Market
SK00,2030,738,Gas,Post-CfE,Market
SK00,2030,1044,Gas,Pre-CfE,Market
SK00,2030,4,Geothermal,Post-CfE,Market
SK00,2030,269,Hard coal,Post-CfE,Market
SK00,2030,291,Hard coal,Pre-CfE,Market
SK00,2030,56,Lignite,Post-CfE,Market
SK00,2030,85,Lignite,Pre-CfE,Market
SK00,2030,41,Non-market batteries,Post-CfE,Non-Market
SK00,2030,37,Not defined or splitting not known RES,Post-CfE,Market
SK00,2030,2815,Nuclear,Post-CfE,Market
SK00,2030,2815,Nuclear,Pre-CfE,Market
SK00,2030,133,Oil,Post-CfE,Market
SK00,2030,243,Oil,Pre-CfE,Market
SK00,2030,276,Open loop pumping,Post-CfE,Market
SK00,2030,276,Open loop pumping,Pre-CfE,Market
SK00,2030,298,Others (non-RES),Post-CfE,Market
SK00,2030,298,Others (non-RES),Pre-CfE,Market
SK00,2030,228,Others (RES),Pre-CfE,Market
SK00,2030,203,Pondage,Post-CfE,Market
SK00,2030,203,Pondage,Pre-CfE,Market
SK00,2030,21,Reservoir,Post-CfE,Market
SK00,2030,21,Reservoir,Pre-CfE,Market
SK00,2030,1425,Run of river,Post-CfE,Market
SK00,2030,1425,Run of river,Pre-CfE,Market
SK00,2030,187,Small biomass,Post-CfE,Market
SK00,2030,1500,Solar (PV),Post-CfE,Market
SK00,2030,1500,Solar (PV),Pre-CfE,Market
SK00,2030,225,Implicit solar PV,Post-CfE,Market
SK00,2030,225,Implicit solar PV,Pre-CfE,Market
SK00,2030,712,Wind onshore,Post-CfE,Market
SK00,2030,712,Wind onshore,Pre-CfE,Market
SK00,2035,539,Battery,Post-CfE,Market
SK00,2035,539,Battery,Pre-CfE,Market
SK00,2035,150,Biofuel,Post-CfE,Market
SK00,2035,760,Closed loop pumping,Post-CfE,Market
SK00,2035,760,Closed loop pumping,Pre-CfE,Market
SK00,2035,738,Gas,Post-CfE,Market
SK00,2035,1044,Gas,Pre-CfE,Market
SK00,2035,4,Geothermal,Post-CfE,Market
SK00,2035,269,Hard coal,Post-CfE,Market
SK00,2035,291,Hard coal,Pre-CfE,Market
SK00,2035,56,Lignite,Post-CfE,Market
SK00,2035,85,Lignite,Pre-CfE,Market
SK00,2035,59,Non-market batteries,Post-CfE,Non-Market
SK00,2035,47,Not defined or splitting not known RES,Post-CfE,Market
SK00,2035,2830,Nuclear,Post-CfE,Market
SK00,2035,2830,Nuclear,Pre-CfE,Market
SK00,2035,133,Oil,Post-CfE,Market
SK00,2035,243,Oil,Pre-CfE,Market
SK00,2035,276,Open loop pumping,Post-CfE,Market
SK00,2035,276,Open loop pumping,Pre-CfE,Market
SK00,2035,263,Others (non-RES),Post-CfE,Market
SK00,2035,264,Others (non-RES),Pre-CfE,Market
SK00,2035,248,Others (RES),Pre-CfE,Market
SK00,2035,203,Pondage,Post-CfE,Market
SK00,2035,203,Pondage,Pre-CfE,Market
SK00,2035,21,Reservoir,Post-CfE,Market
SK00,2035,21,Reservoir,Pre-CfE,Market
SK00,2035,1425,Run of river,Post-CfE,Market
SK00,2035,1425,Run of river,Pre-CfE,Market
SK00,2035,197,Small biomass,Post-CfE,Market
SK00,2035,1956,Solar (PV),Post-CfE,Market
SK00,2035,1956,Solar (PV),Pre-CfE,Market
SK00,2035,225,Implicit solar PV,Post-CfE,Market
SK00,2035,225,Implicit solar PV,Pre-CfE,Market
SK00,2035,854,Wind onshore,Post-CfE,Market
SK00,2035,854,Wind onshore,Pre-CfE,Market
TR00,2026,25387,Gas,Post-CfE,Market
TR00,2026,25387,Gas,Pre-CfE,Market
TR00,2026,7876,Hard coal,Post-CfE,Market
TR00,2026,7876,Hard coal,Pre-CfE,Market
TR00,2026,8877,Lignite,Post-CfE,Market
TR00,2026,8877,Lignite,Pre-CfE,Market
TR00,2026,2047,Not defined or splitting not known RES,Post-CfE,Market
TR00,2026,1114,Nuclear,Post-CfE,Market
TR00,2026,1114,Nuclear,Pre-CfE,Market
TR00,2026,342,Oil,Post-CfE,Market
TR00,2026,342,Oil,Pre-CfE,Market
TR00,2026,1388,Others (non-RES),Post-CfE,Market
TR00,2026,1388,Others (non-RES),Pre-CfE,Market
TR00,2026,2047,Others (RES),Pre-CfE,Market
TR00,2026,24348,Reservoir,Post-CfE,Market
TR00,2026,24348,Reservoir,Pre-CfE,Market
TR00,2026,15829,Run of river,Post-CfE,Market
TR00,2026,15829,Run of river,Pre-CfE,Market
TR00,2026,11800,Solar (PV),Post-CfE,Market
TR00,2026,11800,Solar (PV),Pre-CfE,Market
TR00,2026,13833,Wind onshore,Post-CfE,Market
TR00,2026,13833,Wind onshore,Pre-CfE,Market
TR00,2028,25091,Gas,Post-CfE,Market
TR00,2028,25091,Gas,Pre-CfE,Market
TR00,2028,7876,Hard coal,Post-CfE,Market
TR00,2028,7876,Hard coal,Pre-CfE,Market
TR00,2028,10023,Lignite,Post-CfE,Market
TR00,2028,10023,Lignite,Pre-CfE,Market
TR00,2028,2174,Not defined or splitting not known RES,Post-CfE,Market
TR00,2028,3342,Nuclear,Post-CfE,Market
TR00,2028,3342,Nuclear,Pre-CfE,Market
TR00,2028,317,Oil,Post-CfE,Market
TR00,2028,317,Oil,Pre-CfE,Market
TR00,2028,1694,Others (non-RES),Post-CfE,Market
TR00,2028,1694,Others (non-RES),Pre-CfE,Market
TR00,2028,2174,Others (RES),Pre-CfE,Market
TR00,2028,24348,Reservoir,Post-CfE,Market
TR00,2028,24348,Reservoir,Pre-CfE,Market
TR00,2028,17646,Run of river,Post-CfE,Market
TR00,2028,17646,Run of river,Pre-CfE,Market
TR00,2028,13900,Solar (PV),Post-CfE,Market
TR00,2028,13900,Solar (PV),Pre-CfE,Market
TR00,2028,15667,Wind onshore,Post-CfE,Market
TR00,2028,15667,Wind onshore,Pre-CfE,Market
TR00,2030,23233,Gas,Post-CfE,Market
TR00,2030,23233,Gas,Pre-CfE,Market
TR00,2030,8007,Hard coal,Post-CfE,Market
TR00,2030,8007,Hard coal,Pre-CfE,Market
TR00,2030,10852,Lignite,Post-CfE,Market
TR00,2030,10852,Lignite,Pre-CfE,Market
TR00,2030,2300,Not defined or splitting not known RES,Post-CfE,Market
TR00,2030,4456,Nuclear,Post-CfE,Market
TR00,2030,4456,Nuclear,Pre-CfE,Market
TR00,2030,317,Oil,Post-CfE,Market
TR00,2030,317,Oil,Pre-CfE,Market
TR00,2030,2000,Others (non-RES),Post-CfE,Market
TR00,2030,2000,Others (non-RES),Pre-CfE,Market
TR00,2030,2300,Others (RES),Pre-CfE,Market
TR00,2030,24348,Reservoir,Post-CfE,Market
TR00,2030,24348,Reservoir,Pre-CfE,Market
TR00,2030,19464,Run of river,Post-CfE,Market
TR00,2030,19464,Run of river,Pre-CfE,Market
TR00,2030,16000,Solar (PV),Post-CfE,Market
TR00,2030,16000,Solar (PV),Pre-CfE,Market
TR00,2030,17500,Wind onshore,Post-CfE,Market
TR00,2030,17500,Wind onshore,Pre-CfE,Market
TR00,2035,2100,Battery,Post-CfE,Market
TR00,2035,2100,Battery,Pre-CfE,Market
TR00,2035,17987,Gas,Post-CfE,Market
TR00,2035,17987,Gas,Pre-CfE,Market
TR00,2035,8007,Hard coal,Post-CfE,Market
TR00,2035,8007,Hard coal,Pre-CfE,Market
TR00,2035,10648,Lignite,Post-CfE,Market
TR00,2035,10648,Lignite,Pre-CfE,Market
TR00,2035,2300,Not defined or splitting not known RES,Post-CfE,Market
TR00,2035,4456,Nuclear,Post-CfE,Market
TR00,2035,4456,Nuclear,Pre-CfE,Market
TR00,2035,282,Oil,Post-CfE,Market
TR00,2035,282,Oil,Pre-CfE,Market
TR00,2035,2300,Others (RES),Pre-CfE,Market
TR00,2035,24348,Reservoir,Post-CfE,Market
TR00,2035,24348,Reservoir,Pre-CfE,Market
TR00,2035,19464,Run of river,Post-CfE,Market
TR00,2035,19464,Run of river,Pre-CfE,Market
TR00,2035,16000,Solar (PV),Post-CfE,Market
TR00,2035,16000,Solar (PV),Pre-CfE,Market
TR00,2035,17500,Wind onshore,Post-CfE,Market
TR00,2035,17500,Wind onshore,Pre-CfE,Market
UK00,2026,15652,Battery,Post-CfE,Market
UK00,2026,15652,Battery,Pre-CfE,Market
UK00,2026,412,Closed loop pumping,Post-CfE,Market
UK00,2026,412,Closed loop pumping,Pre-CfE,Market
UK00,2026,38029,Gas,Post-CfE,Market
UK00,2026,38029,Gas,Pre-CfE,Market
UK00,2026,26,Marine,Post-CfE,Market
UK00,2026,0,Non-market batteries,Post-CfE,Non-Market
UK00,2026,1414,Not defined or splitting not known RES,Post-CfE,Market
UK00,2026,1230,Nuclear,Post-CfE,Market
UK00,2026,1230,Nuclear,Pre-CfE,Market
UK00,2026,6545,Oil,Post-CfE,Market
UK00,2026,6545,Oil,Pre-CfE,Market
UK00,2026,5840,Others (non-RES),Post-CfE,Market
UK00,2026,5840,Others (non-RES),Pre-CfE,Market
UK00,2026,1440,Others (RES),Pre-CfE,Market
UK00,2026,1677,Run of river,Post-CfE,Market
UK00,2026,1677,Run of river,Pre-CfE,Market
UK00,2026,14939,Solar (PV),Post-CfE,Market
UK00,2026,14939,Solar (PV),Pre-CfE,Market
UK00,2026,0,Implicit solar PV,Post-CfE,Market
UK00,2026,22496,Wind offshore,Post-CfE,Market
UK00,2026,22496,Wind offshore,Pre-CfE,Market
UK00,2026,17061,Wind onshore,Post-CfE,Market
UK00,2026,17061,Wind onshore,Pre-CfE,Market
UK00,2028,17534,Battery,Post-CfE,Market
UK00,2028,17534,Battery,Pre-CfE,Market
UK00,2028,412,Closed loop pumping,Post-CfE,Market
UK00,2028,412,Closed loop pumping,Pre-CfE,Market
UK00,2028,36474,Gas,Post-CfE,Market
UK00,2028,36474,Gas,Pre-CfE,Market
UK00,2028,124,Marine,Post-CfE,Market
UK00,2028,0,Non-market batteries,Post-CfE,Non-Market
UK00,2028,1414,Not defined or splitting not known RES,Post-CfE,Market
UK00,2028,4570,Nuclear,Post-CfE,Market
UK00,2028,4570,Nuclear,Pre-CfE,Market
UK00,2028,6545,Oil,Post-CfE,Market
UK00,2028,6545,Oil,Pre-CfE,Market
UK00,2028,5840,Others (non-RES),Post-CfE,Market
UK00,2028,5840,Others (non-RES),Pre-CfE,Market
UK00,2028,1538,Others (RES),Pre-CfE,Market
UK00,2028,1677,Run of river,Post-CfE,Market
UK00,2028,1677,Run of river,Pre-CfE,Market
UK00,2028,15632,Solar (PV),Post-CfE,Market
UK00,2028,15632,Solar (PV),Pre-CfE,Market
UK00,2028,0,Implicit solar PV,Post-CfE,Market
UK00,2028,29015,Wind offshore,Post-CfE,Market
UK00,2028,29015,Wind offshore,Pre-CfE,Market
UK00,2028,20611,Wind onshore,Post-CfE,Market
UK00,2028,20611,Wind onshore,Pre-CfE,Market
UK00,2030,18881,Battery,Post-CfE,Market
UK00,2030,18881,Battery,Pre-CfE,Market
UK00,2030,412,Closed loop pumping,Post-CfE,Market
UK00,2030,412,Closed loop pumping,Pre-CfE,Market
UK00,2030,32120,Gas,Post-CfE,Market
UK00,2030,32120,Gas,Pre-CfE,Market
UK00,2030,154,Marine,Post-CfE,Market
UK00,2030,0,Non-market batteries,Post-CfE,Non-Market
UK00,2030,1414,Not defined or splitting not known RES,Post-CfE,Market
UK00,2030,4570,Nuclear,Post-CfE,Market
UK00,2030,4570,Nuclear,Pre-CfE,Market
UK00,2030,6561,Oil,Post-CfE,Market
UK00,2030,6561,Oil,Pre-CfE,Market
UK00,2030,5810,Others (non-RES),Post-CfE,Market
UK00,2030,5810,Others (non-RES),Pre-CfE,Market
UK00,2030,1568,Others (RES),Pre-CfE,Market
UK00,2030,1677,Run of river,Post-CfE,Market
UK00,2030,1677,Run of river,Pre-CfE,Market
UK00,2030,16548,Solar (PV),Post-CfE,Market
UK00,2030,16548,Solar (PV),Pre-CfE,Market
UK00,2030,0,Implicit solar PV,Post-CfE,Market
UK00,2030,39864,Wind offshore,Post-CfE,Market
UK00,2030,39864,Wind offshore,Pre-CfE,Market
UK00,2030,22945,Wind onshore,Post-CfE,Market
UK00,2030,22945,Wind onshore,Pre-CfE,Market
UK00,2035,23914,Battery,Post-CfE,Market
UK00,2035,23914,Battery,Pre-CfE,Market
UK00,2035,412,Closed loop pumping,Post-CfE,Market
UK00,2035,412,Closed loop pumping,Pre-CfE,Market
UK00,2035,24876,Gas,Post-CfE,Market
UK00,2035,24876,Gas,Pre-CfE,Market
UK00,2035,189,Marine,Post-CfE,Market
UK00,2035,0,Non-market batteries,Post-CfE,Non-Market
UK00,2035,1414,Not defined or splitting not known RES,Post-CfE,Market
UK00,2035,5040,Nuclear,Post-CfE,Market
UK00,2035,5040,Nuclear,Pre-CfE,Market
UK00,2035,9004,Others (non-RES),Post-CfE,Market
UK00,2035,9004,Others (non-RES),Pre-CfE,Market
UK00,2035,1603,Others (RES),Pre-CfE,Market
UK00,2035,1677,Run of river,Post-CfE,Market
UK00,2035,1677,Run of river,Pre-CfE,Market
UK00,2035,18934,Solar (PV),Post-CfE,Market
UK00,2035,18934,Solar (PV),Pre-CfE,Market
UK00,2035,0,Implicit solar PV,Post-CfE,Market
UK00,2035,47002,Wind offshore,Post-CfE,Market
UK00,2035,47002,Wind offshore,Pre-CfE,Market
UK00,2035,25812,Wind onshore,Post-CfE,Market
UK00,2035,25812,Wind onshore,Pre-CfE,Market
UKNI,2026,18,Biofuel,Post-CfE,Market
UKNI,2026,59,DSR,Post-CfE,Market
UKNI,2026,59,DSR,Pre-CfE,Market
UKNI,2026,1683,Gas,Post-CfE,Market
UKNI,2026,1683,Gas,Pre-CfE,Market
UKNI,2026,0,Lignite,Post-CfE,Market
UKNI,2026,18,Lignite,Pre-CfE,Market
UKNI,2026,0,Non-market batteries,Post-CfE,Non-Market
UKNI,2026,389,Oil,Post-CfE,Market
UKNI,2026,389,Oil,Pre-CfE,Market
UKNI,2026,9,Others (non-RES),Post-CfE,Market
UKNI,2026,9,Others (non-RES),Pre-CfE,Market
UKNI,2026,6,Reservoir,Post-CfE,Market
UKNI,2026,6,Reservoir,Pre-CfE,Market
UKNI,2026,421,Solar (PV),Post-CfE,Market
UKNI,2026,421,Solar (PV),Pre-CfE,Market
UKNI,2026,100,Implicit solar PV,Post-CfE,Market
UKNI,2026,100,Implicit solar PV,Pre-CfE,Market
UKNI,2026,1610,Wind onshore,Post-CfE,Market
UKNI,2026,1610,Wind onshore,Pre-CfE,Market
UKNI,2028,18,Biofuel,Post-CfE,Market
UKNI,2028,60,DSR,Post-CfE,Market
UKNI,2028,60,DSR,Pre-CfE,Market
UKNI,2028,1683,Gas,Post-CfE,Market
UKNI,2028,1683,Gas,Pre-CfE,Market
UKNI,2028,0,Lignite,Post-CfE,Market
UKNI,2028,18,Lignite,Pre-CfE,Market
UKNI,2028,0,Non-market batteries,Post-CfE,Non-Market
UKNI,2028,389,Oil,Post-CfE,Market
UKNI,2028,389,Oil,Pre-CfE,Market
UKNI,2028,9,Others (non-RES),Post-CfE,Market
UKNI,2028,9,Others (non-RES),Pre-CfE,Market
UKNI,2028,6,Reservoir,Post-CfE,Market
UKNI,2028,6,Reservoir,Pre-CfE,Market
UKNI,2028,529,Solar (PV),Post-CfE,Market
UKNI,2028,529,Solar (PV),Pre-CfE,Market
UKNI,2028,100,Implicit solar PV,Post-CfE,Market
UKNI,2028,100,Implicit solar PV,Pre-CfE,Market
UKNI,2028,1990,Wind onshore,Post-CfE,Market
UKNI,2028,1990,Wind onshore,Pre-CfE,Market
UKNI,2030,18,Biofuel,Post-CfE,Market
UKNI,2030,60,DSR,Post-CfE,Market
UKNI,2030,60,DSR,Pre-CfE,Market
UKNI,2030,1683,Gas,Post-CfE,Market
UKNI,2030,1683,Gas,Pre-CfE,Market
UKNI,2030,0,Lignite,Post-CfE,Market
UKNI,2030,18,Lignite,Pre-CfE,Market
UKNI,2030,0,Non-market batteries,Post-CfE,Non-Market
UKNI,2030,389,Oil,Post-CfE,Market
UKNI,2030,389,Oil,Pre-CfE,Market
UKNI,2030,9,Others (non-RES),Post-CfE,Market
UKNI,2030,9,Others (non-RES),Pre-CfE,Market
UKNI,2030,6,Reservoir,Post-CfE,Market
UKNI,2030,6,Reservoir,Pre-CfE,Market
UKNI,2030,602,Solar (PV),Post-CfE,Market
UKNI,2030,602,Solar (PV),Pre-CfE,Market
UKNI,2030,200,Implicit solar PV,Post-CfE,Market
UKNI,2030,200,Implicit solar PV,Pre-CfE,Market
UKNI,2030,500,Wind offshore,Post-CfE,Market
UKNI,2030,500,Wind offshore,Pre-CfE,Market
UKNI,2030,2460,Wind onshore,Post-CfE,Market
UKNI,2030,2460,Wind onshore,Pre-CfE,Market
UKNI,2035,18,Biofuel,Post-CfE,Market
UKNI,2035,60,DSR,Post-CfE,Market
UKNI,2035,60,DSR,Pre-CfE,Market
UKNI,2035,1683,Gas,Post-CfE,Market
UKNI,2035,1683,Gas,Pre-CfE,Market
UKNI,2035,0,Lignite,Post-CfE,Market
UKNI,2035,18,Lignite,Pre-CfE,Market
UKNI,2035,0,Non-market batteries,Post-CfE,Non-Market
UKNI,2035,389,Oil,Post-CfE,Market
UKNI,2035,389,Oil,Pre-CfE,Market
UKNI,2035,9,Others (non-RES),Post-CfE,Market
UKNI,2035,9,Others (non-RES),Pre-CfE,Market
UKNI,2035,6,Reservoir,Post-CfE,Market
UKNI,2035,6,Reservoir,Pre-CfE,Market
UKNI,2035,716,Solar (PV),Post-CfE,Market
UKNI,2035,716,Solar (PV),Pre-CfE,Market
UKNI,2035,200,Implicit solar PV,Post-CfE,Market
UKNI,2035,200,Implicit solar PV,Pre-CfE,Market
UKNI,2035,1000,Wind offshore,Post-CfE,Market
UKNI,2035,1000,Wind offshore,Pre-CfE,Market
UKNI,2035,3030,Wind onshore,Post-CfE,Market
UKNI,2035,3030,Wind onshore,Pre-CfE,Market
