name,region,week,Demand,Price
Základní,AT,1,1.768,97.479
Základní,AT,2,1.696,100.995
Základní,AT,3,1.646,97.362
Základní,AT,4,1.691,108.55
Základní,AT,5,1.938,109.494
Základní,AT,6,1.742,100.757
Základní,AT,7,1.585,107.652
Základní,AT,8,1.538,86.14
Základní,AT,9,1.499,87.696
Základní,AT,10,1.491,79.186
Základní,AT,11,1.661,94.902
Základní,AT,12,1.626,92.845
Základní,AT,13,1.414,81.816
Základní,AT,14,1.387,84.006
Základní,AT,15,1.548,87.807
Základní,AT,16,1.481,81.415
Základní,AT,17,1.367,75.309
Základní,AT,18,1.333,72.36
Základní,AT,19,1.383,80.378
Základní,AT,20,1.369,73.238
Základní,AT,21,1.279,61.365
Základní,AT,22,1.306,71.406
Základní,AT,23,1.344,59.18
Základní,AT,24,1.362,73.718
Základní,AT,25,1.353,68.202
Základní,AT,26,1.386,77.232
Základní,AT,27,1.357,73.115
Základní,AT,28,1.35,79.946
Základní,AT,29,1.367,82.612
Základní,AT,30,1.33,80.775
Základní,AT,31,1.304,68.599
Základní,AT,32,1.299,74.345
Základní,AT,33,1.277,73.735
Základní,AT,34,1.331,83.258
Základní,AT,35,1.324,80.967
Základní,AT,36,1.344,78.738
Základní,AT,37,1.363,81.418
Základní,AT,38,1.395,84.848
Základní,AT,39,1.39,83.613
Základní,AT,40,1.423,81.481
Základní,AT,41,1.408,83.793
Základní,AT,42,1.413,88.815
Základní,AT,43,1.463,95.41
Základní,AT,44,1.544,103.563
Základní,AT,45,1.648,107.133
Základní,AT,46,1.662,106.709
Základní,AT,47,1.644,100.567
Základní,AT,48,1.733,104.731
Základní,AT,49,1.71,106.903
Základní,AT,50,1.704,97.844
Základní,AT,51,1.684,99.331
Základní,AT,52,1.588,93.306
Základní,BA,1,0.276,95.617
Základní,BA,2,0.248,103.363
Základní,BA,3,0.237,101.012
Základní,BA,4,0.248,108.246
Základní,BA,5,0.267,102.664
Základní,BA,6,0.254,98.435
Základní,BA,7,0.231,98.54
Základní,BA,8,0.224,79.375
Základní,BA,9,0.215,82.741
Základní,BA,10,0.211,73.136
Základní,BA,11,0.226,90.174
Základní,BA,12,0.221,87.159
Základní,BA,13,0.205,78.529
Základní,BA,14,0.206,75.872
Základní,BA,15,0.218,78.699
Základní,BA,16,0.212,60.033
Základní,BA,17,0.203,68.91
Základní,BA,18,0.191,75.738
Základní,BA,19,0.2,80.877
Základní,BA,20,0.199,73.706
Základní,BA,21,0.194,64.43
Základní,BA,22,0.192,74.468
Základní,BA,23,0.193,65.141
Základní,BA,24,0.201,79.327
Základní,BA,25,0.2,72.284
Základní,BA,26,0.212,87.493
Základní,BA,27,0.199,78.771
Základní,BA,28,0.203,84.081
Základní,BA,29,0.211,83.682
Základní,BA,30,0.201,84.949
Základní,BA,31,0.202,77.073
Základní,BA,32,0.201,76.008
Základní,BA,33,0.201,79.903
Základní,BA,34,0.199,83.53
Základní,BA,35,0.199,77.088
Základní,BA,36,0.198,79.598
Základní,BA,37,0.198,83.435
Základní,BA,38,0.202,86.307
Základní,BA,39,0.204,87.094
Základní,BA,40,0.206,79.767
Základní,BA,41,0.207,86.868
Základní,BA,42,0.209,92.195
Základní,BA,43,0.215,90.516
Základní,BA,44,0.225,93.158
Základní,BA,45,0.238,93.752
Základní,BA,46,0.243,100.172
Základní,BA,47,0.241,92.899
Základní,BA,48,0.25,96.378
Základní,BA,49,0.254,97.312
Základní,BA,50,0.252,91.9
Základní,BA,51,0.25,95.645
Základní,BA,52,0.255,89.813
Základní,BE,1,2.226,89.422
Základní,BE,2,1.948,89.694
Základní,BE,3,1.967,81.162
Základní,BE,4,2.007,100.61
Základní,BE,5,2.269,111.593
Základní,BE,6,2.085,96.58
Základní,BE,7,2.168,102.09
Základní,BE,8,1.983,81.078
Základní,BE,9,1.918,85.228
Základní,BE,10,1.906,73.698
Základní,BE,11,2.031,84.513
Základní,BE,12,2.053,88.431
Základní,BE,13,1.872,79.827
Základní,BE,14,1.828,81.949
Základní,BE,15,1.947,86.154
Základní,BE,16,1.951,77.999
Základní,BE,17,1.826,72.042
Základní,BE,18,1.834,60.371
Základní,BE,19,1.796,70.4
Základní,BE,20,1.76,71.106
Základní,BE,21,1.685,60.936
Základní,BE,22,1.715,72.607
Základní,BE,23,1.718,44.261
Základní,BE,24,1.722,70.093
Základní,BE,25,1.715,67.12
Základní,BE,26,1.717,73.557
Základní,BE,27,1.73,69.153
Základní,BE,28,1.749,78.901
Základní,BE,29,1.619,83.601
Základní,BE,30,1.606,77.885
Základní,BE,31,1.606,71.608
Základní,BE,32,1.667,70.481
Základní,BE,33,1.72,69.556
Základní,BE,34,1.713,83.674
Základní,BE,35,1.704,82.984
Základní,BE,36,1.72,78.501
Základní,BE,37,1.728,77.891
Základní,BE,38,1.737,83.494
Základní,BE,39,1.741,83.406
Základní,BE,40,1.83,64.406
Základní,BE,41,1.768,81.592
Základní,BE,42,1.771,82.57
Základní,BE,43,1.876,87.055
Základní,BE,44,1.855,93.742
Základní,BE,45,1.847,93.892
Základní,BE,46,1.85,96.655
Základní,BE,47,1.926,88.788
Základní,BE,48,1.971,92.24
Základní,BE,49,1.929,96.571
Základní,BE,50,1.976,86.366
Základní,BE,51,1.978,94.248
Základní,BE,52,1.935,88.641
Základní,BG,1,0.83,87.051
Základní,BG,2,0.802,91.25
Základní,BG,3,0.704,87.058
Základní,BG,4,0.893,93.588
Základní,BG,5,0.927,87.552
Základní,BG,6,0.816,87.102
Základní,BG,7,0.681,85.941
Základní,BG,8,0.624,72.556
Základní,BG,9,0.577,69.257
Základní,BG,10,0.567,65.749
Základní,BG,11,0.654,85.03
Základní,BG,12,0.637,74.658
Základní,BG,13,0.563,68.233
Základní,BG,14,0.517,62.159
Základní,BG,15,0.599,65.978
Základní,BG,16,0.557,62.315
Základní,BG,17,0.54,61.388
Základní,BG,18,0.522,75.519
Základní,BG,19,0.545,76.776
Základní,BG,20,0.544,74.069
Základní,BG,21,0.546,64.657
Základní,BG,22,0.525,68.326
Základní,BG,23,0.529,60.105
Základní,BG,24,0.547,70.469
Základní,BG,25,0.564,66.561
Základní,BG,26,0.563,73.125
Základní,BG,27,0.558,74.3
Základní,BG,28,0.54,72.02
Základní,BG,29,0.595,73.869
Základní,BG,30,0.563,80.34
Základní,BG,31,0.572,67.237
Základní,BG,32,0.537,64.767
Základní,BG,33,0.535,72.325
Základní,BG,34,0.549,75.041
Základní,BG,35,0.525,62.834
Základní,BG,36,0.524,71.585
Základní,BG,37,0.529,71.636
Základní,BG,38,0.524,81.63
Základní,BG,39,0.529,81.905
Základní,BG,40,0.534,75.195
Základní,BG,41,0.54,79.096
Základní,BG,42,0.563,86.141
Základní,BG,43,0.563,80.497
Základní,BG,44,0.603,82.607
Základní,BG,45,0.664,85.091
Základní,BG,46,0.677,87.808
Základní,BG,47,0.732,83.872
Základní,BG,48,0.85,86.921
Základní,BG,49,0.798,89.55
Základní,BG,50,0.742,82.441
Základní,BG,51,0.75,87.32
Základní,BG,52,0.631,86.334
Základní,CH,1,1.636,89.32
Základní,CH,2,1.413,89.016
Základní,CH,3,1.356,85.171
Základní,CH,4,1.409,89.405
Základní,CH,5,1.665,93.162
Základní,CH,6,1.514,89.696
Základní,CH,7,1.387,92.577
Základní,CH,8,1.327,81.914
Základní,CH,9,1.266,82.334
Základní,CH,10,1.229,71.846
Základní,CH,11,1.329,87.235
Základní,CH,12,1.394,86.484
Základní,CH,13,1.165,76.492
Základní,CH,14,1.135,80.053
Základní,CH,15,1.239,82.777
Základní,CH,16,1.241,79.773
Základní,CH,17,1.152,70.876
Základní,CH,18,1.119,68.428
Základní,CH,19,1.121,71.917
Základní,CH,20,1.095,63.432
Základní,CH,21,1.026,56.274
Základní,CH,22,1.041,63.908
Základní,CH,23,1.06,51.281
Základní,CH,24,1.069,67.616
Základní,CH,25,1.071,62.683
Základní,CH,26,1.063,69.124
Základní,CH,27,1.031,63.67
Základní,CH,28,1.027,74.271
Základní,CH,29,1.023,75.414
Základní,CH,30,1.01,74.908
Základní,CH,31,1.002,63.988
Základní,CH,32,1.022,66.04
Základní,CH,33,1.009,65.738
Základní,CH,34,1.052,79.481
Základní,CH,35,1.051,78.172
Základní,CH,36,1.059,74.082
Základní,CH,37,1.081,78.3
Základní,CH,38,1.117,81.221
Základní,CH,39,1.106,80.985
Základní,CH,40,1.164,76.237
Základní,CH,41,1.127,79.616
Základní,CH,42,1.127,80.906
Základní,CH,43,1.177,88.693
Základní,CH,44,1.222,90.689
Základní,CH,45,1.352,95.001
Základní,CH,46,1.316,92.671
Základní,CH,47,1.332,90.843
Základní,CH,48,1.418,91.865
Základní,CH,49,1.463,94.659
Základní,CH,50,1.45,90.824
Základní,CH,51,1.459,92.116
Základní,CH,52,1.407,89.035
Základní,CZ,1,1.528,105.275
Základní,CZ,2,1.419,106.447
Základní,CZ,3,1.416,104.673
Základní,CZ,4,1.461,111.359
Základní,CZ,5,1.594,116.581
Základní,CZ,6,1.505,107.881
Základní,CZ,7,1.397,112.467
Základní,CZ,8,1.38,94.373
Základní,CZ,9,1.357,96.6
Základní,CZ,10,1.335,86.913
Základní,CZ,11,1.404,103.576
Základní,CZ,12,1.393,97.729
Základní,CZ,13,1.271,88.018
Základní,CZ,14,1.243,86.993
Základní,CZ,15,1.337,93.441
Základní,CZ,16,1.3,88.129
Základní,CZ,17,1.24,82.007
Základní,CZ,18,1.184,78.928
Základní,CZ,19,1.202,86.817
Základní,CZ,20,1.214,79.457
Základní,CZ,21,1.186,69.527
Základní,CZ,22,1.182,80.567
Základní,CZ,23,1.176,72.851
Základní,CZ,24,1.178,84.254
Základní,CZ,25,1.172,74.055
Základní,CZ,26,1.172,85.159
Základní,CZ,27,1.068,80.612
Základní,CZ,28,1.139,86.321
Základní,CZ,29,1.125,89.126
Základní,CZ,30,1.128,87.249
Základní,CZ,31,1.115,76.443
Základní,CZ,32,1.121,81.89
Základní,CZ,33,1.13,83.223
Základní,CZ,34,1.145,90.645
Základní,CZ,35,1.158,85.981
Základní,CZ,36,1.166,82.965
Základní,CZ,37,1.18,86.678
Základní,CZ,38,1.205,90.734
Základní,CZ,39,1.19,88.249
Základní,CZ,40,1.246,86.152
Základní,CZ,41,1.252,91.302
Základní,CZ,42,1.264,95.946
Základní,CZ,43,1.312,99.997
Základní,CZ,44,1.382,106.799
Základní,CZ,45,1.411,109.998
Základní,CZ,46,1.4,110.149
Základní,CZ,47,1.378,104.28
Základní,CZ,48,1.432,109.25
Základní,CZ,49,1.451,110.654
Základní,CZ,50,1.409,105.015
Základní,CZ,51,1.357,104.053
Základní,CZ,52,1.18,95.955
Základní,DE,1,14.152,96.309
Základní,DE,2,12.681,99.295
Základní,DE,3,12.581,92.857
Základní,DE,4,12.841,110.46
Základní,DE,5,14.81,116.404
Základní,DE,6,13.373,104.713
Základní,DE,7,13.663,114.112
Základní,DE,8,12.881,85.976
Základní,DE,9,12.388,93.068
Základní,DE,10,11.872,78.269
Základní,DE,11,13.059,96.257
Základní,DE,12,12.937,94.796
Základní,DE,13,11.108,85.577
Základní,DE,14,10.707,83.392
Základní,DE,15,12.363,91.38
Základní,DE,16,12.233,83.54
Základní,DE,17,11.01,72.331
Základní,DE,18,10.746,64.391
Základní,DE,19,10.869,77.405
Základní,DE,20,10.504,70.617
Základní,DE,21,9.741,58.703
Základní,DE,22,9.981,68.133
Základní,DE,23,10.09,50.727
Základní,DE,24,10.007,71.206
Základní,DE,25,10.024,66.119
Základní,DE,26,10.007,73.269
Základní,DE,27,9.994,66.813
Základní,DE,28,9.969,79.285
Základní,DE,29,9.999,82.569
Základní,DE,30,9.986,81.351
Základní,DE,31,10.019,64.99
Základní,DE,32,9.99,70.778
Základní,DE,33,9.989,68.733
Základní,DE,34,10.042,85.322
Základní,DE,35,10.03,82.801
Základní,DE,36,10.044,78.409
Základní,DE,37,10.223,82.28
Základní,DE,38,10.308,85.635
Základní,DE,39,10.333,84.679
Základní,DE,40,10.775,65.777
Základní,DE,41,10.693,83.553
Základní,DE,42,10.834,85.687
Základní,DE,43,11.854,97.381
Základní,DE,44,12.176,106.142
Základní,DE,45,12.498,112.083
Základní,DE,46,12.182,107.508
Základní,DE,47,12.67,100.572
Základní,DE,48,13.147,105.949
Základní,DE,49,12.836,109.68
Základní,DE,50,13.098,98.308
Základní,DE,51,13.088,99.883
Základní,DE,52,12.145,95.034
Základní,DK,1,1.347,95.604
Základní,DK,2,1.119,97.622
Základní,DK,3,1.1,92.202
Základní,DK,4,1.114,106.341
Základní,DK,5,1.287,113.781
Základní,DK,6,1.242,104.117
Základní,DK,7,1.231,110.336
Základní,DK,8,1.155,89.072
Základní,DK,9,1.152,94.005
Základní,DK,10,1.069,81.777
Základní,DK,11,1.129,95.629
Základní,DK,12,1.123,93.423
Základní,DK,13,1.022,88.782
Základní,DK,14,0.986,85.056
Základní,DK,15,1.061,91.021
Základní,DK,16,1.057,86.272
Základní,DK,17,0.98,77.936
Základní,DK,18,0.99,59.7
Základní,DK,19,0.947,81.515
Základní,DK,20,0.952,65.635
Základní,DK,21,0.887,61.579
Základní,DK,22,0.896,65.962
Základní,DK,23,0.934,42.401
Základní,DK,24,0.901,64.526
Základní,DK,25,0.908,55.69
Základní,DK,26,0.89,64.984
Základní,DK,27,0.866,64.016
Základní,DK,28,0.865,81.813
Základní,DK,29,0.869,83.772
Základní,DK,30,0.857,84.056
Základní,DK,31,0.905,66.634
Základní,DK,32,0.884,73.833
Základní,DK,33,0.893,72.888
Základní,DK,34,0.894,87.789
Základní,DK,35,0.908,83.12
Základní,DK,36,0.909,80.61
Základní,DK,37,0.918,84.615
Základní,DK,38,0.924,87.508
Základní,DK,39,0.942,85.374
Základní,DK,40,0.971,65.502
Základní,DK,41,0.972,84.89
Základní,DK,42,1.006,85.849
Základní,DK,43,1.075,95.59
Základní,DK,44,1.06,102.004
Základní,DK,45,1.075,107.616
Základní,DK,46,1.05,101.519
Základní,DK,47,1.071,96.334
Základní,DK,48,1.129,102.209
Základní,DK,49,1.141,105.367
Základní,DK,50,1.114,98.884
Základní,DK,51,1.124,98.117
Základní,DK,52,1.113,93.411
Základní,EE,1,0.269,110.603
Základní,EE,2,0.232,105.073
Základní,EE,3,0.224,108.149
Základní,EE,4,0.224,105.488
Základní,EE,5,0.239,107.236
Základní,EE,6,0.235,103.64
Základní,EE,7,0.227,107.834
Základní,EE,8,0.218,105.586
Základní,EE,9,0.218,95.947
Základní,EE,10,0.211,101.438
Základní,EE,11,0.214,105.727
Základní,EE,12,0.211,97.914
Základní,EE,13,0.207,101.128
Základní,EE,14,0.205,88.096
Základní,EE,15,0.205,88.24
Základní,EE,16,0.204,93.692
Základní,EE,17,0.188,90.72
Základní,EE,18,0.18,59.485
Základní,EE,19,0.187,94.219
Základní,EE,20,0.175,68.271
Základní,EE,21,0.167,60.073
Základní,EE,22,0.166,51.055
Základní,EE,23,0.167,44.409
Základní,EE,24,0.161,51.259
Základní,EE,25,0.161,40.302
Základní,EE,26,0.158,65.3
Základní,EE,27,0.157,61.427
Základní,EE,28,0.155,83.009
Základní,EE,29,0.155,87.365
Základní,EE,30,0.152,91.114
Základní,EE,31,0.163,73.176
Základní,EE,32,0.164,99.781
Základní,EE,33,0.164,90.405
Základní,EE,34,0.164,94.039
Základní,EE,35,0.166,86.14
Základní,EE,36,0.167,75.982
Základní,EE,37,0.169,91.257
Základní,EE,38,0.172,88.902
Základní,EE,39,0.18,73.036
Základní,EE,40,0.182,43.283
Základní,EE,41,0.182,97.765
Základní,EE,42,0.196,85
Základní,EE,43,0.202,102.246
Základní,EE,44,0.216,111.33
Základní,EE,45,0.221,110.327
Základní,EE,46,0.213,98.167
Základní,EE,47,0.217,88.023
Základní,EE,48,0.222,115.854
Základní,EE,49,0.232,108.516
Základní,EE,50,0.228,107.475
Základní,EE,51,0.221,102.049
Základní,EE,52,0.208,86.977
Základní,ES,1,5.764,80.471
Základní,ES,2,5.658,82.837
Základní,ES,3,5.351,75.781
Základní,ES,4,5.798,84.021
Základní,ES,5,6.016,83.644
Základní,ES,6,5.739,71.772
Základní,ES,7,5.778,80.132
Základní,ES,8,5.213,69.736
Základní,ES,9,5.07,54.239
Základní,ES,10,4.885,64.605
Základní,ES,11,5.084,61.482
Základní,ES,12,5.442,70.153
Základní,ES,13,4.668,68.719
Základní,ES,14,4.802,72.453
Základní,ES,15,5.122,77.072
Základní,ES,16,5.168,57.452
Základní,ES,17,4.985,57.274
Základní,ES,18,4.878,68.913
Základní,ES,19,5.007,70.705
Základní,ES,20,4.853,66.506
Základní,ES,21,4.921,64.745
Základní,ES,22,5.031,70.612
Základní,ES,23,5.075,57.625
Základní,ES,24,4.916,62.699
Základní,ES,25,5.171,65.903
Základní,ES,26,5.702,74.728
Základní,ES,27,5.282,66.468
Základní,ES,28,5.505,75.491
Základní,ES,29,6.35,83.166
Základní,ES,30,6.017,79.26
Základní,ES,31,5.183,66.745
Základní,ES,32,5.408,75.529
Základní,ES,33,5.492,74.217
Základní,ES,34,5.006,72.546
Základní,ES,35,5.282,77.243
Základní,ES,36,5.27,78.661
Základní,ES,37,5.048,80.174
Základní,ES,38,5.014,70.03
Základní,ES,39,4.98,78.125
Základní,ES,40,4.9,60.279
Základní,ES,41,4.797,81.526
Základní,ES,42,4.891,77.728
Základní,ES,43,4.886,78.642
Základní,ES,44,4.817,78.72
Základní,ES,45,5.168,81.499
Základní,ES,46,5.207,82.293
Základní,ES,47,5.138,79.288
Základní,ES,48,5.257,79.293
Základní,ES,49,5.277,84.103
Základní,ES,50,5.342,78.089
Základní,ES,51,5.521,78.197
Základní,ES,52,4.966,58.601
Základní,FI,1,2.597,107.27
Základní,FI,2,2.202,102.494
Základní,FI,3,2.128,103.469
Základní,FI,4,2.04,97.147
Základní,FI,5,2.099,94.431
Základní,FI,6,2.179,103.698
Základní,FI,7,2.104,104.63
Základní,FI,8,2.054,102.197
Základní,FI,9,2.058,95.11
Základní,FI,10,2.032,102.584
Základní,FI,11,2.01,102.646
Základní,FI,12,2.002,99.534
Základní,FI,13,1.951,101.417
Základní,FI,14,1.983,96.9
Základní,FI,15,1.98,94.495
Základní,FI,16,1.937,97.105
Základní,FI,17,1.818,94.511
Základní,FI,18,1.763,88.407
Základní,FI,19,1.759,97.648
Základní,FI,20,1.683,64.55
Základní,FI,21,1.595,51.197
Základní,FI,22,1.606,42.163
Základní,FI,23,1.608,39.294
Základní,FI,24,1.558,48.497
Základní,FI,25,1.44,42.157
Základní,FI,26,1.515,57.545
Základní,FI,27,1.532,59.513
Základní,FI,28,1.517,83.283
Základní,FI,29,1.508,86.613
Základní,FI,30,1.506,92.482
Základní,FI,31,1.541,73.517
Základní,FI,32,1.56,97.649
Základní,FI,33,1.568,88.971
Základní,FI,34,1.566,97.012
Základní,FI,35,1.593,86.412
Základní,FI,36,1.609,79.426
Základní,FI,37,1.6,93.799
Základní,FI,38,1.64,88.218
Základní,FI,39,1.739,75.965
Základní,FI,40,1.764,50.465
Základní,FI,41,1.743,96.042
Základní,FI,42,1.863,81.878
Základní,FI,43,1.919,100.519
Základní,FI,44,2.014,106.523
Základní,FI,45,2.065,105.899
Základní,FI,46,1.988,95.404
Základní,FI,47,1.999,86.73
Základní,FI,48,2.091,110.013
Základní,FI,49,2.158,101.182
Základní,FI,50,2.121,104.139
Základní,FI,51,2.071,99.738
Základní,FI,52,1.932,83.43
Základní,FR,1,13.011,73.933
Základní,FR,2,10.994,64.019
Základní,FR,3,10.618,61.124
Základní,FR,4,11.351,83.698
Základní,FR,5,13.849,96.22
Základní,FR,6,12.628,85.529
Základní,FR,7,13.001,88.249
Základní,FR,8,11.003,67.303
Základní,FR,9,10.084,54.619
Základní,FR,10,9.614,48.547
Základní,FR,11,10.563,74.294
Základní,FR,12,11.513,83.733
Základní,FR,13,9.452,72.699
Základní,FR,14,8.98,73.912
Základní,FR,15,10.255,82.822
Základní,FR,16,10.295,72.094
Základní,FR,17,9.285,63.535
Základní,FR,18,9.137,54.134
Základní,FR,19,8.479,65.814
Základní,FR,20,8.225,57.745
Základní,FR,21,8.098,56.909
Základní,FR,22,8.395,61.415
Základní,FR,23,7.897,25.262
Základní,FR,24,7.738,58.152
Základní,FR,25,7.91,56.481
Základní,FR,26,9.124,70.057
Základní,FR,27,8.446,63.549
Základní,FR,28,9.325,75.178
Základní,FR,29,9.052,77.563
Základní,FR,30,8.368,72.037
Základní,FR,31,7.446,63.047
Základní,FR,32,8.192,66.072
Základní,FR,33,8.282,65.747
Základní,FR,34,7.367,78.091
Základní,FR,35,8.417,78.891
Základní,FR,36,8.892,71.593
Základní,FR,37,7.954,68.902
Základní,FR,38,7.937,68.584
Základní,FR,39,8.114,77.846
Základní,FR,40,8.459,42.397
Základní,FR,41,8.246,75.882
Základní,FR,42,8.217,70.999
Základní,FR,43,8.686,77.824
Základní,FR,44,8.932,80.598
Základní,FR,45,10.505,83.527
Základní,FR,46,10.064,84.872
Základní,FR,47,10.457,75.184
Základní,FR,48,11.285,79.477
Základní,FR,49,11.26,82.679
Základní,FR,50,11.247,73.509
Základní,FR,51,11.452,75.92
Základní,FR,52,11.267,58.208
Základní,GB,1,8.062,78.445
Základní,GB,2,6.887,59.631
Základní,GB,3,6.752,63.689
Základní,GB,4,7.071,83.474
Základní,GB,5,7.861,92
Základní,GB,6,8.183,85.73
Základní,GB,7,8.424,91.548
Základní,GB,8,7.458,75.502
Základní,GB,9,7.421,75.375
Základní,GB,10,6.5,55.819
Základní,GB,11,6.936,83.219
Základní,GB,12,7.225,84.631
Základní,GB,13,6.475,77.428
Základní,GB,14,5.832,78.651
Základní,GB,15,6.342,83.921
Základní,GB,16,6.375,77.714
Základní,GB,17,6.11,75.454
Základní,GB,18,5.702,47.427
Základní,GB,19,5.529,77.524
Základní,GB,20,5.195,55.924
Základní,GB,21,4.971,72.032
Základní,GB,22,4.966,72.38
Základní,GB,23,4.996,29.231
Základní,GB,24,5.063,56.593
Základní,GB,25,5.027,45.138
Základní,GB,26,4.981,60.079
Základní,GB,27,5.001,75.132
Základní,GB,28,4.958,75.419
Základní,GB,29,5.375,83.975
Základní,GB,30,5.271,76.75
Základní,GB,31,5.176,72.916
Základní,GB,32,4.969,63.749
Základní,GB,33,5.11,59.924
Základní,GB,34,5.267,82.857
Základní,GB,35,5.123,81.753
Základní,GB,36,5.354,74.258
Základní,GB,37,5.342,67.394
Základní,GB,38,5.44,81.998
Základní,GB,39,5.441,82.708
Základní,GB,40,5.828,45.286
Základní,GB,41,5.809,60.842
Základní,GB,42,5.788,75.226
Základní,GB,43,5.997,81.526
Základní,GB,44,6.4,83.664
Základní,GB,45,6.718,74.309
Základní,GB,46,6.626,78.556
Základní,GB,47,6.792,74.996
Základní,GB,48,7.081,80.291
Základní,GB,49,6.978,71.061
Základní,GB,50,7.096,83.241
Základní,GB,51,7.243,79.952
Základní,GB,52,7.132,73.503
Základní,GR,1,1.19,82.156
Základní,GR,2,1.121,85.079
Základní,GR,3,1.04,84.976
Základní,GR,4,1.206,84.764
Základní,GR,5,1.189,84.961
Základní,GR,6,1.067,83.622
Základní,GR,7,0.994,80.213
Základní,GR,8,0.941,73.804
Základní,GR,9,0.938,70.273
Základní,GR,10,0.91,64.759
Základní,GR,11,0.981,80.823
Základní,GR,12,0.965,72.629
Základní,GR,13,0.907,66.891
Základní,GR,14,0.849,64.543
Základní,GR,15,0.937,65.46
Základní,GR,16,0.911,59.561
Základní,GR,17,0.903,58.552
Základní,GR,18,0.892,72.571
Základní,GR,19,0.912,75.932
Základní,GR,20,0.909,72.388
Základní,GR,21,0.9,60.913
Základní,GR,22,0.938,68.203
Základní,GR,23,1.029,59.978
Základní,GR,24,1.228,77.336
Základní,GR,25,1.366,75.715
Základní,GR,26,1.29,76.626
Základní,GR,27,1.244,75.862
Základní,GR,28,1.152,79.956
Základní,GR,29,1.401,82.42
Základní,GR,30,1.357,81.087
Základní,GR,31,1.382,76.867
Základní,GR,32,1.15,64.453
Základní,GR,33,1.071,75.839
Základní,GR,34,1.195,80.189
Základní,GR,35,0.972,68.74
Základní,GR,36,0.981,78.277
Základní,GR,37,1.01,76.798
Základní,GR,38,0.981,80.579
Základní,GR,39,0.957,80.727
Základní,GR,40,1.014,78.269
Základní,GR,41,0.959,77.392
Základní,GR,42,0.946,83.701
Základní,GR,43,0.938,82.562
Základní,GR,44,0.946,84.183
Základní,GR,45,0.982,83.657
Základní,GR,46,1.005,84.278
Základní,GR,47,1.046,80
Základní,GR,48,1.129,83.818
Základní,GR,49,1.143,84.98
Základní,GR,50,1.09,82.451
Základní,GR,51,1.078,83.733
Základní,GR,52,1.015,84.565
Základní,HR,1,0.36,93.107
Základní,HR,2,0.329,99.509
Základní,HR,3,0.317,97.43
Základní,HR,4,0.34,105.85
Základní,HR,5,0.389,102.553
Základní,HR,6,0.359,95.037
Základní,HR,7,0.322,98.136
Základní,HR,8,0.308,82.041
Základní,HR,9,0.298,83.838
Základní,HR,10,0.291,75.023
Základní,HR,11,0.324,88.831
Základní,HR,12,0.319,86.35
Základní,HR,13,0.283,77.992
Základní,HR,14,0.282,81.114
Základní,HR,15,0.305,80.038
Základní,HR,16,0.299,76.254
Základní,HR,17,0.283,70.438
Základní,HR,18,0.278,75.335
Základní,HR,19,0.284,80.354
Základní,HR,20,0.283,73.26
Základní,HR,21,0.279,64.235
Základní,HR,22,0.281,72.536
Základní,HR,23,0.296,64.623
Základní,HR,24,0.324,77.841
Základní,HR,25,0.316,71.692
Základní,HR,26,0.361,83.948
Základní,HR,27,0.325,77.39
Základní,HR,28,0.335,81.015
Základní,HR,29,0.371,82.353
Základní,HR,30,0.328,81.927
Základní,HR,31,0.325,76.561
Základní,HR,32,0.32,73.84
Základní,HR,33,0.314,78.37
Základní,HR,34,0.303,82.949
Základní,HR,35,0.29,76.906
Základní,HR,36,0.294,78.543
Základní,HR,37,0.291,82.059
Základní,HR,38,0.294,84.175
Základní,HR,39,0.291,83.834
Základní,HR,40,0.289,81.944
Základní,HR,41,0.28,83.844
Základní,HR,42,0.287,88.517
Základní,HR,43,0.294,88.757
Základní,HR,44,0.308,92.489
Základní,HR,45,0.33,94.321
Základní,HR,46,0.335,98.732
Základní,HR,47,0.327,92.415
Základní,HR,48,0.346,96.834
Základní,HR,49,0.347,97.935
Základní,HR,50,0.336,92.57
Základní,HR,51,0.331,92.907
Základní,HR,52,0.329,87.972
Základní,HU,1,1.101,97.745
Základní,HU,2,1.047,103.248
Základní,HU,3,1.03,100.596
Základní,HU,4,1.07,109.663
Základní,HU,5,1.117,108.697
Základní,HU,6,1.052,98.968
Základní,HU,7,1.008,104.394
Základní,HU,8,0.992,85.101
Základní,HU,9,0.967,86.121
Základní,HU,10,0.981,77.77
Základní,HU,11,0.984,95.303
Základní,HU,12,0.995,89.946
Základní,HU,13,0.89,79.475
Základní,HU,14,0.925,82.14
Základní,HU,15,0.99,82.5
Základní,HU,16,0.968,79.303
Základní,HU,17,0.932,69.698
Základní,HU,18,0.892,77.278
Základní,HU,19,0.942,81.79
Základní,HU,20,0.923,74.843
Základní,HU,21,0.899,65.114
Základní,HU,22,0.925,73.471
Základní,HU,23,0.937,64.584
Základní,HU,24,0.967,77.71
Základní,HU,25,0.948,71.575
Základní,HU,26,1.058,83.206
Základní,HU,27,0.948,78.048
Základní,HU,28,0.991,81.53
Základní,HU,29,1.003,82.761
Základní,HU,30,0.95,82.54
Základní,HU,31,0.959,73.81
Základní,HU,32,0.946,74.479
Základní,HU,33,0.947,78.843
Základní,HU,34,0.908,84.305
Základní,HU,35,0.932,77.321
Základní,HU,36,0.937,78.938
Základní,HU,37,0.936,83.051
Základní,HU,38,0.94,86.095
Základní,HU,39,0.946,85.134
Základní,HU,40,0.942,83.119
Základní,HU,41,0.95,86.014
Základní,HU,42,0.957,92.479
Základní,HU,43,0.944,93.593
Základní,HU,44,0.972,100.112
Základní,HU,45,1.047,102.819
Základní,HU,46,1.023,105.313
Základní,HU,47,1.029,100.318
Základní,HU,48,1.067,105.01
Základní,HU,49,1.044,106.433
Základní,HU,50,1.051,98.38
Základní,HU,51,1.013,98.844
Základní,HU,52,0.909,92.011
Základní,IE,1,0.985,78.458
Základní,IE,2,0.875,62.749
Základní,IE,3,0.879,63.535
Základní,IE,4,0.886,82.622
Základní,IE,5,0.873,94.169
Základní,IE,6,0.923,85.308
Základní,IE,7,0.926,88.435
Základní,IE,8,0.906,76.383
Základní,IE,9,0.904,74.551
Základní,IE,10,0.861,71.239
Základní,IE,11,0.869,83.489
Základní,IE,12,0.871,84.914
Základní,IE,13,0.844,76.492
Základní,IE,14,0.813,78.073
Základní,IE,15,0.832,83.578
Základní,IE,16,0.838,79.392
Základní,IE,17,0.825,74.485
Základní,IE,18,0.805,56.038
Základní,IE,19,0.771,78.587
Základní,IE,20,0.775,61.96
Základní,IE,21,0.751,79.444
Základní,IE,22,0.756,74.454
Základní,IE,23,0.75,57.161
Základní,IE,24,0.759,72.333
Základní,IE,25,0.767,41.729
Základní,IE,26,0.754,61.077
Základní,IE,27,0.751,79.92
Základní,IE,28,0.75,79.262
Základní,IE,29,0.749,83.701
Základní,IE,30,0.753,81.713
Základní,IE,31,0.751,74.118
Základní,IE,32,0.743,70.284
Základní,IE,33,0.752,71.693
Základní,IE,34,0.757,83.75
Základní,IE,35,0.762,81.653
Základní,IE,36,0.767,83.008
Základní,IE,37,0.765,69.296
Základní,IE,38,0.77,81.787
Základní,IE,39,0.775,82.993
Základní,IE,40,0.797,66.966
Základní,IE,41,0.785,61.553
Základní,IE,42,0.787,83.058
Základní,IE,43,0.803,82.495
Základní,IE,44,0.82,84.488
Základní,IE,45,0.852,72.806
Základní,IE,46,0.854,80.879
Základní,IE,47,0.883,75.111
Základní,IE,48,0.881,79.078
Základní,IE,49,0.874,73.838
Základní,IE,50,0.895,82.483
Základní,IE,51,0.907,81.184
Základní,IE,52,0.86,73.305
Základní,IT,1,6.403,84.007
Základní,IT,2,6.622,85.088
Základní,IT,3,6.412,84.768
Základní,IT,4,6.666,84.737
Základní,IT,5,7.456,85.404
Základní,IT,6,6.886,84.467
Základní,IT,7,6.426,84.859
Základní,IT,8,6.25,82.245
Základní,IT,9,6.09,81.339
Základní,IT,10,5.953,72.377
Základní,IT,11,6.3,84.282
Základní,IT,12,6.448,81.658
Základní,IT,13,5.87,77.203
Základní,IT,14,5.58,77.36
Základní,IT,15,6.09,78.712
Základní,IT,16,5.983,74.404
Základní,IT,17,5.512,76.654
Základní,IT,18,5.494,72.706
Základní,IT,19,5.893,79.636
Základní,IT,20,5.811,66.44
Základní,IT,21,5.908,60.745
Základní,IT,22,6.219,71.101
Základní,IT,23,6.253,61.021
Základní,IT,24,6.535,76.099
Základní,IT,25,6.604,67.871
Základní,IT,26,7.779,82.394
Základní,IT,27,6.747,76.363
Základní,IT,28,7.079,79.502
Základní,IT,29,7.746,79.778
Základní,IT,30,7.062,79.9
Základní,IT,31,6.229,73.057
Základní,IT,32,5.571,70.19
Základní,IT,33,5.418,70.939
Základní,IT,34,5.675,79.933
Základní,IT,35,5.603,75.648
Základní,IT,36,6.484,80.551
Základní,IT,37,6.172,81.119
Základní,IT,38,6.067,82.084
Základní,IT,39,6.043,83.123
Základní,IT,40,5.92,79.513
Základní,IT,41,5.885,83.483
Základní,IT,42,5.981,83.985
Základní,IT,43,5.99,82.996
Základní,IT,44,5.737,83.258
Základní,IT,45,6.542,84.136
Základní,IT,46,6.509,84.571
Základní,IT,47,6.388,84.816
Základní,IT,48,6.718,84.44
Základní,IT,49,6.932,85.057
Základní,IT,50,6.61,84.908
Základní,IT,51,6.465,84.586
Základní,IT,52,5.378,84.471
Základní,LT,1,0.443,107.943
Základní,LT,2,0.345,99.791
Základní,LT,3,0.336,104.572
Základní,LT,4,0.354,105.152
Základní,LT,5,0.399,110.889
Základní,LT,6,0.349,92.672
Základní,LT,7,0.326,104.903
Základní,LT,8,0.32,100.569
Základní,LT,9,0.308,88.725
Základní,LT,10,0.285,88.887
Základní,LT,11,0.312,102.265
Základní,LT,12,0.304,86.125
Základní,LT,13,0.284,95.151
Základní,LT,14,0.264,68.967
Základní,LT,15,0.292,71.452
Základní,LT,16,0.279,84.491
Základní,LT,17,0.26,76.656
Základní,LT,18,0.243,35.62
Základní,LT,19,0.266,90.388
Základní,LT,20,0.26,66.246
Základní,LT,21,0.251,59.273
Základní,LT,22,0.249,54.742
Základní,LT,23,0.259,40.152
Základní,LT,24,0.269,48.84
Základní,LT,25,0.259,37.165
Základní,LT,26,0.287,63.469
Základní,LT,27,0.266,61.851
Základní,LT,28,0.293,81.336
Základní,LT,29,0.288,86.266
Základní,LT,30,0.281,88.368
Základní,LT,31,0.273,64.073
Základní,LT,32,0.271,94.74
Základní,LT,33,0.272,86.233
Základní,LT,34,0.267,87.754
Základní,LT,35,0.26,78.336
Základní,LT,36,0.257,69.469
Základní,LT,37,0.258,84.692
Základní,LT,38,0.257,82.4
Základní,LT,39,0.261,67.024
Základní,LT,40,0.267,24.585
Základní,LT,41,0.269,94.93
Základní,LT,42,0.294,79.4
Základní,LT,43,0.305,98.251
Základní,LT,44,0.309,108.735
Základní,LT,45,0.334,108.78
Základní,LT,46,0.309,96.22
Základní,LT,47,0.334,85.06
Základní,LT,48,0.338,112.005
Základní,LT,49,0.351,108.24
Základní,LT,50,0.344,101.817
Základní,LT,51,0.334,92.616
Základní,LT,52,0.323,86.916
Základní,LU,1,0.181,101.69
Základní,LU,2,0.16,104.94
Základní,LU,3,0.16,98.526
Základní,LU,4,0.166,116.973
Základní,LU,5,0.19,123.021
Základní,LU,6,0.174,110.517
Základní,LU,7,0.182,120.452
Základní,LU,8,0.167,91.207
Základní,LU,9,0.156,98.337
Základní,LU,10,0.154,83.133
Základní,LU,11,0.162,102.009
Základní,LU,12,0.166,100.44
Základní,LU,13,0.147,89.184
Základní,LU,14,0.14,87.757
Základní,LU,15,0.149,96.758
Základní,LU,16,0.151,89.015
Základní,LU,17,0.143,76.973
Základní,LU,18,0.139,67.405
Základní,LU,19,0.138,82.495
Základní,LU,20,0.137,75.782
Základní,LU,21,0.134,63.398
Základní,LU,22,0.138,73.123
Základní,LU,23,0.139,54.329
Základní,LU,24,0.138,76.334
Základní,LU,25,0.137,70.632
Základní,LU,26,0.139,77.946
Základní,LU,27,0.138,71.232
Základní,LU,28,0.141,84.267
Základní,LU,29,0.137,87.804
Základní,LU,30,0.135,86.656
Základní,LU,31,0.128,69.47
Základní,LU,32,0.127,75.865
Základní,LU,33,0.13,74.035
Základní,LU,34,0.13,90.785
Základní,LU,35,0.132,88.117
Základní,LU,36,0.137,83.334
Základní,LU,37,0.138,87.67
Základní,LU,38,0.14,90.861
Základní,LU,39,0.142,89.867
Základní,LU,40,0.145,69.506
Základní,LU,41,0.142,88.665
Základní,LU,42,0.145,91.094
Základní,LU,43,0.151,103.404
Základní,LU,44,0.154,112.363
Základní,LU,45,0.157,118.528
Základní,LU,46,0.155,113.718
Základní,LU,47,0.156,106.351
Základní,LU,48,0.161,112.087
Základní,LU,49,0.166,116.112
Základní,LU,50,0.163,104.151
Základní,LU,51,0.158,105.584
Základní,LU,52,0.152,100.672
Základní,LV,1,0.188,107.184
Základní,LV,2,0.158,100.481
Základní,LV,3,0.153,103.223
Základní,LV,4,0.154,103.91
Základní,LV,5,0.166,107.709
Základní,LV,6,0.161,94.014
Základní,LV,7,0.154,103.643
Základní,LV,8,0.152,100.257
Základní,LV,9,0.148,89.346
Základní,LV,10,0.142,89.811
Základní,LV,11,0.148,100.392
Základní,LV,12,0.145,86.449
Základní,LV,13,0.142,92.935
Základní,LV,14,0.135,69.18
Základní,LV,15,0.141,68.629
Základní,LV,16,0.139,84.413
Základní,LV,17,0.131,76.509
Základní,LV,18,0.124,36.584
Základní,LV,19,0.129,89.265
Základní,LV,20,0.125,66.258
Základní,LV,21,0.122,60.186
Základní,LV,22,0.12,53.915
Základní,LV,23,0.119,42.882
Základní,LV,24,0.119,50.196
Základní,LV,25,0.12,38.414
Základní,LV,26,0.121,65.666
Základní,LV,27,0.119,64.079
Základní,LV,28,0.121,80.45
Základní,LV,29,0.122,85.693
Základní,LV,30,0.12,87.067
Základní,LV,31,0.124,69.124
Základní,LV,32,0.124,95.638
Základní,LV,33,0.125,86.822
Základní,LV,34,0.125,88.552
Základní,LV,35,0.124,81.989
Základní,LV,36,0.125,71.637
Základní,LV,37,0.126,85.357
Základní,LV,38,0.126,82.821
Základní,LV,39,0.127,68.427
Základní,LV,40,0.134,26.189
Základní,LV,41,0.134,94.001
Základní,LV,42,0.141,79.057
Základní,LV,43,0.144,97.085
Základní,LV,44,0.15,106.889
Základní,LV,45,0.153,107.201
Základní,LV,46,0.148,95.494
Základní,LV,47,0.151,84.955
Základní,LV,48,0.152,110.493
Základní,LV,49,0.158,106.396
Základní,LV,50,0.156,101.754
Základní,LV,51,0.151,93.108
Základní,LV,52,0.15,86.322
Základní,ME,1,0.076,90.508
Základní,ME,2,0.071,92.578
Základní,ME,3,0.066,92.504
Základní,ME,4,0.072,93.434
Základní,ME,5,0.083,93.031
Základní,ME,6,0.076,90.915
Základní,ME,7,0.067,92.274
Základní,ME,8,0.063,77.645
Základní,ME,9,0.061,80.804
Základní,ME,10,0.06,71.866
Základní,ME,11,0.063,86.869
Základní,ME,12,0.063,84.591
Základní,ME,13,0.057,76.894
Základní,ME,14,0.056,74.042
Základní,ME,15,0.061,74.101
Základní,ME,16,0.059,58.841
Základní,ME,17,0.056,65.408
Základní,ME,18,0.053,68.784
Základní,ME,19,0.055,76.334
Základní,ME,20,0.055,63.673
Základní,ME,21,0.054,61.127
Základní,ME,22,0.054,71.692
Základní,ME,23,0.054,62.632
Základní,ME,24,0.061,76.512
Základní,ME,25,0.064,70.984
Základní,ME,26,0.071,86.089
Základní,ME,27,0.065,77.6
Základní,ME,28,0.061,81.968
Základní,ME,29,0.073,82.446
Základní,ME,30,0.067,83.614
Základní,ME,31,0.068,75.92
Základní,ME,32,0.066,74.817
Základní,ME,33,0.064,78.207
Základní,ME,34,0.063,82.569
Základní,ME,35,0.058,76.049
Základní,ME,36,0.056,78.863
Základní,ME,37,0.056,81.787
Základní,ME,38,0.056,83.685
Základní,ME,39,0.055,84.2
Základní,ME,40,0.054,74.743
Základní,ME,41,0.053,83.913
Základní,ME,42,0.053,88.442
Základní,ME,43,0.054,86.942
Základní,ME,44,0.057,83.287
Základní,ME,45,0.064,85.041
Základní,ME,46,0.066,89.88
Základní,ME,47,0.066,85.565
Základní,ME,48,0.07,85.643
Základní,ME,49,0.072,87.442
Základní,ME,50,0.071,85.257
Základní,ME,51,0.07,87.081
Základní,ME,52,0.07,83.937
Základní,MK,1,0.197,88.063
Základní,MK,2,0.181,91.861
Základní,MK,3,0.163,90.029
Základní,MK,4,0.188,92.668
Základní,MK,5,0.2,90.317
Základní,MK,6,0.181,88.902
Základní,MK,7,0.158,86.357
Základní,MK,8,0.151,78.253
Základní,MK,9,0.144,75.54
Základní,MK,10,0.141,70.175
Základní,MK,11,0.153,86.796
Základní,MK,12,0.15,77.259
Základní,MK,13,0.129,72.125
Základní,MK,14,0.127,68.327
Základní,MK,15,0.152,71.687
Základní,MK,16,0.14,64.031
Základní,MK,17,0.129,64.3
Základní,MK,18,0.123,76.815
Základní,MK,19,0.125,79.449
Základní,MK,20,0.125,75.789
Základní,MK,21,0.126,65.703
Základní,MK,22,0.116,71.536
Základní,MK,23,0.113,63.395
Základní,MK,24,0.123,77.167
Základní,MK,25,0.125,72.666
Základní,MK,26,0.125,80.517
Základní,MK,27,0.118,78.102
Základní,MK,28,0.116,82.466
Základní,MK,29,0.131,81.737
Základní,MK,30,0.123,83.754
Základní,MK,31,0.124,77.745
Základní,MK,32,0.118,68.402
Základní,MK,33,0.117,77.626
Základní,MK,34,0.119,81.08
Základní,MK,35,0.114,72.88
Základní,MK,36,0.114,77.9
Základní,MK,37,0.114,79.056
Základní,MK,38,0.116,83.949
Základní,MK,39,0.119,84.915
Základní,MK,40,0.119,80.2
Základní,MK,41,0.123,82.178
Základní,MK,42,0.128,88.421
Základní,MK,43,0.13,86.176
Základní,MK,44,0.135,88.488
Základní,MK,45,0.158,88.531
Základní,MK,46,0.172,89.645
Základní,MK,47,0.177,86.71
Základní,MK,48,0.191,89.104
Základní,MK,49,0.189,91.174
Základní,MK,50,0.187,87.777
Základní,MK,51,0.186,89.587
Základní,MK,52,0.183,88.806
Základní,NL,1,3.612,92.502
Základní,NL,2,3.26,95.638
Základní,NL,3,3.288,86.144
Základní,NL,4,3.276,105.127
Základní,NL,5,3.405,111.594
Základní,NL,6,3.365,100.923
Základní,NL,7,3.347,105.257
Základní,NL,8,3.176,84.137
Základní,NL,9,3.147,91.004
Základní,NL,10,3.081,77.376
Základní,NL,11,3.157,87.544
Základní,NL,12,3.125,89.841
Základní,NL,13,3.001,80.656
Základní,NL,14,2.937,80.208
Základní,NL,15,3.05,83.161
Základní,NL,16,2.989,77.562
Základní,NL,17,2.871,70.902
Základní,NL,18,2.815,56.061
Základní,NL,19,2.849,69.675
Základní,NL,20,2.829,68.52
Základní,NL,21,2.822,56.863
Základní,NL,22,2.814,69.657
Základní,NL,23,2.756,49.475
Základní,NL,24,2.747,65.8
Základní,NL,25,2.767,64.42
Základní,NL,26,2.822,71.025
Základní,NL,27,2.814,64.491
Základní,NL,28,2.921,76.789
Základní,NL,29,2.744,82.94
Základní,NL,30,2.663,80.004
Základní,NL,31,2.605,69.719
Základní,NL,32,2.712,67.844
Základní,NL,33,2.795,67.835
Základní,NL,34,2.735,83.487
Základní,NL,35,2.755,82.141
Základní,NL,36,2.802,77.254
Základní,NL,37,2.752,77.265
Základní,NL,38,2.75,84.353
Základní,NL,39,2.793,83.232
Základní,NL,40,2.891,64.751
Základní,NL,41,2.904,82.149
Základní,NL,42,2.869,84.214
Základní,NL,43,2.939,89.875
Základní,NL,44,3.009,95.726
Základní,NL,45,3.017,100.383
Základní,NL,46,3.044,99.494
Základní,NL,47,3.105,92.38
Základní,NL,48,3.203,97.388
Základní,NL,49,3.222,103.186
Základní,NL,50,3.28,90.902
Základní,NL,51,3.25,96.901
Základní,NL,52,3.231,91.932
Základní,NO,1,4.49,100.531
Základní,NO,2,3.615,100.497
Základní,NO,3,3.592,100.497
Základní,NO,4,3.345,100.497
Základní,NO,5,3.558,100.68
Základní,NO,6,4.064,102.177
Základní,NO,7,3.96,101.579
Základní,NO,8,3.645,100.497
Základní,NO,9,3.708,100.674
Základní,NO,10,3.396,100.497
Základní,NO,11,3.335,100.497
Základní,NO,12,3.442,100.497
Základní,NO,13,3.156,100.497
Základní,NO,14,2.925,100.497
Základní,NO,15,3.099,100.497
Základní,NO,16,3.102,100.497
Základní,NO,17,2.918,99.999
Základní,NO,18,2.726,90.958
Základní,NO,19,2.522,93.754
Základní,NO,20,2.446,63.713
Základní,NO,21,2.321,47.97
Základní,NO,22,2.305,41.563
Základní,NO,23,2.359,24.758
Základní,NO,24,2.302,43.353
Základní,NO,25,2.254,35.063
Základní,NO,26,2.252,55.939
Základní,NO,27,2.205,64.973
Základní,NO,28,2.129,84.686
Základní,NO,29,2.1,88.6
Základní,NO,30,2.121,91.825
Základní,NO,31,2.192,78.73
Základní,NO,32,2.185,89.163
Základní,NO,33,2.184,83.097
Základní,NO,34,2.224,93.202
Základní,NO,35,2.293,88.829
Základní,NO,36,2.298,92.589
Základní,NO,37,2.344,93.064
Základní,NO,38,2.4,92.605
Základní,NO,39,2.539,90.578
Základní,NO,40,2.709,73.506
Základní,NO,41,2.718,98.416
Základní,NO,42,2.935,98.358
Základní,NO,43,3.097,100.497
Základní,NO,44,2.988,100.497
Základní,NO,45,3.132,100.497
Základní,NO,46,3.073,99.54
Základní,NO,47,3.074,97.986
Základní,NO,48,3.347,100.497
Základní,NO,49,3.573,100.497
Základní,NO,50,3.506,100.497
Základní,NO,51,3.537,100.497
Základní,NO,52,3.494,100.497
Základní,PL,1,4.111,105.365
Základní,PL,2,3.73,106.328
Základní,PL,3,3.571,108.564
Základní,PL,4,3.592,111.32
Základní,PL,5,3.96,112.997
Základní,PL,6,3.684,106.366
Základní,PL,7,3.369,114.152
Základní,PL,8,3.375,96.495
Základní,PL,9,3.384,100.689
Základní,PL,10,3.334,94.092
Základní,PL,11,3.475,111.878
Základní,PL,12,3.416,101.12
Základní,PL,13,3.118,100.355
Základní,PL,14,3.124,92.189
Základní,PL,15,3.371,102.341
Základní,PL,16,3.294,89.812
Základní,PL,17,3.137,85.278
Základní,PL,18,2.692,70.237
Základní,PL,19,3.179,97.196
Základní,PL,20,3.146,90.633
Základní,PL,21,3.07,79.118
Základní,PL,22,2.883,86.328
Základní,PL,23,3.015,77.867
Základní,PL,24,3.053,91.123
Základní,PL,25,3.09,79.136
Základní,PL,26,3.198,94.111
Základní,PL,27,3.025,81.384
Základní,PL,28,3.204,99.82
Základní,PL,29,3.107,96.087
Základní,PL,30,2.936,93.617
Základní,PL,31,2.933,74.672
Základní,PL,32,2.931,93.708
Základní,PL,33,3.007,92.418
Základní,PL,34,3.083,98.374
Základní,PL,35,3.03,93.644
Základní,PL,36,3.016,87.99
Základní,PL,37,3.033,95.65
Základní,PL,38,3.055,92.524
Základní,PL,39,3.126,97.642
Základní,PL,40,3.196,79.635
Základní,PL,41,3.214,102.753
Základní,PL,42,3.282,103.017
Základní,PL,43,3.353,103.475
Základní,PL,44,3.267,110.915
Základní,PL,45,3.567,113.716
Základní,PL,46,3.493,111.963
Základní,PL,47,3.577,106.491
Základní,PL,48,3.804,112.221
Základní,PL,49,3.735,112.93
Základní,PL,50,3.662,109.759
Základní,PL,51,3.489,106.862
Základní,PL,52,3.103,101.599
Základní,PT,1,1.359,66.058
Základní,PT,2,1.215,69.782
Základní,PT,3,1.223,63.382
Základní,PT,4,1.289,63.956
Základní,PT,5,1.303,65.509
Základní,PT,6,1.248,57.737
Základní,PT,7,1.258,66.382
Základní,PT,8,1.22,59.852
Základní,PT,9,1.198,46.893
Základní,PT,10,1.162,51.298
Základní,PT,11,1.207,57.836
Základní,PT,12,1.245,60.696
Základní,PT,13,1.162,54.819
Základní,PT,14,1.164,66.79
Základní,PT,15,1.187,80.723
Základní,PT,16,1.234,71.804
Základní,PT,17,1.225,61.419
Základní,PT,18,1.221,75.87
Základní,PT,19,1.197,71.144
Základní,PT,20,1.202,63.989
Základní,PT,21,1.206,66.721
Základní,PT,22,1.178,73.944
Základní,PT,23,1.186,63.336
Základní,PT,24,1.21,72.884
Základní,PT,25,1.235,76.239
Základní,PT,26,1.236,77.229
Základní,PT,27,1.288,77.547
Základní,PT,28,1.258,80.819
Základní,PT,29,1.273,83.54
Základní,PT,30,1.276,79.133
Základní,PT,31,1.225,75.055
Základní,PT,32,1.209,76.168
Základní,PT,33,1.245,78.539
Základní,PT,34,1.221,76.611
Základní,PT,35,1.263,82.913
Základní,PT,36,1.203,83.433
Základní,PT,37,1.182,81.716
Základní,PT,38,1.205,76.875
Základní,PT,39,1.193,83.549
Základní,PT,40,1.125,77.11
Základní,PT,41,1.126,83.649
Základní,PT,42,1.113,80.63
Základní,PT,43,1.1,83.039
Základní,PT,44,1.127,80.883
Základní,PT,45,1.184,81.25
Základní,PT,46,1.176,82.83
Základní,PT,47,1.157,85.477
Základní,PT,48,1.185,81.755
Základní,PT,49,1.173,85.768
Základní,PT,50,1.215,83.336
Základní,PT,51,1.236,84.526
Základní,PT,52,1.177,77.712
Základní,RO,1,1.287,88.678
Základní,RO,2,1.192,92.103
Základní,RO,3,1.167,89.15
Základní,RO,4,1.205,94.013
Základní,RO,5,1.277,84.601
Základní,RO,6,1.238,85.325
Základní,RO,7,1.189,88.061
Základní,RO,8,1.111,72.988
Základní,RO,9,1.052,70.069
Základní,RO,10,1.054,65.808
Základní,RO,11,1.129,86.606
Základní,RO,12,1.111,75.075
Základní,RO,13,1.045,69.427
Základní,RO,14,0.954,63.798
Základní,RO,15,1.05,65.513
Základní,RO,16,1.037,61.744
Základní,RO,17,1.001,61.045
Základní,RO,18,0.959,76.034
Základní,RO,19,1.013,74.25
Základní,RO,20,1.002,74.28
Základní,RO,21,0.973,63.696
Základní,RO,22,0.934,68.635
Základní,RO,23,0.991,60.085
Základní,RO,24,1.032,71.118
Základní,RO,25,1.049,66.97
Základní,RO,26,1.076,74.345
Základní,RO,27,1.071,75.784
Základní,RO,28,1.021,72.508
Základní,RO,29,1.096,73.367
Základní,RO,30,1.027,81.513
Základní,RO,31,1.046,66.438
Základní,RO,32,0.975,65.57
Základní,RO,33,0.93,72.813
Základní,RO,34,0.996,75.264
Základní,RO,35,0.965,62.255
Základní,RO,36,0.98,71.321
Základní,RO,37,0.989,71.052
Základní,RO,38,0.995,81.153
Základní,RO,39,0.992,78.514
Základní,RO,40,1.021,72.429
Základní,RO,41,1.017,78.068
Základní,RO,42,1.063,85.901
Základní,RO,43,1.069,81.838
Základní,RO,44,1.127,83.241
Základní,RO,45,1.165,84.964
Základní,RO,46,1.146,89.838
Základní,RO,47,1.179,81.37
Základní,RO,48,1.177,86.599
Základní,RO,49,1.197,89.199
Základní,RO,50,1.181,83.553
Základní,RO,51,1.182,87.95
Základní,RO,52,1.05,87.211
Základní,RS,1,1.127,98.915
Základní,RS,2,1.042,106.382
Základní,RS,3,0.997,104.454
Základní,RS,4,1.104,112.944
Základní,RS,5,1.189,106.016
Základní,RS,6,1.12,101.538
Základní,RS,7,0.975,101.159
Základní,RS,8,0.933,82.42
Základní,RS,9,0.896,85.595
Základní,RS,10,0.885,76.269
Základní,RS,11,0.962,91.167
Základní,RS,12,0.927,90.112
Základní,RS,13,0.832,82.077
Základní,RS,14,0.778,77.702
Základní,RS,15,0.89,81.262
Základní,RS,16,0.845,63.608
Základní,RS,17,0.79,72.187
Základní,RS,18,0.745,78.949
Základní,RS,19,0.795,83.997
Základní,RS,20,0.795,77.171
Základní,RS,21,0.785,68.14
Základní,RS,22,0.74,77.334
Základní,RS,23,0.734,67.642
Základní,RS,24,0.775,80.625
Základní,RS,25,0.771,74.628
Základní,RS,26,0.806,89.805
Základní,RS,27,0.746,81.417
Základní,RS,28,0.743,85.988
Základní,RS,29,0.796,84.671
Základní,RS,30,0.745,87.191
Základní,RS,31,0.75,78.85
Základní,RS,32,0.719,78.403
Základní,RS,33,0.72,81.658
Základní,RS,34,0.717,85.29
Základní,RS,35,0.724,78.415
Základní,RS,36,0.739,80.752
Základní,RS,37,0.738,84.277
Základní,RS,38,0.755,88.292
Základní,RS,39,0.776,89.583
Základní,RS,40,0.781,81.241
Základní,RS,41,0.806,89.241
Základní,RS,42,0.828,95.041
Základní,RS,43,0.857,93.698
Základní,RS,44,0.915,95.256
Základní,RS,45,0.976,94.971
Základní,RS,46,1.022,103.84
Základní,RS,47,1.021,95.091
Základní,RS,48,1.079,99.652
Základní,RS,49,1.075,102.539
Základní,RS,50,1.057,95.87
Základní,RS,51,1.036,99.469
Základní,RS,52,1.028,92.014
Základní,SE,1,4.485,99.298
Základní,SE,2,3.823,98.702
Základní,SE,3,3.714,97.204
Základní,SE,4,3.592,97.707
Základní,SE,5,3.896,98.446
Základní,SE,6,4.081,100.907
Základní,SE,7,4.04,103.083
Základní,SE,8,3.803,97.139
Základní,SE,9,3.796,96.689
Základní,SE,10,3.579,96.578
Základní,SE,11,3.625,97.907
Základní,SE,12,3.586,96.332
Základní,SE,13,3.387,96.836
Základní,SE,14,3.181,96.149
Základní,SE,15,3.374,95.348
Základní,SE,16,3.312,96.02
Základní,SE,17,3.025,93.167
Základní,SE,18,2.916,85.163
Základní,SE,19,2.842,92.891
Základní,SE,20,2.677,61.314
Základní,SE,21,2.512,48.773
Základní,SE,22,2.533,40.732
Základní,SE,23,2.568,24.668
Základní,SE,24,2.484,42.446
Základní,SE,25,2.375,36.736
Základní,SE,26,2.385,55.686
Základní,SE,27,2.306,57.841
Základní,SE,28,2.257,81.509
Základní,SE,29,2.233,84.688
Základní,SE,30,2.225,88.642
Základní,SE,31,2.379,70.833
Základní,SE,32,2.381,88.087
Základní,SE,33,2.391,83.309
Základní,SE,34,2.421,92.677
Základní,SE,35,2.482,86.112
Základní,SE,36,2.532,88.68
Základní,SE,37,2.551,89.374
Základní,SE,38,2.603,86.666
Základní,SE,39,2.756,73.981
Základní,SE,40,2.777,48.815
Základní,SE,41,2.836,94.019
Základní,SE,42,3.042,78.066
Základní,SE,43,3.265,96.589
Základní,SE,44,3.205,99.015
Základní,SE,45,3.317,100.401
Základní,SE,46,3.209,94.349
Základní,SE,47,3.229,88.098
Základní,SE,48,3.481,101.189
Základní,SE,49,3.65,97.761
Základní,SE,50,3.51,98.002
Základní,SE,51,3.536,95.706
Základní,SE,52,3.43,85.349
Základní,SI,1,0.345,95.114
Základní,SI,2,0.333,100.473
Základní,SI,3,0.329,97.924
Základní,SI,4,0.344,107.416
Základní,SI,5,0.387,105.519
Základní,SI,6,0.343,96.468
Základní,SI,7,0.328,101.303
Základní,SI,8,0.313,83.776
Základní,SI,9,0.309,84.488
Základní,SI,10,0.303,76.715
Základní,SI,11,0.33,91.069
Základní,SI,12,0.326,88.554
Základní,SI,13,0.295,79.225
Základní,SI,14,0.289,83.877
Základní,SI,15,0.31,83.981
Základní,SI,16,0.3,79.804
Základní,SI,17,0.275,73.038
Základní,SI,18,0.261,75.869
Základní,SI,19,0.289,80.414
Základní,SI,20,0.286,73.31
Základní,SI,21,0.283,63.857
Základní,SI,22,0.289,73.211
Základní,SI,23,0.292,65.219
Základní,SI,24,0.298,77.251
Základní,SI,25,0.292,71.784
Základní,SI,26,0.297,82.615
Základní,SI,27,0.295,77.973
Základní,SI,28,0.29,80.892
Základní,SI,29,0.291,81.943
Základní,SI,30,0.271,81.663
Základní,SI,31,0.259,74.236
Základní,SI,32,0.258,73.711
Základní,SI,33,0.261,77.295
Základní,SI,34,0.274,82.644
Základní,SI,35,0.279,76.992
Základní,SI,36,0.286,78.9
Základní,SI,37,0.287,81.615
Základní,SI,38,0.292,84.165
Základní,SI,39,0.287,83.514
Základní,SI,40,0.298,82.647
Základní,SI,41,0.294,83.876
Základní,SI,42,0.293,88.82
Základní,SI,43,0.3,90.738
Základní,SI,44,0.289,95.228
Základní,SI,45,0.326,97.877
Základní,SI,46,0.334,100.826
Základní,SI,47,0.33,95.112
Základní,SI,48,0.352,99.859
Základní,SI,49,0.357,101.743
Základní,SI,50,0.343,94.629
Základní,SI,51,0.326,94.669
Základní,SI,52,0.289,89.462
Základní,SK,1,0.753,102.414
Základní,SK,2,0.675,105.374
Základní,SK,3,0.666,103.65
Základní,SK,4,0.688,110.823
Základní,SK,5,0.722,112.711
Základní,SK,6,0.693,104.409
Základní,SK,7,0.651,108.486
Základní,SK,8,0.632,91.19
Základní,SK,9,0.614,93.327
Základní,SK,10,0.61,85.098
Základní,SK,11,0.642,100.265
Základní,SK,12,0.637,94.304
Základní,SK,13,0.591,85.095
Základní,SK,14,0.592,84.169
Základní,SK,15,0.628,90.532
Základní,SK,16,0.606,85.348
Základní,SK,17,0.583,80.49
Základní,SK,18,0.568,78.575
Základní,SK,19,0.573,86.36
Základní,SK,20,0.572,79.958
Základní,SK,21,0.567,71.141
Základní,SK,22,0.569,80.779
Základní,SK,23,0.573,73.724
Základní,SK,24,0.576,84.791
Základní,SK,25,0.57,74.262
Základní,SK,26,0.59,86.271
Základní,SK,27,0.567,80.371
Základní,SK,28,0.572,85.617
Základní,SK,29,0.575,87.844
Základní,SK,30,0.554,85.967
Základní,SK,31,0.554,75.976
Základní,SK,32,0.55,81.372
Základní,SK,33,0.558,82.528
Základní,SK,34,0.558,87.826
Základní,SK,35,0.559,83.559
Základní,SK,36,0.57,81.7
Základní,SK,37,0.574,86.284
Základní,SK,38,0.58,89.01
Základní,SK,39,0.588,87.817
Základní,SK,40,0.591,85.289
Základní,SK,41,0.597,91.362
Základní,SK,42,0.608,95.57
Základní,SK,43,0.625,98.141
Základní,SK,44,0.65,105.039
Základní,SK,45,0.667,107.058
Základní,SK,46,0.66,108.698
Základní,SK,47,0.653,103.164
Základní,SK,48,0.676,107.579
Základní,SK,49,0.677,108.758
Základní,SK,50,0.657,102.28
Základní,SK,51,0.642,101.395
Základní,SK,52,0.623,94.453
Základní+,AT,1,1.768,97.454
Základní+,AT,2,1.696,100.81
Základní+,AT,3,1.646,97.26
Základní+,AT,4,1.691,108.489
Základní+,AT,5,1.938,109.225
Základní+,AT,6,1.742,100.588
Základní+,AT,7,1.585,107.609
Základní+,AT,8,1.538,86.203
Základní+,AT,9,1.499,87.775
Základní+,AT,10,1.491,79.149
Základní+,AT,11,1.661,95.002
Základní+,AT,12,1.626,92.862
Základní+,AT,13,1.414,81.854
Základní+,AT,14,1.387,83.878
Základní+,AT,15,1.548,87.909
Základní+,AT,16,1.481,81.391
Základní+,AT,17,1.367,75.291
Základní+,AT,18,1.333,72.12
Základní+,AT,19,1.383,80.376
Základní+,AT,20,1.369,73.192
Základní+,AT,21,1.279,61.334
Základní+,AT,22,1.306,71.541
Základní+,AT,23,1.344,59.112
Základní+,AT,24,1.362,73.794
Základní+,AT,25,1.353,68.205
Základní+,AT,26,1.386,76.887
Základní+,AT,27,1.357,73.182
Základní+,AT,28,1.35,79.819
Základní+,AT,29,1.367,82.684
Základní+,AT,30,1.33,80.808
Základní+,AT,31,1.304,70.391
Základní+,AT,32,1.299,74.163
Základní+,AT,33,1.277,75.588
Základní+,AT,34,1.331,83.244
Základní+,AT,35,1.324,80.983
Základní+,AT,36,1.344,78.692
Základní+,AT,37,1.363,80.87
Základní+,AT,38,1.395,84.793
Základní+,AT,39,1.39,83.449
Základní+,AT,40,1.423,81.299
Základní+,AT,41,1.408,83.552
Základní+,AT,42,1.413,88.48
Základní+,AT,43,1.463,95.514
Základní+,AT,44,1.544,103.445
Základní+,AT,45,1.648,107.047
Základní+,AT,46,1.662,106.667
Základní+,AT,47,1.644,100.478
Základní+,AT,48,1.733,104.754
Základní+,AT,49,1.71,106.871
Základní+,AT,50,1.704,97.673
Základní+,AT,51,1.684,99.173
Základní+,AT,52,1.588,93.233
Základní+,BA,1,0.276,95.559
Základní+,BA,2,0.248,103.183
Základní+,BA,3,0.237,100.829
Základní+,BA,4,0.248,108.182
Základní+,BA,5,0.267,102.541
Základní+,BA,6,0.254,98.214
Základní+,BA,7,0.231,98.465
Základní+,BA,8,0.224,79.365
Základní+,BA,9,0.215,82.719
Základní+,BA,10,0.211,73.107
Základní+,BA,11,0.226,90.148
Základní+,BA,12,0.221,87.135
Základní+,BA,13,0.205,78.45
Základní+,BA,14,0.206,75.884
Základní+,BA,15,0.218,78.631
Základní+,BA,16,0.212,59.978
Základní+,BA,17,0.203,68.801
Základní+,BA,18,0.191,75.709
Základní+,BA,19,0.2,80.818
Základní+,BA,20,0.199,73.292
Základní+,BA,21,0.194,63.891
Základní+,BA,22,0.192,74.345
Základní+,BA,23,0.193,64.792
Základní+,BA,24,0.201,79.16
Základní+,BA,25,0.2,71.51
Základní+,BA,26,0.212,87.367
Základní+,BA,27,0.199,78.783
Základní+,BA,28,0.203,83.99
Základní+,BA,29,0.211,83.649
Základní+,BA,30,0.201,84.877
Základní+,BA,31,0.202,76.893
Základní+,BA,32,0.201,75.157
Základní+,BA,33,0.201,79.514
Základní+,BA,34,0.199,83.435
Základní+,BA,35,0.199,77.015
Základní+,BA,36,0.198,79.559
Základní+,BA,37,0.198,83.407
Základní+,BA,38,0.202,86.288
Základní+,BA,39,0.204,87.035
Základní+,BA,40,0.206,79.621
Základní+,BA,41,0.207,86.755
Základní+,BA,42,0.209,92.055
Základní+,BA,43,0.215,90.442
Základní+,BA,44,0.225,93.134
Základní+,BA,45,0.238,93.755
Základní+,BA,46,0.243,99.926
Základní+,BA,47,0.241,92.784
Základní+,BA,48,0.25,96.169
Základní+,BA,49,0.254,97.187
Základní+,BA,50,0.252,91.567
Základní+,BA,51,0.25,95.427
Základní+,BA,52,0.255,89.792
Základní+,BE,1,2.226,89.502
Základní+,BE,2,1.948,89.714
Základní+,BE,3,1.967,81.14
Základní+,BE,4,2.007,100.591
Základní+,BE,5,2.269,110.601
Základní+,BE,6,2.085,96.587
Základní+,BE,7,2.168,102.03
Základní+,BE,8,1.983,81.098
Základní+,BE,9,1.918,85.239
Základní+,BE,10,1.906,73.829
Základní+,BE,11,2.031,84.513
Základní+,BE,12,2.053,88.51
Základní+,BE,13,1.872,79.842
Základní+,BE,14,1.828,81.898
Základní+,BE,15,1.947,86.154
Základní+,BE,16,1.951,78.008
Základní+,BE,17,1.826,72.172
Základní+,BE,18,1.834,61.142
Základní+,BE,19,1.796,70.395
Základní+,BE,20,1.76,72.708
Základní+,BE,21,1.685,60.984
Základní+,BE,22,1.715,72.703
Základní+,BE,23,1.718,44.348
Základní+,BE,24,1.722,70.161
Základní+,BE,25,1.715,67.14
Základní+,BE,26,1.717,73.607
Základní+,BE,27,1.73,69.645
Základní+,BE,28,1.749,78.96
Základní+,BE,29,1.619,83.593
Základní+,BE,30,1.606,77.933
Základní+,BE,31,1.606,71.811
Základní+,BE,32,1.667,70.648
Základní+,BE,33,1.72,71.741
Základní+,BE,34,1.713,83.682
Základní+,BE,35,1.704,83.004
Základní+,BE,36,1.72,78.492
Základní+,BE,37,1.728,77.893
Základní+,BE,38,1.737,83.551
Základní+,BE,39,1.741,83.421
Základní+,BE,40,1.83,64.598
Základní+,BE,41,1.768,81.59
Základní+,BE,42,1.771,82.904
Základní+,BE,43,1.876,87.123
Základní+,BE,44,1.855,93.753
Základní+,BE,45,1.847,93.911
Základní+,BE,46,1.85,96.686
Základní+,BE,47,1.926,88.764
Základní+,BE,48,1.971,92.273
Základní+,BE,49,1.929,96.582
Základní+,BE,50,1.976,86.368
Základní+,BE,51,1.978,94.179
Základní+,BE,52,1.935,88.629
Základní+,BG,1,0.83,87.042
Základní+,BG,2,0.802,91.175
Základní+,BG,3,0.704,87.041
Základní+,BG,4,0.893,93.581
Základní+,BG,5,0.927,87.565
Základní+,BG,6,0.816,87.1
Základní+,BG,7,0.681,85.941
Základní+,BG,8,0.624,72.534
Základní+,BG,9,0.577,69.276
Základní+,BG,10,0.567,65.749
Základní+,BG,11,0.654,84.997
Základní+,BG,12,0.637,74.657
Základní+,BG,13,0.563,68.225
Základní+,BG,14,0.517,62.145
Základní+,BG,15,0.599,65.986
Základní+,BG,16,0.557,62.31
Základní+,BG,17,0.54,61.366
Základní+,BG,18,0.522,75.423
Základní+,BG,19,0.545,76.703
Základní+,BG,20,0.544,74.037
Základní+,BG,21,0.546,64.261
Základní+,BG,22,0.525,68.242
Základní+,BG,23,0.529,59.834
Základní+,BG,24,0.547,70.445
Základní+,BG,25,0.564,66.228
Základní+,BG,26,0.563,72.399
Základní+,BG,27,0.558,74.28
Základní+,BG,28,0.54,71.955
Základní+,BG,29,0.595,73.861
Základní+,BG,30,0.563,80.302
Základní+,BG,31,0.572,67.172
Základní+,BG,32,0.537,64.1
Základní+,BG,33,0.535,72.282
Základní+,BG,34,0.549,75.004
Základní+,BG,35,0.525,62.789
Základní+,BG,36,0.524,71.599
Základní+,BG,37,0.529,71.603
Základní+,BG,38,0.524,81.615
Základní+,BG,39,0.529,81.853
Základní+,BG,40,0.534,75.142
Základní+,BG,41,0.54,79.058
Základní+,BG,42,0.563,86.096
Základní+,BG,43,0.563,80.498
Základní+,BG,44,0.603,82.605
Základní+,BG,45,0.664,85.09
Základní+,BG,46,0.677,87.78
Základní+,BG,47,0.732,83.828
Základní+,BG,48,0.85,86.933
Základní+,BG,49,0.798,89.543
Základní+,BG,50,0.742,82.389
Základní+,BG,51,0.75,87.317
Základní+,BG,52,0.631,86.363
Základní+,CH,1,1.636,89.405
Základní+,CH,2,1.413,89.074
Základní+,CH,3,1.356,85.284
Základní+,CH,4,1.409,89.449
Základní+,CH,5,1.665,93.196
Základní+,CH,6,1.514,89.722
Základní+,CH,7,1.387,92.614
Základní+,CH,8,1.327,81.965
Základní+,CH,9,1.266,82.361
Základní+,CH,10,1.229,71.938
Základní+,CH,11,1.329,87.335
Základní+,CH,12,1.394,86.558
Základní+,CH,13,1.165,76.506
Základní+,CH,14,1.135,80.058
Základní+,CH,15,1.239,82.795
Základní+,CH,16,1.241,79.762
Základní+,CH,17,1.152,70.983
Základní+,CH,18,1.119,68.995
Základní+,CH,19,1.121,71.876
Základní+,CH,20,1.095,65.111
Základní+,CH,21,1.026,56.303
Základní+,CH,22,1.041,64.065
Základní+,CH,23,1.06,51.483
Základní+,CH,24,1.069,67.669
Základní+,CH,25,1.071,63.021
Základní+,CH,26,1.063,69.167
Základní+,CH,27,1.031,64.087
Základní+,CH,28,1.027,74.327
Základní+,CH,29,1.023,75.427
Základní+,CH,30,1.01,74.957
Základní+,CH,31,1.002,66.133
Základní+,CH,32,1.022,66.112
Základní+,CH,33,1.009,67.721
Základní+,CH,34,1.052,79.464
Základní+,CH,35,1.051,78.186
Základní+,CH,36,1.059,74.08
Základní+,CH,37,1.081,78.312
Základní+,CH,38,1.117,81.26
Základní+,CH,39,1.106,80.981
Základní+,CH,40,1.164,76.081
Základní+,CH,41,1.127,79.564
Základní+,CH,42,1.127,80.98
Základní+,CH,43,1.177,88.793
Základní+,CH,44,1.222,90.722
Základní+,CH,45,1.352,95.057
Základní+,CH,46,1.316,92.733
Základní+,CH,47,1.332,90.865
Základní+,CH,48,1.418,91.923
Základní+,CH,49,1.463,94.725
Základní+,CH,50,1.45,90.809
Základní+,CH,51,1.459,92.12
Základní+,CH,52,1.407,89.022
Základní+,CZ,1,1.528,102.609
Základní+,CZ,2,1.419,104.932
Základní+,CZ,3,1.416,101.09
Základní+,CZ,4,1.461,111.093
Základní+,CZ,5,1.594,115.746
Základní+,CZ,6,1.505,106.965
Základní+,CZ,7,1.397,112.381
Základní+,CZ,8,1.38,91.192
Základní+,CZ,9,1.357,95.557
Základní+,CZ,10,1.335,83.903
Základní+,CZ,11,1.404,101.609
Základní+,CZ,12,1.393,97.069
Základní+,CZ,13,1.271,86.691
Základní+,CZ,14,1.243,86.451
Základní+,CZ,15,1.337,92.704
Základní+,CZ,16,1.3,86.654
Základní+,CZ,17,1.24,80.902
Základní+,CZ,18,1.184,74.669
Základní+,CZ,19,1.202,84.684
Základní+,CZ,20,1.214,77.046
Základní+,CZ,21,1.186,65.075
Základní+,CZ,22,1.182,77.534
Základní+,CZ,23,1.176,66.1
Základní+,CZ,24,1.178,79.986
Základní+,CZ,25,1.172,71.017
Základní+,CZ,26,1.172,83.318
Základní+,CZ,27,1.068,77.383
Základní+,CZ,28,1.139,83.694
Základní+,CZ,29,1.125,87.567
Základní+,CZ,30,1.128,85.675
Základní+,CZ,31,1.115,74.326
Základní+,CZ,32,1.121,77.168
Základní+,CZ,33,1.13,79.566
Základní+,CZ,34,1.145,88.995
Základní+,CZ,35,1.158,85.283
Základní+,CZ,36,1.166,81.183
Základní+,CZ,37,1.18,85.521
Základní+,CZ,38,1.205,89.262
Základní+,CZ,39,1.19,87.398
Základní+,CZ,40,1.246,83.348
Základní+,CZ,41,1.252,89.106
Základní+,CZ,42,1.264,93.11
Základní+,CZ,43,1.312,99.147
Základní+,CZ,44,1.382,106.388
Základní+,CZ,45,1.411,109.944
Základní+,CZ,46,1.4,109.359
Základní+,CZ,47,1.378,102.828
Základní+,CZ,48,1.432,108.211
Základní+,CZ,49,1.451,110.407
Základní+,CZ,50,1.409,102.725
Základní+,CZ,51,1.357,101.546
Základní+,CZ,52,1.18,95.294
Základní+,DE,1,14.152,96.521
Základní+,DE,2,12.681,99.392
Základní+,DE,3,12.581,93.266
Základní+,DE,4,12.841,110.487
Základní+,DE,5,14.81,115.748
Základní+,DE,6,13.373,104.692
Základní+,DE,7,13.663,114.049
Základní+,DE,8,12.881,86.241
Základní+,DE,9,12.388,93.125
Základní+,DE,10,11.872,78.454
Základní+,DE,11,13.059,96.614
Základní+,DE,12,12.937,94.95
Základní+,DE,13,11.108,85.545
Základní+,DE,14,10.707,83.356
Základní+,DE,15,12.363,91.46
Základní+,DE,16,12.233,83.541
Základní+,DE,17,11.01,72.488
Základní+,DE,18,10.746,65.236
Základní+,DE,19,10.869,77.379
Základní+,DE,20,10.504,72.331
Základní+,DE,21,9.741,58.77
Základní+,DE,22,9.981,68.428
Základní+,DE,23,10.09,50.99
Základní+,DE,24,10.007,71.395
Základní+,DE,25,10.024,66.505
Základní+,DE,26,10.007,73.366
Základní+,DE,27,9.994,67.421
Základní+,DE,28,9.969,79.423
Základní+,DE,29,9.999,82.78
Základní+,DE,30,9.986,81.382
Základní+,DE,31,10.019,67.221
Základní+,DE,32,9.99,71.614
Základní+,DE,33,9.989,70.991
Základní+,DE,34,10.042,85.352
Základní+,DE,35,10.03,82.833
Základní+,DE,36,10.044,78.425
Základní+,DE,37,10.223,82.319
Základní+,DE,38,10.308,85.742
Základní+,DE,39,10.333,84.704
Základní+,DE,40,10.775,66.034
Základní+,DE,41,10.693,83.479
Základní+,DE,42,10.834,86.127
Základní+,DE,43,11.854,97.558
Základní+,DE,44,12.176,106.171
Základní+,DE,45,12.498,112.11
Základní+,DE,46,12.182,107.654
Základní+,DE,47,12.67,100.6
Základní+,DE,48,13.147,106.053
Základní+,DE,49,12.836,109.729
Základní+,DE,50,13.098,98.388
Základní+,DE,51,13.088,99.932
Základní+,DE,52,12.145,95.023
Základní+,DK,1,1.347,95.746
Základní+,DK,2,1.119,97.745
Základní+,DK,3,1.1,92.514
Základní+,DK,4,1.114,106.407
Základní+,DK,5,1.287,113.17
Základní+,DK,6,1.242,104.103
Základní+,DK,7,1.231,110.304
Základní+,DK,8,1.155,89.273
Základní+,DK,9,1.152,94.035
Základní+,DK,10,1.069,81.982
Základní+,DK,11,1.129,95.859
Základní+,DK,12,1.123,93.587
Základní+,DK,13,1.022,88.761
Základní+,DK,14,0.986,85.079
Základní+,DK,15,1.061,91.101
Základní+,DK,16,1.057,86.285
Základní+,DK,17,0.98,78.103
Základní+,DK,18,0.99,60.459
Základní+,DK,19,0.947,81.545
Základní+,DK,20,0.952,65.618
Základní+,DK,21,0.887,61.655
Základní+,DK,22,0.896,66.174
Základní+,DK,23,0.934,42.639
Základní+,DK,24,0.901,64.54
Základní+,DK,25,0.908,55.679
Základní+,DK,26,0.89,65.058
Základní+,DK,27,0.866,64.444
Základní+,DK,28,0.865,81.918
Základní+,DK,29,0.869,83.947
Základní+,DK,30,0.857,84.125
Základní+,DK,31,0.905,68.061
Základní+,DK,32,0.884,74.623
Základní+,DK,33,0.893,75
Základní+,DK,34,0.894,87.817
Základní+,DK,35,0.908,83.177
Základní+,DK,36,0.909,80.616
Základní+,DK,37,0.918,84.682
Základní+,DK,38,0.924,87.552
Základní+,DK,39,0.942,85.433
Základní+,DK,40,0.971,65.682
Základní+,DK,41,0.972,84.908
Základní+,DK,42,1.006,86.237
Základní+,DK,43,1.075,95.699
Základní+,DK,44,1.06,102.045
Základní+,DK,45,1.075,107.659
Základní+,DK,46,1.05,101.556
Základní+,DK,47,1.071,96.381
Základní+,DK,48,1.129,102.249
Základní+,DK,49,1.141,105.442
Základní+,DK,50,1.114,98.98
Základní+,DK,51,1.124,98.203
Základní+,DK,52,1.113,93.441
Základní+,EE,1,0.269,110.66
Základní+,EE,2,0.232,105.144
Základní+,EE,3,0.224,108.199
Základní+,EE,4,0.224,105.482
Základní+,EE,5,0.239,107.207
Základní+,EE,6,0.235,103.673
Základní+,EE,7,0.227,107.86
Základní+,EE,8,0.218,105.667
Základní+,EE,9,0.218,95.983
Základní+,EE,10,0.211,101.527
Základní+,EE,11,0.214,105.868
Základní+,EE,12,0.211,97.959
Základní+,EE,13,0.207,101.188
Základní+,EE,14,0.205,88.168
Základní+,EE,15,0.205,88.325
Základní+,EE,16,0.204,93.742
Základní+,EE,17,0.188,90.788
Základní+,EE,18,0.18,59.174
Základní+,EE,19,0.187,94.24
Základní+,EE,20,0.175,68.308
Základní+,EE,21,0.167,60.066
Základní+,EE,22,0.166,51.086
Základní+,EE,23,0.167,44.477
Základní+,EE,24,0.161,51.288
Základní+,EE,25,0.161,40.318
Základní+,EE,26,0.158,65.338
Základní+,EE,27,0.157,61.776
Základní+,EE,28,0.155,83.091
Základní+,EE,29,0.155,87.222
Základní+,EE,30,0.152,90.836
Základní+,EE,31,0.163,73.212
Základní+,EE,32,0.164,99.889
Základní+,EE,33,0.164,90.887
Základní+,EE,34,0.164,94.044
Základní+,EE,35,0.166,86.251
Základní+,EE,36,0.167,76.051
Základní+,EE,37,0.169,91.332
Základní+,EE,38,0.172,88.954
Základní+,EE,39,0.18,73.081
Základní+,EE,40,0.182,43.455
Základní+,EE,41,0.182,97.876
Základní+,EE,42,0.196,85.035
Základní+,EE,43,0.202,102.335
Základní+,EE,44,0.216,111.415
Základní+,EE,45,0.221,110.401
Základní+,EE,46,0.213,98.233
Základní+,EE,47,0.217,88.214
Základní+,EE,48,0.222,115.898
Základní+,EE,49,0.232,108.63
Základní+,EE,50,0.228,107.534
Základní+,EE,51,0.221,102.101
Základní+,EE,52,0.208,87.042
Základní+,ES,1,5.764,80.472
Základní+,ES,2,5.658,82.829
Základní+,ES,3,5.351,75.784
Základní+,ES,4,5.798,84.016
Základní+,ES,5,6.016,83.645
Základní+,ES,6,5.739,71.776
Základní+,ES,7,5.778,80.134
Základní+,ES,8,5.213,69.74
Základní+,ES,9,5.07,54.229
Základní+,ES,10,4.885,64.606
Základní+,ES,11,5.084,61.493
Základní+,ES,12,5.442,70.155
Základní+,ES,13,4.668,68.713
Základní+,ES,14,4.802,72.453
Základní+,ES,15,5.122,77.065
Základní+,ES,16,5.168,57.471
Základní+,ES,17,4.985,57.282
Základní+,ES,18,4.878,68.92
Základní+,ES,19,5.007,70.704
Základní+,ES,20,4.853,67.667
Základní+,ES,21,4.921,64.768
Základní+,ES,22,5.031,70.65
Základní+,ES,23,5.075,57.628
Základní+,ES,24,4.916,62.729
Základní+,ES,25,5.171,65.91
Základní+,ES,26,5.702,74.745
Základní+,ES,27,5.282,66.481
Základní+,ES,28,5.505,75.505
Základní+,ES,29,6.35,83.166
Základní+,ES,30,6.017,79.26
Základní+,ES,31,5.183,68.165
Základní+,ES,32,5.408,75.547
Základní+,ES,33,5.492,74.304
Základní+,ES,34,5.006,72.551
Základní+,ES,35,5.282,77.254
Základní+,ES,36,5.27,78.656
Základní+,ES,37,5.048,80.168
Základní+,ES,38,5.014,70.03
Základní+,ES,39,4.98,78.121
Základní+,ES,40,4.9,60.277
Základní+,ES,41,4.797,81.524
Základní+,ES,42,4.891,77.726
Základní+,ES,43,4.886,78.641
Základní+,ES,44,4.817,78.718
Základní+,ES,45,5.168,81.499
Základní+,ES,46,5.207,82.293
Základní+,ES,47,5.138,79.291
Základní+,ES,48,5.257,79.293
Základní+,ES,49,5.277,84.102
Základní+,ES,50,5.342,78.1
Základní+,ES,51,5.521,78.198
Základní+,ES,52,4.966,58.602
Základní+,FI,1,2.597,107.327
Základní+,FI,2,2.202,102.569
Základní+,FI,3,2.128,103.525
Základní+,FI,4,2.04,97.204
Základní+,FI,5,2.099,94.495
Základní+,FI,6,2.179,103.75
Základní+,FI,7,2.104,104.69
Základní+,FI,8,2.054,102.301
Základní+,FI,9,2.058,95.148
Základní+,FI,10,2.032,102.658
Základní+,FI,11,2.01,102.782
Základní+,FI,12,2.002,99.624
Základní+,FI,13,1.951,101.51
Základní+,FI,14,1.983,96.984
Základní+,FI,15,1.98,94.579
Základní+,FI,16,1.937,97.17
Základní+,FI,17,1.818,94.585
Základní+,FI,18,1.763,88.154
Základní+,FI,19,1.759,97.684
Základní+,FI,20,1.683,64.593
Základní+,FI,21,1.595,51.239
Základní+,FI,22,1.606,42.289
Základní+,FI,23,1.608,39.36
Základní+,FI,24,1.558,48.495
Základní+,FI,25,1.44,42.168
Základní+,FI,26,1.515,57.58
Základní+,FI,27,1.532,59.839
Základní+,FI,28,1.517,83.412
Základní+,FI,29,1.508,86.67
Základní+,FI,30,1.506,92.486
Základní+,FI,31,1.541,73.553
Základní+,FI,32,1.56,97.731
Základní+,FI,33,1.568,89.549
Základní+,FI,34,1.566,97.014
Základní+,FI,35,1.593,86.482
Základní+,FI,36,1.609,79.494
Základní+,FI,37,1.6,93.866
Základní+,FI,38,1.64,88.268
Základní+,FI,39,1.739,75.992
Základní+,FI,40,1.764,50.525
Základní+,FI,41,1.743,96.103
Základní+,FI,42,1.863,81.927
Základní+,FI,43,1.919,100.607
Základní+,FI,44,2.014,106.611
Základní+,FI,45,2.065,105.963
Základní+,FI,46,1.988,95.481
Základní+,FI,47,1.999,86.943
Základní+,FI,48,2.091,110.049
Základní+,FI,49,2.158,101.259
Základní+,FI,50,2.121,104.208
Základní+,FI,51,2.071,99.788
Základní+,FI,52,1.932,83.495
Základní+,FR,1,13.011,73.964
Základní+,FR,2,10.994,64.01
Základní+,FR,3,10.618,61.169
Základní+,FR,4,11.351,83.712
Základní+,FR,5,13.849,95.963
Základní+,FR,6,12.628,85.556
Základní+,FR,7,13.001,88.264
Základní+,FR,8,11.003,67.352
Základní+,FR,9,10.084,54.623
Základní+,FR,10,9.614,48.571
Základní+,FR,11,10.563,74.315
Základní+,FR,12,11.513,83.754
Základní+,FR,13,9.452,72.704
Základní+,FR,14,8.98,73.895
Základní+,FR,15,10.255,82.819
Základní+,FR,16,10.295,72.096
Základní+,FR,17,9.285,63.623
Základní+,FR,18,9.137,54.555
Základní+,FR,19,8.479,65.824
Základní+,FR,20,8.225,59.381
Základní+,FR,21,8.098,56.95
Základní+,FR,22,8.395,61.479
Základní+,FR,23,7.897,25.362
Základní+,FR,24,7.738,58.173
Základní+,FR,25,7.91,56.482
Základní+,FR,26,9.124,70.099
Základní+,FR,27,8.446,63.899
Základní+,FR,28,9.325,75.233
Základní+,FR,29,9.052,77.578
Základní+,FR,30,8.368,72.09
Základní+,FR,31,7.446,64.229
Základní+,FR,32,8.192,66.229
Základní+,FR,33,8.282,67.935
Základní+,FR,34,7.367,78.109
Základní+,FR,35,8.417,78.911
Základní+,FR,36,8.892,71.57
Základní+,FR,37,7.954,68.88
Základní+,FR,38,7.937,68.584
Základní+,FR,39,8.114,77.861
Základní+,FR,40,8.459,42.426
Základní+,FR,41,8.246,75.864
Základní+,FR,42,8.217,71.307
Základní+,FR,43,8.686,77.849
Základní+,FR,44,8.932,80.6
Základní+,FR,45,10.505,83.529
Základní+,FR,46,10.064,84.878
Základní+,FR,47,10.457,75.186
Základní+,FR,48,11.285,79.485
Základní+,FR,49,11.26,82.675
Základní+,FR,50,11.247,73.518
Základní+,FR,51,11.452,75.906
Základní+,FR,52,11.267,58.205
Základní+,GB,1,8.062,78.451
Základní+,GB,2,6.887,59.636
Základní+,GB,3,6.752,63.787
Základní+,GB,4,7.071,83.712
Základní+,GB,5,7.861,91.928
Základní+,GB,6,8.183,85.73
Základní+,GB,7,8.424,91.577
Základní+,GB,8,7.458,75.544
Základní+,GB,9,7.421,75.378
Základní+,GB,10,6.5,55.824
Základní+,GB,11,6.936,83.225
Základní+,GB,12,7.225,84.63
Základní+,GB,13,6.475,77.426
Základní+,GB,14,5.832,78.663
Základní+,GB,15,6.342,83.915
Základní+,GB,16,6.375,77.731
Základní+,GB,17,6.11,75.457
Základní+,GB,18,5.702,47.482
Základní+,GB,19,5.529,77.548
Základní+,GB,20,5.195,55.854
Základní+,GB,21,4.971,72.169
Základní+,GB,22,4.966,72.388
Základní+,GB,23,4.996,29.324
Základní+,GB,24,5.063,56.633
Základní+,GB,25,5.027,45.141
Základní+,GB,26,4.981,60.092
Základní+,GB,27,5.001,75.212
Základní+,GB,28,4.958,75.499
Základní+,GB,29,5.375,83.97
Základní+,GB,30,5.271,76.783
Základní+,GB,31,5.176,72.922
Základní+,GB,32,4.969,64.211
Základní+,GB,33,5.11,59.923
Základní+,GB,34,5.267,82.864
Základní+,GB,35,5.123,81.767
Základní+,GB,36,5.354,74.25
Základní+,GB,37,5.342,67.379
Základní+,GB,38,5.44,82.041
Základní+,GB,39,5.441,82.752
Základní+,GB,40,5.828,45.311
Základní+,GB,41,5.809,60.771
Základní+,GB,42,5.788,75.244
Základní+,GB,43,5.997,81.525
Základní+,GB,44,6.4,83.685
Základní+,GB,45,6.718,74.308
Základní+,GB,46,6.626,78.588
Základní+,GB,47,6.792,75.024
Základní+,GB,48,7.081,80.29
Základní+,GB,49,6.978,71.059
Základní+,GB,50,7.096,83.288
Základní+,GB,51,7.243,80.02
Základní+,GB,52,7.132,73.505
Základní+,GR,1,1.19,82.152
Základní+,GR,2,1.121,85.077
Základní+,GR,3,1.04,84.972
Základní+,GR,4,1.206,84.764
Základní+,GR,5,1.189,84.961
Základní+,GR,6,1.067,83.622
Základní+,GR,7,0.994,80.215
Základní+,GR,8,0.941,73.799
Základní+,GR,9,0.938,70.291
Základní+,GR,10,0.91,64.761
Základní+,GR,11,0.981,80.823
Základní+,GR,12,0.965,72.638
Základní+,GR,13,0.907,66.889
Základní+,GR,14,0.849,64.527
Základní+,GR,15,0.937,65.458
Základní+,GR,16,0.911,59.557
Základní+,GR,17,0.903,58.557
Základní+,GR,18,0.892,72.588
Základní+,GR,19,0.912,75.873
Základní+,GR,20,0.909,72.372
Základní+,GR,21,0.9,60.866
Základní+,GR,22,0.938,68.151
Základní+,GR,23,1.029,59.708
Základní+,GR,24,1.228,77.331
Základní+,GR,25,1.366,75.228
Základní+,GR,26,1.29,76.616
Základní+,GR,27,1.244,75.861
Základní+,GR,28,1.152,79.923
Základní+,GR,29,1.401,82.423
Základní+,GR,30,1.357,81.065
Základní+,GR,31,1.382,76.867
Základní+,GR,32,1.15,63.814
Základní+,GR,33,1.071,75.471
Základní+,GR,34,1.195,80.191
Základní+,GR,35,0.972,68.71
Základní+,GR,36,0.981,78.289
Základní+,GR,37,1.01,76.801
Základní+,GR,38,0.981,80.582
Základní+,GR,39,0.957,80.722
Základní+,GR,40,1.014,78.206
Základní+,GR,41,0.959,77.389
Základní+,GR,42,0.946,83.714
Základní+,GR,43,0.938,82.56
Základní+,GR,44,0.946,84.184
Základní+,GR,45,0.982,83.658
Základní+,GR,46,1.005,84.283
Základní+,GR,47,1.046,79.991
Základní+,GR,48,1.129,83.813
Základní+,GR,49,1.143,84.982
Základní+,GR,50,1.09,82.452
Základní+,GR,51,1.078,83.729
Základní+,GR,52,1.015,84.574
Základní+,HR,1,0.36,93.058
Základní+,HR,2,0.329,99.233
Základní+,HR,3,0.317,97.079
Základní+,HR,4,0.34,105.806
Základní+,HR,5,0.389,102.384
Základní+,HR,6,0.359,94.764
Základní+,HR,7,0.322,98.094
Základní+,HR,8,0.308,81.98
Základní+,HR,9,0.298,83.842
Základní+,HR,10,0.291,74.924
Základní+,HR,11,0.324,88.806
Základní+,HR,12,0.319,86.317
Základní+,HR,13,0.283,77.882
Základní+,HR,14,0.282,81.048
Základní+,HR,15,0.305,80.024
Základní+,HR,16,0.299,76.168
Základní+,HR,17,0.283,70.305
Základní+,HR,18,0.278,75.111
Základní+,HR,19,0.284,80.326
Základní+,HR,20,0.283,72.941
Základní+,HR,21,0.279,63.729
Základní+,HR,22,0.281,72.463
Základní+,HR,23,0.296,64.307
Základní+,HR,24,0.324,77.664
Základní+,HR,25,0.316,71.016
Základní+,HR,26,0.361,83.805
Základní+,HR,27,0.325,77.319
Základní+,HR,28,0.335,80.905
Základní+,HR,29,0.371,82.219
Základní+,HR,30,0.328,81.86
Základní+,HR,31,0.325,76.384
Základní+,HR,32,0.32,73.076
Základní+,HR,33,0.314,78.047
Základní+,HR,34,0.303,82.9
Základní+,HR,35,0.29,76.81
Základní+,HR,36,0.294,78.524
Základní+,HR,37,0.291,82.055
Základní+,HR,38,0.294,84.168
Základní+,HR,39,0.291,83.825
Základní+,HR,40,0.289,81.832
Základní+,HR,41,0.28,83.694
Základní+,HR,42,0.287,88.308
Základní+,HR,43,0.294,88.733
Základní+,HR,44,0.308,92.396
Základní+,HR,45,0.33,94.454
Základní+,HR,46,0.335,98.491
Základní+,HR,47,0.327,92.322
Základní+,HR,48,0.346,96.696
Základní+,HR,49,0.347,97.818
Základní+,HR,50,0.336,92.318
Základní+,HR,51,0.331,92.642
Základní+,HR,52,0.329,87.944
Základní+,HU,1,1.101,97.674
Základní+,HU,2,1.047,102.921
Základní+,HU,3,1.03,99.873
Základní+,HU,4,1.07,109.617
Základní+,HU,5,1.117,108.532
Základní+,HU,6,1.052,98.583
Základní+,HU,7,1.008,104.38
Základní+,HU,8,0.992,84.858
Základní+,HU,9,0.967,85.995
Základní+,HU,10,0.981,77.586
Základní+,HU,11,0.984,95.134
Základní+,HU,12,0.995,89.803
Základní+,HU,13,0.89,79.316
Základní+,HU,14,0.925,82.119
Základní+,HU,15,0.99,82.478
Základní+,HU,16,0.968,79.175
Základní+,HU,17,0.932,69.472
Základní+,HU,18,0.892,76.813
Základní+,HU,19,0.942,81.601
Základní+,HU,20,0.923,74.361
Základní+,HU,21,0.899,64.33
Základní+,HU,22,0.925,73.229
Základní+,HU,23,0.937,64.035
Základní+,HU,24,0.967,76.331
Základní+,HU,25,0.948,70.5
Základní+,HU,26,1.058,82.367
Základní+,HU,27,0.948,77.855
Základní+,HU,28,0.991,81.279
Základní+,HU,29,1.003,82.466
Základní+,HU,30,0.95,82.422
Základní+,HU,31,0.959,73.53
Základní+,HU,32,0.946,73.329
Základní+,HU,33,0.947,78.498
Základní+,HU,34,0.908,84.173
Základní+,HU,35,0.932,77.166
Základní+,HU,36,0.937,78.852
Základní+,HU,37,0.936,82.993
Základní+,HU,38,0.94,85.801
Základní+,HU,39,0.946,85.008
Základní+,HU,40,0.942,82.813
Základní+,HU,41,0.95,85.681
Základní+,HU,42,0.957,91.962
Základní+,HU,43,0.944,93.567
Základní+,HU,44,0.972,99.992
Základní+,HU,45,1.047,102.976
Základní+,HU,46,1.023,104.886
Základní+,HU,47,1.029,100.074
Základní+,HU,48,1.067,104.82
Základní+,HU,49,1.044,106.246
Základní+,HU,50,1.051,98.086
Základní+,HU,51,1.013,97.974
Základní+,HU,52,0.909,91.891
Základní+,IE,1,0.985,78.458
Základní+,IE,2,0.875,62.752
Základní+,IE,3,0.879,63.57
Základní+,IE,4,0.886,82.596
Základní+,IE,5,0.873,94.059
Základní+,IE,6,0.923,85.313
Základní+,IE,7,0.926,88.448
Základní+,IE,8,0.906,76.418
Základní+,IE,9,0.904,74.551
Základní+,IE,10,0.861,71.231
Základní+,IE,11,0.869,83.5
Základní+,IE,12,0.871,84.914
Základní+,IE,13,0.844,76.481
Základní+,IE,14,0.813,78.072
Základní+,IE,15,0.832,83.574
Základní+,IE,16,0.838,79.397
Základní+,IE,17,0.825,74.486
Základní+,IE,18,0.805,56.125
Základní+,IE,19,0.771,78.58
Základní+,IE,20,0.775,61.883
Základní+,IE,21,0.751,79.443
Základní+,IE,22,0.756,74.457
Základní+,IE,23,0.75,57.164
Základní+,IE,24,0.759,72.368
Základní+,IE,25,0.767,41.726
Základní+,IE,26,0.754,61.084
Základní+,IE,27,0.751,79.925
Základní+,IE,28,0.75,79.308
Základní+,IE,29,0.749,83.698
Základní+,IE,30,0.753,81.703
Základní+,IE,31,0.751,74.124
Základní+,IE,32,0.743,70.323
Základní+,IE,33,0.752,71.857
Základní+,IE,34,0.757,83.753
Základní+,IE,35,0.762,81.665
Základní+,IE,36,0.767,82.997
Základní+,IE,37,0.765,69.278
Základní+,IE,38,0.77,81.782
Základní+,IE,39,0.775,83.028
Základní+,IE,40,0.797,66.974
Základní+,IE,41,0.785,61.556
Základní+,IE,42,0.787,83.083
Základní+,IE,43,0.803,82.495
Základní+,IE,44,0.82,84.485
Základní+,IE,45,0.852,72.805
Základní+,IE,46,0.854,80.878
Základní+,IE,47,0.883,75.122
Základní+,IE,48,0.881,79.086
Základní+,IE,49,0.874,73.844
Základní+,IE,50,0.895,82.513
Základní+,IE,51,0.907,81.187
Základní+,IE,52,0.86,73.306
Základní+,IT,1,6.403,84.007
Základní+,IT,2,6.622,85.084
Základní+,IT,3,6.412,84.773
Základní+,IT,4,6.666,84.745
Základní+,IT,5,7.456,85.401
Základní+,IT,6,6.886,84.469
Základní+,IT,7,6.426,84.859
Základní+,IT,8,6.25,82.232
Základní+,IT,9,6.09,81.341
Základní+,IT,10,5.953,72.377
Základní+,IT,11,6.3,84.278
Základní+,IT,12,6.448,81.662
Základní+,IT,13,5.87,77.203
Základní+,IT,14,5.58,77.367
Základní+,IT,15,6.09,78.697
Základní+,IT,16,5.983,74.4
Základní+,IT,17,5.512,76.741
Základní+,IT,18,5.494,72.986
Základní+,IT,19,5.893,79.628
Základní+,IT,20,5.811,66.422
Základní+,IT,21,5.908,60.781
Základní+,IT,22,6.219,71.135
Základní+,IT,23,6.253,61.019
Základní+,IT,24,6.535,76.12
Základní+,IT,25,6.604,67.642
Základní+,IT,26,7.779,82.392
Základní+,IT,27,6.747,76.366
Základní+,IT,28,7.079,79.508
Základní+,IT,29,7.746,79.788
Základní+,IT,30,7.062,79.908
Základní+,IT,31,6.229,73.05
Základní+,IT,32,5.571,69.933
Základní+,IT,33,5.418,72.477
Základní+,IT,34,5.675,79.94
Základní+,IT,35,5.603,75.665
Základní+,IT,36,6.484,80.539
Základní+,IT,37,6.172,81.119
Základní+,IT,38,6.067,82.09
Základní+,IT,39,6.043,83.127
Základní+,IT,40,5.92,79.505
Základní+,IT,41,5.885,83.484
Základní+,IT,42,5.981,83.988
Základní+,IT,43,5.99,82.997
Základní+,IT,44,5.737,83.256
Základní+,IT,45,6.542,84.137
Základní+,IT,46,6.509,84.573
Základní+,IT,47,6.388,84.816
Základní+,IT,48,6.718,84.439
Základní+,IT,49,6.932,85.054
Základní+,IT,50,6.61,84.904
Základní+,IT,51,6.465,84.585
Základní+,IT,52,5.378,84.471
Základní+,LT,1,0.443,108.031
Základní+,LT,2,0.345,99.843
Základní+,LT,3,0.336,104.644
Základní+,LT,4,0.354,105.171
Základní+,LT,5,0.399,110.856
Základní+,LT,6,0.349,92.703
Základní+,LT,7,0.326,104.99
Základní+,LT,8,0.32,100.637
Základní+,LT,9,0.308,88.753
Základní+,LT,10,0.285,88.924
Základní+,LT,11,0.312,102.409
Základní+,LT,12,0.304,86.183
Základní+,LT,13,0.284,95.117
Základní+,LT,14,0.264,68.998
Základní+,LT,15,0.292,71.5
Základní+,LT,16,0.279,84.523
Základní+,LT,17,0.26,76.741
Základní+,LT,18,0.243,35.346
Základní+,LT,19,0.266,90.277
Základní+,LT,20,0.26,66.288
Základní+,LT,21,0.251,59.314
Základní+,LT,22,0.249,54.783
Základní+,LT,23,0.259,40.321
Základní+,LT,24,0.269,48.825
Základní+,LT,25,0.259,37.177
Základní+,LT,26,0.287,63.463
Základní+,LT,27,0.266,61.98
Základní+,LT,28,0.293,81.405
Základní+,LT,29,0.288,86.119
Základní+,LT,30,0.281,88.079
Základní+,LT,31,0.273,64.07
Základní+,LT,32,0.271,94.845
Základní+,LT,33,0.272,86.866
Základní+,LT,34,0.267,87.734
Základní+,LT,35,0.26,78.504
Základní+,LT,36,0.257,69.579
Základní+,LT,37,0.258,84.751
Základní+,LT,38,0.257,82.399
Základní+,LT,39,0.261,67.051
Základní+,LT,40,0.267,24.614
Základní+,LT,41,0.269,94.933
Základní+,LT,42,0.294,78.982
Základní+,LT,43,0.305,98.339
Základní+,LT,44,0.309,108.832
Základní+,LT,45,0.334,108.872
Základní+,LT,46,0.309,96.289
Základní+,LT,47,0.334,85.282
Základní+,LT,48,0.338,112.111
Základní+,LT,49,0.351,108.344
Základní+,LT,50,0.344,101.877
Základní+,LT,51,0.334,92.653
Základní+,LT,52,0.323,87.006
Základní+,LU,1,0.181,101.908
Základní+,LU,2,0.16,105.04
Základní+,LU,3,0.16,99.064
Základní+,LU,4,0.166,116.995
Základní+,LU,5,0.19,122.34
Základní+,LU,6,0.174,110.546
Základní+,LU,7,0.182,120.385
Základní+,LU,8,0.167,91.484
Základní+,LU,9,0.156,98.398
Základní+,LU,10,0.154,83.324
Základní+,LU,11,0.162,102.382
Základní+,LU,12,0.166,100.531
Základní+,LU,13,0.147,89.131
Základní+,LU,14,0.14,87.754
Základní+,LU,15,0.149,96.842
Základní+,LU,16,0.151,89.017
Základní+,LU,17,0.143,77.138
Základní+,LU,18,0.139,68.294
Základní+,LU,19,0.138,82.465
Základní+,LU,20,0.137,77.485
Základní+,LU,21,0.134,63.497
Základní+,LU,22,0.138,73.412
Základní+,LU,23,0.139,54.648
Základní+,LU,24,0.138,76.517
Základní+,LU,25,0.137,71.007
Základní+,LU,26,0.139,78.079
Základní+,LU,27,0.138,71.895
Základní+,LU,28,0.141,84.41
Základní+,LU,29,0.137,88.025
Základní+,LU,30,0.135,86.752
Základní+,LU,31,0.128,71.842
Základní+,LU,32,0.127,76.844
Základní+,LU,33,0.13,76.361
Základní+,LU,34,0.13,90.816
Základní+,LU,35,0.132,88.154
Základní+,LU,36,0.137,83.35
Základní+,LU,37,0.138,87.711
Základní+,LU,38,0.14,90.962
Základní+,LU,39,0.142,89.895
Základní+,LU,40,0.145,69.781
Základní+,LU,41,0.142,88.594
Základní+,LU,42,0.145,91.545
Základní+,LU,43,0.151,103.589
Základní+,LU,44,0.154,112.395
Základní+,LU,45,0.157,118.555
Základní+,LU,46,0.155,113.869
Základní+,LU,47,0.156,106.379
Základní+,LU,48,0.161,112.193
Základní+,LU,49,0.166,116.159
Základní+,LU,50,0.163,104.232
Základní+,LU,51,0.158,105.635
Základní+,LU,52,0.152,100.664
Základní+,LV,1,0.188,107.246
Základní+,LV,2,0.158,100.524
Základní+,LV,3,0.153,103.297
Základní+,LV,4,0.154,103.916
Základní+,LV,5,0.166,107.669
Základní+,LV,6,0.161,94.036
Základní+,LV,7,0.154,103.718
Základní+,LV,8,0.152,100.343
Základní+,LV,9,0.148,89.373
Základní+,LV,10,0.142,89.831
Základní+,LV,11,0.148,100.492
Základní+,LV,12,0.145,86.505
Základní+,LV,13,0.142,92.918
Základní+,LV,14,0.135,69.212
Základní+,LV,15,0.141,68.661
Základní+,LV,16,0.139,84.414
Základní+,LV,17,0.131,76.57
Základní+,LV,18,0.124,36.318
Základní+,LV,19,0.129,89.123
Základní+,LV,20,0.125,66.286
Základní+,LV,21,0.122,60.156
Základní+,LV,22,0.12,53.969
Základní+,LV,23,0.119,42.973
Základní+,LV,24,0.119,50.186
Základní+,LV,25,0.12,38.42
Základní+,LV,26,0.121,65.718
Základní+,LV,27,0.119,64.167
Základní+,LV,28,0.121,80.522
Základní+,LV,29,0.122,85.538
Základní+,LV,30,0.12,86.772
Základní+,LV,31,0.124,69.155
Základní+,LV,32,0.124,95.755
Základní+,LV,33,0.125,87.34
Základní+,LV,34,0.125,88.562
Základní+,LV,35,0.124,82.063
Základní+,LV,36,0.125,71.686
Základní+,LV,37,0.126,85.422
Základní+,LV,38,0.126,82.869
Základní+,LV,39,0.127,68.453
Základní+,LV,40,0.134,26.217
Základní+,LV,41,0.134,94.128
Základní+,LV,42,0.141,79.091
Základní+,LV,43,0.144,97.173
Základní+,LV,44,0.15,106.986
Základní+,LV,45,0.153,107.296
Základní+,LV,46,0.148,95.55
Základní+,LV,47,0.151,85.188
Základní+,LV,48,0.152,110.595
Základní+,LV,49,0.158,106.5
Základní+,LV,50,0.156,101.802
Základní+,LV,51,0.151,93.179
Základní+,LV,52,0.15,86.39
Základní+,ME,1,0.076,90.496
Základní+,ME,2,0.071,92.535
Základní+,ME,3,0.066,92.483
Základní+,ME,4,0.072,93.403
Základní+,ME,5,0.083,92.978
Základní+,ME,6,0.076,90.886
Základní+,ME,7,0.067,92.235
Základní+,ME,8,0.063,77.645
Základní+,ME,9,0.061,80.783
Základní+,ME,10,0.06,71.823
Základní+,ME,11,0.063,86.836
Základní+,ME,12,0.063,84.547
Základní+,ME,13,0.057,76.825
Základní+,ME,14,0.056,74.044
Základní+,ME,15,0.061,74.07
Základní+,ME,16,0.059,58.815
Základní+,ME,17,0.056,65.408
Základní+,ME,18,0.053,68.877
Základní+,ME,19,0.055,76.308
Základní+,ME,20,0.055,63.621
Základní+,ME,21,0.054,61.072
Základní+,ME,22,0.054,71.708
Základní+,ME,23,0.054,62.335
Základní+,ME,24,0.061,76.441
Základní+,ME,25,0.064,70.255
Základní+,ME,26,0.071,85.985
Základní+,ME,27,0.065,77.58
Základní+,ME,28,0.061,81.88
Základní+,ME,29,0.073,82.415
Základní+,ME,30,0.067,83.546
Základní+,ME,31,0.068,75.813
Základní+,ME,32,0.066,74.044
Základní+,ME,33,0.064,77.858
Základní+,ME,34,0.063,82.506
Základní+,ME,35,0.058,75.977
Základní+,ME,36,0.056,78.817
Základní+,ME,37,0.056,81.743
Základní+,ME,38,0.056,83.653
Základní+,ME,39,0.055,84.132
Základní+,ME,40,0.054,74.682
Základní+,ME,41,0.053,83.805
Základní+,ME,42,0.053,88.32
Základní+,ME,43,0.054,86.862
Základní+,ME,44,0.057,83.3
Základní+,ME,45,0.064,85.059
Základní+,ME,46,0.066,89.838
Základní+,ME,47,0.066,85.541
Základní+,ME,48,0.07,85.621
Základní+,ME,49,0.072,87.427
Základní+,ME,50,0.071,85.214
Základní+,ME,51,0.07,86.95
Základní+,ME,52,0.07,83.911
Základní+,MK,1,0.197,88.062
Základní+,MK,2,0.181,91.864
Základní+,MK,3,0.163,90.031
Základní+,MK,4,0.188,92.654
Základní+,MK,5,0.2,90.323
Základní+,MK,6,0.181,88.895
Základní+,MK,7,0.158,86.367
Základní+,MK,8,0.151,78.229
Základní+,MK,9,0.144,75.559
Základní+,MK,10,0.141,70.183
Základní+,MK,11,0.153,86.806
Základní+,MK,12,0.15,77.259
Základní+,MK,13,0.129,72.119
Základní+,MK,14,0.127,68.326
Základní+,MK,15,0.152,71.682
Základní+,MK,16,0.14,64.008
Základní+,MK,17,0.129,64.305
Základní+,MK,18,0.123,76.725
Základní+,MK,19,0.125,79.419
Základní+,MK,20,0.125,75.719
Základní+,MK,21,0.126,65.621
Základní+,MK,22,0.116,71.495
Základní+,MK,23,0.113,63.142
Základní+,MK,24,0.123,77.167
Základní+,MK,25,0.125,72.05
Základní+,MK,26,0.125,80.426
Základní+,MK,27,0.118,78.071
Základní+,MK,28,0.116,82.379
Základní+,MK,29,0.131,81.736
Základní+,MK,30,0.123,83.698
Základní+,MK,31,0.124,77.743
Základní+,MK,32,0.118,67.773
Základní+,MK,33,0.117,77.268
Základní+,MK,34,0.119,81.033
Základní+,MK,35,0.114,72.817
Základní+,MK,36,0.114,77.914
Základní+,MK,37,0.114,79.012
Základní+,MK,38,0.116,83.921
Základní+,MK,39,0.119,84.911
Základní+,MK,40,0.119,80.139
Základní+,MK,41,0.123,82.127
Základní+,MK,42,0.128,88.408
Základní+,MK,43,0.13,86.176
Základní+,MK,44,0.135,88.485
Základní+,MK,45,0.158,88.522
Základní+,MK,46,0.172,89.619
Základní+,MK,47,0.177,86.664
Základní+,MK,48,0.191,89.097
Základní+,MK,49,0.189,91.184
Základní+,MK,50,0.187,87.753
Základní+,MK,51,0.186,89.575
Základní+,MK,52,0.183,88.818
Základní+,NL,1,3.612,92.61
Základní+,NL,2,3.26,95.644
Základní+,NL,3,3.288,86.166
Základní+,NL,4,3.276,105.181
Základní+,NL,5,3.405,110.963
Základní+,NL,6,3.365,100.912
Základní+,NL,7,3.347,105.213
Základní+,NL,8,3.176,84.098
Základní+,NL,9,3.147,91.007
Základní+,NL,10,3.081,77.538
Základní+,NL,11,3.157,87.57
Základní+,NL,12,3.125,89.953
Základní+,NL,13,3.001,80.633
Základní+,NL,14,2.937,80.156
Základní+,NL,15,3.05,83.206
Základní+,NL,16,2.989,77.564
Základní+,NL,17,2.871,71.017
Základní+,NL,18,2.815,56.713
Základní+,NL,19,2.849,69.674
Základní+,NL,20,2.829,70.237
Základní+,NL,21,2.822,56.899
Základní+,NL,22,2.814,69.901
Základní+,NL,23,2.756,49.706
Základní+,NL,24,2.747,65.869
Základní+,NL,25,2.767,64.424
Základní+,NL,26,2.822,71.097
Základní+,NL,27,2.814,65.027
Základní+,NL,28,2.921,76.904
Základní+,NL,29,2.744,82.912
Základní+,NL,30,2.663,80.08
Základní+,NL,31,2.605,69.909
Základní+,NL,32,2.712,68.44
Základní+,NL,33,2.795,70.145
Základní+,NL,34,2.735,83.493
Základní+,NL,35,2.755,82.17
Základní+,NL,36,2.802,77.241
Základní+,NL,37,2.752,77.267
Základní+,NL,38,2.75,84.366
Základní+,NL,39,2.793,83.282
Základní+,NL,40,2.891,64.979
Základní+,NL,41,2.904,82.127
Základní+,NL,42,2.869,84.513
Základní+,NL,43,2.939,89.976
Základní+,NL,44,3.009,95.735
Základní+,NL,45,3.017,100.489
Základní+,NL,46,3.044,99.617
Základní+,NL,47,3.105,92.377
Základní+,NL,48,3.203,97.427
Základní+,NL,49,3.222,103.205
Základní+,NL,50,3.28,90.917
Základní+,NL,51,3.25,96.924
Základní+,NL,52,3.231,91.915
Základní+,NO,1,4.49,100.626
Základní+,NO,2,3.615,100.587
Základní+,NO,3,3.592,100.587
Základní+,NO,4,3.345,100.587
Základní+,NO,5,3.558,100.766
Základní+,NO,6,4.064,102.258
Základní+,NO,7,3.96,101.665
Základní+,NO,8,3.645,100.587
Základní+,NO,9,3.708,100.762
Základní+,NO,10,3.396,100.587
Základní+,NO,11,3.335,100.587
Základní+,NO,12,3.442,100.587
Základní+,NO,13,3.156,100.587
Základní+,NO,14,2.925,100.587
Základní+,NO,15,3.099,100.587
Základní+,NO,16,3.102,100.587
Základní+,NO,17,2.918,100.089
Základní+,NO,18,2.726,90.956
Základní+,NO,19,2.522,93.777
Základní+,NO,20,2.446,63.684
Základní+,NO,21,2.321,47.995
Základní+,NO,22,2.305,41.618
Základní+,NO,23,2.359,24.957
Základní+,NO,24,2.302,43.37
Základní+,NO,25,2.254,35.046
Základní+,NO,26,2.252,55.958
Základní+,NO,27,2.205,65.373
Základní+,NO,28,2.129,84.808
Základní+,NO,29,2.1,88.703
Základní+,NO,30,2.121,91.883
Základní+,NO,31,2.192,78.808
Základní+,NO,32,2.185,89.289
Základní+,NO,33,2.184,83.432
Základní+,NO,34,2.224,93.204
Základní+,NO,35,2.293,88.901
Základní+,NO,36,2.298,92.643
Základní+,NO,37,2.344,93.122
Základní+,NO,38,2.4,92.686
Základní+,NO,39,2.539,90.634
Základní+,NO,40,2.709,73.647
Základní+,NO,41,2.718,98.479
Základní+,NO,42,2.935,98.431
Základní+,NO,43,3.097,100.587
Základní+,NO,44,2.988,100.587
Základní+,NO,45,3.132,100.587
Základní+,NO,46,3.073,99.625
Základní+,NO,47,3.074,98.064
Základní+,NO,48,3.347,100.587
Základní+,NO,49,3.573,100.587
Základní+,NO,50,3.506,100.587
Základní+,NO,51,3.537,100.587
Základní+,NO,52,3.494,100.587
Základní+,PL,1,4.111,105.102
Základní+,PL,2,3.73,105.741
Základní+,PL,3,3.571,107.581
Základní+,PL,4,3.592,111.269
Základní+,PL,5,3.96,112.921
Základní+,PL,6,3.684,106.039
Základní+,PL,7,3.369,114.172
Základní+,PL,8,3.375,95.705
Základní+,PL,9,3.384,100.589
Základní+,PL,10,3.334,93.441
Základní+,PL,11,3.475,111.723
Základní+,PL,12,3.416,101.077
Základní+,PL,13,3.118,100.204
Základní+,PL,14,3.124,92.214
Základní+,PL,15,3.371,102.325
Základní+,PL,16,3.294,89.535
Základní+,PL,17,3.137,85.21
Základní+,PL,18,2.692,69.555
Základní+,PL,19,3.179,97.035
Základní+,PL,20,3.146,89.279
Základní+,PL,21,3.07,77.74
Základní+,PL,22,2.883,86.142
Základní+,PL,23,3.015,73.464
Základní+,PL,24,3.053,90.772
Základní+,PL,25,3.09,79.02
Základní+,PL,26,3.198,93.2
Základní+,PL,27,3.025,81.189
Základní+,PL,28,3.204,99.754
Základní+,PL,29,3.107,95.456
Základní+,PL,30,2.936,93.3
Základní+,PL,31,2.933,74.112
Základní+,PL,32,2.931,93.26
Základní+,PL,33,3.007,91.62
Základní+,PL,34,3.083,98.076
Základní+,PL,35,3.03,93.383
Základní+,PL,36,3.016,87.671
Základní+,PL,37,3.033,95.617
Základní+,PL,38,3.055,92.013
Základní+,PL,39,3.126,97.456
Základní+,PL,40,3.196,78.394
Základní+,PL,41,3.214,102.607
Základní+,PL,42,3.282,102.633
Základní+,PL,43,3.353,103.438
Základní+,PL,44,3.267,110.875
Základní+,PL,45,3.567,113.713
Základní+,PL,46,3.493,111.691
Základní+,PL,47,3.577,106.226
Základní+,PL,48,3.804,112.112
Základní+,PL,49,3.735,112.834
Základní+,PL,50,3.662,109.515
Základní+,PL,51,3.489,106.468
Základní+,PL,52,3.103,101.597
Základní+,PT,1,1.359,66.068
Základní+,PT,2,1.215,69.791
Základní+,PT,3,1.223,63.393
Základní+,PT,4,1.289,63.974
Základní+,PT,5,1.303,65.521
Základní+,PT,6,1.248,57.748
Základní+,PT,7,1.258,66.391
Základní+,PT,8,1.22,59.867
Základní+,PT,9,1.198,46.894
Základní+,PT,10,1.162,51.309
Základní+,PT,11,1.207,57.852
Základní+,PT,12,1.245,60.706
Základní+,PT,13,1.162,54.825
Základní+,PT,14,1.164,66.791
Základní+,PT,15,1.187,80.721
Základní+,PT,16,1.234,71.811
Základní+,PT,17,1.225,61.419
Základní+,PT,18,1.221,75.87
Základní+,PT,19,1.197,71.144
Základní+,PT,20,1.202,65.454
Základní+,PT,21,1.206,66.749
Základní+,PT,22,1.178,73.99
Základní+,PT,23,1.186,63.336
Základní+,PT,24,1.21,72.946
Základní+,PT,25,1.235,76.246
Základní+,PT,26,1.236,77.233
Základní+,PT,27,1.288,77.545
Základní+,PT,28,1.258,80.82
Základní+,PT,29,1.273,83.534
Základní+,PT,30,1.276,79.132
Základní+,PT,31,1.225,75.097
Základní+,PT,32,1.209,76.187
Základní+,PT,33,1.245,78.573
Základní+,PT,34,1.221,76.61
Základní+,PT,35,1.263,82.912
Základní+,PT,36,1.203,83.434
Základní+,PT,37,1.182,81.71
Základní+,PT,38,1.205,76.875
Základní+,PT,39,1.193,83.534
Základní+,PT,40,1.125,77.109
Základní+,PT,41,1.126,83.636
Základní+,PT,42,1.113,80.627
Základní+,PT,43,1.1,83.037
Základní+,PT,44,1.127,80.886
Základní+,PT,45,1.184,81.249
Základní+,PT,46,1.176,82.831
Základní+,PT,47,1.157,85.476
Základní+,PT,48,1.185,81.756
Základní+,PT,49,1.173,85.769
Základní+,PT,50,1.215,83.336
Základní+,PT,51,1.236,84.528
Základní+,PT,52,1.177,77.714
Základní+,RO,1,1.287,88.683
Základní+,RO,2,1.192,91.973
Základní+,RO,3,1.167,89.18
Základní+,RO,4,1.205,93.996
Základní+,RO,5,1.277,84.604
Základní+,RO,6,1.238,85.313
Základní+,RO,7,1.189,88.065
Základní+,RO,8,1.111,72.921
Základní+,RO,9,1.052,70.072
Základní+,RO,10,1.054,65.801
Základní+,RO,11,1.129,86.552
Základní+,RO,12,1.111,75.053
Základní+,RO,13,1.045,69.364
Základní+,RO,14,0.954,63.776
Základní+,RO,15,1.05,65.513
Základní+,RO,16,1.037,61.711
Základní+,RO,17,1.001,61.049
Základní+,RO,18,0.959,75.906
Základní+,RO,19,1.013,74.143
Základní+,RO,20,1.002,74.175
Základní+,RO,21,0.973,63.305
Základní+,RO,22,0.934,68.495
Základní+,RO,23,0.991,59.836
Základní+,RO,24,1.032,71.094
Základní+,RO,25,1.049,66.643
Základní+,RO,26,1.076,73.715
Základní+,RO,27,1.071,75.762
Základní+,RO,28,1.021,72.36
Základní+,RO,29,1.096,73.34
Základní+,RO,30,1.027,81.445
Základní+,RO,31,1.046,66.322
Základní+,RO,32,0.975,64.874
Základní+,RO,33,0.93,72.763
Základní+,RO,34,0.996,75.161
Základní+,RO,35,0.965,62.146
Základní+,RO,36,0.98,71.292
Základní+,RO,37,0.989,70.992
Základní+,RO,38,0.995,81.131
Základní+,RO,39,0.992,78.433
Základní+,RO,40,1.021,72.375
Základní+,RO,41,1.017,78.012
Základní+,RO,42,1.063,85.816
Základní+,RO,43,1.069,81.833
Základní+,RO,44,1.127,83.236
Základní+,RO,45,1.165,84.977
Základní+,RO,46,1.146,89.79
Základní+,RO,47,1.179,81.313
Základní+,RO,48,1.177,86.579
Základní+,RO,49,1.197,89.198
Základní+,RO,50,1.181,83.458
Základní+,RO,51,1.182,87.868
Základní+,RO,52,1.05,87.195
Základní+,RS,1,1.127,98.857
Základní+,RS,2,1.042,106.168
Základní+,RS,3,0.997,104.269
Základní+,RS,4,1.104,112.872
Základní+,RS,5,1.189,105.919
Základní+,RS,6,1.12,101.285
Základní+,RS,7,0.975,101.073
Základní+,RS,8,0.933,82.402
Základní+,RS,9,0.896,85.59
Základní+,RS,10,0.885,76.219
Základní+,RS,11,0.962,91.107
Základní+,RS,12,0.927,90.09
Základní+,RS,13,0.832,81.981
Základní+,RS,14,0.778,77.74
Základní+,RS,15,0.89,81.209
Základní+,RS,16,0.845,63.562
Základní+,RS,17,0.79,72.061
Základní+,RS,18,0.745,78.722
Základní+,RS,19,0.795,83.909
Základní+,RS,20,0.795,76.762
Základní+,RS,21,0.785,67.641
Základní+,RS,22,0.74,77.204
Základní+,RS,23,0.734,67.364
Základní+,RS,24,0.775,80.587
Základní+,RS,25,0.771,73.876
Základní+,RS,26,0.806,89.637
Základní+,RS,27,0.746,81.396
Základní+,RS,28,0.743,85.838
Základní+,RS,29,0.796,84.629
Základní+,RS,30,0.745,87.14
Základní+,RS,31,0.75,78.712
Základní+,RS,32,0.719,77.683
Základní+,RS,33,0.72,81.303
Základní+,RS,34,0.717,85.196
Základní+,RS,35,0.724,78.331
Základní+,RS,36,0.739,80.74
Základní+,RS,37,0.738,84.238
Základní+,RS,38,0.755,88.249
Základní+,RS,39,0.776,89.526
Základní+,RS,40,0.781,81.09
Základní+,RS,41,0.806,89.076
Základní+,RS,42,0.828,94.869
Základní+,RS,43,0.857,93.621
Základní+,RS,44,0.915,95.274
Základní+,RS,45,0.976,94.952
Základní+,RS,46,1.022,103.636
Základní+,RS,47,1.021,94.965
Základní+,RS,48,1.079,99.454
Základní+,RS,49,1.075,102.396
Základní+,RS,50,1.057,95.642
Základní+,RS,51,1.036,99.131
Základní+,RS,52,1.028,91.989
Základní+,SE,1,4.485,99.445
Základní+,SE,2,3.823,98.815
Základní+,SE,3,3.714,97.32
Základní+,SE,4,3.592,97.795
Základní+,SE,5,3.896,98.535
Základní+,SE,6,4.081,100.985
Základní+,SE,7,4.04,103.146
Základní+,SE,8,3.803,97.236
Základní+,SE,9,3.796,96.745
Základní+,SE,10,3.579,96.668
Základní+,SE,11,3.625,98.04
Základní+,SE,12,3.586,96.427
Základní+,SE,13,3.387,96.936
Základní+,SE,14,3.181,96.244
Základní+,SE,15,3.374,95.437
Základní+,SE,16,3.312,96.115
Základní+,SE,17,3.025,93.257
Základní+,SE,18,2.916,84.935
Základní+,SE,19,2.842,92.92
Základní+,SE,20,2.677,61.328
Základní+,SE,21,2.512,48.836
Základní+,SE,22,2.533,40.849
Základní+,SE,23,2.568,24.875
Základní+,SE,24,2.484,42.456
Základní+,SE,25,2.375,36.708
Základní+,SE,26,2.385,55.73
Základní+,SE,27,2.306,58.204
Základní+,SE,28,2.257,81.634
Základní+,SE,29,2.233,84.78
Základní+,SE,30,2.225,88.682
Základní+,SE,31,2.379,70.889
Základní+,SE,32,2.381,88.233
Základní+,SE,33,2.391,83.756
Základní+,SE,34,2.421,92.69
Základní+,SE,35,2.482,86.195
Základní+,SE,36,2.532,88.742
Základní+,SE,37,2.551,89.439
Základní+,SE,38,2.603,86.747
Základní+,SE,39,2.756,74.028
Základní+,SE,40,2.777,48.875
Základní+,SE,41,2.836,94.077
Základní+,SE,42,3.042,78.112
Základní+,SE,43,3.265,96.686
Základní+,SE,44,3.205,99.119
Základní+,SE,45,3.317,100.477
Základní+,SE,46,3.209,94.436
Základní+,SE,47,3.229,88.307
Základní+,SE,48,3.481,101.265
Základní+,SE,49,3.65,97.845
Základní+,SE,50,3.51,98.093
Základní+,SE,51,3.536,95.775
Základní+,SE,52,3.43,85.422
Základní+,SI,1,0.345,95.046
Základní+,SI,2,0.333,100.283
Základní+,SI,3,0.329,97.385
Základní+,SI,4,0.344,107.361
Základní+,SI,5,0.387,105.268
Základní+,SI,6,0.343,96.208
Základní+,SI,7,0.328,101.274
Základní+,SI,8,0.313,83.756
Základní+,SI,9,0.309,84.476
Základní+,SI,10,0.303,76.543
Základní+,SI,11,0.33,91.059
Základní+,SI,12,0.326,88.51
Základní+,SI,13,0.295,79.139
Základní+,SI,14,0.289,83.85
Základní+,SI,15,0.31,83.989
Základní+,SI,16,0.3,79.72
Základní+,SI,17,0.275,72.925
Základní+,SI,18,0.261,75.563
Základní+,SI,19,0.289,80.356
Základní+,SI,20,0.286,72.919
Základní+,SI,21,0.283,63.633
Základní+,SI,22,0.289,73.112
Základní+,SI,23,0.292,64.766
Základní+,SI,24,0.298,75.964
Základní+,SI,25,0.292,71.452
Základní+,SI,26,0.297,81.813
Základní+,SI,27,0.295,77.944
Základní+,SI,28,0.29,80.772
Základní+,SI,29,0.291,81.781
Základní+,SI,30,0.271,81.613
Základní+,SI,31,0.259,74.106
Základní+,SI,32,0.258,73.391
Základní+,SI,33,0.261,78.339
Základní+,SI,34,0.274,82.563
Základní+,SI,35,0.279,76.913
Základní+,SI,36,0.286,78.878
Základní+,SI,37,0.287,81.615
Základní+,SI,38,0.292,84.062
Základní+,SI,39,0.287,83.481
Základní+,SI,40,0.298,82.496
Základní+,SI,41,0.294,83.707
Základní+,SI,42,0.293,88.416
Základní+,SI,43,0.3,90.715
Základní+,SI,44,0.289,95.125
Základní+,SI,45,0.326,98.093
Základní+,SI,46,0.334,100.517
Základní+,SI,47,0.33,94.982
Základní+,SI,48,0.352,99.772
Základní+,SI,49,0.357,101.633
Základní+,SI,50,0.343,94.322
Základní+,SI,51,0.326,94.342
Základní+,SI,52,0.289,89.422
Základní+,SK,1,0.753,101.061
Základní+,SK,2,0.675,104.728
Základní+,SK,3,0.666,102.456
Základní+,SK,4,0.688,110.695
Základní+,SK,5,0.722,112.606
Základní+,SK,6,0.693,103.924
Základní+,SK,7,0.651,108.382
Základní+,SK,8,0.632,89.354
Základní+,SK,9,0.614,92.51
Základní+,SK,10,0.61,83.097
Základní+,SK,11,0.642,99.271
Základní+,SK,12,0.637,93.946
Základní+,SK,13,0.591,84.182
Základní+,SK,14,0.592,83.957
Základní+,SK,15,0.628,90.09
Základní+,SK,16,0.606,84.448
Základní+,SK,17,0.583,79.93
Základní+,SK,18,0.568,77.069
Základní+,SK,19,0.573,85.944
Základní+,SK,20,0.572,78.459
Základní+,SK,21,0.567,67.664
Základní+,SK,22,0.569,78.643
Základní+,SK,23,0.573,68.499
Základní+,SK,24,0.576,81.117
Základní+,SK,25,0.57,72.499
Základní+,SK,26,0.59,84.83
Základní+,SK,27,0.567,79.646
Základní+,SK,28,0.572,84.803
Základní+,SK,29,0.575,86.896
Základní+,SK,30,0.554,84.867
Základní+,SK,31,0.554,74.991
Základní+,SK,32,0.55,77.601
Základní+,SK,33,0.558,79.722
Základní+,SK,34,0.558,86.548
Základní+,SK,35,0.559,83.207
Základní+,SK,36,0.57,80.733
Základní+,SK,37,0.574,86.06
Základní+,SK,38,0.58,88.327
Základní+,SK,39,0.588,87.399
Základní+,SK,40,0.591,83.712
Základní+,SK,41,0.597,90.353
Základní+,SK,42,0.608,94.462
Základní+,SK,43,0.625,97.885
Základní+,SK,44,0.65,104.725
Základní+,SK,45,0.667,107.226
Základní+,SK,46,0.66,108.268
Základní+,SK,47,0.653,102.434
Základní+,SK,48,0.676,107.064
Základní+,SK,49,0.677,108.649
Základní+,SK,50,0.657,101.08
Základní+,SK,51,0.642,100.373
Základní+,SK,52,0.623,94.457
Bez Sev.en,AT,1,1.768,97.564
Bez Sev.en,AT,2,1.696,101.122
Bez Sev.en,AT,3,1.646,97.49
Bez Sev.en,AT,4,1.691,108.771
Bez Sev.en,AT,5,1.938,109.784
Bez Sev.en,AT,6,1.742,100.933
Bez Sev.en,AT,7,1.585,107.876
Bez Sev.en,AT,8,1.538,86.171
Bez Sev.en,AT,9,1.499,87.766
Bez Sev.en,AT,10,1.491,79.191
Bez Sev.en,AT,11,1.661,94.982
Bez Sev.en,AT,12,1.626,92.962
Bez Sev.en,AT,13,1.414,81.855
Bez Sev.en,AT,14,1.387,83.998
Bez Sev.en,AT,15,1.548,87.833
Bez Sev.en,AT,16,1.481,81.419
Bez Sev.en,AT,17,1.367,75.308
Bez Sev.en,AT,18,1.333,72.36
Bez Sev.en,AT,19,1.383,80.376
Bez Sev.en,AT,20,1.369,73.237
Bez Sev.en,AT,21,1.279,61.363
Bez Sev.en,AT,22,1.306,71.408
Bez Sev.en,AT,23,1.344,59.178
Bez Sev.en,AT,24,1.362,73.735
Bez Sev.en,AT,25,1.353,68.202
Bez Sev.en,AT,26,1.386,77.23
Bez Sev.en,AT,27,1.357,73.115
Bez Sev.en,AT,28,1.35,79.944
Bez Sev.en,AT,29,1.367,82.61
Bez Sev.en,AT,30,1.33,80.782
Bez Sev.en,AT,31,1.304,68.6
Bez Sev.en,AT,32,1.299,74.361
Bez Sev.en,AT,33,1.277,73.734
Bez Sev.en,AT,34,1.331,83.258
Bez Sev.en,AT,35,1.324,80.973
Bez Sev.en,AT,36,1.344,78.734
Bez Sev.en,AT,37,1.363,81.436
Bez Sev.en,AT,38,1.395,84.868
Bez Sev.en,AT,39,1.39,83.618
Bez Sev.en,AT,40,1.423,81.485
Bez Sev.en,AT,41,1.408,83.959
Bez Sev.en,AT,42,1.413,88.915
Bez Sev.en,AT,43,1.463,95.469
Bez Sev.en,AT,44,1.544,103.67
Bez Sev.en,AT,45,1.648,107.463
Bez Sev.en,AT,46,1.662,106.851
Bez Sev.en,AT,47,1.644,100.661
Bez Sev.en,AT,48,1.733,104.891
Bez Sev.en,AT,49,1.71,106.988
Bez Sev.en,AT,50,1.704,97.952
Bez Sev.en,AT,51,1.684,99.416
Bez Sev.en,AT,52,1.588,93.38
Bez Sev.en,BA,1,0.276,95.672
Bez Sev.en,BA,2,0.248,103.523
Bez Sev.en,BA,3,0.237,101.119
Bez Sev.en,BA,4,0.248,108.401
Bez Sev.en,BA,5,0.267,102.79
Bez Sev.en,BA,6,0.254,98.557
Bez Sev.en,BA,7,0.231,98.627
Bez Sev.en,BA,8,0.224,79.377
Bez Sev.en,BA,9,0.215,82.761
Bez Sev.en,BA,10,0.211,73.149
Bez Sev.en,BA,11,0.226,90.188
Bez Sev.en,BA,12,0.221,87.17
Bez Sev.en,BA,13,0.205,78.538
Bez Sev.en,BA,14,0.206,75.919
Bez Sev.en,BA,15,0.218,78.729
Bez Sev.en,BA,16,0.212,60.06
Bez Sev.en,BA,17,0.203,68.92
Bez Sev.en,BA,18,0.191,75.747
Bez Sev.en,BA,19,0.2,80.887
Bez Sev.en,BA,20,0.199,73.711
Bez Sev.en,BA,21,0.194,64.436
Bez Sev.en,BA,22,0.192,74.472
Bez Sev.en,BA,23,0.193,65.15
Bez Sev.en,BA,24,0.201,79.347
Bez Sev.en,BA,25,0.2,72.287
Bez Sev.en,BA,26,0.212,87.508
Bez Sev.en,BA,27,0.199,78.772
Bez Sev.en,BA,28,0.203,84.095
Bez Sev.en,BA,29,0.211,83.712
Bez Sev.en,BA,30,0.201,84.967
Bez Sev.en,BA,31,0.202,77.086
Bez Sev.en,BA,32,0.201,76.024
Bez Sev.en,BA,33,0.201,79.918
Bez Sev.en,BA,34,0.199,83.553
Bez Sev.en,BA,35,0.199,77.106
Bez Sev.en,BA,36,0.198,79.592
Bez Sev.en,BA,37,0.198,83.44
Bez Sev.en,BA,38,0.202,86.337
Bez Sev.en,BA,39,0.204,87.098
Bez Sev.en,BA,40,0.206,79.773
Bez Sev.en,BA,41,0.207,86.889
Bez Sev.en,BA,42,0.209,92.199
Bez Sev.en,BA,43,0.215,90.567
Bez Sev.en,BA,44,0.225,93.246
Bez Sev.en,BA,45,0.238,93.938
Bez Sev.en,BA,46,0.243,100.323
Bez Sev.en,BA,47,0.241,92.951
Bez Sev.en,BA,48,0.25,96.512
Bez Sev.en,BA,49,0.254,97.365
Bez Sev.en,BA,50,0.252,92.049
Bez Sev.en,BA,51,0.25,95.694
Bez Sev.en,BA,52,0.255,89.858
Bez Sev.en,BE,1,2.226,89.444
Bez Sev.en,BE,2,1.948,89.689
Bez Sev.en,BE,3,1.967,81.165
Bez Sev.en,BE,4,2.007,100.703
Bez Sev.en,BE,5,2.269,111.878
Bez Sev.en,BE,6,2.085,96.603
Bez Sev.en,BE,7,2.168,102.204
Bez Sev.en,BE,8,1.983,81.079
Bez Sev.en,BE,9,1.918,85.237
Bez Sev.en,BE,10,1.906,73.707
Bez Sev.en,BE,11,2.031,84.524
Bez Sev.en,BE,12,2.053,88.444
Bez Sev.en,BE,13,1.872,79.836
Bez Sev.en,BE,14,1.828,81.958
Bez Sev.en,BE,15,1.947,86.158
Bez Sev.en,BE,16,1.951,78.008
Bez Sev.en,BE,17,1.826,72.04
Bez Sev.en,BE,18,1.834,60.369
Bez Sev.en,BE,19,1.796,70.399
Bez Sev.en,BE,20,1.76,71.106
Bez Sev.en,BE,21,1.685,60.936
Bez Sev.en,BE,22,1.715,72.607
Bez Sev.en,BE,23,1.718,44.261
Bez Sev.en,BE,24,1.722,70.092
Bez Sev.en,BE,25,1.715,67.121
Bez Sev.en,BE,26,1.717,73.556
Bez Sev.en,BE,27,1.73,69.152
Bez Sev.en,BE,28,1.749,78.898
Bez Sev.en,BE,29,1.619,83.604
Bez Sev.en,BE,30,1.606,77.887
Bez Sev.en,BE,31,1.606,71.608
Bez Sev.en,BE,32,1.667,70.484
Bez Sev.en,BE,33,1.72,69.554
Bez Sev.en,BE,34,1.713,83.677
Bez Sev.en,BE,35,1.704,82.986
Bez Sev.en,BE,36,1.72,78.5
Bez Sev.en,BE,37,1.728,77.891
Bez Sev.en,BE,38,1.737,83.52
Bez Sev.en,BE,39,1.741,83.406
Bez Sev.en,BE,40,1.83,64.423
Bez Sev.en,BE,41,1.768,81.599
Bez Sev.en,BE,42,1.771,82.575
Bez Sev.en,BE,43,1.876,87.08
Bez Sev.en,BE,44,1.855,93.724
Bez Sev.en,BE,45,1.847,93.93
Bez Sev.en,BE,46,1.85,96.657
Bez Sev.en,BE,47,1.926,88.8
Bez Sev.en,BE,48,1.971,92.331
Bez Sev.en,BE,49,1.929,96.745
Bez Sev.en,BE,50,1.976,86.37
Bez Sev.en,BE,51,1.978,94.259
Bez Sev.en,BE,52,1.935,88.667
Bez Sev.en,BG,1,0.83,87.057
Bez Sev.en,BG,2,0.802,91.29
Bez Sev.en,BG,3,0.704,87.084
Bez Sev.en,BG,4,0.893,93.61
Bez Sev.en,BG,5,0.927,87.565
Bez Sev.en,BG,6,0.816,87.126
Bez Sev.en,BG,7,0.681,85.948
Bez Sev.en,BG,8,0.624,72.564
Bez Sev.en,BG,9,0.577,69.255
Bez Sev.en,BG,10,0.567,65.754
Bez Sev.en,BG,11,0.654,85.04
Bez Sev.en,BG,12,0.637,74.665
Bez Sev.en,BG,13,0.563,68.233
Bez Sev.en,BG,14,0.517,62.156
Bez Sev.en,BG,15,0.599,66.001
Bez Sev.en,BG,16,0.557,62.307
Bez Sev.en,BG,17,0.54,61.388
Bez Sev.en,BG,18,0.522,75.518
Bez Sev.en,BG,19,0.545,76.778
Bez Sev.en,BG,20,0.544,74.07
Bez Sev.en,BG,21,0.546,64.657
Bez Sev.en,BG,22,0.525,68.318
Bez Sev.en,BG,23,0.529,60.103
Bez Sev.en,BG,24,0.547,70.47
Bez Sev.en,BG,25,0.564,66.563
Bez Sev.en,BG,26,0.563,73.128
Bez Sev.en,BG,27,0.558,74.301
Bez Sev.en,BG,28,0.54,72.024
Bez Sev.en,BG,29,0.595,73.871
Bez Sev.en,BG,30,0.563,80.342
Bez Sev.en,BG,31,0.572,67.237
Bez Sev.en,BG,32,0.537,64.766
Bez Sev.en,BG,33,0.535,72.323
Bez Sev.en,BG,34,0.549,75.047
Bez Sev.en,BG,35,0.525,62.843
Bez Sev.en,BG,36,0.524,71.581
Bez Sev.en,BG,37,0.529,71.634
Bez Sev.en,BG,38,0.524,81.636
Bez Sev.en,BG,39,0.529,81.905
Bez Sev.en,BG,40,0.534,75.193
Bez Sev.en,BG,41,0.54,79.116
Bez Sev.en,BG,42,0.563,86.132
Bez Sev.en,BG,43,0.563,80.499
Bez Sev.en,BG,44,0.603,82.583
Bez Sev.en,BG,45,0.664,85.107
Bez Sev.en,BG,46,0.677,87.807
Bez Sev.en,BG,47,0.732,83.883
Bez Sev.en,BG,48,0.85,86.931
Bez Sev.en,BG,49,0.798,89.547
Bez Sev.en,BG,50,0.742,82.453
Bez Sev.en,BG,51,0.75,87.322
Bez Sev.en,BG,52,0.631,86.34
Bez Sev.en,CH,1,1.636,89.336
Bez Sev.en,CH,2,1.413,89.044
Bez Sev.en,CH,3,1.356,85.165
Bez Sev.en,CH,4,1.409,89.42
Bez Sev.en,CH,5,1.665,93.178
Bez Sev.en,CH,6,1.514,89.725
Bez Sev.en,CH,7,1.387,92.606
Bez Sev.en,CH,8,1.327,81.931
Bez Sev.en,CH,9,1.266,82.351
Bez Sev.en,CH,10,1.229,71.853
Bez Sev.en,CH,11,1.329,87.252
Bez Sev.en,CH,12,1.394,86.509
Bez Sev.en,CH,13,1.165,76.518
Bez Sev.en,CH,14,1.135,80.064
Bez Sev.en,CH,15,1.239,82.803
Bez Sev.en,CH,16,1.241,79.783
Bez Sev.en,CH,17,1.152,70.877
Bez Sev.en,CH,18,1.119,68.426
Bez Sev.en,CH,19,1.121,71.914
Bez Sev.en,CH,20,1.095,63.433
Bez Sev.en,CH,21,1.026,56.273
Bez Sev.en,CH,22,1.041,63.909
Bez Sev.en,CH,23,1.06,51.282
Bez Sev.en,CH,24,1.069,67.616
Bez Sev.en,CH,25,1.071,62.683
Bez Sev.en,CH,26,1.063,69.124
Bez Sev.en,CH,27,1.031,63.672
Bez Sev.en,CH,28,1.027,74.264
Bez Sev.en,CH,29,1.023,75.414
Bez Sev.en,CH,30,1.01,74.916
Bez Sev.en,CH,31,1.002,63.987
Bez Sev.en,CH,32,1.022,66.047
Bez Sev.en,CH,33,1.009,65.739
Bez Sev.en,CH,34,1.052,79.485
Bez Sev.en,CH,35,1.051,78.173
Bez Sev.en,CH,36,1.059,74.091
Bez Sev.en,CH,37,1.081,78.303
Bez Sev.en,CH,38,1.117,81.24
Bez Sev.en,CH,39,1.106,80.985
Bez Sev.en,CH,40,1.164,76.238
Bez Sev.en,CH,41,1.127,79.613
Bez Sev.en,CH,42,1.127,80.926
Bez Sev.en,CH,43,1.177,88.727
Bez Sev.en,CH,44,1.222,90.718
Bez Sev.en,CH,45,1.352,95.038
Bez Sev.en,CH,46,1.316,92.684
Bez Sev.en,CH,47,1.332,90.857
Bez Sev.en,CH,48,1.418,91.88
Bez Sev.en,CH,49,1.463,94.638
Bez Sev.en,CH,50,1.45,90.865
Bez Sev.en,CH,51,1.459,92.149
Bez Sev.en,CH,52,1.407,89.046
Bez Sev.en,CZ,1,1.528,105.574
Bez Sev.en,CZ,2,1.419,107.22
Bez Sev.en,CZ,3,1.416,105.176
Bez Sev.en,CZ,4,1.461,112.431
Bez Sev.en,CZ,5,1.594,117.677
Bez Sev.en,CZ,6,1.505,108.485
Bez Sev.en,CZ,7,1.397,112.779
Bez Sev.en,CZ,8,1.38,94.493
Bez Sev.en,CZ,9,1.357,96.707
Bez Sev.en,CZ,10,1.335,86.965
Bez Sev.en,CZ,11,1.404,103.88
Bez Sev.en,CZ,12,1.393,97.989
Bez Sev.en,CZ,13,1.271,88.289
Bez Sev.en,CZ,14,1.243,87.218
Bez Sev.en,CZ,15,1.337,93.814
Bez Sev.en,CZ,16,1.3,88.781
Bez Sev.en,CZ,17,1.24,82.026
Bez Sev.en,CZ,18,1.184,78.953
Bez Sev.en,CZ,19,1.202,86.808
Bez Sev.en,CZ,20,1.214,79.435
Bez Sev.en,CZ,21,1.186,69.544
Bez Sev.en,CZ,22,1.182,80.602
Bez Sev.en,CZ,23,1.176,72.866
Bez Sev.en,CZ,24,1.178,84.439
Bez Sev.en,CZ,25,1.172,74.246
Bez Sev.en,CZ,26,1.172,85.206
Bez Sev.en,CZ,27,1.068,80.667
Bez Sev.en,CZ,28,1.139,86.793
Bez Sev.en,CZ,29,1.125,89.279
Bez Sev.en,CZ,30,1.128,87.284
Bez Sev.en,CZ,31,1.115,76.458
Bez Sev.en,CZ,32,1.121,82.016
Bez Sev.en,CZ,33,1.13,83.273
Bez Sev.en,CZ,34,1.145,90.971
Bez Sev.en,CZ,35,1.158,86.003
Bez Sev.en,CZ,36,1.166,82.861
Bez Sev.en,CZ,37,1.18,86.751
Bez Sev.en,CZ,38,1.205,91.007
Bez Sev.en,CZ,39,1.19,88.317
Bez Sev.en,CZ,40,1.246,86.2
Bez Sev.en,CZ,41,1.252,91.79
Bez Sev.en,CZ,42,1.264,96.409
Bez Sev.en,CZ,43,1.312,100.326
Bez Sev.en,CZ,44,1.382,107.184
Bez Sev.en,CZ,45,1.411,110.995
Bez Sev.en,CZ,46,1.4,110.668
Bez Sev.en,CZ,47,1.378,104.43
Bez Sev.en,CZ,48,1.432,109.889
Bez Sev.en,CZ,49,1.451,111.394
Bez Sev.en,CZ,50,1.409,105.53
Bez Sev.en,CZ,51,1.357,104.311
Bez Sev.en,CZ,52,1.18,96.166
Bez Sev.en,DE,1,14.152,96.308
Bez Sev.en,DE,2,12.681,99.332
Bez Sev.en,DE,3,12.581,92.899
Bez Sev.en,DE,4,12.841,110.556
Bez Sev.en,DE,5,14.81,116.721
Bez Sev.en,DE,6,13.373,104.731
Bez Sev.en,DE,7,13.663,114.209
Bez Sev.en,DE,8,12.881,85.992
Bez Sev.en,DE,9,12.388,93.091
Bez Sev.en,DE,10,11.872,78.28
Bez Sev.en,DE,11,13.059,96.31
Bez Sev.en,DE,12,12.937,94.867
Bez Sev.en,DE,13,11.108,85.616
Bez Sev.en,DE,14,10.707,83.421
Bez Sev.en,DE,15,12.363,91.4
Bez Sev.en,DE,16,12.233,83.538
Bez Sev.en,DE,17,11.01,72.339
Bez Sev.en,DE,18,10.746,64.387
Bez Sev.en,DE,19,10.869,77.398
Bez Sev.en,DE,20,10.504,70.606
Bez Sev.en,DE,21,9.741,58.703
Bez Sev.en,DE,22,9.981,68.133
Bez Sev.en,DE,23,10.09,50.729
Bez Sev.en,DE,24,10.007,71.211
Bez Sev.en,DE,25,10.024,66.119
Bez Sev.en,DE,26,10.007,73.277
Bez Sev.en,DE,27,9.994,66.816
Bez Sev.en,DE,28,9.969,79.282
Bez Sev.en,DE,29,9.999,82.571
Bez Sev.en,DE,30,9.986,81.361
Bez Sev.en,DE,31,10.019,64.991
Bez Sev.en,DE,32,9.99,70.791
Bez Sev.en,DE,33,9.989,68.737
Bez Sev.en,DE,34,10.042,85.324
Bez Sev.en,DE,35,10.03,82.804
Bez Sev.en,DE,36,10.044,78.412
Bez Sev.en,DE,37,10.223,82.281
Bez Sev.en,DE,38,10.308,85.725
Bez Sev.en,DE,39,10.333,84.675
Bez Sev.en,DE,40,10.775,65.78
Bez Sev.en,DE,41,10.693,83.586
Bez Sev.en,DE,42,10.834,85.691
Bez Sev.en,DE,43,11.854,97.428
Bez Sev.en,DE,44,12.176,106.173
Bez Sev.en,DE,45,12.498,112.213
Bez Sev.en,DE,46,12.182,107.513
Bez Sev.en,DE,47,12.67,100.587
Bez Sev.en,DE,48,13.147,106.138
Bez Sev.en,DE,49,12.836,109.833
Bez Sev.en,DE,50,13.098,98.406
Bez Sev.en,DE,51,13.088,99.919
Bez Sev.en,DE,52,12.145,95.074
Bez Sev.en,DK,1,1.347,95.603
Bez Sev.en,DK,2,1.119,97.647
Bez Sev.en,DK,3,1.1,92.235
Bez Sev.en,DK,4,1.114,106.405
Bez Sev.en,DK,5,1.287,114.073
Bez Sev.en,DK,6,1.242,104.128
Bez Sev.en,DK,7,1.231,110.436
Bez Sev.en,DK,8,1.155,89.083
Bez Sev.en,DK,9,1.152,94.019
Bez Sev.en,DK,10,1.069,81.789
Bez Sev.en,DK,11,1.129,95.673
Bez Sev.en,DK,12,1.123,93.472
Bez Sev.en,DK,13,1.022,88.815
Bez Sev.en,DK,14,0.986,85.064
Bez Sev.en,DK,15,1.061,91.025
Bez Sev.en,DK,16,1.057,86.273
Bez Sev.en,DK,17,0.98,77.941
Bez Sev.en,DK,18,0.99,59.699
Bez Sev.en,DK,19,0.947,81.513
Bez Sev.en,DK,20,0.952,65.632
Bez Sev.en,DK,21,0.887,61.579
Bez Sev.en,DK,22,0.896,65.962
Bez Sev.en,DK,23,0.934,42.401
Bez Sev.en,DK,24,0.901,64.53
Bez Sev.en,DK,25,0.908,55.69
Bez Sev.en,DK,26,0.89,64.983
Bez Sev.en,DK,27,0.866,64.017
Bez Sev.en,DK,28,0.865,81.811
Bez Sev.en,DK,29,0.869,83.781
Bez Sev.en,DK,30,0.857,84.063
Bez Sev.en,DK,31,0.905,66.634
Bez Sev.en,DK,32,0.884,73.846
Bez Sev.en,DK,33,0.893,72.891
Bez Sev.en,DK,34,0.894,87.782
Bez Sev.en,DK,35,0.908,83.121
Bez Sev.en,DK,36,0.909,80.615
Bez Sev.en,DK,37,0.918,84.616
Bez Sev.en,DK,38,0.924,87.527
Bez Sev.en,DK,39,0.942,85.375
Bez Sev.en,DK,40,0.971,65.505
Bez Sev.en,DK,41,0.972,84.895
Bez Sev.en,DK,42,1.006,85.851
Bez Sev.en,DK,43,1.075,95.612
Bez Sev.en,DK,44,1.06,102.007
Bez Sev.en,DK,45,1.075,107.74
Bez Sev.en,DK,46,1.05,101.542
Bez Sev.en,DK,47,1.071,96.346
Bez Sev.en,DK,48,1.129,102.352
Bez Sev.en,DK,49,1.141,105.476
Bez Sev.en,DK,50,1.114,98.959
Bez Sev.en,DK,51,1.124,98.135
Bez Sev.en,DK,52,1.113,93.443
Bez Sev.en,EE,1,0.269,110.611
Bez Sev.en,EE,2,0.232,105.086
Bez Sev.en,EE,3,0.224,108.162
Bez Sev.en,EE,4,0.224,105.489
Bez Sev.en,EE,5,0.239,107.28
Bez Sev.en,EE,6,0.235,103.638
Bez Sev.en,EE,7,0.227,107.846
Bez Sev.en,EE,8,0.218,105.581
Bez Sev.en,EE,9,0.218,95.956
Bez Sev.en,EE,10,0.211,101.44
Bez Sev.en,EE,11,0.214,105.743
Bez Sev.en,EE,12,0.211,97.915
Bez Sev.en,EE,13,0.207,101.132
Bez Sev.en,EE,14,0.205,88.099
Bez Sev.en,EE,15,0.205,88.241
Bez Sev.en,EE,16,0.204,93.693
Bez Sev.en,EE,17,0.188,90.723
Bez Sev.en,EE,18,0.18,59.486
Bez Sev.en,EE,19,0.187,94.221
Bez Sev.en,EE,20,0.175,68.273
Bez Sev.en,EE,21,0.167,60.073
Bez Sev.en,EE,22,0.166,51.056
Bez Sev.en,EE,23,0.167,44.411
Bez Sev.en,EE,24,0.161,51.257
Bez Sev.en,EE,25,0.161,40.302
Bez Sev.en,EE,26,0.158,65.298
Bez Sev.en,EE,27,0.157,61.423
Bez Sev.en,EE,28,0.155,83.001
Bez Sev.en,EE,29,0.155,87.335
Bez Sev.en,EE,30,0.152,91.06
Bez Sev.en,EE,31,0.163,73.178
Bez Sev.en,EE,32,0.164,99.782
Bez Sev.en,EE,33,0.164,90.408
Bez Sev.en,EE,34,0.164,94.038
Bez Sev.en,EE,35,0.166,86.142
Bez Sev.en,EE,36,0.167,75.983
Bez Sev.en,EE,37,0.169,91.265
Bez Sev.en,EE,38,0.172,88.911
Bez Sev.en,EE,39,0.18,73.036
Bez Sev.en,EE,40,0.182,43.284
Bez Sev.en,EE,41,0.182,97.765
Bez Sev.en,EE,42,0.196,85
Bez Sev.en,EE,43,0.202,102.249
Bez Sev.en,EE,44,0.216,111.338
Bez Sev.en,EE,45,0.221,110.339
Bez Sev.en,EE,46,0.213,98.175
Bez Sev.en,EE,47,0.217,88.025
Bez Sev.en,EE,48,0.222,115.885
Bez Sev.en,EE,49,0.232,108.535
Bez Sev.en,EE,50,0.228,107.481
Bez Sev.en,EE,51,0.221,102.052
Bez Sev.en,EE,52,0.208,86.98
Bez Sev.en,ES,1,5.764,80.471
Bez Sev.en,ES,2,5.658,82.831
Bez Sev.en,ES,3,5.351,75.781
Bez Sev.en,ES,4,5.798,84.021
Bez Sev.en,ES,5,6.016,83.644
Bez Sev.en,ES,6,5.739,71.772
Bez Sev.en,ES,7,5.778,80.133
Bez Sev.en,ES,8,5.213,69.737
Bez Sev.en,ES,9,5.07,54.239
Bez Sev.en,ES,10,4.885,64.605
Bez Sev.en,ES,11,5.084,61.483
Bez Sev.en,ES,12,5.442,70.154
Bez Sev.en,ES,13,4.668,68.719
Bez Sev.en,ES,14,4.802,72.453
Bez Sev.en,ES,15,5.122,77.07
Bez Sev.en,ES,16,5.168,57.437
Bez Sev.en,ES,17,4.985,57.274
Bez Sev.en,ES,18,4.878,68.913
Bez Sev.en,ES,19,5.007,70.705
Bez Sev.en,ES,20,4.853,66.506
Bez Sev.en,ES,21,4.921,64.745
Bez Sev.en,ES,22,5.031,70.612
Bez Sev.en,ES,23,5.075,57.625
Bez Sev.en,ES,24,4.916,62.699
Bez Sev.en,ES,25,5.171,65.903
Bez Sev.en,ES,26,5.702,74.728
Bez Sev.en,ES,27,5.282,66.468
Bez Sev.en,ES,28,5.505,75.491
Bez Sev.en,ES,29,6.35,83.166
Bez Sev.en,ES,30,6.017,79.26
Bez Sev.en,ES,31,5.183,66.745
Bez Sev.en,ES,32,5.408,75.529
Bez Sev.en,ES,33,5.492,74.217
Bez Sev.en,ES,34,5.006,72.546
Bez Sev.en,ES,35,5.282,77.243
Bez Sev.en,ES,36,5.27,78.66
Bez Sev.en,ES,37,5.048,80.174
Bez Sev.en,ES,38,5.014,70.03
Bez Sev.en,ES,39,4.98,78.125
Bez Sev.en,ES,40,4.9,60.28
Bez Sev.en,ES,41,4.797,81.524
Bez Sev.en,ES,42,4.891,77.724
Bez Sev.en,ES,43,4.886,78.641
Bez Sev.en,ES,44,4.817,78.717
Bez Sev.en,ES,45,5.168,81.498
Bez Sev.en,ES,46,5.207,82.294
Bez Sev.en,ES,47,5.138,79.291
Bez Sev.en,ES,48,5.257,79.295
Bez Sev.en,ES,49,5.277,84.103
Bez Sev.en,ES,50,5.342,78.09
Bez Sev.en,ES,51,5.521,78.197
Bez Sev.en,ES,52,4.966,58.601
Bez Sev.en,FI,1,2.597,107.272
Bez Sev.en,FI,2,2.202,102.502
Bez Sev.en,FI,3,2.128,103.473
Bez Sev.en,FI,4,2.04,97.151
Bez Sev.en,FI,5,2.099,94.434
Bez Sev.en,FI,6,2.179,103.7
Bez Sev.en,FI,7,2.104,104.628
Bez Sev.en,FI,8,2.054,102.198
Bez Sev.en,FI,9,2.058,95.119
Bez Sev.en,FI,10,2.032,102.585
Bez Sev.en,FI,11,2.01,102.657
Bez Sev.en,FI,12,2.002,99.536
Bez Sev.en,FI,13,1.951,101.421
Bez Sev.en,FI,14,1.983,96.905
Bez Sev.en,FI,15,1.98,94.495
Bez Sev.en,FI,16,1.937,97.107
Bez Sev.en,FI,17,1.818,94.514
Bez Sev.en,FI,18,1.763,88.41
Bez Sev.en,FI,19,1.759,97.649
Bez Sev.en,FI,20,1.683,64.551
Bez Sev.en,FI,21,1.595,51.2
Bez Sev.en,FI,22,1.606,42.164
Bez Sev.en,FI,23,1.608,39.296
Bez Sev.en,FI,24,1.558,48.496
Bez Sev.en,FI,25,1.44,42.159
Bez Sev.en,FI,26,1.515,57.546
Bez Sev.en,FI,27,1.532,59.511
Bez Sev.en,FI,28,1.517,83.282
Bez Sev.en,FI,29,1.508,86.622
Bez Sev.en,FI,30,1.506,92.479
Bez Sev.en,FI,31,1.541,73.518
Bez Sev.en,FI,32,1.56,97.65
Bez Sev.en,FI,33,1.568,88.973
Bez Sev.en,FI,34,1.566,97.015
Bez Sev.en,FI,35,1.593,86.412
Bez Sev.en,FI,36,1.609,79.427
Bez Sev.en,FI,37,1.6,93.798
Bez Sev.en,FI,38,1.64,88.226
Bez Sev.en,FI,39,1.739,75.966
Bez Sev.en,FI,40,1.764,50.464
Bez Sev.en,FI,41,1.743,96.041
Bez Sev.en,FI,42,1.863,81.879
Bez Sev.en,FI,43,1.919,100.521
Bez Sev.en,FI,44,2.014,106.532
Bez Sev.en,FI,45,2.065,105.908
Bez Sev.en,FI,46,1.988,95.408
Bez Sev.en,FI,47,1.999,86.738
Bez Sev.en,FI,48,2.091,110.039
Bez Sev.en,FI,49,2.158,101.186
Bez Sev.en,FI,50,2.121,104.143
Bez Sev.en,FI,51,2.071,99.742
Bez Sev.en,FI,52,1.932,83.433
Bez Sev.en,FR,1,13.011,73.93
Bez Sev.en,FR,2,10.994,64.01
Bez Sev.en,FR,3,10.618,61.132
Bez Sev.en,FR,4,11.351,83.703
Bez Sev.en,FR,5,13.849,96.29
Bez Sev.en,FR,6,12.628,85.536
Bez Sev.en,FR,7,13.001,88.252
Bez Sev.en,FR,8,11.003,67.307
Bez Sev.en,FR,9,10.084,54.624
Bez Sev.en,FR,10,9.614,48.548
Bez Sev.en,FR,11,10.563,74.298
Bez Sev.en,FR,12,11.513,83.746
Bez Sev.en,FR,13,9.452,72.706
Bez Sev.en,FR,14,8.98,73.921
Bez Sev.en,FR,15,10.255,82.821
Bez Sev.en,FR,16,10.295,72.097
Bez Sev.en,FR,17,9.285,63.538
Bez Sev.en,FR,18,9.137,54.131
Bez Sev.en,FR,19,8.479,65.816
Bez Sev.en,FR,20,8.225,57.748
Bez Sev.en,FR,21,8.098,56.91
Bez Sev.en,FR,22,8.395,61.415
Bez Sev.en,FR,23,7.897,25.262
Bez Sev.en,FR,24,7.738,58.147
Bez Sev.en,FR,25,7.91,56.481
Bez Sev.en,FR,26,9.124,70.055
Bez Sev.en,FR,27,8.446,63.551
Bez Sev.en,FR,28,9.325,75.174
Bez Sev.en,FR,29,9.052,77.567
Bez Sev.en,FR,30,8.368,72.043
Bez Sev.en,FR,31,7.446,63.047
Bez Sev.en,FR,32,8.192,66.07
Bez Sev.en,FR,33,8.282,65.746
Bez Sev.en,FR,34,7.367,78.093
Bez Sev.en,FR,35,8.417,78.891
Bez Sev.en,FR,36,8.892,71.602
Bez Sev.en,FR,37,7.954,68.896
Bez Sev.en,FR,38,7.937,68.598
Bez Sev.en,FR,39,8.114,77.845
Bez Sev.en,FR,40,8.459,42.406
Bez Sev.en,FR,41,8.246,75.893
Bez Sev.en,FR,42,8.217,71
Bez Sev.en,FR,43,8.686,77.828
Bez Sev.en,FR,44,8.932,80.607
Bez Sev.en,FR,45,10.505,83.525
Bez Sev.en,FR,46,10.064,84.879
Bez Sev.en,FR,47,10.457,75.191
Bez Sev.en,FR,48,11.285,79.484
Bez Sev.en,FR,49,11.26,82.687
Bez Sev.en,FR,50,11.247,73.483
Bez Sev.en,FR,51,11.452,75.911
Bez Sev.en,FR,52,11.267,58.21
Bez Sev.en,GB,1,8.062,78.441
Bez Sev.en,GB,2,6.887,59.627
Bez Sev.en,GB,3,6.752,63.685
Bez Sev.en,GB,4,7.071,83.479
Bez Sev.en,GB,5,7.861,92.009
Bez Sev.en,GB,6,8.183,85.734
Bez Sev.en,GB,7,8.424,91.557
Bez Sev.en,GB,8,7.458,75.499
Bez Sev.en,GB,9,7.421,75.374
Bez Sev.en,GB,10,6.5,55.82
Bez Sev.en,GB,11,6.936,83.219
Bez Sev.en,GB,12,7.225,84.628
Bez Sev.en,GB,13,6.475,77.429
Bez Sev.en,GB,14,5.832,78.655
Bez Sev.en,GB,15,6.342,83.919
Bez Sev.en,GB,16,6.375,77.709
Bez Sev.en,GB,17,6.11,75.453
Bez Sev.en,GB,18,5.702,47.425
Bez Sev.en,GB,19,5.529,77.528
Bez Sev.en,GB,20,5.195,55.924
Bez Sev.en,GB,21,4.971,72.032
Bez Sev.en,GB,22,4.966,72.379
Bez Sev.en,GB,23,4.996,29.229
Bez Sev.en,GB,24,5.063,56.592
Bez Sev.en,GB,25,5.027,45.138
Bez Sev.en,GB,26,4.981,60.079
Bez Sev.en,GB,27,5.001,75.133
Bez Sev.en,GB,28,4.958,75.413
Bez Sev.en,GB,29,5.375,83.978
Bez Sev.en,GB,30,5.271,76.751
Bez Sev.en,GB,31,5.176,72.916
Bez Sev.en,GB,32,4.969,63.75
Bez Sev.en,GB,33,5.11,59.922
Bez Sev.en,GB,34,5.267,82.855
Bez Sev.en,GB,35,5.123,81.754
Bez Sev.en,GB,36,5.354,74.258
Bez Sev.en,GB,37,5.342,67.393
Bez Sev.en,GB,38,5.44,82.028
Bez Sev.en,GB,39,5.441,82.708
Bez Sev.en,GB,40,5.828,45.281
Bez Sev.en,GB,41,5.809,60.863
Bez Sev.en,GB,42,5.788,75.224
Bez Sev.en,GB,43,5.997,81.526
Bez Sev.en,GB,44,6.4,83.671
Bez Sev.en,GB,45,6.718,74.308
Bez Sev.en,GB,46,6.626,78.557
Bez Sev.en,GB,47,6.792,75.015
Bez Sev.en,GB,48,7.081,80.291
Bez Sev.en,GB,49,6.978,71.063
Bez Sev.en,GB,50,7.096,83.237
Bez Sev.en,GB,51,7.243,79.938
Bez Sev.en,GB,52,7.132,73.503
Bez Sev.en,GR,1,1.19,82.157
Bez Sev.en,GR,2,1.121,85.095
Bez Sev.en,GR,3,1.04,84.981
Bez Sev.en,GR,4,1.206,84.764
Bez Sev.en,GR,5,1.189,84.975
Bez Sev.en,GR,6,1.067,83.623
Bez Sev.en,GR,7,0.994,80.212
Bez Sev.en,GR,8,0.941,73.808
Bez Sev.en,GR,9,0.938,70.278
Bez Sev.en,GR,10,0.91,64.76
Bez Sev.en,GR,11,0.981,80.82
Bez Sev.en,GR,12,0.965,72.627
Bez Sev.en,GR,13,0.907,66.89
Bez Sev.en,GR,14,0.849,64.543
Bez Sev.en,GR,15,0.937,65.461
Bez Sev.en,GR,16,0.911,59.56
Bez Sev.en,GR,17,0.903,58.552
Bez Sev.en,GR,18,0.892,72.572
Bez Sev.en,GR,19,0.912,75.929
Bez Sev.en,GR,20,0.909,72.388
Bez Sev.en,GR,21,0.9,60.913
Bez Sev.en,GR,22,0.938,68.202
Bez Sev.en,GR,23,1.029,59.979
Bez Sev.en,GR,24,1.228,77.336
Bez Sev.en,GR,25,1.366,75.715
Bez Sev.en,GR,26,1.29,76.625
Bez Sev.en,GR,27,1.244,75.862
Bez Sev.en,GR,28,1.152,79.956
Bez Sev.en,GR,29,1.401,82.42
Bez Sev.en,GR,30,1.357,81.087
Bez Sev.en,GR,31,1.382,76.867
Bez Sev.en,GR,32,1.15,64.453
Bez Sev.en,GR,33,1.071,75.838
Bez Sev.en,GR,34,1.195,80.187
Bez Sev.en,GR,35,0.972,68.744
Bez Sev.en,GR,36,0.981,78.278
Bez Sev.en,GR,37,1.01,76.797
Bez Sev.en,GR,38,0.981,80.582
Bez Sev.en,GR,39,0.957,80.728
Bez Sev.en,GR,40,1.014,78.269
Bez Sev.en,GR,41,0.959,77.392
Bez Sev.en,GR,42,0.946,83.7
Bez Sev.en,GR,43,0.938,82.562
Bez Sev.en,GR,44,0.946,84.184
Bez Sev.en,GR,45,0.982,83.658
Bez Sev.en,GR,46,1.005,84.285
Bez Sev.en,GR,47,1.046,80
Bez Sev.en,GR,48,1.129,83.819
Bez Sev.en,GR,49,1.143,84.982
Bez Sev.en,GR,50,1.09,82.45
Bez Sev.en,GR,51,1.078,83.729
Bez Sev.en,GR,52,1.015,84.564
Bez Sev.en,HR,1,0.36,93.174
Bez Sev.en,HR,2,0.329,99.728
Bez Sev.en,HR,3,0.317,97.542
Bez Sev.en,HR,4,0.34,106.079
Bez Sev.en,HR,5,0.389,102.781
Bez Sev.en,HR,6,0.359,95.164
Bez Sev.en,HR,7,0.322,98.325
Bez Sev.en,HR,8,0.308,82.058
Bez Sev.en,HR,9,0.298,83.878
Bez Sev.en,HR,10,0.291,75.034
Bez Sev.en,HR,11,0.324,88.869
Bez Sev.en,HR,12,0.319,86.384
Bez Sev.en,HR,13,0.283,78.037
Bez Sev.en,HR,14,0.282,81.163
Bez Sev.en,HR,15,0.305,80.049
Bez Sev.en,HR,16,0.299,76.275
Bez Sev.en,HR,17,0.283,70.447
Bez Sev.en,HR,18,0.278,75.34
Bez Sev.en,HR,19,0.284,80.359
Bez Sev.en,HR,20,0.283,73.26
Bez Sev.en,HR,21,0.279,64.238
Bez Sev.en,HR,22,0.281,72.541
Bez Sev.en,HR,23,0.296,64.629
Bez Sev.en,HR,24,0.324,77.85
Bez Sev.en,HR,25,0.316,71.695
Bez Sev.en,HR,26,0.361,83.964
Bez Sev.en,HR,27,0.325,77.415
Bez Sev.en,HR,28,0.335,81.03
Bez Sev.en,HR,29,0.371,82.385
Bez Sev.en,HR,30,0.328,81.943
Bez Sev.en,HR,31,0.325,76.575
Bez Sev.en,HR,32,0.32,73.855
Bez Sev.en,HR,33,0.314,78.38
Bez Sev.en,HR,34,0.303,82.957
Bez Sev.en,HR,35,0.29,76.921
Bez Sev.en,HR,36,0.294,78.533
Bez Sev.en,HR,37,0.291,82.062
Bez Sev.en,HR,38,0.294,84.197
Bez Sev.en,HR,39,0.291,83.834
Bez Sev.en,HR,40,0.289,81.944
Bez Sev.en,HR,41,0.28,83.877
Bez Sev.en,HR,42,0.287,88.546
Bez Sev.en,HR,43,0.294,88.794
Bez Sev.en,HR,44,0.308,92.601
Bez Sev.en,HR,45,0.33,94.619
Bez Sev.en,HR,46,0.335,98.843
Bez Sev.en,HR,47,0.327,92.497
Bez Sev.en,HR,48,0.346,96.972
Bez Sev.en,HR,49,0.347,97.99
Bez Sev.en,HR,50,0.336,92.704
Bez Sev.en,HR,51,0.331,92.964
Bez Sev.en,HR,52,0.329,88.007
Bez Sev.en,HU,1,1.101,97.8
Bez Sev.en,HU,2,1.047,103.49
Bez Sev.en,HU,3,1.03,100.7
Bez Sev.en,HU,4,1.07,109.993
Bez Sev.en,HU,5,1.117,109.262
Bez Sev.en,HU,6,1.052,99.151
Bez Sev.en,HU,7,1.008,104.614
Bez Sev.en,HU,8,0.992,85.149
Bez Sev.en,HU,9,0.967,86.159
Bez Sev.en,HU,10,0.981,77.781
Bez Sev.en,HU,11,0.984,95.381
Bez Sev.en,HU,12,0.995,90.078
Bez Sev.en,HU,13,0.89,79.556
Bez Sev.en,HU,14,0.925,82.203
Bez Sev.en,HU,15,0.99,82.579
Bez Sev.en,HU,16,0.968,79.394
Bez Sev.en,HU,17,0.932,69.702
Bez Sev.en,HU,18,0.892,77.28
Bez Sev.en,HU,19,0.942,81.795
Bez Sev.en,HU,20,0.923,74.844
Bez Sev.en,HU,21,0.899,65.111
Bez Sev.en,HU,22,0.925,73.483
Bez Sev.en,HU,23,0.937,64.585
Bez Sev.en,HU,24,0.967,77.751
Bez Sev.en,HU,25,0.948,71.574
Bez Sev.en,HU,26,1.058,83.223
Bez Sev.en,HU,27,0.948,78.07
Bez Sev.en,HU,28,0.991,81.57
Bez Sev.en,HU,29,1.003,82.831
Bez Sev.en,HU,30,0.95,82.554
Bez Sev.en,HU,31,0.959,73.813
Bez Sev.en,HU,32,0.946,74.481
Bez Sev.en,HU,33,0.947,78.86
Bez Sev.en,HU,34,0.908,84.36
Bez Sev.en,HU,35,0.932,77.336
Bez Sev.en,HU,36,0.937,78.929
Bez Sev.en,HU,37,0.936,83.065
Bez Sev.en,HU,38,0.94,86.109
Bez Sev.en,HU,39,0.946,85.154
Bez Sev.en,HU,40,0.942,83.12
Bez Sev.en,HU,41,0.95,86.105
Bez Sev.en,HU,42,0.957,92.528
Bez Sev.en,HU,43,0.944,93.705
Bez Sev.en,HU,44,0.972,100.235
Bez Sev.en,HU,45,1.047,103.294
Bez Sev.en,HU,46,1.023,105.525
Bez Sev.en,HU,47,1.029,100.406
Bez Sev.en,HU,48,1.067,105.286
Bez Sev.en,HU,49,1.044,106.615
Bez Sev.en,HU,50,1.051,98.598
Bez Sev.en,HU,51,1.013,98.928
Bez Sev.en,HU,52,0.909,92.062
Bez Sev.en,IE,1,0.985,78.456
Bez Sev.en,IE,2,0.875,62.745
Bez Sev.en,IE,3,0.879,63.536
Bez Sev.en,IE,4,0.886,82.633
Bez Sev.en,IE,5,0.873,94.173
Bez Sev.en,IE,6,0.923,85.311
Bez Sev.en,IE,7,0.926,88.441
Bez Sev.en,IE,8,0.906,76.381
Bez Sev.en,IE,9,0.904,74.551
Bez Sev.en,IE,10,0.861,71.238
Bez Sev.en,IE,11,0.869,83.489
Bez Sev.en,IE,12,0.871,84.908
Bez Sev.en,IE,13,0.844,76.492
Bez Sev.en,IE,14,0.813,78.078
Bez Sev.en,IE,15,0.832,83.577
Bez Sev.en,IE,16,0.838,79.392
Bez Sev.en,IE,17,0.825,74.485
Bez Sev.en,IE,18,0.805,56.038
Bez Sev.en,IE,19,0.771,78.587
Bez Sev.en,IE,20,0.775,61.958
Bez Sev.en,IE,21,0.751,79.444
Bez Sev.en,IE,22,0.756,74.455
Bez Sev.en,IE,23,0.75,57.161
Bez Sev.en,IE,24,0.759,72.336
Bez Sev.en,IE,25,0.767,41.729
Bez Sev.en,IE,26,0.754,61.077
Bez Sev.en,IE,27,0.751,79.92
Bez Sev.en,IE,28,0.75,79.257
Bez Sev.en,IE,29,0.749,83.702
Bez Sev.en,IE,30,0.753,81.714
Bez Sev.en,IE,31,0.751,74.117
Bez Sev.en,IE,32,0.743,70.284
Bez Sev.en,IE,33,0.752,71.693
Bez Sev.en,IE,34,0.757,83.75
Bez Sev.en,IE,35,0.762,81.653
Bez Sev.en,IE,36,0.767,83.008
Bez Sev.en,IE,37,0.765,69.297
Bez Sev.en,IE,38,0.77,81.786
Bez Sev.en,IE,39,0.775,82.993
Bez Sev.en,IE,40,0.797,66.965
Bez Sev.en,IE,41,0.785,61.556
Bez Sev.en,IE,42,0.787,83.058
Bez Sev.en,IE,43,0.803,82.495
Bez Sev.en,IE,44,0.82,84.487
Bez Sev.en,IE,45,0.852,72.803
Bez Sev.en,IE,46,0.854,80.879
Bez Sev.en,IE,47,0.883,75.124
Bez Sev.en,IE,48,0.881,79.081
Bez Sev.en,IE,49,0.874,73.832
Bez Sev.en,IE,50,0.895,82.479
Bez Sev.en,IE,51,0.907,81.183
Bez Sev.en,IE,52,0.86,73.305
Bez Sev.en,IT,1,6.403,84.005
Bez Sev.en,IT,2,6.622,85.087
Bez Sev.en,IT,3,6.412,84.76
Bez Sev.en,IT,4,6.666,84.741
Bez Sev.en,IT,5,7.456,85.405
Bez Sev.en,IT,6,6.886,84.465
Bez Sev.en,IT,7,6.426,84.862
Bez Sev.en,IT,8,6.25,82.241
Bez Sev.en,IT,9,6.09,81.34
Bez Sev.en,IT,10,5.953,72.378
Bez Sev.en,IT,11,6.3,84.281
Bez Sev.en,IT,12,6.448,81.661
Bez Sev.en,IT,13,5.87,77.203
Bez Sev.en,IT,14,5.58,77.362
Bez Sev.en,IT,15,6.09,78.714
Bez Sev.en,IT,16,5.983,74.416
Bez Sev.en,IT,17,5.512,76.656
Bez Sev.en,IT,18,5.494,72.709
Bez Sev.en,IT,19,5.893,79.634
Bez Sev.en,IT,20,5.811,66.44
Bez Sev.en,IT,21,5.908,60.744
Bez Sev.en,IT,22,6.219,71.101
Bez Sev.en,IT,23,6.253,61.021
Bez Sev.en,IT,24,6.535,76.099
Bez Sev.en,IT,25,6.604,67.871
Bez Sev.en,IT,26,7.779,82.394
Bez Sev.en,IT,27,6.747,76.364
Bez Sev.en,IT,28,7.079,79.502
Bez Sev.en,IT,29,7.746,79.78
Bez Sev.en,IT,30,7.062,79.902
Bez Sev.en,IT,31,6.229,73.058
Bez Sev.en,IT,32,5.571,70.189
Bez Sev.en,IT,33,5.418,70.938
Bez Sev.en,IT,34,5.675,79.933
Bez Sev.en,IT,35,5.603,75.65
Bez Sev.en,IT,36,6.484,80.55
Bez Sev.en,IT,37,6.172,81.121
Bez Sev.en,IT,38,6.067,82.087
Bez Sev.en,IT,39,6.043,83.123
Bez Sev.en,IT,40,5.92,79.514
Bez Sev.en,IT,41,5.885,83.485
Bez Sev.en,IT,42,5.981,83.984
Bez Sev.en,IT,43,5.99,82.996
Bez Sev.en,IT,44,5.737,83.261
Bez Sev.en,IT,45,6.542,84.132
Bez Sev.en,IT,46,6.509,84.573
Bez Sev.en,IT,47,6.388,84.818
Bez Sev.en,IT,48,6.718,84.439
Bez Sev.en,IT,49,6.932,85.059
Bez Sev.en,IT,50,6.61,84.902
Bez Sev.en,IT,51,6.465,84.582
Bez Sev.en,IT,52,5.378,84.469
Bez Sev.en,LT,1,0.443,107.952
Bez Sev.en,LT,2,0.345,99.802
Bez Sev.en,LT,3,0.336,104.599
Bez Sev.en,LT,4,0.354,105.156
Bez Sev.en,LT,5,0.399,110.941
Bez Sev.en,LT,6,0.349,92.759
Bez Sev.en,LT,7,0.326,104.946
Bez Sev.en,LT,8,0.32,100.582
Bez Sev.en,LT,9,0.308,88.736
Bez Sev.en,LT,10,0.285,88.887
Bez Sev.en,LT,11,0.312,102.287
Bez Sev.en,LT,12,0.304,86.125
Bez Sev.en,LT,13,0.284,95.152
Bez Sev.en,LT,14,0.264,68.968
Bez Sev.en,LT,15,0.292,71.452
Bez Sev.en,LT,16,0.279,84.497
Bez Sev.en,LT,17,0.26,76.658
Bez Sev.en,LT,18,0.243,35.621
Bez Sev.en,LT,19,0.266,90.392
Bez Sev.en,LT,20,0.26,66.25
Bez Sev.en,LT,21,0.251,59.271
Bez Sev.en,LT,22,0.249,54.743
Bez Sev.en,LT,23,0.259,40.154
Bez Sev.en,LT,24,0.269,48.837
Bez Sev.en,LT,25,0.259,37.167
Bez Sev.en,LT,26,0.287,63.468
Bez Sev.en,LT,27,0.266,61.846
Bez Sev.en,LT,28,0.293,81.323
Bez Sev.en,LT,29,0.288,86.256
Bez Sev.en,LT,30,0.281,88.316
Bez Sev.en,LT,31,0.273,64.07
Bez Sev.en,LT,32,0.271,94.745
Bez Sev.en,LT,33,0.272,86.236
Bez Sev.en,LT,34,0.267,87.751
Bez Sev.en,LT,35,0.26,78.336
Bez Sev.en,LT,36,0.257,69.47
Bez Sev.en,LT,37,0.258,84.706
Bez Sev.en,LT,38,0.257,82.41
Bez Sev.en,LT,39,0.261,67.027
Bez Sev.en,LT,40,0.267,24.585
Bez Sev.en,LT,41,0.269,94.952
Bez Sev.en,LT,42,0.294,79.415
Bez Sev.en,LT,43,0.305,98.257
Bez Sev.en,LT,44,0.309,108.753
Bez Sev.en,LT,45,0.334,108.795
Bez Sev.en,LT,46,0.309,96.227
Bez Sev.en,LT,47,0.334,85.061
Bez Sev.en,LT,48,0.338,112.008
Bez Sev.en,LT,49,0.351,108.256
Bez Sev.en,LT,50,0.344,101.804
Bez Sev.en,LT,51,0.334,92.618
Bez Sev.en,LT,52,0.323,86.919
Bez Sev.en,LU,1,0.181,101.689
Bez Sev.en,LU,2,0.16,104.977
Bez Sev.en,LU,3,0.16,98.571
Bez Sev.en,LU,4,0.166,117.073
Bez Sev.en,LU,5,0.19,123.351
Bez Sev.en,LU,6,0.174,110.541
Bez Sev.en,LU,7,0.182,120.553
Bez Sev.en,LU,8,0.167,91.225
Bez Sev.en,LU,9,0.156,98.361
Bez Sev.en,LU,10,0.154,83.146
Bez Sev.en,LU,11,0.162,102.063
Bez Sev.en,LU,12,0.166,100.513
Bez Sev.en,LU,13,0.147,89.222
Bez Sev.en,LU,14,0.14,87.818
Bez Sev.en,LU,15,0.149,96.78
Bez Sev.en,LU,16,0.151,89.014
Bez Sev.en,LU,17,0.143,76.981
Bez Sev.en,LU,18,0.139,67.401
Bez Sev.en,LU,19,0.138,82.487
Bez Sev.en,LU,20,0.137,75.779
Bez Sev.en,LU,21,0.134,63.398
Bez Sev.en,LU,22,0.138,73.123
Bez Sev.en,LU,23,0.139,54.331
Bez Sev.en,LU,24,0.138,76.334
Bez Sev.en,LU,25,0.137,70.632
Bez Sev.en,LU,26,0.139,77.951
Bez Sev.en,LU,27,0.138,71.248
Bez Sev.en,LU,28,0.141,84.264
Bez Sev.en,LU,29,0.137,87.807
Bez Sev.en,LU,30,0.135,86.67
Bez Sev.en,LU,31,0.128,69.472
Bez Sev.en,LU,32,0.127,75.879
Bez Sev.en,LU,33,0.13,74.039
Bez Sev.en,LU,34,0.13,90.786
Bez Sev.en,LU,35,0.132,88.12
Bez Sev.en,LU,36,0.137,83.337
Bez Sev.en,LU,37,0.138,87.671
Bez Sev.en,LU,38,0.14,90.918
Bez Sev.en,LU,39,0.142,89.864
Bez Sev.en,LU,40,0.145,69.509
Bez Sev.en,LU,41,0.142,88.674
Bez Sev.en,LU,42,0.145,91.098
Bez Sev.en,LU,43,0.151,103.456
Bez Sev.en,LU,44,0.154,112.397
Bez Sev.en,LU,45,0.157,118.666
Bez Sev.en,LU,46,0.155,113.721
Bez Sev.en,LU,47,0.156,106.365
Bez Sev.en,LU,48,0.161,112.282
Bez Sev.en,LU,49,0.166,116.274
Bez Sev.en,LU,50,0.163,104.253
Bez Sev.en,LU,51,0.158,105.622
Bez Sev.en,LU,52,0.152,100.708
Bez Sev.en,LV,1,0.188,107.196
Bez Sev.en,LV,2,0.158,100.491
Bez Sev.en,LV,3,0.153,103.253
Bez Sev.en,LV,4,0.154,103.92
Bez Sev.en,LV,5,0.166,107.752
Bez Sev.en,LV,6,0.161,94.115
Bez Sev.en,LV,7,0.154,103.682
Bez Sev.en,LV,8,0.152,100.265
Bez Sev.en,LV,9,0.148,89.356
Bez Sev.en,LV,10,0.142,89.812
Bez Sev.en,LV,11,0.148,100.392
Bez Sev.en,LV,12,0.145,86.449
Bez Sev.en,LV,13,0.142,92.937
Bez Sev.en,LV,14,0.135,69.18
Bez Sev.en,LV,15,0.141,68.629
Bez Sev.en,LV,16,0.139,84.413
Bez Sev.en,LV,17,0.131,76.51
Bez Sev.en,LV,18,0.124,36.582
Bez Sev.en,LV,19,0.129,89.271
Bez Sev.en,LV,20,0.125,66.262
Bez Sev.en,LV,21,0.122,60.186
Bez Sev.en,LV,22,0.12,53.915
Bez Sev.en,LV,23,0.119,42.884
Bez Sev.en,LV,24,0.119,50.192
Bez Sev.en,LV,25,0.12,38.413
Bez Sev.en,LV,26,0.121,65.665
Bez Sev.en,LV,27,0.119,64.071
Bez Sev.en,LV,28,0.121,80.436
Bez Sev.en,LV,29,0.122,85.677
Bez Sev.en,LV,30,0.12,87.011
Bez Sev.en,LV,31,0.124,69.125
Bez Sev.en,LV,32,0.124,95.64
Bez Sev.en,LV,33,0.125,86.824
Bez Sev.en,LV,34,0.125,88.548
Bez Sev.en,LV,35,0.124,81.99
Bez Sev.en,LV,36,0.125,71.638
Bez Sev.en,LV,37,0.126,85.369
Bez Sev.en,LV,38,0.126,82.827
Bez Sev.en,LV,39,0.127,68.429
Bez Sev.en,LV,40,0.134,26.188
Bez Sev.en,LV,41,0.134,94
Bez Sev.en,LV,42,0.141,79.057
Bez Sev.en,LV,43,0.144,97.089
Bez Sev.en,LV,44,0.15,106.905
Bez Sev.en,LV,45,0.153,107.218
Bez Sev.en,LV,46,0.148,95.499
Bez Sev.en,LV,47,0.151,84.956
Bez Sev.en,LV,48,0.152,110.498
Bez Sev.en,LV,49,0.158,106.413
Bez Sev.en,LV,50,0.156,101.757
Bez Sev.en,LV,51,0.151,93.113
Bez Sev.en,LV,52,0.15,86.324
Bez Sev.en,ME,1,0.076,90.494
Bez Sev.en,ME,2,0.071,92.619
Bez Sev.en,ME,3,0.066,92.544
Bez Sev.en,ME,4,0.072,93.452
Bez Sev.en,ME,5,0.083,93.06
Bez Sev.en,ME,6,0.076,90.941
Bez Sev.en,ME,7,0.067,92.293
Bez Sev.en,ME,8,0.063,77.64
Bez Sev.en,ME,9,0.061,80.827
Bez Sev.en,ME,10,0.06,71.881
Bez Sev.en,ME,11,0.063,86.877
Bez Sev.en,ME,12,0.063,84.609
Bez Sev.en,ME,13,0.057,76.916
Bez Sev.en,ME,14,0.056,74.081
Bez Sev.en,ME,15,0.061,74.128
Bez Sev.en,ME,16,0.059,58.855
Bez Sev.en,ME,17,0.056,65.416
Bez Sev.en,ME,18,0.053,68.788
Bez Sev.en,ME,19,0.055,76.34
Bez Sev.en,ME,20,0.055,63.678
Bez Sev.en,ME,21,0.054,61.133
Bez Sev.en,ME,22,0.054,71.696
Bez Sev.en,ME,23,0.054,62.644
Bez Sev.en,ME,24,0.061,76.531
Bez Sev.en,ME,25,0.064,70.991
Bez Sev.en,ME,26,0.071,86.109
Bez Sev.en,ME,27,0.065,77.604
Bez Sev.en,ME,28,0.061,81.981
Bez Sev.en,ME,29,0.073,82.463
Bez Sev.en,ME,30,0.067,83.629
Bez Sev.en,ME,31,0.068,75.934
Bez Sev.en,ME,32,0.066,74.832
Bez Sev.en,ME,33,0.064,78.221
Bez Sev.en,ME,34,0.063,82.585
Bez Sev.en,ME,35,0.058,76.069
Bez Sev.en,ME,36,0.056,78.852
Bez Sev.en,ME,37,0.056,81.793
Bez Sev.en,ME,38,0.056,83.7
Bez Sev.en,ME,39,0.055,84.207
Bez Sev.en,ME,40,0.054,74.749
Bez Sev.en,ME,41,0.053,83.936
Bez Sev.en,ME,42,0.053,88.458
Bez Sev.en,ME,43,0.054,86.972
Bez Sev.en,ME,44,0.057,83.315
Bez Sev.en,ME,45,0.064,85.062
Bez Sev.en,ME,46,0.066,89.891
Bez Sev.en,ME,47,0.066,85.602
Bez Sev.en,ME,48,0.07,85.655
Bez Sev.en,ME,49,0.072,87.468
Bez Sev.en,ME,50,0.071,85.272
Bez Sev.en,ME,51,0.07,87.095
Bez Sev.en,ME,52,0.07,83.948
Bez Sev.en,MK,1,0.197,88.064
Bez Sev.en,MK,2,0.181,91.909
Bez Sev.en,MK,3,0.163,90.04
Bez Sev.en,MK,4,0.188,92.675
Bez Sev.en,MK,5,0.2,90.328
Bez Sev.en,MK,6,0.181,88.928
Bez Sev.en,MK,7,0.158,86.367
Bez Sev.en,MK,8,0.151,78.263
Bez Sev.en,MK,9,0.144,75.544
Bez Sev.en,MK,10,0.141,70.177
Bez Sev.en,MK,11,0.153,86.796
Bez Sev.en,MK,12,0.15,77.263
Bez Sev.en,MK,13,0.129,72.124
Bez Sev.en,MK,14,0.127,68.324
Bez Sev.en,MK,15,0.152,71.706
Bez Sev.en,MK,16,0.14,64.032
Bez Sev.en,MK,17,0.129,64.3
Bez Sev.en,MK,18,0.123,76.815
Bez Sev.en,MK,19,0.125,79.44
Bez Sev.en,MK,20,0.125,75.791
Bez Sev.en,MK,21,0.126,65.7
Bez Sev.en,MK,22,0.116,71.53
Bez Sev.en,MK,23,0.113,63.394
Bez Sev.en,MK,24,0.123,77.169
Bez Sev.en,MK,25,0.125,72.668
Bez Sev.en,MK,26,0.125,80.517
Bez Sev.en,MK,27,0.118,78.109
Bez Sev.en,MK,28,0.116,82.464
Bez Sev.en,MK,29,0.131,81.741
Bez Sev.en,MK,30,0.123,83.754
Bez Sev.en,MK,31,0.124,77.746
Bez Sev.en,MK,32,0.118,68.4
Bez Sev.en,MK,33,0.117,77.626
Bez Sev.en,MK,34,0.119,81.101
Bez Sev.en,MK,35,0.114,72.89
Bez Sev.en,MK,36,0.114,77.901
Bez Sev.en,MK,37,0.114,79.055
Bez Sev.en,MK,38,0.116,83.949
Bez Sev.en,MK,39,0.119,84.917
Bez Sev.en,MK,40,0.119,80.2
Bez Sev.en,MK,41,0.123,82.177
Bez Sev.en,MK,42,0.128,88.407
Bez Sev.en,MK,43,0.13,86.179
Bez Sev.en,MK,44,0.135,88.501
Bez Sev.en,MK,45,0.158,88.542
Bez Sev.en,MK,46,0.172,89.632
Bez Sev.en,MK,47,0.177,86.715
Bez Sev.en,MK,48,0.191,89.108
Bez Sev.en,MK,49,0.189,91.181
Bez Sev.en,MK,50,0.187,87.796
Bez Sev.en,MK,51,0.186,89.597
Bez Sev.en,MK,52,0.183,88.801
Bez Sev.en,NL,1,3.612,92.508
Bez Sev.en,NL,2,3.26,95.63
Bez Sev.en,NL,3,3.288,86.163
Bez Sev.en,NL,4,3.276,105.212
Bez Sev.en,NL,5,3.405,111.862
Bez Sev.en,NL,6,3.365,100.958
Bez Sev.en,NL,7,3.347,105.364
Bez Sev.en,NL,8,3.176,84.137
Bez Sev.en,NL,9,3.147,91.019
Bez Sev.en,NL,10,3.081,77.38
Bez Sev.en,NL,11,3.157,87.562
Bez Sev.en,NL,12,3.125,89.888
Bez Sev.en,NL,13,3.001,80.669
Bez Sev.en,NL,14,2.937,80.213
Bez Sev.en,NL,15,3.05,83.161
Bez Sev.en,NL,16,2.989,77.578
Bez Sev.en,NL,17,2.871,70.904
Bez Sev.en,NL,18,2.815,56.059
Bez Sev.en,NL,19,2.849,69.674
Bez Sev.en,NL,20,2.829,68.521
Bez Sev.en,NL,21,2.822,56.862
Bez Sev.en,NL,22,2.814,69.657
Bez Sev.en,NL,23,2.756,49.475
Bez Sev.en,NL,24,2.747,65.799
Bez Sev.en,NL,25,2.767,64.42
Bez Sev.en,NL,26,2.822,71.032
Bez Sev.en,NL,27,2.814,64.503
Bez Sev.en,NL,28,2.921,76.781
Bez Sev.en,NL,29,2.744,82.946
Bez Sev.en,NL,30,2.663,80.005
Bez Sev.en,NL,31,2.605,69.719
Bez Sev.en,NL,32,2.712,67.846
Bez Sev.en,NL,33,2.795,67.836
Bez Sev.en,NL,34,2.735,83.487
Bez Sev.en,NL,35,2.755,82.142
Bez Sev.en,NL,36,2.802,77.257
Bez Sev.en,NL,37,2.752,77.264
Bez Sev.en,NL,38,2.75,84.402
Bez Sev.en,NL,39,2.793,83.232
Bez Sev.en,NL,40,2.891,64.754
Bez Sev.en,NL,41,2.904,82.158
Bez Sev.en,NL,42,2.869,84.216
Bez Sev.en,NL,43,2.939,89.895
Bez Sev.en,NL,44,3.009,95.715
Bez Sev.en,NL,45,3.017,100.462
Bez Sev.en,NL,46,3.044,99.483
Bez Sev.en,NL,47,3.105,92.395
Bez Sev.en,NL,48,3.203,97.502
Bez Sev.en,NL,49,3.222,103.362
Bez Sev.en,NL,50,3.28,90.923
Bez Sev.en,NL,51,3.25,96.919
Bez Sev.en,NL,52,3.231,91.961
Bez Sev.en,NO,1,4.49,100.554
Bez Sev.en,NO,2,3.615,100.52
Bez Sev.en,NO,3,3.592,100.52
Bez Sev.en,NO,4,3.345,100.52
Bez Sev.en,NO,5,3.558,100.702
Bez Sev.en,NO,6,4.064,102.206
Bez Sev.en,NO,7,3.96,101.598
Bez Sev.en,NO,8,3.645,100.52
Bez Sev.en,NO,9,3.708,100.699
Bez Sev.en,NO,10,3.396,100.52
Bez Sev.en,NO,11,3.335,100.52
Bez Sev.en,NO,12,3.442,100.52
Bez Sev.en,NO,13,3.156,100.52
Bez Sev.en,NO,14,2.925,100.52
Bez Sev.en,NO,15,3.099,100.52
Bez Sev.en,NO,16,3.102,100.52
Bez Sev.en,NO,17,2.918,100.021
Bez Sev.en,NO,18,2.726,90.975
Bez Sev.en,NO,19,2.522,93.767
Bez Sev.en,NO,20,2.446,63.713
Bez Sev.en,NO,21,2.321,47.971
Bez Sev.en,NO,22,2.305,41.564
Bez Sev.en,NO,23,2.359,24.758
Bez Sev.en,NO,24,2.302,43.353
Bez Sev.en,NO,25,2.254,35.062
Bez Sev.en,NO,26,2.252,55.941
Bez Sev.en,NO,27,2.205,64.974
Bez Sev.en,NO,28,2.129,84.688
Bez Sev.en,NO,29,2.1,88.623
Bez Sev.en,NO,30,2.121,91.831
Bez Sev.en,NO,31,2.192,78.734
Bez Sev.en,NO,32,2.185,89.176
Bez Sev.en,NO,33,2.184,83.106
Bez Sev.en,NO,34,2.224,93.212
Bez Sev.en,NO,35,2.293,88.838
Bez Sev.en,NO,36,2.298,92.605
Bez Sev.en,NO,37,2.344,93.078
Bez Sev.en,NO,38,2.4,92.619
Bez Sev.en,NO,39,2.539,90.586
Bez Sev.en,NO,40,2.709,73.511
Bez Sev.en,NO,41,2.718,98.436
Bez Sev.en,NO,42,2.935,98.381
Bez Sev.en,NO,43,3.097,100.52
Bez Sev.en,NO,44,2.988,100.52
Bez Sev.en,NO,45,3.132,100.52
Bez Sev.en,NO,46,3.073,99.57
Bez Sev.en,NO,47,3.074,98.005
Bez Sev.en,NO,48,3.347,100.52
Bez Sev.en,NO,49,3.573,100.52
Bez Sev.en,NO,50,3.506,100.52
Bez Sev.en,NO,51,3.537,100.52
Bez Sev.en,NO,52,3.494,100.52
Bez Sev.en,PL,1,4.111,105.364
Bez Sev.en,PL,2,3.73,106.61
Bez Sev.en,PL,3,3.571,108.595
Bez Sev.en,PL,4,3.592,111.324
Bez Sev.en,PL,5,3.96,113.045
Bez Sev.en,PL,6,3.684,106.495
Bez Sev.en,PL,7,3.369,114.149
Bez Sev.en,PL,8,3.375,96.49
Bez Sev.en,PL,9,3.384,100.762
Bez Sev.en,PL,10,3.334,94.117
Bez Sev.en,PL,11,3.475,111.889
Bez Sev.en,PL,12,3.416,101.242
Bez Sev.en,PL,13,3.118,100.446
Bez Sev.en,PL,14,3.124,92.232
Bez Sev.en,PL,15,3.371,102.336
Bez Sev.en,PL,16,3.294,90.033
Bez Sev.en,PL,17,3.137,85.295
Bez Sev.en,PL,18,2.692,70.234
Bez Sev.en,PL,19,3.179,97.193
Bez Sev.en,PL,20,3.146,90.635
Bez Sev.en,PL,21,3.07,79.118
Bez Sev.en,PL,22,2.883,86.347
Bez Sev.en,PL,23,3.015,77.869
Bez Sev.en,PL,24,3.053,91.123
Bez Sev.en,PL,25,3.09,79.137
Bez Sev.en,PL,26,3.198,94.116
Bez Sev.en,PL,27,3.025,81.423
Bez Sev.en,PL,28,3.204,99.844
Bez Sev.en,PL,29,3.107,96.19
Bez Sev.en,PL,30,2.936,93.629
Bez Sev.en,PL,31,2.933,74.672
Bez Sev.en,PL,32,2.931,93.732
Bez Sev.en,PL,33,3.007,92.415
Bez Sev.en,PL,34,3.083,98.385
Bez Sev.en,PL,35,3.03,93.641
Bez Sev.en,PL,36,3.016,87.92
Bez Sev.en,PL,37,3.033,95.665
Bez Sev.en,PL,38,3.055,92.624
Bez Sev.en,PL,39,3.126,97.645
Bez Sev.en,PL,40,3.196,79.646
Bez Sev.en,PL,41,3.214,102.818
Bez Sev.en,PL,42,3.282,103.177
Bez Sev.en,PL,43,3.353,103.513
Bez Sev.en,PL,44,3.267,111.003
Bez Sev.en,PL,45,3.567,113.854
Bez Sev.en,PL,46,3.493,111.952
Bez Sev.en,PL,47,3.577,106.513
Bez Sev.en,PL,48,3.804,112.257
Bez Sev.en,PL,49,3.735,113.038
Bez Sev.en,PL,50,3.662,109.821
Bez Sev.en,PL,51,3.489,106.873
Bez Sev.en,PL,52,3.103,101.616
Bez Sev.en,PT,1,1.359,66.061
Bez Sev.en,PT,2,1.215,69.783
Bez Sev.en,PT,3,1.223,63.384
Bez Sev.en,PT,4,1.289,63.959
Bez Sev.en,PT,5,1.303,65.511
Bez Sev.en,PT,6,1.248,57.739
Bez Sev.en,PT,7,1.258,66.385
Bez Sev.en,PT,8,1.22,59.855
Bez Sev.en,PT,9,1.198,46.894
Bez Sev.en,PT,10,1.162,51.3
Bez Sev.en,PT,11,1.207,57.838
Bez Sev.en,PT,12,1.245,60.698
Bez Sev.en,PT,13,1.162,54.82
Bez Sev.en,PT,14,1.164,66.791
Bez Sev.en,PT,15,1.187,80.721
Bez Sev.en,PT,16,1.234,71.804
Bez Sev.en,PT,17,1.225,61.419
Bez Sev.en,PT,18,1.221,75.87
Bez Sev.en,PT,19,1.197,71.144
Bez Sev.en,PT,20,1.202,63.989
Bez Sev.en,PT,21,1.206,66.721
Bez Sev.en,PT,22,1.178,73.944
Bez Sev.en,PT,23,1.186,63.336
Bez Sev.en,PT,24,1.21,72.884
Bez Sev.en,PT,25,1.235,76.239
Bez Sev.en,PT,26,1.236,77.229
Bez Sev.en,PT,27,1.288,77.547
Bez Sev.en,PT,28,1.258,80.819
Bez Sev.en,PT,29,1.273,83.54
Bez Sev.en,PT,30,1.276,79.133
Bez Sev.en,PT,31,1.225,75.055
Bez Sev.en,PT,32,1.209,76.168
Bez Sev.en,PT,33,1.245,78.539
Bez Sev.en,PT,34,1.221,76.611
Bez Sev.en,PT,35,1.263,82.912
Bez Sev.en,PT,36,1.203,83.431
Bez Sev.en,PT,37,1.182,81.716
Bez Sev.en,PT,38,1.205,76.875
Bez Sev.en,PT,39,1.193,83.549
Bez Sev.en,PT,40,1.125,77.11
Bez Sev.en,PT,41,1.126,83.648
Bez Sev.en,PT,42,1.113,80.629
Bez Sev.en,PT,43,1.1,83.037
Bez Sev.en,PT,44,1.127,80.881
Bez Sev.en,PT,45,1.184,81.249
Bez Sev.en,PT,46,1.176,82.83
Bez Sev.en,PT,47,1.157,85.477
Bez Sev.en,PT,48,1.185,81.755
Bez Sev.en,PT,49,1.173,85.767
Bez Sev.en,PT,50,1.215,83.336
Bez Sev.en,PT,51,1.236,84.527
Bez Sev.en,PT,52,1.177,77.712
Bez Sev.en,RO,1,1.287,88.698
Bez Sev.en,RO,2,1.192,92.148
Bez Sev.en,RO,3,1.167,89.185
Bez Sev.en,RO,4,1.205,94.051
Bez Sev.en,RO,5,1.277,84.596
Bez Sev.en,RO,6,1.238,85.36
Bez Sev.en,RO,7,1.189,88.098
Bez Sev.en,RO,8,1.111,72.999
Bez Sev.en,RO,9,1.052,70.078
Bez Sev.en,RO,10,1.054,65.815
Bez Sev.en,RO,11,1.129,86.632
Bez Sev.en,RO,12,1.111,75.103
Bez Sev.en,RO,13,1.045,69.434
Bez Sev.en,RO,14,0.954,63.793
Bez Sev.en,RO,15,1.05,65.523
Bez Sev.en,RO,16,1.037,61.756
Bez Sev.en,RO,17,1.001,61.047
Bez Sev.en,RO,18,0.959,76.046
Bez Sev.en,RO,19,1.013,74.252
Bez Sev.en,RO,20,1.002,74.277
Bez Sev.en,RO,21,0.973,63.697
Bez Sev.en,RO,22,0.934,68.635
Bez Sev.en,RO,23,0.991,60.089
Bez Sev.en,RO,24,1.032,71.127
Bez Sev.en,RO,25,1.049,66.968
Bez Sev.en,RO,26,1.076,74.363
Bez Sev.en,RO,27,1.071,75.794
Bez Sev.en,RO,28,1.021,72.524
Bez Sev.en,RO,29,1.096,73.382
Bez Sev.en,RO,30,1.027,81.532
Bez Sev.en,RO,31,1.046,66.442
Bez Sev.en,RO,32,0.975,65.583
Bez Sev.en,RO,33,0.93,72.82
Bez Sev.en,RO,34,0.996,75.271
Bez Sev.en,RO,35,0.965,62.266
Bez Sev.en,RO,36,0.98,71.309
Bez Sev.en,RO,37,0.989,71.057
Bez Sev.en,RO,38,0.995,81.155
Bez Sev.en,RO,39,0.992,78.518
Bez Sev.en,RO,40,1.021,72.433
Bez Sev.en,RO,41,1.017,78.092
Bez Sev.en,RO,42,1.063,85.916
Bez Sev.en,RO,43,1.069,81.846
Bez Sev.en,RO,44,1.127,83.245
Bez Sev.en,RO,45,1.165,84.994
Bez Sev.en,RO,46,1.146,89.841
Bez Sev.en,RO,47,1.179,81.409
Bez Sev.en,RO,48,1.177,86.607
Bez Sev.en,RO,49,1.197,89.221
Bez Sev.en,RO,50,1.181,83.576
Bez Sev.en,RO,51,1.182,87.982
Bez Sev.en,RO,52,1.05,87.242
Bez Sev.en,RS,1,1.127,98.971
Bez Sev.en,RS,2,1.042,106.573
Bez Sev.en,RS,3,0.997,104.557
Bez Sev.en,RS,4,1.104,113.144
Bez Sev.en,RS,5,1.189,106.149
Bez Sev.en,RS,6,1.12,101.67
Bez Sev.en,RS,7,0.975,101.26
Bez Sev.en,RS,8,0.933,82.423
Bez Sev.en,RS,9,0.896,85.628
Bez Sev.en,RS,10,0.885,76.28
Bez Sev.en,RS,11,0.962,91.174
Bez Sev.en,RS,12,0.927,90.119
Bez Sev.en,RS,13,0.832,82.091
Bez Sev.en,RS,14,0.778,77.727
Bez Sev.en,RS,15,0.89,81.308
Bez Sev.en,RS,16,0.845,63.629
Bez Sev.en,RS,17,0.79,72.192
Bez Sev.en,RS,18,0.745,78.959
Bez Sev.en,RS,19,0.795,84.006
Bez Sev.en,RS,20,0.795,77.179
Bez Sev.en,RS,21,0.785,68.143
Bez Sev.en,RS,22,0.74,77.342
Bez Sev.en,RS,23,0.734,67.648
Bez Sev.en,RS,24,0.775,80.64
Bez Sev.en,RS,25,0.771,74.634
Bez Sev.en,RS,26,0.806,89.823
Bez Sev.en,RS,27,0.746,81.417
Bez Sev.en,RS,28,0.743,86.005
Bez Sev.en,RS,29,0.796,84.694
Bez Sev.en,RS,30,0.745,87.21
Bez Sev.en,RS,31,0.75,78.86
Bez Sev.en,RS,32,0.719,78.429
Bez Sev.en,RS,33,0.72,81.677
Bez Sev.en,RS,34,0.717,85.324
Bez Sev.en,RS,35,0.724,78.434
Bez Sev.en,RS,36,0.739,80.743
Bez Sev.en,RS,37,0.738,84.284
Bez Sev.en,RS,38,0.755,88.304
Bez Sev.en,RS,39,0.776,89.61
Bez Sev.en,RS,40,0.781,81.246
Bez Sev.en,RS,41,0.806,89.29
Bez Sev.en,RS,42,0.828,95.048
Bez Sev.en,RS,43,0.857,93.752
Bez Sev.en,RS,44,0.915,95.353
Bez Sev.en,RS,45,0.976,95.116
Bez Sev.en,RS,46,1.022,104.011
Bez Sev.en,RS,47,1.021,95.132
Bez Sev.en,RS,48,1.079,99.792
Bez Sev.en,RS,49,1.075,102.612
Bez Sev.en,RS,50,1.057,96.04
Bez Sev.en,RS,51,1.036,99.536
Bez Sev.en,RS,52,1.028,92.048
Bez Sev.en,SE,1,4.485,99.299
Bez Sev.en,SE,2,3.823,98.719
Bez Sev.en,SE,3,3.714,97.214
Bez Sev.en,SE,4,3.592,97.715
Bez Sev.en,SE,5,3.896,98.456
Bez Sev.en,SE,6,4.081,100.912
Bez Sev.en,SE,7,4.04,103.077
Bez Sev.en,SE,8,3.803,97.141
Bez Sev.en,SE,9,3.796,96.704
Bez Sev.en,SE,10,3.579,96.582
Bez Sev.en,SE,11,3.625,97.918
Bez Sev.en,SE,12,3.586,96.336
Bez Sev.en,SE,13,3.387,96.84
Bez Sev.en,SE,14,3.181,96.156
Bez Sev.en,SE,15,3.374,95.35
Bez Sev.en,SE,16,3.312,96.023
Bez Sev.en,SE,17,3.025,93.171
Bez Sev.en,SE,18,2.916,85.168
Bez Sev.en,SE,19,2.842,92.892
Bez Sev.en,SE,20,2.677,61.314
Bez Sev.en,SE,21,2.512,48.776
Bez Sev.en,SE,22,2.533,40.733
Bez Sev.en,SE,23,2.568,24.669
Bez Sev.en,SE,24,2.484,42.445
Bez Sev.en,SE,25,2.375,36.736
Bez Sev.en,SE,26,2.385,55.686
Bez Sev.en,SE,27,2.306,57.84
Bez Sev.en,SE,28,2.257,81.509
Bez Sev.en,SE,29,2.233,84.696
Bez Sev.en,SE,30,2.225,88.642
Bez Sev.en,SE,31,2.379,70.833
Bez Sev.en,SE,32,2.381,88.09
Bez Sev.en,SE,33,2.391,83.311
Bez Sev.en,SE,34,2.421,92.679
Bez Sev.en,SE,35,2.482,86.111
Bez Sev.en,SE,36,2.532,88.681
Bez Sev.en,SE,37,2.551,89.373
Bez Sev.en,SE,38,2.603,86.673
Bez Sev.en,SE,39,2.756,73.98
Bez Sev.en,SE,40,2.777,48.814
Bez Sev.en,SE,41,2.836,94.022
Bez Sev.en,SE,42,3.042,78.067
Bez Sev.en,SE,43,3.265,96.592
Bez Sev.en,SE,44,3.205,99.028
Bez Sev.en,SE,45,3.317,100.414
Bez Sev.en,SE,46,3.209,94.361
Bez Sev.en,SE,47,3.229,88.107
Bez Sev.en,SE,48,3.481,101.24
Bez Sev.en,SE,49,3.65,97.765
Bez Sev.en,SE,50,3.51,98.012
Bez Sev.en,SE,51,3.536,95.715
Bez Sev.en,SE,52,3.43,85.354
Bez Sev.en,SI,1,0.345,95.184
Bez Sev.en,SI,2,0.333,100.659
Bez Sev.en,SI,3,0.329,98.02
Bez Sev.en,SI,4,0.344,107.703
Bez Sev.en,SI,5,0.387,105.81
Bez Sev.en,SI,6,0.343,96.623
Bez Sev.en,SI,7,0.328,101.517
Bez Sev.en,SI,8,0.313,83.807
Bez Sev.en,SI,9,0.309,84.533
Bez Sev.en,SI,10,0.303,76.727
Bez Sev.en,SI,11,0.33,91.109
Bez Sev.en,SI,12,0.326,88.628
Bez Sev.en,SI,13,0.295,79.277
Bez Sev.en,SI,14,0.289,83.921
Bez Sev.en,SI,15,0.31,83.997
Bez Sev.en,SI,16,0.3,79.836
Bez Sev.en,SI,17,0.275,73.046
Bez Sev.en,SI,18,0.261,75.877
Bez Sev.en,SI,19,0.289,80.426
Bez Sev.en,SI,20,0.286,73.311
Bez Sev.en,SI,21,0.283,63.858
Bez Sev.en,SI,22,0.289,73.217
Bez Sev.en,SI,23,0.292,65.223
Bez Sev.en,SI,24,0.298,77.294
Bez Sev.en,SI,25,0.292,71.779
Bez Sev.en,SI,26,0.297,82.615
Bez Sev.en,SI,27,0.295,77.976
Bez Sev.en,SI,28,0.29,80.891
Bez Sev.en,SI,29,0.291,81.983
Bez Sev.en,SI,30,0.271,81.674
Bez Sev.en,SI,31,0.259,74.24
Bez Sev.en,SI,32,0.258,73.714
Bez Sev.en,SI,33,0.261,77.294
Bez Sev.en,SI,34,0.274,82.682
Bez Sev.en,SI,35,0.279,76.997
Bez Sev.en,SI,36,0.286,78.889
Bez Sev.en,SI,37,0.287,81.624
Bez Sev.en,SI,38,0.292,84.195
Bez Sev.en,SI,39,0.287,83.523
Bez Sev.en,SI,40,0.298,82.652
Bez Sev.en,SI,41,0.294,83.959
Bez Sev.en,SI,42,0.293,88.895
Bez Sev.en,SI,43,0.3,90.791
Bez Sev.en,SI,44,0.289,95.336
Bez Sev.en,SI,45,0.326,98.263
Bez Sev.en,SI,46,0.334,100.972
Bez Sev.en,SI,47,0.33,95.197
Bez Sev.en,SI,48,0.352,100.105
Bez Sev.en,SI,49,0.357,101.873
Bez Sev.en,SI,50,0.343,94.772
Bez Sev.en,SI,51,0.326,94.735
Bez Sev.en,SI,52,0.289,89.508
Bez Sev.en,SK,1,0.753,102.656
Bez Sev.en,SK,2,0.675,105.855
Bez Sev.en,SK,3,0.666,103.828
Bez Sev.en,SK,4,0.688,111.133
Bez Sev.en,SK,5,0.722,113.54
Bez Sev.en,SK,6,0.693,104.682
Bez Sev.en,SK,7,0.651,108.727
Bez Sev.en,SK,8,0.632,91.297
Bez Sev.en,SK,9,0.614,93.411
Bez Sev.en,SK,10,0.61,85.112
Bez Sev.en,SK,11,0.642,100.521
Bez Sev.en,SK,12,0.637,94.514
Bez Sev.en,SK,13,0.591,85.335
Bez Sev.en,SK,14,0.592,84.338
Bez Sev.en,SK,15,0.628,90.761
Bez Sev.en,SK,16,0.606,85.783
Bez Sev.en,SK,17,0.583,80.499
Bez Sev.en,SK,18,0.568,78.571
Bez Sev.en,SK,19,0.573,86.371
Bez Sev.en,SK,20,0.572,79.961
Bez Sev.en,SK,21,0.567,71.156
Bez Sev.en,SK,22,0.569,80.833
Bez Sev.en,SK,23,0.573,73.734
Bez Sev.en,SK,24,0.576,84.88
Bez Sev.en,SK,25,0.57,74.385
Bez Sev.en,SK,26,0.59,86.315
Bez Sev.en,SK,27,0.567,80.416
Bez Sev.en,SK,28,0.572,85.695
Bez Sev.en,SK,29,0.575,87.988
Bez Sev.en,SK,30,0.554,85.997
Bez Sev.en,SK,31,0.554,75.978
Bez Sev.en,SK,32,0.55,81.406
Bez Sev.en,SK,33,0.558,82.534
Bez Sev.en,SK,34,0.558,87.956
Bez Sev.en,SK,35,0.559,83.572
Bez Sev.en,SK,36,0.57,81.633
Bez Sev.en,SK,37,0.574,86.315
Bez Sev.en,SK,38,0.58,89.139
Bez Sev.en,SK,39,0.588,87.841
Bez Sev.en,SK,40,0.591,85.306
Bez Sev.en,SK,41,0.597,91.569
Bez Sev.en,SK,42,0.608,95.805
Bez Sev.en,SK,43,0.625,98.457
Bez Sev.en,SK,44,0.65,105.288
Bez Sev.en,SK,45,0.667,107.687
Bez Sev.en,SK,46,0.66,108.973
Bez Sev.en,SK,47,0.653,103.264
Bez Sev.en,SK,48,0.676,107.831
Bez Sev.en,SK,49,0.677,109.029
Bez Sev.en,SK,50,0.657,102.626
Bez Sev.en,SK,51,0.642,101.561
Bez Sev.en,SK,52,0.623,94.54
Bez Sev.en a SUAS,AT,1,1.768,97.711
Bez Sev.en a SUAS,AT,2,1.696,101.266
Bez Sev.en a SUAS,AT,3,1.646,97.692
Bez Sev.en a SUAS,AT,4,1.691,108.974
Bez Sev.en a SUAS,AT,5,1.938,109.995
Bez Sev.en a SUAS,AT,6,1.742,101.319
Bez Sev.en a SUAS,AT,7,1.585,108.099
Bez Sev.en a SUAS,AT,8,1.538,86.254
Bez Sev.en a SUAS,AT,9,1.499,87.908
Bez Sev.en a SUAS,AT,10,1.491,79.288
Bez Sev.en a SUAS,AT,11,1.661,95.283
Bez Sev.en a SUAS,AT,12,1.626,93.217
Bez Sev.en a SUAS,AT,13,1.414,82.012
Bez Sev.en a SUAS,AT,14,1.387,84.044
Bez Sev.en a SUAS,AT,15,1.548,87.869
Bez Sev.en a SUAS,AT,16,1.481,81.45
Bez Sev.en a SUAS,AT,17,1.367,75.317
Bez Sev.en a SUAS,AT,18,1.333,72.36
Bez Sev.en a SUAS,AT,19,1.383,80.379
Bez Sev.en a SUAS,AT,20,1.369,73.237
Bez Sev.en a SUAS,AT,21,1.279,61.364
Bez Sev.en a SUAS,AT,22,1.306,71.408
Bez Sev.en a SUAS,AT,23,1.344,59.18
Bez Sev.en a SUAS,AT,24,1.362,73.736
Bez Sev.en a SUAS,AT,25,1.353,68.205
Bez Sev.en a SUAS,AT,26,1.386,77.226
Bez Sev.en a SUAS,AT,27,1.357,73.141
Bez Sev.en a SUAS,AT,28,1.35,79.951
Bez Sev.en a SUAS,AT,29,1.367,82.607
Bez Sev.en a SUAS,AT,30,1.33,80.785
Bez Sev.en a SUAS,AT,31,1.304,68.602
Bez Sev.en a SUAS,AT,32,1.299,74.377
Bez Sev.en a SUAS,AT,33,1.277,73.714
Bez Sev.en a SUAS,AT,34,1.331,83.281
Bez Sev.en a SUAS,AT,35,1.324,80.982
Bez Sev.en a SUAS,AT,36,1.344,78.745
Bez Sev.en a SUAS,AT,37,1.363,81.427
Bez Sev.en a SUAS,AT,38,1.395,84.88
Bez Sev.en a SUAS,AT,39,1.39,83.63
Bez Sev.en a SUAS,AT,40,1.423,81.499
Bez Sev.en a SUAS,AT,41,1.408,83.951
Bez Sev.en a SUAS,AT,42,1.413,88.981
Bez Sev.en a SUAS,AT,43,1.463,95.804
Bez Sev.en a SUAS,AT,44,1.544,103.923
Bez Sev.en a SUAS,AT,45,1.648,107.763
Bez Sev.en a SUAS,AT,46,1.662,107.077
Bez Sev.en a SUAS,AT,47,1.644,100.79
Bez Sev.en a SUAS,AT,48,1.733,105.311
Bez Sev.en a SUAS,AT,49,1.71,107.19
Bez Sev.en a SUAS,AT,50,1.704,98.135
Bez Sev.en a SUAS,AT,51,1.684,99.59
Bez Sev.en a SUAS,AT,52,1.588,93.476
Bez Sev.en a SUAS,BA,1,0.276,95.83
Bez Sev.en a SUAS,BA,2,0.248,103.694
Bez Sev.en a SUAS,BA,3,0.237,101.314
Bez Sev.en a SUAS,BA,4,0.248,108.466
Bez Sev.en a SUAS,BA,5,0.267,103.007
Bez Sev.en a SUAS,BA,6,0.254,98.84
Bez Sev.en a SUAS,BA,7,0.231,98.774
Bez Sev.en a SUAS,BA,8,0.224,79.416
Bez Sev.en a SUAS,BA,9,0.215,82.812
Bez Sev.en a SUAS,BA,10,0.211,73.165
Bez Sev.en a SUAS,BA,11,0.226,90.306
Bez Sev.en a SUAS,BA,12,0.221,87.241
Bez Sev.en a SUAS,BA,13,0.205,78.567
Bez Sev.en a SUAS,BA,14,0.206,75.959
Bez Sev.en a SUAS,BA,15,0.218,78.779
Bez Sev.en a SUAS,BA,16,0.212,60.092
Bez Sev.en a SUAS,BA,17,0.203,68.928
Bez Sev.en a SUAS,BA,18,0.191,75.759
Bez Sev.en a SUAS,BA,19,0.2,80.873
Bez Sev.en a SUAS,BA,20,0.199,73.74
Bez Sev.en a SUAS,BA,21,0.194,64.452
Bez Sev.en a SUAS,BA,22,0.192,74.486
Bez Sev.en a SUAS,BA,23,0.193,65.168
Bez Sev.en a SUAS,BA,24,0.201,79.367
Bez Sev.en a SUAS,BA,25,0.2,72.295
Bez Sev.en a SUAS,BA,26,0.212,87.53
Bez Sev.en a SUAS,BA,27,0.199,78.789
Bez Sev.en a SUAS,BA,28,0.203,84.143
Bez Sev.en a SUAS,BA,29,0.211,83.75
Bez Sev.en a SUAS,BA,30,0.201,85.012
Bez Sev.en a SUAS,BA,31,0.202,77.108
Bez Sev.en a SUAS,BA,32,0.201,76.056
Bez Sev.en a SUAS,BA,33,0.201,79.93
Bez Sev.en a SUAS,BA,34,0.199,83.564
Bez Sev.en a SUAS,BA,35,0.199,77.13
Bez Sev.en a SUAS,BA,36,0.198,79.604
Bez Sev.en a SUAS,BA,37,0.198,83.463
Bez Sev.en a SUAS,BA,38,0.202,86.357
Bez Sev.en a SUAS,BA,39,0.204,87.126
Bez Sev.en a SUAS,BA,40,0.206,79.777
Bez Sev.en a SUAS,BA,41,0.207,86.908
Bez Sev.en a SUAS,BA,42,0.209,92.251
Bez Sev.en a SUAS,BA,43,0.215,90.688
Bez Sev.en a SUAS,BA,44,0.225,93.372
Bez Sev.en a SUAS,BA,45,0.238,94.171
Bez Sev.en a SUAS,BA,46,0.243,100.535
Bez Sev.en a SUAS,BA,47,0.241,93.017
Bez Sev.en a SUAS,BA,48,0.25,96.766
Bez Sev.en a SUAS,BA,49,0.254,97.46
Bez Sev.en a SUAS,BA,50,0.252,92.206
Bez Sev.en a SUAS,BA,51,0.25,95.824
Bez Sev.en a SUAS,BA,52,0.255,89.946
Bez Sev.en a SUAS,BE,1,2.226,89.486
Bez Sev.en a SUAS,BE,2,1.948,89.709
Bez Sev.en a SUAS,BE,3,1.967,81.176
Bez Sev.en a SUAS,BE,4,2.007,100.758
Bez Sev.en a SUAS,BE,5,2.269,112.081
Bez Sev.en a SUAS,BE,6,2.085,96.661
Bez Sev.en a SUAS,BE,7,2.168,102.348
Bez Sev.en a SUAS,BE,8,1.983,81.081
Bez Sev.en a SUAS,BE,9,1.918,85.274
Bez Sev.en a SUAS,BE,10,1.906,73.719
Bez Sev.en a SUAS,BE,11,2.031,84.559
Bez Sev.en a SUAS,BE,12,2.053,88.488
Bez Sev.en a SUAS,BE,13,1.872,79.894
Bez Sev.en a SUAS,BE,14,1.828,81.977
Bez Sev.en a SUAS,BE,15,1.947,86.163
Bez Sev.en a SUAS,BE,16,1.951,78.013
Bez Sev.en a SUAS,BE,17,1.826,72.051
Bez Sev.en a SUAS,BE,18,1.834,60.374
Bez Sev.en a SUAS,BE,19,1.796,70.4
Bez Sev.en a SUAS,BE,20,1.76,71.107
Bez Sev.en a SUAS,BE,21,1.685,60.939
Bez Sev.en a SUAS,BE,22,1.715,72.607
Bez Sev.en a SUAS,BE,23,1.718,44.253
Bez Sev.en a SUAS,BE,24,1.722,70.094
Bez Sev.en a SUAS,BE,25,1.715,67.119
Bez Sev.en a SUAS,BE,26,1.717,73.573
Bez Sev.en a SUAS,BE,27,1.73,69.155
Bez Sev.en a SUAS,BE,28,1.749,78.905
Bez Sev.en a SUAS,BE,29,1.619,83.608
Bez Sev.en a SUAS,BE,30,1.606,77.888
Bez Sev.en a SUAS,BE,31,1.606,71.61
Bez Sev.en a SUAS,BE,32,1.667,70.498
Bez Sev.en a SUAS,BE,33,1.72,69.561
Bez Sev.en a SUAS,BE,34,1.713,83.692
Bez Sev.en a SUAS,BE,35,1.704,82.987
Bez Sev.en a SUAS,BE,36,1.72,78.502
Bez Sev.en a SUAS,BE,37,1.728,77.889
Bez Sev.en a SUAS,BE,38,1.737,83.551
Bez Sev.en a SUAS,BE,39,1.741,83.412
Bez Sev.en a SUAS,BE,40,1.83,64.404
Bez Sev.en a SUAS,BE,41,1.768,81.598
Bez Sev.en a SUAS,BE,42,1.771,82.593
Bez Sev.en a SUAS,BE,43,1.876,87.187
Bez Sev.en a SUAS,BE,44,1.855,93.77
Bez Sev.en a SUAS,BE,45,1.847,93.945
Bez Sev.en a SUAS,BE,46,1.85,96.678
Bez Sev.en a SUAS,BE,47,1.926,88.883
Bez Sev.en a SUAS,BE,48,1.971,92.488
Bez Sev.en a SUAS,BE,49,1.929,96.832
Bez Sev.en a SUAS,BE,50,1.976,86.374
Bez Sev.en a SUAS,BE,51,1.978,94.297
Bez Sev.en a SUAS,BE,52,1.935,88.732
Bez Sev.en a SUAS,BG,1,0.83,87.077
Bez Sev.en a SUAS,BG,2,0.802,91.364
Bez Sev.en a SUAS,BG,3,0.704,87.124
Bez Sev.en a SUAS,BG,4,0.893,93.652
Bez Sev.en a SUAS,BG,5,0.927,87.56
Bez Sev.en a SUAS,BG,6,0.816,87.176
Bez Sev.en a SUAS,BG,7,0.681,85.953
Bez Sev.en a SUAS,BG,8,0.624,72.576
Bez Sev.en a SUAS,BG,9,0.577,69.266
Bez Sev.en a SUAS,BG,10,0.567,65.764
Bez Sev.en a SUAS,BG,11,0.654,85.045
Bez Sev.en a SUAS,BG,12,0.637,74.688
Bez Sev.en a SUAS,BG,13,0.563,68.238
Bez Sev.en a SUAS,BG,14,0.517,62.168
Bez Sev.en a SUAS,BG,15,0.599,66.016
Bez Sev.en a SUAS,BG,16,0.557,62.318
Bez Sev.en a SUAS,BG,17,0.54,61.394
Bez Sev.en a SUAS,BG,18,0.522,75.528
Bez Sev.en a SUAS,BG,19,0.545,76.753
Bez Sev.en a SUAS,BG,20,0.544,74.073
Bez Sev.en a SUAS,BG,21,0.546,64.663
Bez Sev.en a SUAS,BG,22,0.525,68.322
Bez Sev.en a SUAS,BG,23,0.529,60.105
Bez Sev.en a SUAS,BG,24,0.547,70.468
Bez Sev.en a SUAS,BG,25,0.564,66.567
Bez Sev.en a SUAS,BG,26,0.563,73.144
Bez Sev.en a SUAS,BG,27,0.558,74.31
Bez Sev.en a SUAS,BG,28,0.54,72.036
Bez Sev.en a SUAS,BG,29,0.595,73.879
Bez Sev.en a SUAS,BG,30,0.563,80.36
Bez Sev.en a SUAS,BG,31,0.572,67.241
Bez Sev.en a SUAS,BG,32,0.537,64.789
Bez Sev.en a SUAS,BG,33,0.535,72.323
Bez Sev.en a SUAS,BG,34,0.549,75.056
Bez Sev.en a SUAS,BG,35,0.525,62.845
Bez Sev.en a SUAS,BG,36,0.524,71.592
Bez Sev.en a SUAS,BG,37,0.529,71.64
Bez Sev.en a SUAS,BG,38,0.524,81.641
Bez Sev.en a SUAS,BG,39,0.529,81.907
Bez Sev.en a SUAS,BG,40,0.534,75.191
Bez Sev.en a SUAS,BG,41,0.54,79.102
Bez Sev.en a SUAS,BG,42,0.563,86.161
Bez Sev.en a SUAS,BG,43,0.563,80.507
Bez Sev.en a SUAS,BG,44,0.603,82.597
Bez Sev.en a SUAS,BG,45,0.664,85.093
Bez Sev.en a SUAS,BG,46,0.677,87.819
Bez Sev.en a SUAS,BG,47,0.732,83.89
Bez Sev.en a SUAS,BG,48,0.85,86.948
Bez Sev.en a SUAS,BG,49,0.798,89.56
Bez Sev.en a SUAS,BG,50,0.742,82.513
Bez Sev.en a SUAS,BG,51,0.75,87.37
Bez Sev.en a SUAS,BG,52,0.631,86.374
Bez Sev.en a SUAS,CH,1,1.636,89.359
Bez Sev.en a SUAS,CH,2,1.413,89.061
Bez Sev.en a SUAS,CH,3,1.356,85.231
Bez Sev.en a SUAS,CH,4,1.409,89.419
Bez Sev.en a SUAS,CH,5,1.665,93.198
Bez Sev.en a SUAS,CH,6,1.514,89.752
Bez Sev.en a SUAS,CH,7,1.387,92.613
Bez Sev.en a SUAS,CH,8,1.327,81.942
Bez Sev.en a SUAS,CH,9,1.266,82.374
Bez Sev.en a SUAS,CH,10,1.229,71.857
Bez Sev.en a SUAS,CH,11,1.329,87.265
Bez Sev.en a SUAS,CH,12,1.394,86.519
Bez Sev.en a SUAS,CH,13,1.165,76.509
Bez Sev.en a SUAS,CH,14,1.135,80.068
Bez Sev.en a SUAS,CH,15,1.239,82.801
Bez Sev.en a SUAS,CH,16,1.241,79.785
Bez Sev.en a SUAS,CH,17,1.152,70.897
Bez Sev.en a SUAS,CH,18,1.119,68.444
Bez Sev.en a SUAS,CH,19,1.121,71.921
Bez Sev.en a SUAS,CH,20,1.095,63.434
Bez Sev.en a SUAS,CH,21,1.026,56.276
Bez Sev.en a SUAS,CH,22,1.041,63.909
Bez Sev.en a SUAS,CH,23,1.06,51.29
Bez Sev.en a SUAS,CH,24,1.069,67.617
Bez Sev.en a SUAS,CH,25,1.071,62.682
Bez Sev.en a SUAS,CH,26,1.063,69.135
Bez Sev.en a SUAS,CH,27,1.031,63.665
Bez Sev.en a SUAS,CH,28,1.027,74.264
Bez Sev.en a SUAS,CH,29,1.023,75.414
Bez Sev.en a SUAS,CH,30,1.01,74.919
Bez Sev.en a SUAS,CH,31,1.002,63.992
Bez Sev.en a SUAS,CH,32,1.022,66.054
Bez Sev.en a SUAS,CH,33,1.009,65.749
Bez Sev.en a SUAS,CH,34,1.052,79.494
Bez Sev.en a SUAS,CH,35,1.051,78.181
Bez Sev.en a SUAS,CH,36,1.059,74.097
Bez Sev.en a SUAS,CH,37,1.081,78.302
Bez Sev.en a SUAS,CH,38,1.117,81.252
Bez Sev.en a SUAS,CH,39,1.106,80.987
Bez Sev.en a SUAS,CH,40,1.164,76.242
Bez Sev.en a SUAS,CH,41,1.127,79.613
Bez Sev.en a SUAS,CH,42,1.127,80.941
Bez Sev.en a SUAS,CH,43,1.177,88.891
Bez Sev.en a SUAS,CH,44,1.222,90.845
Bez Sev.en a SUAS,CH,45,1.352,95.15
Bez Sev.en a SUAS,CH,46,1.316,92.755
Bez Sev.en a SUAS,CH,47,1.332,90.935
Bez Sev.en a SUAS,CH,48,1.418,91.979
Bez Sev.en a SUAS,CH,49,1.463,94.737
Bez Sev.en a SUAS,CH,50,1.45,90.94
Bez Sev.en a SUAS,CH,51,1.459,92.245
Bez Sev.en a SUAS,CH,52,1.407,89.133
Bez Sev.en a SUAS,CZ,1,1.528,106.323
Bez Sev.en a SUAS,CZ,2,1.419,108.726
Bez Sev.en a SUAS,CZ,3,1.416,106.624
Bez Sev.en a SUAS,CZ,4,1.461,114.082
Bez Sev.en a SUAS,CZ,5,1.594,118.25
Bez Sev.en a SUAS,CZ,6,1.505,109.712
Bez Sev.en a SUAS,CZ,7,1.397,113.283
Bez Sev.en a SUAS,CZ,8,1.38,95.182
Bez Sev.en a SUAS,CZ,9,1.357,97.323
Bez Sev.en a SUAS,CZ,10,1.335,87.317
Bez Sev.en a SUAS,CZ,11,1.404,104.868
Bez Sev.en a SUAS,CZ,12,1.393,98.506
Bez Sev.en a SUAS,CZ,13,1.271,89.205
Bez Sev.en a SUAS,CZ,14,1.243,87.47
Bez Sev.en a SUAS,CZ,15,1.337,94.839
Bez Sev.en a SUAS,CZ,16,1.3,89.203
Bez Sev.en a SUAS,CZ,17,1.24,82.042
Bez Sev.en a SUAS,CZ,18,1.184,78.784
Bez Sev.en a SUAS,CZ,19,1.202,86.901
Bez Sev.en a SUAS,CZ,20,1.214,79.502
Bez Sev.en a SUAS,CZ,21,1.186,69.683
Bez Sev.en a SUAS,CZ,22,1.182,80.611
Bez Sev.en a SUAS,CZ,23,1.176,72.899
Bez Sev.en a SUAS,CZ,24,1.178,84.598
Bez Sev.en a SUAS,CZ,25,1.172,74.287
Bez Sev.en a SUAS,CZ,26,1.172,85.686
Bez Sev.en a SUAS,CZ,27,1.068,81.084
Bez Sev.en a SUAS,CZ,28,1.139,87.039
Bez Sev.en a SUAS,CZ,29,1.125,89.421
Bez Sev.en a SUAS,CZ,30,1.128,87.44
Bez Sev.en a SUAS,CZ,31,1.115,76.484
Bez Sev.en a SUAS,CZ,32,1.121,82.554
Bez Sev.en a SUAS,CZ,33,1.13,83.463
Bez Sev.en a SUAS,CZ,34,1.145,91.744
Bez Sev.en a SUAS,CZ,35,1.158,86.17
Bez Sev.en a SUAS,CZ,36,1.166,83.09
Bez Sev.en a SUAS,CZ,37,1.18,86.851
Bez Sev.en a SUAS,CZ,38,1.205,91.516
Bez Sev.en a SUAS,CZ,39,1.19,88.372
Bez Sev.en a SUAS,CZ,40,1.246,86.152
Bez Sev.en a SUAS,CZ,41,1.252,91.859
Bez Sev.en a SUAS,CZ,42,1.264,97.49
Bez Sev.en a SUAS,CZ,43,1.312,101.352
Bez Sev.en a SUAS,CZ,44,1.382,108.44
Bez Sev.en a SUAS,CZ,45,1.411,112.212
Bez Sev.en a SUAS,CZ,46,1.4,111.492
Bez Sev.en a SUAS,CZ,47,1.378,104.953
Bez Sev.en a SUAS,CZ,48,1.432,111.205
Bez Sev.en a SUAS,CZ,49,1.451,112.086
Bez Sev.en a SUAS,CZ,50,1.409,106.536
Bez Sev.en a SUAS,CZ,51,1.357,105.073
Bez Sev.en a SUAS,CZ,52,1.18,96.689
Bez Sev.en a SUAS,DE,1,14.152,96.369
Bez Sev.en a SUAS,DE,2,12.681,99.354
Bez Sev.en a SUAS,DE,3,12.581,93.021
Bez Sev.en a SUAS,DE,4,12.841,110.616
Bez Sev.en a SUAS,DE,5,14.81,116.964
Bez Sev.en a SUAS,DE,6,13.373,104.871
Bez Sev.en a SUAS,DE,7,13.663,114.389
Bez Sev.en a SUAS,DE,8,12.881,86.059
Bez Sev.en a SUAS,DE,9,12.388,93.191
Bez Sev.en a SUAS,DE,10,11.872,78.326
Bez Sev.en a SUAS,DE,11,13.059,96.549
Bez Sev.en a SUAS,DE,12,12.937,95.033
Bez Sev.en a SUAS,DE,13,11.108,85.73
Bez Sev.en a SUAS,DE,14,10.707,83.458
Bez Sev.en a SUAS,DE,15,12.363,91.487
Bez Sev.en a SUAS,DE,16,12.233,83.563
Bez Sev.en a SUAS,DE,17,11.01,72.359
Bez Sev.en a SUAS,DE,18,10.746,64.384
Bez Sev.en a SUAS,DE,19,10.869,77.409
Bez Sev.en a SUAS,DE,20,10.504,70.635
Bez Sev.en a SUAS,DE,21,9.741,58.766
Bez Sev.en a SUAS,DE,22,9.981,68.135
Bez Sev.en a SUAS,DE,23,10.09,50.73
Bez Sev.en a SUAS,DE,24,10.007,71.228
Bez Sev.en a SUAS,DE,25,10.024,66.119
Bez Sev.en a SUAS,DE,26,10.007,73.33
Bez Sev.en a SUAS,DE,27,9.994,66.833
Bez Sev.en a SUAS,DE,28,9.969,79.297
Bez Sev.en a SUAS,DE,29,9.999,82.554
Bez Sev.en a SUAS,DE,30,9.986,81.378
Bez Sev.en a SUAS,DE,31,10.019,64.996
Bez Sev.en a SUAS,DE,32,9.99,70.812
Bez Sev.en a SUAS,DE,33,9.989,68.796
Bez Sev.en a SUAS,DE,34,10.042,85.346
Bez Sev.en a SUAS,DE,35,10.03,82.806
Bez Sev.en a SUAS,DE,36,10.044,78.419
Bez Sev.en a SUAS,DE,37,10.223,82.281
Bez Sev.en a SUAS,DE,38,10.308,85.812
Bez Sev.en a SUAS,DE,39,10.333,84.688
Bez Sev.en a SUAS,DE,40,10.775,65.784
Bez Sev.en a SUAS,DE,41,10.693,83.588
Bez Sev.en a SUAS,DE,42,10.834,85.729
Bez Sev.en a SUAS,DE,43,11.854,97.713
Bez Sev.en a SUAS,DE,44,12.176,106.295
Bez Sev.en a SUAS,DE,45,12.498,112.295
Bez Sev.en a SUAS,DE,46,12.182,107.587
Bez Sev.en a SUAS,DE,47,12.67,100.614
Bez Sev.en a SUAS,DE,48,13.147,106.448
Bez Sev.en a SUAS,DE,49,12.836,109.988
Bez Sev.en a SUAS,DE,50,13.098,98.523
Bez Sev.en a SUAS,DE,51,13.088,100.004
Bez Sev.en a SUAS,DE,52,12.145,95.182
Bez Sev.en a SUAS,DK,1,1.347,95.659
Bez Sev.en a SUAS,DK,2,1.119,97.696
Bez Sev.en a SUAS,DK,3,1.1,92.344
Bez Sev.en a SUAS,DK,4,1.114,106.43
Bez Sev.en a SUAS,DK,5,1.287,114.313
Bez Sev.en a SUAS,DK,6,1.242,104.244
Bez Sev.en a SUAS,DK,7,1.231,110.573
Bez Sev.en a SUAS,DK,8,1.155,89.13
Bez Sev.en a SUAS,DK,9,1.152,94.086
Bez Sev.en a SUAS,DK,10,1.069,81.839
Bez Sev.en a SUAS,DK,11,1.129,95.896
Bez Sev.en a SUAS,DK,12,1.123,93.61
Bez Sev.en a SUAS,DK,13,1.022,88.915
Bez Sev.en a SUAS,DK,14,0.986,85.099
Bez Sev.en a SUAS,DK,15,1.061,91.11
Bez Sev.en a SUAS,DK,16,1.057,86.299
Bez Sev.en a SUAS,DK,17,0.98,77.96
Bez Sev.en a SUAS,DK,18,0.99,59.707
Bez Sev.en a SUAS,DK,19,0.947,81.523
Bez Sev.en a SUAS,DK,20,0.952,65.648
Bez Sev.en a SUAS,DK,21,0.887,61.581
Bez Sev.en a SUAS,DK,22,0.896,65.964
Bez Sev.en a SUAS,DK,23,0.934,42.4
Bez Sev.en a SUAS,DK,24,0.901,64.544
Bez Sev.en a SUAS,DK,25,0.908,55.69
Bez Sev.en a SUAS,DK,26,0.89,64.998
Bez Sev.en a SUAS,DK,27,0.866,64.033
Bez Sev.en a SUAS,DK,28,0.865,81.828
Bez Sev.en a SUAS,DK,29,0.869,83.766
Bez Sev.en a SUAS,DK,30,0.857,84.081
Bez Sev.en a SUAS,DK,31,0.905,66.642
Bez Sev.en a SUAS,DK,32,0.884,73.878
Bez Sev.en a SUAS,DK,33,0.893,72.923
Bez Sev.en a SUAS,DK,34,0.894,87.808
Bez Sev.en a SUAS,DK,35,0.908,83.134
Bez Sev.en a SUAS,DK,36,0.909,80.619
Bez Sev.en a SUAS,DK,37,0.918,84.63
Bez Sev.en a SUAS,DK,38,0.924,87.551
Bez Sev.en a SUAS,DK,39,0.942,85.393
Bez Sev.en a SUAS,DK,40,0.971,65.507
Bez Sev.en a SUAS,DK,41,0.972,84.914
Bez Sev.en a SUAS,DK,42,1.006,85.89
Bez Sev.en a SUAS,DK,43,1.075,95.797
Bez Sev.en a SUAS,DK,44,1.06,102.091
Bez Sev.en a SUAS,DK,45,1.075,107.823
Bez Sev.en a SUAS,DK,46,1.05,101.617
Bez Sev.en a SUAS,DK,47,1.071,96.373
Bez Sev.en a SUAS,DK,48,1.129,102.591
Bez Sev.en a SUAS,DK,49,1.141,105.6
Bez Sev.en a SUAS,DK,50,1.114,99.055
Bez Sev.en a SUAS,DK,51,1.124,98.2
Bez Sev.en a SUAS,DK,52,1.113,93.506
Bez Sev.en a SUAS,EE,1,0.269,110.611
Bez Sev.en a SUAS,EE,2,0.232,105.147
Bez Sev.en a SUAS,EE,3,0.224,108.192
Bez Sev.en a SUAS,EE,4,0.224,105.521
Bez Sev.en a SUAS,EE,5,0.239,107.411
Bez Sev.en a SUAS,EE,6,0.235,103.682
Bez Sev.en a SUAS,EE,7,0.227,107.872
Bez Sev.en a SUAS,EE,8,0.218,105.609
Bez Sev.en a SUAS,EE,9,0.218,96.026
Bez Sev.en a SUAS,EE,10,0.211,101.496
Bez Sev.en a SUAS,EE,11,0.214,105.861
Bez Sev.en a SUAS,EE,12,0.211,97.939
Bez Sev.en a SUAS,EE,13,0.207,101.206
Bez Sev.en a SUAS,EE,14,0.205,88.151
Bez Sev.en a SUAS,EE,15,0.205,88.279
Bez Sev.en a SUAS,EE,16,0.204,93.732
Bez Sev.en a SUAS,EE,17,0.188,90.779
Bez Sev.en a SUAS,EE,18,0.18,59.521
Bez Sev.en a SUAS,EE,19,0.187,94.292
Bez Sev.en a SUAS,EE,20,0.175,68.294
Bez Sev.en a SUAS,EE,21,0.167,60.088
Bez Sev.en a SUAS,EE,22,0.166,51.068
Bez Sev.en a SUAS,EE,23,0.167,44.421
Bez Sev.en a SUAS,EE,24,0.161,51.257
Bez Sev.en a SUAS,EE,25,0.161,40.319
Bez Sev.en a SUAS,EE,26,0.158,65.315
Bez Sev.en a SUAS,EE,27,0.157,61.431
Bez Sev.en a SUAS,EE,28,0.155,83.024
Bez Sev.en a SUAS,EE,29,0.155,87.354
Bez Sev.en a SUAS,EE,30,0.152,91.095
Bez Sev.en a SUAS,EE,31,0.163,73.184
Bez Sev.en a SUAS,EE,32,0.164,99.845
Bez Sev.en a SUAS,EE,33,0.164,90.465
Bez Sev.en a SUAS,EE,34,0.164,94.084
Bez Sev.en a SUAS,EE,35,0.166,86.178
Bez Sev.en a SUAS,EE,36,0.167,76.026
Bez Sev.en a SUAS,EE,37,0.169,91.312
Bez Sev.en a SUAS,EE,38,0.172,88.938
Bez Sev.en a SUAS,EE,39,0.18,73.05
Bez Sev.en a SUAS,EE,40,0.182,43.292
Bez Sev.en a SUAS,EE,41,0.182,97.803
Bez Sev.en a SUAS,EE,42,0.196,85.044
Bez Sev.en a SUAS,EE,43,0.202,102.319
Bez Sev.en a SUAS,EE,44,0.216,111.413
Bez Sev.en a SUAS,EE,45,0.221,110.41
Bez Sev.en a SUAS,EE,46,0.213,98.235
Bez Sev.en a SUAS,EE,47,0.217,88.095
Bez Sev.en a SUAS,EE,48,0.222,116.03
Bez Sev.en a SUAS,EE,49,0.232,108.542
Bez Sev.en a SUAS,EE,50,0.228,107.53
Bez Sev.en a SUAS,EE,51,0.221,102.101
Bez Sev.en a SUAS,EE,52,0.208,87.031
Bez Sev.en a SUAS,ES,1,5.764,80.471
Bez Sev.en a SUAS,ES,2,5.658,82.828
Bez Sev.en a SUAS,ES,3,5.351,75.782
Bez Sev.en a SUAS,ES,4,5.798,84.021
Bez Sev.en a SUAS,ES,5,6.016,83.646
Bez Sev.en a SUAS,ES,6,5.739,71.778
Bez Sev.en a SUAS,ES,7,5.778,80.135
Bez Sev.en a SUAS,ES,8,5.213,69.745
Bez Sev.en a SUAS,ES,9,5.07,54.234
Bez Sev.en a SUAS,ES,10,4.885,64.607
Bez Sev.en a SUAS,ES,11,5.084,61.494
Bez Sev.en a SUAS,ES,12,5.442,70.159
Bez Sev.en a SUAS,ES,13,4.668,68.72
Bez Sev.en a SUAS,ES,14,4.802,72.452
Bez Sev.en a SUAS,ES,15,5.122,77.064
Bez Sev.en a SUAS,ES,16,5.168,57.435
Bez Sev.en a SUAS,ES,17,4.985,57.275
Bez Sev.en a SUAS,ES,18,4.878,68.913
Bez Sev.en a SUAS,ES,19,5.007,70.705
Bez Sev.en a SUAS,ES,20,4.853,66.506
Bez Sev.en a SUAS,ES,21,4.921,64.747
Bez Sev.en a SUAS,ES,22,5.031,70.612
Bez Sev.en a SUAS,ES,23,5.075,57.625
Bez Sev.en a SUAS,ES,24,4.916,62.699
Bez Sev.en a SUAS,ES,25,5.171,65.903
Bez Sev.en a SUAS,ES,26,5.702,74.729
Bez Sev.en a SUAS,ES,27,5.282,66.466
Bez Sev.en a SUAS,ES,28,5.505,75.493
Bez Sev.en a SUAS,ES,29,6.35,83.166
Bez Sev.en a SUAS,ES,30,6.017,79.26
Bez Sev.en a SUAS,ES,31,5.183,66.745
Bez Sev.en a SUAS,ES,32,5.408,75.529
Bez Sev.en a SUAS,ES,33,5.492,74.218
Bez Sev.en a SUAS,ES,34,5.006,72.548
Bez Sev.en a SUAS,ES,35,5.282,77.244
Bez Sev.en a SUAS,ES,36,5.27,78.661
Bez Sev.en a SUAS,ES,37,5.048,80.175
Bez Sev.en a SUAS,ES,38,5.014,70.03
Bez Sev.en a SUAS,ES,39,4.98,78.127
Bez Sev.en a SUAS,ES,40,4.9,60.279
Bez Sev.en a SUAS,ES,41,4.797,81.522
Bez Sev.en a SUAS,ES,42,4.891,77.728
Bez Sev.en a SUAS,ES,43,4.886,78.641
Bez Sev.en a SUAS,ES,44,4.817,78.716
Bez Sev.en a SUAS,ES,45,5.168,81.498
Bez Sev.en a SUAS,ES,46,5.207,82.287
Bez Sev.en a SUAS,ES,47,5.138,79.288
Bez Sev.en a SUAS,ES,48,5.257,79.294
Bez Sev.en a SUAS,ES,49,5.277,84.102
Bez Sev.en a SUAS,ES,50,5.342,78.093
Bez Sev.en a SUAS,ES,51,5.521,78.199
Bez Sev.en a SUAS,ES,52,4.966,58.602
Bez Sev.en a SUAS,FI,1,2.597,107.294
Bez Sev.en a SUAS,FI,2,2.202,102.56
Bez Sev.en a SUAS,FI,3,2.128,103.512
Bez Sev.en a SUAS,FI,4,2.04,97.205
Bez Sev.en a SUAS,FI,5,2.099,94.486
Bez Sev.en a SUAS,FI,6,2.179,103.747
Bez Sev.en a SUAS,FI,7,2.104,104.705
Bez Sev.en a SUAS,FI,8,2.054,102.242
Bez Sev.en a SUAS,FI,9,2.058,95.19
Bez Sev.en a SUAS,FI,10,2.032,102.641
Bez Sev.en a SUAS,FI,11,2.01,102.762
Bez Sev.en a SUAS,FI,12,2.002,99.604
Bez Sev.en a SUAS,FI,13,1.951,101.494
Bez Sev.en a SUAS,FI,14,1.983,96.973
Bez Sev.en a SUAS,FI,15,1.98,94.557
Bez Sev.en a SUAS,FI,16,1.937,97.161
Bez Sev.en a SUAS,FI,17,1.818,94.571
Bez Sev.en a SUAS,FI,18,1.763,88.457
Bez Sev.en a SUAS,FI,19,1.759,97.711
Bez Sev.en a SUAS,FI,20,1.683,64.574
Bez Sev.en a SUAS,FI,21,1.595,51.21
Bez Sev.en a SUAS,FI,22,1.606,42.173
Bez Sev.en a SUAS,FI,23,1.608,39.303
Bez Sev.en a SUAS,FI,24,1.558,48.498
Bez Sev.en a SUAS,FI,25,1.44,42.178
Bez Sev.en a SUAS,FI,26,1.515,57.568
Bez Sev.en a SUAS,FI,27,1.532,59.525
Bez Sev.en a SUAS,FI,28,1.517,83.32
Bez Sev.en a SUAS,FI,29,1.508,86.632
Bez Sev.en a SUAS,FI,30,1.506,92.515
Bez Sev.en a SUAS,FI,31,1.541,73.527
Bez Sev.en a SUAS,FI,32,1.56,97.71
Bez Sev.en a SUAS,FI,33,1.568,89.026
Bez Sev.en a SUAS,FI,34,1.566,97.069
Bez Sev.en a SUAS,FI,35,1.593,86.448
Bez Sev.en a SUAS,FI,36,1.609,79.47
Bez Sev.en a SUAS,FI,37,1.6,93.846
Bez Sev.en a SUAS,FI,38,1.64,88.263
Bez Sev.en a SUAS,FI,39,1.739,75.98
Bez Sev.en a SUAS,FI,40,1.764,50.471
Bez Sev.en a SUAS,FI,41,1.743,96.095
Bez Sev.en a SUAS,FI,42,1.863,81.922
Bez Sev.en a SUAS,FI,43,1.919,100.588
Bez Sev.en a SUAS,FI,44,2.014,106.601
Bez Sev.en a SUAS,FI,45,2.065,105.96
Bez Sev.en a SUAS,FI,46,1.988,95.473
Bez Sev.en a SUAS,FI,47,1.999,86.807
Bez Sev.en a SUAS,FI,48,2.091,110.148
Bez Sev.en a SUAS,FI,49,2.158,101.255
Bez Sev.en a SUAS,FI,50,2.121,104.2
Bez Sev.en a SUAS,FI,51,2.071,99.778
Bez Sev.en a SUAS,FI,52,1.932,83.48
Bez Sev.en a SUAS,FR,1,13.011,73.941
Bez Sev.en a SUAS,FR,2,10.994,63.976
Bez Sev.en a SUAS,FR,3,10.618,61.138
Bez Sev.en a SUAS,FR,4,11.351,83.701
Bez Sev.en a SUAS,FR,5,13.849,96.346
Bez Sev.en a SUAS,FR,6,12.628,85.555
Bez Sev.en a SUAS,FR,7,13.001,88.261
Bez Sev.en a SUAS,FR,8,11.003,67.312
Bez Sev.en a SUAS,FR,9,10.084,54.621
Bez Sev.en a SUAS,FR,10,9.614,48.539
Bez Sev.en a SUAS,FR,11,10.563,74.301
Bez Sev.en a SUAS,FR,12,11.513,83.777
Bez Sev.en a SUAS,FR,13,9.452,72.709
Bez Sev.en a SUAS,FR,14,8.98,73.929
Bez Sev.en a SUAS,FR,15,10.255,82.82
Bez Sev.en a SUAS,FR,16,10.295,72.103
Bez Sev.en a SUAS,FR,17,9.285,63.558
Bez Sev.en a SUAS,FR,18,9.137,54.134
Bez Sev.en a SUAS,FR,19,8.479,65.817
Bez Sev.en a SUAS,FR,20,8.225,57.75
Bez Sev.en a SUAS,FR,21,8.098,56.912
Bez Sev.en a SUAS,FR,22,8.395,61.417
Bez Sev.en a SUAS,FR,23,7.897,25.262
Bez Sev.en a SUAS,FR,24,7.738,58.147
Bez Sev.en a SUAS,FR,25,7.91,56.482
Bez Sev.en a SUAS,FR,26,9.124,70.073
Bez Sev.en a SUAS,FR,27,8.446,63.552
Bez Sev.en a SUAS,FR,28,9.325,75.182
Bez Sev.en a SUAS,FR,29,9.052,77.576
Bez Sev.en a SUAS,FR,30,8.368,72.045
Bez Sev.en a SUAS,FR,31,7.446,63.052
Bez Sev.en a SUAS,FR,32,8.192,66.076
Bez Sev.en a SUAS,FR,33,8.282,65.754
Bez Sev.en a SUAS,FR,34,7.367,78.109
Bez Sev.en a SUAS,FR,35,8.417,78.894
Bez Sev.en a SUAS,FR,36,8.892,71.6
Bez Sev.en a SUAS,FR,37,7.954,68.891
Bez Sev.en a SUAS,FR,38,7.937,68.596
Bez Sev.en a SUAS,FR,39,8.114,77.851
Bez Sev.en a SUAS,FR,40,8.459,42.399
Bez Sev.en a SUAS,FR,41,8.246,75.891
Bez Sev.en a SUAS,FR,42,8.217,71.01
Bez Sev.en a SUAS,FR,43,8.686,77.843
Bez Sev.en a SUAS,FR,44,8.932,80.608
Bez Sev.en a SUAS,FR,45,10.505,83.53
Bez Sev.en a SUAS,FR,46,10.064,84.888
Bez Sev.en a SUAS,FR,47,10.457,75.188
Bez Sev.en a SUAS,FR,48,11.285,79.487
Bez Sev.en a SUAS,FR,49,11.26,82.684
Bez Sev.en a SUAS,FR,50,11.247,73.505
Bez Sev.en a SUAS,FR,51,11.452,75.914
Bez Sev.en a SUAS,FR,52,11.267,58.219
Bez Sev.en a SUAS,GB,1,8.062,78.445
Bez Sev.en a SUAS,GB,2,6.887,59.609
Bez Sev.en a SUAS,GB,3,6.752,63.693
Bez Sev.en a SUAS,GB,4,7.071,83.479
Bez Sev.en a SUAS,GB,5,7.861,92.058
Bez Sev.en a SUAS,GB,6,8.183,85.719
Bez Sev.en a SUAS,GB,7,8.424,91.579
Bez Sev.en a SUAS,GB,8,7.458,75.506
Bez Sev.en a SUAS,GB,9,7.421,75.376
Bez Sev.en a SUAS,GB,10,6.5,55.825
Bez Sev.en a SUAS,GB,11,6.936,83.215
Bez Sev.en a SUAS,GB,12,7.225,84.628
Bez Sev.en a SUAS,GB,13,6.475,77.427
Bez Sev.en a SUAS,GB,14,5.832,78.659
Bez Sev.en a SUAS,GB,15,6.342,83.917
Bez Sev.en a SUAS,GB,16,6.375,77.722
Bez Sev.en a SUAS,GB,17,6.11,75.449
Bez Sev.en a SUAS,GB,18,5.702,47.423
Bez Sev.en a SUAS,GB,19,5.529,77.526
Bez Sev.en a SUAS,GB,20,5.195,55.938
Bez Sev.en a SUAS,GB,21,4.971,72.047
Bez Sev.en a SUAS,GB,22,4.966,72.381
Bez Sev.en a SUAS,GB,23,4.996,29.229
Bez Sev.en a SUAS,GB,24,5.063,56.593
Bez Sev.en a SUAS,GB,25,5.027,45.139
Bez Sev.en a SUAS,GB,26,4.981,60.076
Bez Sev.en a SUAS,GB,27,5.001,75.125
Bez Sev.en a SUAS,GB,28,4.958,75.424
Bez Sev.en a SUAS,GB,29,5.375,83.977
Bez Sev.en a SUAS,GB,30,5.271,76.753
Bez Sev.en a SUAS,GB,31,5.176,72.916
Bez Sev.en a SUAS,GB,32,4.969,63.759
Bez Sev.en a SUAS,GB,33,5.11,59.924
Bez Sev.en a SUAS,GB,34,5.267,82.857
Bez Sev.en a SUAS,GB,35,5.123,81.756
Bez Sev.en a SUAS,GB,36,5.354,74.258
Bez Sev.en a SUAS,GB,37,5.342,67.386
Bez Sev.en a SUAS,GB,38,5.44,82.076
Bez Sev.en a SUAS,GB,39,5.441,82.714
Bez Sev.en a SUAS,GB,40,5.828,45.29
Bez Sev.en a SUAS,GB,41,5.809,60.864
Bez Sev.en a SUAS,GB,42,5.788,75.23
Bez Sev.en a SUAS,GB,43,5.997,81.528
Bez Sev.en a SUAS,GB,44,6.4,83.673
Bez Sev.en a SUAS,GB,45,6.718,74.308
Bez Sev.en a SUAS,GB,46,6.626,78.557
Bez Sev.en a SUAS,GB,47,6.792,75.01
Bez Sev.en a SUAS,GB,48,7.081,80.296
Bez Sev.en a SUAS,GB,49,6.978,71.06
Bez Sev.en a SUAS,GB,50,7.096,83.24
Bez Sev.en a SUAS,GB,51,7.243,79.97
Bez Sev.en a SUAS,GB,52,7.132,73.5
Bez Sev.en a SUAS,GR,1,1.19,82.154
Bez Sev.en a SUAS,GR,2,1.121,85.1
Bez Sev.en a SUAS,GR,3,1.04,84.986
Bez Sev.en a SUAS,GR,4,1.206,84.757
Bez Sev.en a SUAS,GR,5,1.189,84.98
Bez Sev.en a SUAS,GR,6,1.067,83.62
Bez Sev.en a SUAS,GR,7,0.994,80.215
Bez Sev.en a SUAS,GR,8,0.941,73.804
Bez Sev.en a SUAS,GR,9,0.938,70.286
Bez Sev.en a SUAS,GR,10,0.91,64.762
Bez Sev.en a SUAS,GR,11,0.981,80.803
Bez Sev.en a SUAS,GR,12,0.965,72.623
Bez Sev.en a SUAS,GR,13,0.907,66.888
Bez Sev.en a SUAS,GR,14,0.849,64.55
Bez Sev.en a SUAS,GR,15,0.937,65.462
Bez Sev.en a SUAS,GR,16,0.911,59.561
Bez Sev.en a SUAS,GR,17,0.903,58.553
Bez Sev.en a SUAS,GR,18,0.892,72.58
Bez Sev.en a SUAS,GR,19,0.912,75.891
Bez Sev.en a SUAS,GR,20,0.909,72.4
Bez Sev.en a SUAS,GR,21,0.9,60.913
Bez Sev.en a SUAS,GR,22,0.938,68.202
Bez Sev.en a SUAS,GR,23,1.029,59.979
Bez Sev.en a SUAS,GR,24,1.228,77.336
Bez Sev.en a SUAS,GR,25,1.366,75.715
Bez Sev.en a SUAS,GR,26,1.29,76.621
Bez Sev.en a SUAS,GR,27,1.244,75.864
Bez Sev.en a SUAS,GR,28,1.152,79.966
Bez Sev.en a SUAS,GR,29,1.401,82.42
Bez Sev.en a SUAS,GR,30,1.357,81.089
Bez Sev.en a SUAS,GR,31,1.382,76.867
Bez Sev.en a SUAS,GR,32,1.15,64.465
Bez Sev.en a SUAS,GR,33,1.071,75.841
Bez Sev.en a SUAS,GR,34,1.195,80.185
Bez Sev.en a SUAS,GR,35,0.972,68.751
Bez Sev.en a SUAS,GR,36,0.981,78.277
Bez Sev.en a SUAS,GR,37,1.01,76.795
Bez Sev.en a SUAS,GR,38,0.981,80.586
Bez Sev.en a SUAS,GR,39,0.957,80.734
Bez Sev.en a SUAS,GR,40,1.014,78.269
Bez Sev.en a SUAS,GR,41,0.959,77.392
Bez Sev.en a SUAS,GR,42,0.946,83.698
Bez Sev.en a SUAS,GR,43,0.938,82.558
Bez Sev.en a SUAS,GR,44,0.946,84.184
Bez Sev.en a SUAS,GR,45,0.982,83.653
Bez Sev.en a SUAS,GR,46,1.005,84.289
Bez Sev.en a SUAS,GR,47,1.046,80
Bez Sev.en a SUAS,GR,48,1.129,83.821
Bez Sev.en a SUAS,GR,49,1.143,84.981
Bez Sev.en a SUAS,GR,50,1.09,82.45
Bez Sev.en a SUAS,GR,51,1.078,83.725
Bez Sev.en a SUAS,GR,52,1.015,84.564
Bez Sev.en a SUAS,HR,1,0.36,93.325
Bez Sev.en a SUAS,HR,2,0.329,99.957
Bez Sev.en a SUAS,HR,3,0.317,97.758
Bez Sev.en a SUAS,HR,4,0.34,106.186
Bez Sev.en a SUAS,HR,5,0.389,102.999
Bez Sev.en a SUAS,HR,6,0.359,95.491
Bez Sev.en a SUAS,HR,7,0.322,98.545
Bez Sev.en a SUAS,HR,8,0.308,82.145
Bez Sev.en a SUAS,HR,9,0.298,83.954
Bez Sev.en a SUAS,HR,10,0.291,75.09
Bez Sev.en a SUAS,HR,11,0.324,89.003
Bez Sev.en a SUAS,HR,12,0.319,86.506
Bez Sev.en a SUAS,HR,13,0.283,78.177
Bez Sev.en a SUAS,HR,14,0.282,81.182
Bez Sev.en a SUAS,HR,15,0.305,80.079
Bez Sev.en a SUAS,HR,16,0.299,76.317
Bez Sev.en a SUAS,HR,17,0.283,70.451
Bez Sev.en a SUAS,HR,18,0.278,75.353
Bez Sev.en a SUAS,HR,19,0.284,80.34
Bez Sev.en a SUAS,HR,20,0.283,73.275
Bez Sev.en a SUAS,HR,21,0.279,64.252
Bez Sev.en a SUAS,HR,22,0.281,72.544
Bez Sev.en a SUAS,HR,23,0.296,64.638
Bez Sev.en a SUAS,HR,24,0.324,77.859
Bez Sev.en a SUAS,HR,25,0.316,71.702
Bez Sev.en a SUAS,HR,26,0.361,84.011
Bez Sev.en a SUAS,HR,27,0.325,77.433
Bez Sev.en a SUAS,HR,28,0.335,81.065
Bez Sev.en a SUAS,HR,29,0.371,82.41
Bez Sev.en a SUAS,HR,30,0.328,81.987
Bez Sev.en a SUAS,HR,31,0.325,76.596
Bez Sev.en a SUAS,HR,32,0.32,73.89
Bez Sev.en a SUAS,HR,33,0.314,78.392
Bez Sev.en a SUAS,HR,34,0.303,82.983
Bez Sev.en a SUAS,HR,35,0.29,76.935
Bez Sev.en a SUAS,HR,36,0.294,78.537
Bez Sev.en a SUAS,HR,37,0.291,82.064
Bez Sev.en a SUAS,HR,38,0.294,84.226
Bez Sev.en a SUAS,HR,39,0.291,83.848
Bez Sev.en a SUAS,HR,40,0.289,81.939
Bez Sev.en a SUAS,HR,41,0.28,83.901
Bez Sev.en a SUAS,HR,42,0.287,88.659
Bez Sev.en a SUAS,HR,43,0.294,88.964
Bez Sev.en a SUAS,HR,44,0.308,92.771
Bez Sev.en a SUAS,HR,45,0.33,94.902
Bez Sev.en a SUAS,HR,46,0.335,99.034
Bez Sev.en a SUAS,HR,47,0.327,92.582
Bez Sev.en a SUAS,HR,48,0.346,97.222
Bez Sev.en a SUAS,HR,49,0.347,98.099
Bez Sev.en a SUAS,HR,50,0.336,92.908
Bez Sev.en a SUAS,HR,51,0.331,93.144
Bez Sev.en a SUAS,HR,52,0.329,88.118
Bez Sev.en a SUAS,HU,1,1.101,98.011
Bez Sev.en a SUAS,HU,2,1.047,103.879
Bez Sev.en a SUAS,HU,3,1.03,100.97
Bez Sev.en a SUAS,HU,4,1.07,110.182
Bez Sev.en a SUAS,HU,5,1.117,109.572
Bez Sev.en a SUAS,HU,6,1.052,99.611
Bez Sev.en a SUAS,HU,7,1.008,104.916
Bez Sev.en a SUAS,HU,8,0.992,85.366
Bez Sev.en a SUAS,HU,9,0.967,86.255
Bez Sev.en a SUAS,HU,10,0.981,77.867
Bez Sev.en a SUAS,HU,11,0.984,95.582
Bez Sev.en a SUAS,HU,12,0.995,90.348
Bez Sev.en a SUAS,HU,13,0.89,79.728
Bez Sev.en a SUAS,HU,14,0.925,82.282
Bez Sev.en a SUAS,HU,15,0.99,82.713
Bez Sev.en a SUAS,HU,16,0.968,79.5
Bez Sev.en a SUAS,HU,17,0.932,69.708
Bez Sev.en a SUAS,HU,18,0.892,77.293
Bez Sev.en a SUAS,HU,19,0.942,81.786
Bez Sev.en a SUAS,HU,20,0.923,74.861
Bez Sev.en a SUAS,HU,21,0.899,65.122
Bez Sev.en a SUAS,HU,22,0.925,73.487
Bez Sev.en a SUAS,HU,23,0.937,64.591
Bez Sev.en a SUAS,HU,24,0.967,77.765
Bez Sev.en a SUAS,HU,25,0.948,71.559
Bez Sev.en a SUAS,HU,26,1.058,83.316
Bez Sev.en a SUAS,HU,27,0.948,78.106
Bez Sev.en a SUAS,HU,28,0.991,81.628
Bez Sev.en a SUAS,HU,29,1.003,82.874
Bez Sev.en a SUAS,HU,30,0.95,82.595
Bez Sev.en a SUAS,HU,31,0.959,73.822
Bez Sev.en a SUAS,HU,32,0.946,74.53
Bez Sev.en a SUAS,HU,33,0.947,78.927
Bez Sev.en a SUAS,HU,34,0.908,84.387
Bez Sev.en a SUAS,HU,35,0.932,77.361
Bez Sev.en a SUAS,HU,36,0.937,78.937
Bez Sev.en a SUAS,HU,37,0.936,83.087
Bez Sev.en a SUAS,HU,38,0.94,86.145
Bez Sev.en a SUAS,HU,39,0.946,85.168
Bez Sev.en a SUAS,HU,40,0.942,83.106
Bez Sev.en a SUAS,HU,41,0.95,86.09
Bez Sev.en a SUAS,HU,42,0.957,92.705
Bez Sev.en a SUAS,HU,43,0.944,93.931
Bez Sev.en a SUAS,HU,44,0.972,100.574
Bez Sev.en a SUAS,HU,45,1.047,103.785
Bez Sev.en a SUAS,HU,46,1.023,105.775
Bez Sev.en a SUAS,HU,47,1.029,100.538
Bez Sev.en a SUAS,HU,48,1.067,105.72
Bez Sev.en a SUAS,HU,49,1.044,106.807
Bez Sev.en a SUAS,HU,50,1.051,99.07
Bez Sev.en a SUAS,HU,51,1.013,99.239
Bez Sev.en a SUAS,HU,52,0.909,92.246
Bez Sev.en a SUAS,IE,1,0.985,78.459
Bez Sev.en a SUAS,IE,2,0.875,62.724
Bez Sev.en a SUAS,IE,3,0.879,63.539
Bez Sev.en a SUAS,IE,4,0.886,82.632
Bez Sev.en a SUAS,IE,5,0.873,94.207
Bez Sev.en a SUAS,IE,6,0.923,85.307
Bez Sev.en a SUAS,IE,7,0.926,88.455
Bez Sev.en a SUAS,IE,8,0.906,76.386
Bez Sev.en a SUAS,IE,9,0.904,74.552
Bez Sev.en a SUAS,IE,10,0.861,71.236
Bez Sev.en a SUAS,IE,11,0.869,83.497
Bez Sev.en a SUAS,IE,12,0.871,84.911
Bez Sev.en a SUAS,IE,13,0.844,76.493
Bez Sev.en a SUAS,IE,14,0.813,78.076
Bez Sev.en a SUAS,IE,15,0.832,83.574
Bez Sev.en a SUAS,IE,16,0.838,79.394
Bez Sev.en a SUAS,IE,17,0.825,74.486
Bez Sev.en a SUAS,IE,18,0.805,56.039
Bez Sev.en a SUAS,IE,19,0.771,78.586
Bez Sev.en a SUAS,IE,20,0.775,61.971
Bez Sev.en a SUAS,IE,21,0.751,79.444
Bez Sev.en a SUAS,IE,22,0.756,74.456
Bez Sev.en a SUAS,IE,23,0.75,57.162
Bez Sev.en a SUAS,IE,24,0.759,72.339
Bez Sev.en a SUAS,IE,25,0.767,41.729
Bez Sev.en a SUAS,IE,26,0.754,61.079
Bez Sev.en a SUAS,IE,27,0.751,79.922
Bez Sev.en a SUAS,IE,28,0.75,79.26
Bez Sev.en a SUAS,IE,29,0.749,83.702
Bez Sev.en a SUAS,IE,30,0.753,81.713
Bez Sev.en a SUAS,IE,31,0.751,74.118
Bez Sev.en a SUAS,IE,32,0.743,70.289
Bez Sev.en a SUAS,IE,33,0.752,71.691
Bez Sev.en a SUAS,IE,34,0.757,83.756
Bez Sev.en a SUAS,IE,35,0.762,81.649
Bez Sev.en a SUAS,IE,36,0.767,83.01
Bez Sev.en a SUAS,IE,37,0.765,69.288
Bez Sev.en a SUAS,IE,38,0.77,81.792
Bez Sev.en a SUAS,IE,39,0.775,82.992
Bez Sev.en a SUAS,IE,40,0.797,66.965
Bez Sev.en a SUAS,IE,41,0.785,61.557
Bez Sev.en a SUAS,IE,42,0.787,83.057
Bez Sev.en a SUAS,IE,43,0.803,82.497
Bez Sev.en a SUAS,IE,44,0.82,84.487
Bez Sev.en a SUAS,IE,45,0.852,72.803
Bez Sev.en a SUAS,IE,46,0.854,80.879
Bez Sev.en a SUAS,IE,47,0.883,75.111
Bez Sev.en a SUAS,IE,48,0.881,79.087
Bez Sev.en a SUAS,IE,49,0.874,73.828
Bez Sev.en a SUAS,IE,50,0.895,82.477
Bez Sev.en a SUAS,IE,51,0.907,81.186
Bez Sev.en a SUAS,IE,52,0.86,73.3
Bez Sev.en a SUAS,IT,1,6.403,84.005
Bez Sev.en a SUAS,IT,2,6.622,85.086
Bez Sev.en a SUAS,IT,3,6.412,84.768
Bez Sev.en a SUAS,IT,4,6.666,84.73
Bez Sev.en a SUAS,IT,5,7.456,85.408
Bez Sev.en a SUAS,IT,6,6.886,84.468
Bez Sev.en a SUAS,IT,7,6.426,84.859
Bez Sev.en a SUAS,IT,8,6.25,82.234
Bez Sev.en a SUAS,IT,9,6.09,81.345
Bez Sev.en a SUAS,IT,10,5.953,72.374
Bez Sev.en a SUAS,IT,11,6.3,84.278
Bez Sev.en a SUAS,IT,12,6.448,81.663
Bez Sev.en a SUAS,IT,13,5.87,77.204
Bez Sev.en a SUAS,IT,14,5.58,77.365
Bez Sev.en a SUAS,IT,15,6.09,78.707
Bez Sev.en a SUAS,IT,16,5.983,74.412
Bez Sev.en a SUAS,IT,17,5.512,76.668
Bez Sev.en a SUAS,IT,18,5.494,72.728
Bez Sev.en a SUAS,IT,19,5.893,79.636
Bez Sev.en a SUAS,IT,20,5.811,66.438
Bez Sev.en a SUAS,IT,21,5.908,60.745
Bez Sev.en a SUAS,IT,22,6.219,71.102
Bez Sev.en a SUAS,IT,23,6.253,61.022
Bez Sev.en a SUAS,IT,24,6.535,76.099
Bez Sev.en a SUAS,IT,25,6.604,67.872
Bez Sev.en a SUAS,IT,26,7.779,82.394
Bez Sev.en a SUAS,IT,27,6.747,76.361
Bez Sev.en a SUAS,IT,28,7.079,79.501
Bez Sev.en a SUAS,IT,29,7.746,79.779
Bez Sev.en a SUAS,IT,30,7.062,79.903
Bez Sev.en a SUAS,IT,31,6.229,73.058
Bez Sev.en a SUAS,IT,32,5.571,70.19
Bez Sev.en a SUAS,IT,33,5.418,70.939
Bez Sev.en a SUAS,IT,34,5.675,79.936
Bez Sev.en a SUAS,IT,35,5.603,75.656
Bez Sev.en a SUAS,IT,36,6.484,80.547
Bez Sev.en a SUAS,IT,37,6.172,81.119
Bez Sev.en a SUAS,IT,38,6.067,82.086
Bez Sev.en a SUAS,IT,39,6.043,83.127
Bez Sev.en a SUAS,IT,40,5.92,79.514
Bez Sev.en a SUAS,IT,41,5.885,83.485
Bez Sev.en a SUAS,IT,42,5.981,83.985
Bez Sev.en a SUAS,IT,43,5.99,82.997
Bez Sev.en a SUAS,IT,44,5.737,83.264
Bez Sev.en a SUAS,IT,45,6.542,84.13
Bez Sev.en a SUAS,IT,46,6.509,84.577
Bez Sev.en a SUAS,IT,47,6.388,84.82
Bez Sev.en a SUAS,IT,48,6.718,84.437
Bez Sev.en a SUAS,IT,49,6.932,85.059
Bez Sev.en a SUAS,IT,50,6.61,84.899
Bez Sev.en a SUAS,IT,51,6.465,84.586
Bez Sev.en a SUAS,IT,52,5.378,84.466
Bez Sev.en a SUAS,LT,1,0.443,107.94
Bez Sev.en a SUAS,LT,2,0.345,99.86
Bez Sev.en a SUAS,LT,3,0.336,104.63
Bez Sev.en a SUAS,LT,4,0.354,105.201
Bez Sev.en a SUAS,LT,5,0.399,111.079
Bez Sev.en a SUAS,LT,6,0.349,92.785
Bez Sev.en a SUAS,LT,7,0.326,104.982
Bez Sev.en a SUAS,LT,8,0.32,100.631
Bez Sev.en a SUAS,LT,9,0.308,88.767
Bez Sev.en a SUAS,LT,10,0.285,88.914
Bez Sev.en a SUAS,LT,11,0.312,102.364
Bez Sev.en a SUAS,LT,12,0.304,86.182
Bez Sev.en a SUAS,LT,13,0.284,95.227
Bez Sev.en a SUAS,LT,14,0.264,68.984
Bez Sev.en a SUAS,LT,15,0.292,71.502
Bez Sev.en a SUAS,LT,16,0.279,84.505
Bez Sev.en a SUAS,LT,17,0.26,76.695
Bez Sev.en a SUAS,LT,18,0.243,35.636
Bez Sev.en a SUAS,LT,19,0.266,90.469
Bez Sev.en a SUAS,LT,20,0.26,66.263
Bez Sev.en a SUAS,LT,21,0.251,59.276
Bez Sev.en a SUAS,LT,22,0.249,54.753
Bez Sev.en a SUAS,LT,23,0.259,40.165
Bez Sev.en a SUAS,LT,24,0.269,48.838
Bez Sev.en a SUAS,LT,25,0.259,37.176
Bez Sev.en a SUAS,LT,26,0.287,63.438
Bez Sev.en a SUAS,LT,27,0.266,61.85
Bez Sev.en a SUAS,LT,28,0.293,81.347
Bez Sev.en a SUAS,LT,29,0.288,86.251
Bez Sev.en a SUAS,LT,30,0.281,88.352
Bez Sev.en a SUAS,LT,31,0.273,64.083
Bez Sev.en a SUAS,LT,32,0.271,94.815
Bez Sev.en a SUAS,LT,33,0.272,86.301
Bez Sev.en a SUAS,LT,34,0.267,87.806
Bez Sev.en a SUAS,LT,35,0.26,78.348
Bez Sev.en a SUAS,LT,36,0.257,69.503
Bez Sev.en a SUAS,LT,37,0.258,84.747
Bez Sev.en a SUAS,LT,38,0.257,82.413
Bez Sev.en a SUAS,LT,39,0.261,67.049
Bez Sev.en a SUAS,LT,40,0.267,24.584
Bez Sev.en a SUAS,LT,41,0.269,94.984
Bez Sev.en a SUAS,LT,42,0.294,79.48
Bez Sev.en a SUAS,LT,43,0.305,98.36
Bez Sev.en a SUAS,LT,44,0.309,108.847
Bez Sev.en a SUAS,LT,45,0.334,108.858
Bez Sev.en a SUAS,LT,46,0.309,96.288
Bez Sev.en a SUAS,LT,47,0.334,85.132
Bez Sev.en a SUAS,LT,48,0.338,112.089
Bez Sev.en a SUAS,LT,49,0.351,108.245
Bez Sev.en a SUAS,LT,50,0.344,101.833
Bez Sev.en a SUAS,LT,51,0.334,92.656
Bez Sev.en a SUAS,LT,52,0.323,86.97
Bez Sev.en a SUAS,LU,1,0.181,101.75
Bez Sev.en a SUAS,LU,2,0.16,105
Bez Sev.en a SUAS,LU,3,0.16,98.69
Bez Sev.en a SUAS,LU,4,0.166,117.134
Bez Sev.en a SUAS,LU,5,0.19,123.606
Bez Sev.en a SUAS,LU,6,0.174,110.694
Bez Sev.en a SUAS,LU,7,0.182,120.741
Bez Sev.en a SUAS,LU,8,0.167,91.293
Bez Sev.en a SUAS,LU,9,0.156,98.463
Bez Sev.en a SUAS,LU,10,0.154,83.272
Bez Sev.en a SUAS,LU,11,0.162,102.313
Bez Sev.en a SUAS,LU,12,0.166,100.648
Bez Sev.en a SUAS,LU,13,0.147,89.35
Bez Sev.en a SUAS,LU,14,0.14,87.826
Bez Sev.en a SUAS,LU,15,0.149,96.864
Bez Sev.en a SUAS,LU,16,0.151,89.038
Bez Sev.en a SUAS,LU,17,0.143,77.008
Bez Sev.en a SUAS,LU,18,0.139,67.399
Bez Sev.en a SUAS,LU,19,0.138,82.5
Bez Sev.en a SUAS,LU,20,0.137,75.795
Bez Sev.en a SUAS,LU,21,0.134,63.398
Bez Sev.en a SUAS,LU,22,0.138,73.124
Bez Sev.en a SUAS,LU,23,0.139,54.339
Bez Sev.en a SUAS,LU,24,0.138,76.335
Bez Sev.en a SUAS,LU,25,0.137,70.631
Bez Sev.en a SUAS,LU,26,0.139,77.966
Bez Sev.en a SUAS,LU,27,0.138,71.27
Bez Sev.en a SUAS,LU,28,0.141,84.28
Bez Sev.en a SUAS,LU,29,0.137,87.788
Bez Sev.en a SUAS,LU,30,0.135,86.68
Bez Sev.en a SUAS,LU,31,0.128,69.475
Bez Sev.en a SUAS,LU,32,0.127,75.898
Bez Sev.en a SUAS,LU,33,0.13,74.102
Bez Sev.en a SUAS,LU,34,0.13,90.809
Bez Sev.en a SUAS,LU,35,0.132,88.125
Bez Sev.en a SUAS,LU,36,0.137,83.344
Bez Sev.en a SUAS,LU,37,0.138,87.672
Bez Sev.en a SUAS,LU,38,0.14,91.001
Bez Sev.en a SUAS,LU,39,0.142,89.876
Bez Sev.en a SUAS,LU,40,0.145,69.515
Bez Sev.en a SUAS,LU,41,0.142,88.675
Bez Sev.en a SUAS,LU,42,0.145,91.139
Bez Sev.en a SUAS,LU,43,0.151,103.751
Bez Sev.en a SUAS,LU,44,0.154,112.519
Bez Sev.en a SUAS,LU,45,0.157,118.752
Bez Sev.en a SUAS,LU,46,0.155,113.803
Bez Sev.en a SUAS,LU,47,0.156,106.394
Bez Sev.en a SUAS,LU,48,0.161,112.605
Bez Sev.en a SUAS,LU,49,0.166,116.434
Bez Sev.en a SUAS,LU,50,0.163,104.372
Bez Sev.en a SUAS,LU,51,0.158,105.712
Bez Sev.en a SUAS,LU,52,0.152,100.819
Bez Sev.en a SUAS,LV,1,0.188,107.18
Bez Sev.en a SUAS,LV,2,0.158,100.535
Bez Sev.en a SUAS,LV,3,0.153,103.299
Bez Sev.en a SUAS,LV,4,0.154,103.954
Bez Sev.en a SUAS,LV,5,0.166,107.882
Bez Sev.en a SUAS,LV,6,0.161,94.15
Bez Sev.en a SUAS,LV,7,0.154,103.698
Bez Sev.en a SUAS,LV,8,0.152,100.319
Bez Sev.en a SUAS,LV,9,0.148,89.388
Bez Sev.en a SUAS,LV,10,0.142,89.84
Bez Sev.en a SUAS,LV,11,0.148,100.465
Bez Sev.en a SUAS,LV,12,0.145,86.494
Bez Sev.en a SUAS,LV,13,0.142,93.017
Bez Sev.en a SUAS,LV,14,0.135,69.193
Bez Sev.en a SUAS,LV,15,0.141,68.649
Bez Sev.en a SUAS,LV,16,0.139,84.414
Bez Sev.en a SUAS,LV,17,0.131,76.53
Bez Sev.en a SUAS,LV,18,0.124,36.587
Bez Sev.en a SUAS,LV,19,0.129,89.374
Bez Sev.en a SUAS,LV,20,0.125,66.264
Bez Sev.en a SUAS,LV,21,0.122,60.192
Bez Sev.en a SUAS,LV,22,0.12,53.926
Bez Sev.en a SUAS,LV,23,0.119,42.895
Bez Sev.en a SUAS,LV,24,0.119,50.189
Bez Sev.en a SUAS,LV,25,0.12,38.413
Bez Sev.en a SUAS,LV,26,0.121,65.66
Bez Sev.en a SUAS,LV,27,0.119,64.083
Bez Sev.en a SUAS,LV,28,0.121,80.455
Bez Sev.en a SUAS,LV,29,0.122,85.688
Bez Sev.en a SUAS,LV,30,0.12,87.041
Bez Sev.en a SUAS,LV,31,0.124,69.136
Bez Sev.en a SUAS,LV,32,0.124,95.707
Bez Sev.en a SUAS,LV,33,0.125,86.88
Bez Sev.en a SUAS,LV,34,0.125,88.595
Bez Sev.en a SUAS,LV,35,0.124,81.994
Bez Sev.en a SUAS,LV,36,0.125,71.669
Bez Sev.en a SUAS,LV,37,0.126,85.412
Bez Sev.en a SUAS,LV,38,0.126,82.81
Bez Sev.en a SUAS,LV,39,0.127,68.434
Bez Sev.en a SUAS,LV,40,0.134,26.187
Bez Sev.en a SUAS,LV,41,0.134,94.026
Bez Sev.en a SUAS,LV,42,0.141,79.115
Bez Sev.en a SUAS,LV,43,0.144,97.163
Bez Sev.en a SUAS,LV,44,0.15,107.009
Bez Sev.en a SUAS,LV,45,0.153,107.309
Bez Sev.en a SUAS,LV,46,0.148,95.556
Bez Sev.en a SUAS,LV,47,0.151,85.028
Bez Sev.en a SUAS,LV,48,0.152,110.579
Bez Sev.en a SUAS,LV,49,0.158,106.403
Bez Sev.en a SUAS,LV,50,0.156,101.791
Bez Sev.en a SUAS,LV,51,0.151,93.167
Bez Sev.en a SUAS,LV,52,0.15,86.376
Bez Sev.en a SUAS,ME,1,0.076,90.58
Bez Sev.en a SUAS,ME,2,0.071,92.655
Bez Sev.en a SUAS,ME,3,0.066,92.512
Bez Sev.en a SUAS,ME,4,0.072,93.472
Bez Sev.en a SUAS,ME,5,0.083,93.127
Bez Sev.en a SUAS,ME,6,0.076,90.977
Bez Sev.en a SUAS,ME,7,0.067,92.325
Bez Sev.en a SUAS,ME,8,0.063,77.658
Bez Sev.en a SUAS,ME,9,0.061,80.879
Bez Sev.en a SUAS,ME,10,0.06,71.897
Bez Sev.en a SUAS,ME,11,0.063,86.948
Bez Sev.en a SUAS,ME,12,0.063,84.674
Bez Sev.en a SUAS,ME,13,0.057,76.949
Bez Sev.en a SUAS,ME,14,0.056,74.101
Bez Sev.en a SUAS,ME,15,0.061,74.197
Bez Sev.en a SUAS,ME,16,0.059,58.875
Bez Sev.en a SUAS,ME,17,0.056,65.429
Bez Sev.en a SUAS,ME,18,0.053,68.806
Bez Sev.en a SUAS,ME,19,0.055,76.33
Bez Sev.en a SUAS,ME,20,0.055,63.687
Bez Sev.en a SUAS,ME,21,0.054,61.146
Bez Sev.en a SUAS,ME,22,0.054,71.713
Bez Sev.en a SUAS,ME,23,0.054,62.666
Bez Sev.en a SUAS,ME,24,0.061,76.549
Bez Sev.en a SUAS,ME,25,0.064,71.002
Bez Sev.en a SUAS,ME,26,0.071,86.142
Bez Sev.en a SUAS,ME,27,0.065,77.619
Bez Sev.en a SUAS,ME,28,0.061,82.016
Bez Sev.en a SUAS,ME,29,0.073,82.502
Bez Sev.en a SUAS,ME,30,0.067,83.675
Bez Sev.en a SUAS,ME,31,0.068,75.957
Bez Sev.en a SUAS,ME,32,0.066,74.856
Bez Sev.en a SUAS,ME,33,0.064,78.239
Bez Sev.en a SUAS,ME,34,0.063,82.603
Bez Sev.en a SUAS,ME,35,0.058,76.094
Bez Sev.en a SUAS,ME,36,0.056,78.872
Bez Sev.en a SUAS,ME,37,0.056,81.823
Bez Sev.en a SUAS,ME,38,0.056,83.719
Bez Sev.en a SUAS,ME,39,0.055,84.238
Bez Sev.en a SUAS,ME,40,0.054,74.753
Bez Sev.en a SUAS,ME,41,0.053,83.949
Bez Sev.en a SUAS,ME,42,0.053,88.498
Bez Sev.en a SUAS,ME,43,0.054,87.05
Bez Sev.en a SUAS,ME,44,0.057,83.36
Bez Sev.en a SUAS,ME,45,0.064,85.123
Bez Sev.en a SUAS,ME,46,0.066,89.909
Bez Sev.en a SUAS,ME,47,0.066,85.646
Bez Sev.en a SUAS,ME,48,0.07,85.691
Bez Sev.en a SUAS,ME,49,0.072,87.484
Bez Sev.en a SUAS,ME,50,0.071,85.304
Bez Sev.en a SUAS,ME,51,0.07,87.157
Bez Sev.en a SUAS,ME,52,0.07,83.976
Bez Sev.en a SUAS,MK,1,0.197,88.076
Bez Sev.en a SUAS,MK,2,0.181,91.954
Bez Sev.en a SUAS,MK,3,0.163,90.049
Bez Sev.en a SUAS,MK,4,0.188,92.692
Bez Sev.en a SUAS,MK,5,0.2,90.334
Bez Sev.en a SUAS,MK,6,0.181,88.986
Bez Sev.en a SUAS,MK,7,0.158,86.369
Bez Sev.en a SUAS,MK,8,0.151,78.272
Bez Sev.en a SUAS,MK,9,0.144,75.576
Bez Sev.en a SUAS,MK,10,0.141,70.184
Bez Sev.en a SUAS,MK,11,0.153,86.802
Bez Sev.en a SUAS,MK,12,0.15,77.268
Bez Sev.en a SUAS,MK,13,0.129,72.132
Bez Sev.en a SUAS,MK,14,0.127,68.345
Bez Sev.en a SUAS,MK,15,0.152,71.717
Bez Sev.en a SUAS,MK,16,0.14,64.054
Bez Sev.en a SUAS,MK,17,0.129,64.305
Bez Sev.en a SUAS,MK,18,0.123,76.821
Bez Sev.en a SUAS,MK,19,0.125,79.421
Bez Sev.en a SUAS,MK,20,0.125,75.806
Bez Sev.en a SUAS,MK,21,0.126,65.704
Bez Sev.en a SUAS,MK,22,0.116,71.535
Bez Sev.en a SUAS,MK,23,0.113,63.395
Bez Sev.en a SUAS,MK,24,0.123,77.169
Bez Sev.en a SUAS,MK,25,0.125,72.671
Bez Sev.en a SUAS,MK,26,0.125,80.533
Bez Sev.en a SUAS,MK,27,0.118,78.125
Bez Sev.en a SUAS,MK,28,0.116,82.479
Bez Sev.en a SUAS,MK,29,0.131,81.759
Bez Sev.en a SUAS,MK,30,0.123,83.774
Bez Sev.en a SUAS,MK,31,0.124,77.748
Bez Sev.en a SUAS,MK,32,0.118,68.425
Bez Sev.en a SUAS,MK,33,0.117,77.633
Bez Sev.en a SUAS,MK,34,0.119,81.097
Bez Sev.en a SUAS,MK,35,0.114,72.908
Bez Sev.en a SUAS,MK,36,0.114,77.899
Bez Sev.en a SUAS,MK,37,0.114,79.064
Bez Sev.en a SUAS,MK,38,0.116,83.959
Bez Sev.en a SUAS,MK,39,0.119,84.919
Bez Sev.en a SUAS,MK,40,0.119,80.199
Bez Sev.en a SUAS,MK,41,0.123,82.181
Bez Sev.en a SUAS,MK,42,0.128,88.421
Bez Sev.en a SUAS,MK,43,0.13,86.19
Bez Sev.en a SUAS,MK,44,0.135,88.516
Bez Sev.en a SUAS,MK,45,0.158,88.548
Bez Sev.en a SUAS,MK,46,0.172,89.633
Bez Sev.en a SUAS,MK,47,0.177,86.725
Bez Sev.en a SUAS,MK,48,0.191,89.125
Bez Sev.en a SUAS,MK,49,0.189,91.196
Bez Sev.en a SUAS,MK,50,0.187,87.827
Bez Sev.en a SUAS,MK,51,0.186,89.629
Bez Sev.en a SUAS,MK,52,0.183,88.813
Bez Sev.en a SUAS,NL,1,3.612,92.542
Bez Sev.en a SUAS,NL,2,3.26,95.659
Bez Sev.en a SUAS,NL,3,3.288,86.21
Bez Sev.en a SUAS,NL,4,3.276,105.26
Bez Sev.en a SUAS,NL,5,3.405,112.08
Bez Sev.en a SUAS,NL,6,3.365,101.062
Bez Sev.en a SUAS,NL,7,3.347,105.497
Bez Sev.en a SUAS,NL,8,3.176,84.144
Bez Sev.en a SUAS,NL,9,3.147,91.043
Bez Sev.en a SUAS,NL,10,3.081,77.417
Bez Sev.en a SUAS,NL,11,3.157,87.627
Bez Sev.en a SUAS,NL,12,3.125,89.987
Bez Sev.en a SUAS,NL,13,3.001,80.726
Bez Sev.en a SUAS,NL,14,2.937,80.235
Bez Sev.en a SUAS,NL,15,3.05,83.214
Bez Sev.en a SUAS,NL,16,2.989,77.591
Bez Sev.en a SUAS,NL,17,2.871,70.908
Bez Sev.en a SUAS,NL,18,2.815,56.065
Bez Sev.en a SUAS,NL,19,2.849,69.675
Bez Sev.en a SUAS,NL,20,2.829,68.522
Bez Sev.en a SUAS,NL,21,2.822,56.863
Bez Sev.en a SUAS,NL,22,2.814,69.658
Bez Sev.en a SUAS,NL,23,2.756,49.474
Bez Sev.en a SUAS,NL,24,2.747,65.8
Bez Sev.en a SUAS,NL,25,2.767,64.42
Bez Sev.en a SUAS,NL,26,2.822,71.044
Bez Sev.en a SUAS,NL,27,2.814,64.515
Bez Sev.en a SUAS,NL,28,2.921,76.786
Bez Sev.en a SUAS,NL,29,2.744,82.945
Bez Sev.en a SUAS,NL,30,2.663,80.013
Bez Sev.en a SUAS,NL,31,2.605,69.722
Bez Sev.en a SUAS,NL,32,2.712,67.841
Bez Sev.en a SUAS,NL,33,2.795,67.844
Bez Sev.en a SUAS,NL,34,2.735,83.513
Bez Sev.en a SUAS,NL,35,2.755,82.143
Bez Sev.en a SUAS,NL,36,2.802,77.263
Bez Sev.en a SUAS,NL,37,2.752,77.265
Bez Sev.en a SUAS,NL,38,2.75,84.466
Bez Sev.en a SUAS,NL,39,2.793,83.237
Bez Sev.en a SUAS,NL,40,2.891,64.755
Bez Sev.en a SUAS,NL,41,2.904,82.153
Bez Sev.en a SUAS,NL,42,2.869,84.234
Bez Sev.en a SUAS,NL,43,2.939,90.032
Bez Sev.en a SUAS,NL,44,3.009,95.788
Bez Sev.en a SUAS,NL,45,3.017,100.481
Bez Sev.en a SUAS,NL,46,3.044,99.525
Bez Sev.en a SUAS,NL,47,3.105,92.459
Bez Sev.en a SUAS,NL,48,3.203,97.728
Bez Sev.en a SUAS,NL,49,3.222,103.458
Bez Sev.en a SUAS,NL,50,3.28,90.976
Bez Sev.en a SUAS,NL,51,3.25,96.956
Bez Sev.en a SUAS,NL,52,3.231,92.03
Bez Sev.en a SUAS,NO,1,4.49,100.651
Bez Sev.en a SUAS,NO,2,3.615,100.618
Bez Sev.en a SUAS,NO,3,3.592,100.618
Bez Sev.en a SUAS,NO,4,3.345,100.618
Bez Sev.en a SUAS,NO,5,3.558,100.795
Bez Sev.en a SUAS,NO,6,4.064,102.294
Bez Sev.en a SUAS,NO,7,3.96,101.692
Bez Sev.en a SUAS,NO,8,3.645,100.618
Bez Sev.en a SUAS,NO,9,3.708,100.799
Bez Sev.en a SUAS,NO,10,3.396,100.618
Bez Sev.en a SUAS,NO,11,3.335,100.618
Bez Sev.en a SUAS,NO,12,3.442,100.618
Bez Sev.en a SUAS,NO,13,3.156,100.618
Bez Sev.en a SUAS,NO,14,2.925,100.618
Bez Sev.en a SUAS,NO,15,3.099,100.618
Bez Sev.en a SUAS,NO,16,3.102,100.618
Bez Sev.en a SUAS,NO,17,2.918,100.119
Bez Sev.en a SUAS,NO,18,2.726,91.049
Bez Sev.en a SUAS,NO,19,2.522,93.84
Bez Sev.en a SUAS,NO,20,2.446,63.728
Bez Sev.en a SUAS,NO,21,2.321,48.026
Bez Sev.en a SUAS,NO,22,2.305,41.567
Bez Sev.en a SUAS,NO,23,2.359,24.759
Bez Sev.en a SUAS,NO,24,2.302,43.355
Bez Sev.en a SUAS,NO,25,2.254,35.064
Bez Sev.en a SUAS,NO,26,2.252,55.972
Bez Sev.en a SUAS,NO,27,2.205,64.98
Bez Sev.en a SUAS,NO,28,2.129,84.727
Bez Sev.en a SUAS,NO,29,2.1,88.626
Bez Sev.en a SUAS,NO,30,2.121,91.888
Bez Sev.en a SUAS,NO,31,2.192,78.748
Bez Sev.en a SUAS,NO,32,2.185,89.244
Bez Sev.en a SUAS,NO,33,2.184,83.154
Bez Sev.en a SUAS,NO,34,2.224,93.288
Bez Sev.en a SUAS,NO,35,2.293,88.882
Bez Sev.en a SUAS,NO,36,2.298,92.667
Bez Sev.en a SUAS,NO,37,2.344,93.135
Bez Sev.en a SUAS,NO,38,2.4,92.663
Bez Sev.en a SUAS,NO,39,2.539,90.62
Bez Sev.en a SUAS,NO,40,2.709,73.531
Bez Sev.en a SUAS,NO,41,2.718,98.512
Bez Sev.en a SUAS,NO,42,2.935,98.469
Bez Sev.en a SUAS,NO,43,3.097,100.618
Bez Sev.en a SUAS,NO,44,2.988,100.618
Bez Sev.en a SUAS,NO,45,3.132,100.618
Bez Sev.en a SUAS,NO,46,3.073,99.659
Bez Sev.en a SUAS,NO,47,3.074,98.092
Bez Sev.en a SUAS,NO,48,3.347,100.618
Bez Sev.en a SUAS,NO,49,3.573,100.618
Bez Sev.en a SUAS,NO,50,3.506,100.618
Bez Sev.en a SUAS,NO,51,3.537,100.618
Bez Sev.en a SUAS,NO,52,3.494,100.618
Bez Sev.en a SUAS,PL,1,4.111,105.401
Bez Sev.en a SUAS,PL,2,3.73,106.915
Bez Sev.en a SUAS,PL,3,3.571,108.68
Bez Sev.en a SUAS,PL,4,3.592,111.405
Bez Sev.en a SUAS,PL,5,3.96,113.075
Bez Sev.en a SUAS,PL,6,3.684,106.711
Bez Sev.en a SUAS,PL,7,3.369,114.151
Bez Sev.en a SUAS,PL,8,3.375,96.72
Bez Sev.en a SUAS,PL,9,3.384,100.798
Bez Sev.en a SUAS,PL,10,3.334,94.154
Bez Sev.en a SUAS,PL,11,3.475,111.845
Bez Sev.en a SUAS,PL,12,3.416,101.292
Bez Sev.en a SUAS,PL,13,3.118,100.447
Bez Sev.en a SUAS,PL,14,3.124,92.244
Bez Sev.en a SUAS,PL,15,3.371,102.307
Bez Sev.en a SUAS,PL,16,3.294,90.354
Bez Sev.en a SUAS,PL,17,3.137,85.314
Bez Sev.en a SUAS,PL,18,2.692,70.231
Bez Sev.en a SUAS,PL,19,3.179,97.223
Bez Sev.en a SUAS,PL,20,3.146,90.655
Bez Sev.en a SUAS,PL,21,3.07,79.168
Bez Sev.en a SUAS,PL,22,2.883,86.353
Bez Sev.en a SUAS,PL,23,3.015,77.867
Bez Sev.en a SUAS,PL,24,3.053,91.109
Bez Sev.en a SUAS,PL,25,3.09,79.132
Bez Sev.en a SUAS,PL,26,3.198,94.209
Bez Sev.en a SUAS,PL,27,3.025,81.623
Bez Sev.en a SUAS,PL,28,3.204,99.905
Bez Sev.en a SUAS,PL,29,3.107,96.147
Bez Sev.en a SUAS,PL,30,2.936,93.706
Bez Sev.en a SUAS,PL,31,2.933,74.671
Bez Sev.en a SUAS,PL,32,2.931,93.837
Bez Sev.en a SUAS,PL,33,3.007,92.471
Bez Sev.en a SUAS,PL,34,3.083,98.569
Bez Sev.en a SUAS,PL,35,3.03,93.717
Bez Sev.en a SUAS,PL,36,3.016,87.96
Bez Sev.en a SUAS,PL,37,3.033,95.687
Bez Sev.en a SUAS,PL,38,3.055,92.754
Bez Sev.en a SUAS,PL,39,3.126,97.699
Bez Sev.en a SUAS,PL,40,3.196,79.637
Bez Sev.en a SUAS,PL,41,3.214,102.811
Bez Sev.en a SUAS,PL,42,3.282,103.456
Bez Sev.en a SUAS,PL,43,3.353,103.637
Bez Sev.en a SUAS,PL,44,3.267,111.114
Bez Sev.en a SUAS,PL,45,3.567,113.885
Bez Sev.en a SUAS,PL,46,3.493,111.951
Bez Sev.en a SUAS,PL,47,3.577,106.578
Bez Sev.en a SUAS,PL,48,3.804,112.321
Bez Sev.en a SUAS,PL,49,3.735,113.146
Bez Sev.en a SUAS,PL,50,3.662,110.024
Bez Sev.en a SUAS,PL,51,3.489,107.031
Bez Sev.en a SUAS,PL,52,3.103,101.668
Bez Sev.en a SUAS,PT,1,1.359,66.084
Bez Sev.en a SUAS,PT,2,1.215,69.801
Bez Sev.en a SUAS,PT,3,1.223,63.403
Bez Sev.en a SUAS,PT,4,1.289,63.986
Bez Sev.en a SUAS,PT,5,1.303,65.538
Bez Sev.en a SUAS,PT,6,1.248,57.764
Bez Sev.en a SUAS,PT,7,1.258,66.402
Bez Sev.en a SUAS,PT,8,1.22,59.883
Bez Sev.en a SUAS,PT,9,1.198,46.906
Bez Sev.en a SUAS,PT,10,1.162,51.324
Bez Sev.en a SUAS,PT,11,1.207,57.86
Bez Sev.en a SUAS,PT,12,1.245,60.717
Bez Sev.en a SUAS,PT,13,1.162,54.836
Bez Sev.en a SUAS,PT,14,1.164,66.793
Bez Sev.en a SUAS,PT,15,1.187,80.72
Bez Sev.en a SUAS,PT,16,1.234,71.805
Bez Sev.en a SUAS,PT,17,1.225,61.42
Bez Sev.en a SUAS,PT,18,1.221,75.87
Bez Sev.en a SUAS,PT,19,1.197,71.145
Bez Sev.en a SUAS,PT,20,1.202,63.989
Bez Sev.en a SUAS,PT,21,1.206,66.724
Bez Sev.en a SUAS,PT,22,1.178,73.944
Bez Sev.en a SUAS,PT,23,1.186,63.336
Bez Sev.en a SUAS,PT,24,1.21,72.884
Bez Sev.en a SUAS,PT,25,1.235,76.24
Bez Sev.en a SUAS,PT,26,1.236,77.229
Bez Sev.en a SUAS,PT,27,1.288,77.547
Bez Sev.en a SUAS,PT,28,1.258,80.819
Bez Sev.en a SUAS,PT,29,1.273,83.54
Bez Sev.en a SUAS,PT,30,1.276,79.132
Bez Sev.en a SUAS,PT,31,1.225,75.055
Bez Sev.en a SUAS,PT,32,1.209,76.168
Bez Sev.en a SUAS,PT,33,1.245,78.54
Bez Sev.en a SUAS,PT,34,1.221,76.611
Bez Sev.en a SUAS,PT,35,1.263,82.912
Bez Sev.en a SUAS,PT,36,1.203,83.432
Bez Sev.en a SUAS,PT,37,1.182,81.716
Bez Sev.en a SUAS,PT,38,1.205,76.875
Bez Sev.en a SUAS,PT,39,1.193,83.548
Bez Sev.en a SUAS,PT,40,1.125,77.111
Bez Sev.en a SUAS,PT,41,1.126,83.644
Bez Sev.en a SUAS,PT,42,1.113,80.63
Bez Sev.en a SUAS,PT,43,1.1,83.037
Bez Sev.en a SUAS,PT,44,1.127,80.881
Bez Sev.en a SUAS,PT,45,1.184,81.249
Bez Sev.en a SUAS,PT,46,1.176,82.833
Bez Sev.en a SUAS,PT,47,1.157,85.478
Bez Sev.en a SUAS,PT,48,1.185,81.756
Bez Sev.en a SUAS,PT,49,1.173,85.768
Bez Sev.en a SUAS,PT,50,1.215,83.335
Bez Sev.en a SUAS,PT,51,1.236,84.53
Bez Sev.en a SUAS,PT,52,1.177,77.713
Bez Sev.en a SUAS,RO,1,1.287,88.76
Bez Sev.en a SUAS,RO,2,1.192,92.235
Bez Sev.en a SUAS,RO,3,1.167,89.254
Bez Sev.en a SUAS,RO,4,1.205,94.115
Bez Sev.en a SUAS,RO,5,1.277,84.598
Bez Sev.en a SUAS,RO,6,1.238,85.416
Bez Sev.en a SUAS,RO,7,1.189,88.132
Bez Sev.en a SUAS,RO,8,1.111,73.013
Bez Sev.en a SUAS,RO,9,1.052,70.113
Bez Sev.en a SUAS,RO,10,1.054,65.833
Bez Sev.en a SUAS,RO,11,1.129,86.669
Bez Sev.en a SUAS,RO,12,1.111,75.159
Bez Sev.en a SUAS,RO,13,1.045,69.442
Bez Sev.en a SUAS,RO,14,0.954,63.815
Bez Sev.en a SUAS,RO,15,1.05,65.535
Bez Sev.en a SUAS,RO,16,1.037,61.783
Bez Sev.en a SUAS,RO,17,1.001,61.052
Bez Sev.en a SUAS,RO,18,0.959,76.057
Bez Sev.en a SUAS,RO,19,1.013,74.235
Bez Sev.en a SUAS,RO,20,1.002,74.277
Bez Sev.en a SUAS,RO,21,0.973,63.7
Bez Sev.en a SUAS,RO,22,0.934,68.637
Bez Sev.en a SUAS,RO,23,0.991,60.096
Bez Sev.en a SUAS,RO,24,1.032,71.133
Bez Sev.en a SUAS,RO,25,1.049,66.969
Bez Sev.en a SUAS,RO,26,1.076,74.395
Bez Sev.en a SUAS,RO,27,1.071,75.819
Bez Sev.en a SUAS,RO,28,1.021,72.562
Bez Sev.en a SUAS,RO,29,1.096,73.401
Bez Sev.en a SUAS,RO,30,1.027,81.575
Bez Sev.en a SUAS,RO,31,1.046,66.447
Bez Sev.en a SUAS,RO,32,0.975,65.621
Bez Sev.en a SUAS,RO,33,0.93,72.84
Bez Sev.en a SUAS,RO,34,0.996,75.274
Bez Sev.en a SUAS,RO,35,0.965,62.263
Bez Sev.en a SUAS,RO,36,0.98,71.334
Bez Sev.en a SUAS,RO,37,0.989,71.071
Bez Sev.en a SUAS,RO,38,0.995,81.157
Bez Sev.en a SUAS,RO,39,0.992,78.524
Bez Sev.en a SUAS,RO,40,1.021,72.436
Bez Sev.en a SUAS,RO,41,1.017,78.088
Bez Sev.en a SUAS,RO,42,1.063,85.948
Bez Sev.en a SUAS,RO,43,1.069,81.868
Bez Sev.en a SUAS,RO,44,1.127,83.289
Bez Sev.en a SUAS,RO,45,1.165,85.001
Bez Sev.en a SUAS,RO,46,1.146,89.891
Bez Sev.en a SUAS,RO,47,1.179,81.478
Bez Sev.en a SUAS,RO,48,1.177,86.622
Bez Sev.en a SUAS,RO,49,1.197,89.257
Bez Sev.en a SUAS,RO,50,1.181,83.682
Bez Sev.en a SUAS,RO,51,1.182,88.09
Bez Sev.en a SUAS,RO,52,1.05,87.344
Bez Sev.en a SUAS,RS,1,1.127,99.134
Bez Sev.en a SUAS,RS,2,1.042,106.738
Bez Sev.en a SUAS,RS,3,0.997,104.769
Bez Sev.en a SUAS,RS,4,1.104,113.259
Bez Sev.en a SUAS,RS,5,1.189,106.329
Bez Sev.en a SUAS,RS,6,1.12,102.002
Bez Sev.en a SUAS,RS,7,0.975,101.412
Bez Sev.en a SUAS,RS,8,0.933,82.477
Bez Sev.en a SUAS,RS,9,0.896,85.711
Bez Sev.en a SUAS,RS,10,0.885,76.307
Bez Sev.en a SUAS,RS,11,0.962,91.286
Bez Sev.en a SUAS,RS,12,0.927,90.195
Bez Sev.en a SUAS,RS,13,0.832,82.123
Bez Sev.en a SUAS,RS,14,0.778,77.756
Bez Sev.en a SUAS,RS,15,0.89,81.361
Bez Sev.en a SUAS,RS,16,0.845,63.666
Bez Sev.en a SUAS,RS,17,0.79,72.207
Bez Sev.en a SUAS,RS,18,0.745,78.975
Bez Sev.en a SUAS,RS,19,0.795,83.992
Bez Sev.en a SUAS,RS,20,0.795,77.212
Bez Sev.en a SUAS,RS,21,0.785,68.157
Bez Sev.en a SUAS,RS,22,0.74,77.359
Bez Sev.en a SUAS,RS,23,0.734,67.656
Bez Sev.en a SUAS,RS,24,0.775,80.656
Bez Sev.en a SUAS,RS,25,0.771,74.644
Bez Sev.en a SUAS,RS,26,0.806,89.867
Bez Sev.en a SUAS,RS,27,0.746,81.44
Bez Sev.en a SUAS,RS,28,0.743,86.064
Bez Sev.en a SUAS,RS,29,0.796,84.744
Bez Sev.en a SUAS,RS,30,0.745,87.266
Bez Sev.en a SUAS,RS,31,0.75,78.876
Bez Sev.en a SUAS,RS,32,0.719,78.45
Bez Sev.en a SUAS,RS,33,0.72,81.717
Bez Sev.en a SUAS,RS,34,0.717,85.337
Bez Sev.en a SUAS,RS,35,0.724,78.46
Bez Sev.en a SUAS,RS,36,0.739,80.768
Bez Sev.en a SUAS,RS,37,0.738,84.318
Bez Sev.en a SUAS,RS,38,0.755,88.325
Bez Sev.en a SUAS,RS,39,0.776,89.63
Bez Sev.en a SUAS,RS,40,0.781,81.243
Bez Sev.en a SUAS,RS,41,0.806,89.287
Bez Sev.en a SUAS,RS,42,0.828,95.101
Bez Sev.en a SUAS,RS,43,0.857,93.87
Bez Sev.en a SUAS,RS,44,0.915,95.473
Bez Sev.en a SUAS,RS,45,0.976,95.328
Bez Sev.en a SUAS,RS,46,1.022,104.238
Bez Sev.en a SUAS,RS,47,1.021,95.192
Bez Sev.en a SUAS,RS,48,1.079,100.079
Bez Sev.en a SUAS,RS,49,1.075,102.745
Bez Sev.en a SUAS,RS,50,1.057,96.323
Bez Sev.en a SUAS,RS,51,1.036,99.71
Bez Sev.en a SUAS,RS,52,1.028,92.144
Bez Sev.en a SUAS,SE,1,4.485,99.381
Bez Sev.en a SUAS,SE,2,3.823,98.788
Bez Sev.en a SUAS,SE,3,3.714,97.298
Bez Sev.en a SUAS,SE,4,3.592,97.787
Bez Sev.en a SUAS,SE,5,3.896,98.536
Bez Sev.en a SUAS,SE,6,4.081,100.98
Bez Sev.en a SUAS,SE,7,4.04,103.156
Bez Sev.en a SUAS,SE,8,3.803,97.208
Bez Sev.en a SUAS,SE,9,3.796,96.787
Bez Sev.en a SUAS,SE,10,3.579,96.651
Bez Sev.en a SUAS,SE,11,3.625,98.023
Bez Sev.en a SUAS,SE,12,3.586,96.415
Bez Sev.en a SUAS,SE,13,3.387,96.912
Bez Sev.en a SUAS,SE,14,3.181,96.234
Bez Sev.en a SUAS,SE,15,3.374,95.419
Bez Sev.en a SUAS,SE,16,3.312,96.096
Bez Sev.en a SUAS,SE,17,3.025,93.242
Bez Sev.en a SUAS,SE,18,2.916,85.222
Bez Sev.en a SUAS,SE,19,2.842,92.951
Bez Sev.en a SUAS,SE,20,2.677,61.336
Bez Sev.en a SUAS,SE,21,2.512,48.784
Bez Sev.en a SUAS,SE,22,2.533,40.737
Bez Sev.en a SUAS,SE,23,2.568,24.671
Bez Sev.en a SUAS,SE,24,2.484,42.447
Bez Sev.en a SUAS,SE,25,2.375,36.739
Bez Sev.en a SUAS,SE,26,2.385,55.702
Bez Sev.en a SUAS,SE,27,2.306,57.852
Bez Sev.en a SUAS,SE,28,2.257,81.552
Bez Sev.en a SUAS,SE,29,2.233,84.708
Bez Sev.en a SUAS,SE,30,2.225,88.681
Bez Sev.en a SUAS,SE,31,2.379,70.846
Bez Sev.en a SUAS,SE,32,2.381,88.15
Bez Sev.en a SUAS,SE,33,2.391,83.362
Bez Sev.en a SUAS,SE,34,2.421,92.739
Bez Sev.en a SUAS,SE,35,2.482,86.152
Bez Sev.en a SUAS,SE,36,2.532,88.738
Bez Sev.en a SUAS,SE,37,2.551,89.421
Bez Sev.en a SUAS,SE,38,2.603,86.708
Bez Sev.en a SUAS,SE,39,2.756,74.008
Bez Sev.en a SUAS,SE,40,2.777,48.824
Bez Sev.en a SUAS,SE,41,2.836,94.081
Bez Sev.en a SUAS,SE,42,3.042,78.121
Bez Sev.en a SUAS,SE,43,3.265,96.666
Bez Sev.en a SUAS,SE,44,3.205,99.11
Bez Sev.en a SUAS,SE,45,3.317,100.479
Bez Sev.en a SUAS,SE,46,3.209,94.415
Bez Sev.en a SUAS,SE,47,3.229,88.178
Bez Sev.en a SUAS,SE,48,3.481,101.369
Bez Sev.en a SUAS,SE,49,3.65,97.839
Bez Sev.en a SUAS,SE,50,3.51,98.085
Bez Sev.en a SUAS,SE,51,3.536,95.771
Bez Sev.en a SUAS,SE,52,3.43,85.411
Bez Sev.en a SUAS,SI,1,0.345,95.334
Bez Sev.en a SUAS,SI,2,0.333,100.92
Bez Sev.en a SUAS,SI,3,0.329,98.234
Bez Sev.en a SUAS,SI,4,0.344,107.909
Bez Sev.en a SUAS,SI,5,0.387,106.037
Bez Sev.en a SUAS,SI,6,0.343,97.043
Bez Sev.en a SUAS,SI,7,0.328,101.74
Bez Sev.en a SUAS,SI,8,0.313,83.946
Bez Sev.en a SUAS,SI,9,0.309,84.598
Bez Sev.en a SUAS,SI,10,0.303,76.802
Bez Sev.en a SUAS,SI,11,0.33,91.262
Bez Sev.en a SUAS,SI,12,0.326,88.816
Bez Sev.en a SUAS,SI,13,0.295,79.413
Bez Sev.en a SUAS,SI,14,0.289,83.96
Bez Sev.en a SUAS,SI,15,0.31,84.04
Bez Sev.en a SUAS,SI,16,0.3,79.874
Bez Sev.en a SUAS,SI,17,0.275,73.059
Bez Sev.en a SUAS,SI,18,0.261,75.9
Bez Sev.en a SUAS,SI,19,0.289,80.394
Bez Sev.en a SUAS,SI,20,0.286,73.328
Bez Sev.en a SUAS,SI,21,0.283,63.865
Bez Sev.en a SUAS,SI,22,0.289,73.207
Bez Sev.en a SUAS,SI,23,0.292,65.218
Bez Sev.en a SUAS,SI,24,0.298,77.314
Bez Sev.en a SUAS,SI,25,0.292,71.765
Bez Sev.en a SUAS,SI,26,0.297,82.753
Bez Sev.en a SUAS,SI,27,0.295,77.984
Bez Sev.en a SUAS,SI,28,0.29,80.909
Bez Sev.en a SUAS,SI,29,0.291,82.001
Bez Sev.en a SUAS,SI,30,0.271,81.692
Bez Sev.en a SUAS,SI,31,0.259,74.246
Bez Sev.en a SUAS,SI,32,0.258,73.727
Bez Sev.en a SUAS,SI,33,0.261,77.277
Bez Sev.en a SUAS,SI,34,0.274,82.722
Bez Sev.en a SUAS,SI,35,0.279,76.996
Bez Sev.en a SUAS,SI,36,0.286,78.898
Bez Sev.en a SUAS,SI,37,0.287,81.615
Bez Sev.en a SUAS,SI,38,0.292,84.214
Bez Sev.en a SUAS,SI,39,0.287,83.533
Bez Sev.en a SUAS,SI,40,0.298,82.662
Bez Sev.en a SUAS,SI,41,0.294,83.978
Bez Sev.en a SUAS,SI,42,0.293,89.032
Bez Sev.en a SUAS,SI,43,0.3,91.024
Bez Sev.en a SUAS,SI,44,0.289,95.543
Bez Sev.en a SUAS,SI,45,0.326,98.583
Bez Sev.en a SUAS,SI,46,0.334,101.183
Bez Sev.en a SUAS,SI,47,0.33,95.284
Bez Sev.en a SUAS,SI,48,0.352,100.348
Bez Sev.en a SUAS,SI,49,0.357,101.975
Bez Sev.en a SUAS,SI,50,0.343,95.02
Bez Sev.en a SUAS,SI,51,0.326,94.9
Bez Sev.en a SUAS,SI,52,0.289,89.639
Bez Sev.en a SUAS,SK,1,0.753,103.138
Bez Sev.en a SUAS,SK,2,0.675,106.603
Bez Sev.en a SUAS,SK,3,0.666,104.298
Bez Sev.en a SUAS,SK,4,0.688,111.622
Bez Sev.en a SUAS,SK,5,0.722,114
Bez Sev.en a SUAS,SK,6,0.693,105.559
Bez Sev.en a SUAS,SK,7,0.651,109.079
Bez Sev.en a SUAS,SK,8,0.632,91.857
Bez Sev.en a SUAS,SK,9,0.614,93.809
Bez Sev.en a SUAS,SK,10,0.61,85.348
Bez Sev.en a SUAS,SK,11,0.642,101.236
Bez Sev.en a SUAS,SK,12,0.637,94.929
Bez Sev.en a SUAS,SK,13,0.591,85.985
Bez Sev.en a SUAS,SK,14,0.592,84.503
Bez Sev.en a SUAS,SK,15,0.628,91.609
Bez Sev.en a SUAS,SK,16,0.606,86.076
Bez Sev.en a SUAS,SK,17,0.583,80.507
Bez Sev.en a SUAS,SK,18,0.568,78.578
Bez Sev.en a SUAS,SK,19,0.573,86.395
Bez Sev.en a SUAS,SK,20,0.572,80.006
Bez Sev.en a SUAS,SK,21,0.567,71.174
Bez Sev.en a SUAS,SK,22,0.569,80.851
Bez Sev.en a SUAS,SK,23,0.573,73.744
Bez Sev.en a SUAS,SK,24,0.576,84.905
Bez Sev.en a SUAS,SK,25,0.57,74.365
Bez Sev.en a SUAS,SK,26,0.59,86.521
Bez Sev.en a SUAS,SK,27,0.567,80.654
Bez Sev.en a SUAS,SK,28,0.572,85.886
Bez Sev.en a SUAS,SK,29,0.575,88.024
Bez Sev.en a SUAS,SK,30,0.554,86.096
Bez Sev.en a SUAS,SK,31,0.554,76.059
Bez Sev.en a SUAS,SK,32,0.55,81.61
Bez Sev.en a SUAS,SK,33,0.558,82.668
Bez Sev.en a SUAS,SK,34,0.558,88.342
Bez Sev.en a SUAS,SK,35,0.559,83.63
Bez Sev.en a SUAS,SK,36,0.57,81.745
Bez Sev.en a SUAS,SK,37,0.574,86.388
Bez Sev.en a SUAS,SK,38,0.58,89.373
Bez Sev.en a SUAS,SK,39,0.588,87.846
Bez Sev.en a SUAS,SK,40,0.591,85.284
Bez Sev.en a SUAS,SK,41,0.597,91.57
Bez Sev.en a SUAS,SK,42,0.608,96.261
Bez Sev.en a SUAS,SK,43,0.625,98.905
Bez Sev.en a SUAS,SK,44,0.65,105.972
Bez Sev.en a SUAS,SK,45,0.667,108.404
Bez Sev.en a SUAS,SK,46,0.66,109.379
Bez Sev.en a SUAS,SK,47,0.653,103.546
Bez Sev.en a SUAS,SK,48,0.676,108.452
Bez Sev.en a SUAS,SK,49,0.677,109.266
Bez Sev.en a SUAS,SK,50,0.657,103.219
Bez Sev.en a SUAS,SK,51,0.642,101.946
Bez Sev.en a SUAS,SK,52,0.623,94.941
Stresový,AT,1,1.768,101.471
Stresový,AT,2,1.696,106.024
Stresový,AT,3,1.646,103.052
Stresový,AT,4,1.691,431.85
Stresový,AT,5,1.938,378.709
Stresový,AT,6,1.742,107.618
Stresový,AT,7,1.585,116.664
Stresový,AT,8,1.538,88.227
Stresový,AT,9,1.499,90.517
Stresový,AT,10,1.491,80.253
Stresový,AT,11,1.661,98.305
Stresový,AT,12,1.626,96.429
Stresový,AT,13,1.414,84.669
Stresový,AT,14,1.387,85.705
Stresový,AT,15,1.548,89.95
Stresový,AT,16,1.481,82.659
Stresový,AT,17,1.367,75.728
Stresový,AT,18,1.333,73.008
Stresový,AT,19,1.383,81.075
Stresový,AT,20,1.369,73.546
Stresový,AT,21,1.279,61.758
Stresový,AT,22,1.306,71.592
Stresový,AT,23,1.344,59.417
Stresový,AT,24,1.362,74.128
Stresový,AT,25,1.353,68.548
Stresový,AT,26,1.386,77.63
Stresový,AT,27,1.357,73.985
Stresový,AT,28,1.35,80.394
Stresový,AT,29,1.367,83.208
Stresový,AT,30,1.33,81.348
Stresový,AT,31,1.304,68.977
Stresový,AT,32,1.299,74.821
Stresový,AT,33,1.277,73.964
Stresový,AT,34,1.331,83.916
Stresový,AT,35,1.324,81.55
Stresový,AT,36,1.344,80.198
Stresový,AT,37,1.363,81.649
Stresový,AT,38,1.395,85.929
Stresový,AT,39,1.39,84.631
Stresový,AT,40,1.423,81.698
Stresový,AT,41,1.408,85.471
Stresový,AT,42,1.413,91.653
Stresový,AT,43,1.463,99.358
Stresový,AT,44,1.544,107.144
Stresový,AT,45,1.648,114.217
Stresový,AT,46,1.662,113.357
Stresový,AT,47,1.644,105.884
Stresový,AT,48,1.733,113.404
Stresový,AT,49,1.71,114.275
Stresový,AT,50,1.704,103.002
Stresový,AT,51,1.684,103.885
Stresový,AT,52,1.588,97.189
Stresový,BA,1,0.276,104.372
Stresový,BA,2,0.248,110.301
Stresový,BA,3,0.237,111.541
Stresový,BA,4,0.248,262.932
Stresový,BA,5,0.267,112.924
Stresový,BA,6,0.254,108.181
Stresový,BA,7,0.231,109.142
Stresový,BA,8,0.224,84.523
Stresový,BA,9,0.215,86.586
Stresový,BA,10,0.211,76.328
Stresový,BA,11,0.226,96.86
Stresový,BA,12,0.221,92.954
Stresový,BA,13,0.205,83.183
Stresový,BA,14,0.206,79.758
Stresový,BA,15,0.218,81.564
Stresový,BA,16,0.212,61.521
Stresový,BA,17,0.203,71.195
Stresový,BA,18,0.191,77.831
Stresový,BA,19,0.2,83.46
Stresový,BA,20,0.199,76.274
Stresový,BA,21,0.194,66.397
Stresový,BA,22,0.192,77.313
Stresový,BA,23,0.193,66.824
Stresový,BA,24,0.201,82.591
Stresový,BA,25,0.2,75.182
Stresový,BA,26,0.212,92.38
Stresový,BA,27,0.199,82.864
Stresový,BA,28,0.203,88.954
Stresový,BA,29,0.211,88.229
Stresový,BA,30,0.201,89.938
Stresový,BA,31,0.202,80.042
Stresový,BA,32,0.201,80.065
Stresový,BA,33,0.201,82.968
Stresový,BA,34,0.199,86.747
Stresový,BA,35,0.199,80.093
Stresový,BA,36,0.198,82.107
Stresový,BA,37,0.198,86.434
Stresový,BA,38,0.202,90.087
Stresový,BA,39,0.204,91.239
Stresový,BA,40,0.206,81.578
Stresový,BA,41,0.207,92.031
Stresový,BA,42,0.209,100.35
Stresový,BA,43,0.215,97.546
Stresový,BA,44,0.225,99.961
Stresový,BA,45,0.238,101.717
Stresový,BA,46,0.243,109.601
Stresový,BA,47,0.241,102.938
Stresový,BA,48,0.25,105.258
Stresový,BA,49,0.254,107.781
Stresový,BA,50,0.252,100.951
Stresový,BA,51,0.25,105.25
Stresový,BA,52,0.255,96.092
Stresový,BE,1,2.226,90.832
Stresový,BE,2,1.948,90.683
Stresový,BE,3,1.967,82.679
Stresový,BE,4,2.007,420.126
Stresový,BE,5,2.269,889.041
Stresový,BE,6,2.085,104.171
Stresový,BE,7,2.168,113.683
Stresový,BE,8,1.983,81.464
Stresový,BE,9,1.918,86.408
Stresový,BE,10,1.906,74.043
Stresový,BE,11,2.031,85.053
Stresový,BE,12,2.053,90.093
Stresový,BE,13,1.872,82.24
Stresový,BE,14,1.828,82.999
Stresový,BE,15,1.947,87.32
Stresový,BE,16,1.951,78.567
Stresový,BE,17,1.826,72.266
Stresový,BE,18,1.834,60.985
Stresový,BE,19,1.796,70.612
Stresový,BE,20,1.76,71.087
Stresový,BE,21,1.685,61.068
Stresový,BE,22,1.715,72.675
Stresový,BE,23,1.718,44.296
Stresový,BE,24,1.722,70.24
Stresový,BE,25,1.715,67.105
Stresový,BE,26,1.717,74.012
Stresový,BE,27,1.73,69.383
Stresový,BE,28,1.749,79.274
Stresový,BE,29,1.619,83.8
Stresový,BE,30,1.606,77.867
Stresový,BE,31,1.606,71.633
Stresový,BE,32,1.667,70.945
Stresový,BE,33,1.72,69.923
Stresový,BE,34,1.713,84.477
Stresový,BE,35,1.704,83.586
Stresový,BE,36,1.72,79.875
Stresový,BE,37,1.728,77.924
Stresový,BE,38,1.737,84.059
Stresový,BE,39,1.741,83.854
Stresový,BE,40,1.83,64.531
Stresový,BE,41,1.768,82.041
Stresový,BE,42,1.771,83.761
Stresový,BE,43,1.876,88.771
Stresový,BE,44,1.855,95.827
Stresový,BE,45,1.847,96.148
Stresový,BE,46,1.85,99.914
Stresový,BE,47,1.926,90.284
Stresový,BE,48,1.971,96.748
Stresový,BE,49,1.929,103.442
Stresový,BE,50,1.976,86.807
Stresový,BE,51,1.978,96.795
Stresový,BE,52,1.935,89.71
Stresový,BG,1,0.83,101.185
Stresový,BG,2,0.802,105.577
Stresový,BG,3,0.704,101.987
Stresový,BG,4,0.893,251.231
Stresový,BG,5,0.927,102.397
Stresový,BG,6,0.816,101.597
Stresový,BG,7,0.681,101.959
Stresový,BG,8,0.624,80.017
Stresový,BG,9,0.577,73.578
Stresový,BG,10,0.567,68.744
Stresový,BG,11,0.654,93.259
Stresový,BG,12,0.637,82.174
Stresový,BG,13,0.563,74.812
Stresový,BG,14,0.517,66.4
Stresový,BG,15,0.599,68.02
Stresový,BG,16,0.557,64.258
Stresový,BG,17,0.54,65.394
Stresový,BG,18,0.522,79.302
Stresový,BG,19,0.545,80.718
Stresový,BG,20,0.544,78.206
Stresový,BG,21,0.546,67.582
Stresový,BG,22,0.525,72.174
Stresový,BG,23,0.529,61.262
Stresový,BG,24,0.547,74.073
Stresový,BG,25,0.564,70.284
Stresový,BG,26,0.563,80.682
Stresový,BG,27,0.558,80.4
Stresový,BG,28,0.54,78.492
Stresový,BG,29,0.595,79.205
Stresový,BG,30,0.563,87.299
Stresový,BG,31,0.572,71.052
Stresový,BG,32,0.537,70.307
Stresový,BG,33,0.535,76.571
Stresový,BG,34,0.549,77.77
Stresový,BG,35,0.525,66.105
Stresový,BG,36,0.524,74.691
Stresový,BG,37,0.529,73.964
Stresový,BG,38,0.524,87.25
Stresový,BG,39,0.529,87.675
Stresový,BG,40,0.534,78.617
Stresový,BG,41,0.54,85.053
Stresový,BG,42,0.563,97.537
Stresový,BG,43,0.563,89.475
Stresový,BG,44,0.603,92.315
Stresový,BG,45,0.664,93.804
Stresový,BG,46,0.677,103.254
Stresový,BG,47,0.732,97.129
Stresový,BG,48,0.85,100.438
Stresový,BG,49,0.798,105.767
Stresový,BG,50,0.742,94.754
Stresový,BG,51,0.75,101.691
Stresový,BG,52,0.631,95.182
Stresový,CH,1,1.636,91.31
Stresový,CH,2,1.413,93.288
Stresový,CH,3,1.356,89.723
Stresový,CH,4,1.409,94.813
Stresový,CH,5,1.665,210.544
Stresový,CH,6,1.514,95.84
Stresový,CH,7,1.387,96.305
Stresový,CH,8,1.327,83.258
Stresový,CH,9,1.266,84.044
Stresový,CH,10,1.229,72.723
Stresový,CH,11,1.329,89.324
Stresový,CH,12,1.394,88.555
Stresový,CH,13,1.165,78.139
Stresový,CH,14,1.135,81.432
Stresový,CH,15,1.239,84.633
Stresový,CH,16,1.241,80.943
Stresový,CH,17,1.152,71.252
Stresový,CH,18,1.119,68.911
Stresový,CH,19,1.121,72.767
Stresový,CH,20,1.095,63.857
Stresový,CH,21,1.026,56.756
Stresový,CH,22,1.041,64.187
Stresový,CH,23,1.06,51.529
Stresový,CH,24,1.069,67.89
Stresový,CH,25,1.071,63.001
Stresový,CH,26,1.063,69.758
Stresový,CH,27,1.031,64.207
Stresový,CH,28,1.027,74.837
Stresový,CH,29,1.023,76.427
Stresový,CH,30,1.01,75.396
Stresový,CH,31,1.002,64.321
Stresový,CH,32,1.022,66.537
Stresový,CH,33,1.009,66.353
Stresový,CH,34,1.052,79.942
Stresový,CH,35,1.051,78.638
Stresový,CH,36,1.059,75.753
Stresový,CH,37,1.081,78.584
Stresový,CH,38,1.117,81.621
Stresový,CH,39,1.106,81.186
Stresový,CH,40,1.164,76.432
Stresový,CH,41,1.127,79.959
Stresový,CH,42,1.127,82.082
Stresový,CH,43,1.177,90.502
Stresový,CH,44,1.222,92.585
Stresový,CH,45,1.352,97.001
Stresový,CH,46,1.316,94.303
Stresový,CH,47,1.332,92.847
Stresový,CH,48,1.418,94.191
Stresový,CH,49,1.463,97.178
Stresový,CH,50,1.45,92.617
Stresový,CH,51,1.459,94.17
Stresový,CH,52,1.407,90.411
Stresový,CZ,1,1.528,109.274
Stresový,CZ,2,1.419,113.682
Stresový,CZ,3,1.416,110.571
Stresový,CZ,4,1.461,440.283
Stresový,CZ,5,1.594,919.656
Stresový,CZ,6,1.505,115.865
Stresový,CZ,7,1.397,123.054
Stresový,CZ,8,1.38,99.491
Stresový,CZ,9,1.357,100.457
Stresový,CZ,10,1.335,90.213
Stresový,CZ,11,1.404,109.42
Stresový,CZ,12,1.393,102.431
Stresový,CZ,13,1.271,92.967
Stresový,CZ,14,1.243,90.417
Stresový,CZ,15,1.337,98.342
Stresový,CZ,16,1.3,92.114
Stresový,CZ,17,1.24,83.851
Stresový,CZ,18,1.184,80.837
Stresový,CZ,19,1.202,90.795
Stresový,CZ,20,1.214,82.663
Stresový,CZ,21,1.186,73.485
Stresový,CZ,22,1.182,82.047
Stresový,CZ,23,1.176,74.295
Stresový,CZ,24,1.178,87.503
Stresový,CZ,25,1.172,77.008
Stresový,CZ,26,1.172,89.883
Stresový,CZ,27,1.068,83.664
Stresový,CZ,28,1.139,91.909
Stresový,CZ,29,1.125,92.334
Stresový,CZ,30,1.128,92.086
Stresový,CZ,31,1.115,78.446
Stresový,CZ,32,1.121,86.245
Stresový,CZ,33,1.13,85.741
Stresový,CZ,34,1.145,95.408
Stresový,CZ,35,1.158,88.007
Stresový,CZ,36,1.166,87.265
Stresový,CZ,37,1.18,89.952
Stresový,CZ,38,1.205,94.704
Stresový,CZ,39,1.19,90.75
Stresový,CZ,40,1.246,88.868
Stresový,CZ,41,1.252,96.685
Stresový,CZ,42,1.264,103.26
Stresový,CZ,43,1.312,105.541
Stresový,CZ,44,1.382,110.898
Stresový,CZ,45,1.411,121.091
Stresový,CZ,46,1.4,117.193
Stresový,CZ,47,1.378,109.995
Stresový,CZ,48,1.432,120.376
Stresový,CZ,49,1.451,120.321
Stresový,CZ,50,1.409,110.294
Stresový,CZ,51,1.357,110.09
Stresový,CZ,52,1.18,100.188
Stresový,DE,1,14.152,98.482
Stresový,DE,2,12.681,101.858
Stresový,DE,3,12.581,97.32
Stresový,DE,4,12.841,449.076
Stresový,DE,5,14.81,885.12
Stresový,DE,6,13.373,110.147
Stresový,DE,7,13.663,124.546
Stresový,DE,8,12.881,87.351
Stresový,DE,9,12.388,94.544
Stresový,DE,10,11.872,79.019
Stresový,DE,11,13.059,99.071
Stresový,DE,12,12.937,97.848
Stresový,DE,13,11.108,87.892
Stresový,DE,14,10.707,84.899
Stresový,DE,15,12.363,93.52
Stresový,DE,16,12.233,84.604
Stresový,DE,17,11.01,72.785
Stresový,DE,18,10.746,64.969
Stresový,DE,19,10.869,78.018
Stresový,DE,20,10.504,70.944
Stresový,DE,21,9.741,58.956
Stresový,DE,22,9.981,68.258
Stresový,DE,23,10.09,50.865
Stresový,DE,24,10.007,71.383
Stresový,DE,25,10.024,66.176
Stresový,DE,26,10.007,73.755
Stresový,DE,27,9.994,67.056
Stresový,DE,28,9.969,79.783
Stresový,DE,29,9.999,82.97
Stresový,DE,30,9.986,81.936
Stresový,DE,31,10.019,65.275
Stresový,DE,32,9.99,71.432
Stresový,DE,33,9.989,69.419
Stresový,DE,34,10.042,85.759
Stresový,DE,35,10.03,83.354
Stresový,DE,36,10.044,80.102
Stresový,DE,37,10.223,82.796
Stresový,DE,38,10.308,86.646
Stresový,DE,39,10.333,85.19
Stresový,DE,40,10.775,65.771
Stresový,DE,41,10.693,84.158
Stresový,DE,42,10.834,86.931
Stresový,DE,43,11.854,100.529
Stresový,DE,44,12.176,108.443
Stresový,DE,45,12.498,118.463
Stresový,DE,46,12.182,112.626
Stresový,DE,47,12.67,102.734
Stresový,DE,48,13.147,113.148
Stresový,DE,49,12.836,117.238
Stresový,DE,50,13.098,100.641
Stresový,DE,51,13.088,102.132
Stresový,DE,52,12.145,96.718
Stresový,DK,1,1.347,97.88
Stresový,DK,2,1.119,100.356
Stresový,DK,3,1.1,96.171
Stresový,DK,4,1.114,429.959
Stresový,DK,5,1.287,838.67
Stresový,DK,6,1.242,110.136
Stresový,DK,7,1.231,122.785
Stresový,DK,8,1.155,90.781
Stresový,DK,9,1.152,95.557
Stresový,DK,10,1.069,83.01
Stresový,DK,11,1.129,98.283
Stresový,DK,12,1.123,96.627
Stresový,DK,13,1.022,91.227
Stresový,DK,14,0.986,87.028
Stresový,DK,15,1.061,93.304
Stresový,DK,16,1.057,87.18
Stresový,DK,17,0.98,78.655
Stresový,DK,18,0.99,60.22
Stresový,DK,19,0.947,81.969
Stresový,DK,20,0.952,66.461
Stresový,DK,21,0.887,61.691
Stresový,DK,22,0.896,66.001
Stresový,DK,23,0.934,42.491
Stresový,DK,24,0.901,64.649
Stresový,DK,25,0.908,55.727
Stresový,DK,26,0.89,65.423
Stresový,DK,27,0.866,64.308
Stresový,DK,28,0.865,82.466
Stresový,DK,29,0.869,84.22
Stresový,DK,30,0.857,84.697
Stresový,DK,31,0.905,67.04
Stresový,DK,32,0.884,74.845
Stresový,DK,33,0.893,73.367
Stresový,DK,34,0.894,88.477
Stresový,DK,35,0.908,84.241
Stresový,DK,36,0.909,82.532
Stresový,DK,37,0.918,85.281
Stresový,DK,38,0.924,88.887
Stresový,DK,39,0.942,86.202
Stresový,DK,40,0.971,65.775
Stresový,DK,41,0.972,86.017
Stresový,DK,42,1.006,87.292
Stresový,DK,43,1.075,98.473
Stresový,DK,44,1.06,104.592
Stresový,DK,45,1.075,113.41
Stresový,DK,46,1.05,106.089
Stresový,DK,47,1.071,98.443
Stresový,DK,48,1.129,108.354
Stresový,DK,49,1.141,112.802
Stresový,DK,50,1.114,101.426
Stresový,DK,51,1.124,100.859
Stresový,DK,52,1.113,95.46
Stresový,EE,1,0.269,116.681
Stresový,EE,2,0.232,110.581
Stresový,EE,3,0.224,111.757
Stresový,EE,4,0.224,133.994
Stresový,EE,5,0.239,692.625
Stresový,EE,6,0.235,108.206
Stresový,EE,7,0.227,112.251
Stresový,EE,8,0.218,109.912
Stresový,EE,9,0.218,99.249
Stresový,EE,10,0.211,105.61
Stresový,EE,11,0.214,110.033
Stresový,EE,12,0.211,102.35
Stresový,EE,13,0.207,106.28
Stresový,EE,14,0.205,91.192
Stresový,EE,15,0.205,91.68
Stresový,EE,16,0.204,96.817
Stresový,EE,17,0.188,94.033
Stresový,EE,18,0.18,61.827
Stresový,EE,19,0.187,99.475
Stresový,EE,20,0.175,70.19
Stresový,EE,21,0.167,60.453
Stresový,EE,22,0.166,51.322
Stresový,EE,23,0.167,44.652
Stresový,EE,24,0.161,51.411
Stresový,EE,25,0.161,40.46
Stresový,EE,26,0.158,65.574
Stresový,EE,27,0.157,62.096
Stresový,EE,28,0.155,85.864
Stresový,EE,29,0.155,90.414
Stresový,EE,30,0.152,97.133
Stresový,EE,31,0.163,76.021
Stresový,EE,32,0.164,104.855
Stresový,EE,33,0.164,94.854
Stresový,EE,34,0.164,100.373
Stresový,EE,35,0.166,88.252
Stresový,EE,36,0.167,81.4
Stresový,EE,37,0.169,96.544
Stresový,EE,38,0.172,91.613
Stresový,EE,39,0.18,75.048
Stresový,EE,40,0.182,44.293
Stresový,EE,41,0.182,102.253
Stresový,EE,42,0.196,87.872
Stresový,EE,43,0.202,107.842
Stresový,EE,44,0.216,113.285
Stresový,EE,45,0.221,113.562
Stresový,EE,46,0.213,102.417
Stresový,EE,47,0.217,91.724
Stresový,EE,48,0.222,125.022
Stresový,EE,49,0.232,117.197
Stresový,EE,50,0.228,111.483
Stresový,EE,51,0.221,105.11
Stresový,EE,52,0.208,90.504
Stresový,ES,1,5.764,80.542
Stresový,ES,2,5.658,82.809
Stresový,ES,3,5.351,75.835
Stresový,ES,4,5.798,84.464
Stresový,ES,5,6.016,85.927
Stresový,ES,6,5.739,71.793
Stresový,ES,7,5.778,80.207
Stresový,ES,8,5.213,69.671
Stresový,ES,9,5.07,54.072
Stresový,ES,10,4.885,64.598
Stresový,ES,11,5.084,61.262
Stresový,ES,12,5.442,70.196
Stresový,ES,13,4.668,68.751
Stresový,ES,14,4.802,72.509
Stresový,ES,15,5.122,77.033
Stresový,ES,16,5.168,57.528
Stresový,ES,17,4.985,57.285
Stresový,ES,18,4.878,68.927
Stresový,ES,19,5.007,70.74
Stresový,ES,20,4.853,66.526
Stresový,ES,21,4.921,64.722
Stresový,ES,22,5.031,70.625
Stresový,ES,23,5.075,57.638
Stresový,ES,24,4.916,62.72
Stresový,ES,25,5.171,66.068
Stresový,ES,26,5.702,74.884
Stresový,ES,27,5.282,66.554
Stresový,ES,28,5.505,75.665
Stresový,ES,29,6.35,83.255
Stresový,ES,30,6.017,79.494
Stresový,ES,31,5.183,66.845
Stresový,ES,32,5.408,75.84
Stresový,ES,33,5.492,74.337
Stresový,ES,34,5.006,72.704
Stresový,ES,35,5.282,77.585
Stresový,ES,36,5.27,79.628
Stresový,ES,37,5.048,80.436
Stresový,ES,38,5.014,70.204
Stresový,ES,39,4.98,78.511
Stresový,ES,40,4.9,60.453
Stresový,ES,41,4.797,81.614
Stresový,ES,42,4.891,77.671
Stresový,ES,43,4.886,78.961
Stresový,ES,44,4.817,78.874
Stresový,ES,45,5.168,81.585
Stresový,ES,46,5.207,82.664
Stresový,ES,47,5.138,79.466
Stresový,ES,48,5.257,79.314
Stresový,ES,49,5.277,84.631
Stresový,ES,50,5.342,78.229
Stresový,ES,51,5.521,78.519
Stresový,ES,52,4.966,58.667
Stresový,FI,1,2.597,110.922
Stresový,FI,2,2.202,106.651
Stresový,FI,3,2.128,106.328
Stresový,FI,4,2.04,101.655
Stresový,FI,5,2.099,99.088
Stresový,FI,6,2.179,107.662
Stresový,FI,7,2.104,108.749
Stresový,FI,8,2.054,106.892
Stresový,FI,9,2.058,97.732
Stresový,FI,10,2.032,106.67
Stresový,FI,11,2.01,107.285
Stresový,FI,12,2.002,103.675
Stresový,FI,13,1.951,106.203
Stresový,FI,14,1.983,100.899
Stresový,FI,15,1.98,98.729
Stresový,FI,16,1.937,100.832
Stresový,FI,17,1.818,97.674
Stresový,FI,18,1.763,91.72
Stresový,FI,19,1.759,102.152
Stresový,FI,20,1.683,66.314
Stresový,FI,21,1.595,51.482
Stresový,FI,22,1.606,42.373
Stresový,FI,23,1.608,39.47
Stresový,FI,24,1.558,48.651
Stresový,FI,25,1.44,42.316
Stresový,FI,26,1.515,57.985
Stresový,FI,27,1.532,60.166
Stresový,FI,28,1.517,85.383
Stresový,FI,29,1.508,88.568
Stresový,FI,30,1.506,95.989
Stresový,FI,31,1.541,75.705
Stresový,FI,32,1.56,102.057
Stresový,FI,33,1.568,92.611
Stresový,FI,34,1.566,101.02
Stresový,FI,35,1.593,88.771
Stresový,FI,36,1.609,82.936
Stresový,FI,37,1.6,97.722
Stresový,FI,38,1.64,90.626
Stresový,FI,39,1.739,77.814
Stresový,FI,40,1.764,51.585
Stresový,FI,41,1.743,99.853
Stresový,FI,42,1.863,84.498
Stresový,FI,43,1.919,105.358
Stresový,FI,44,2.014,108.352
Stresový,FI,45,2.065,108.81
Stresový,FI,46,1.988,99.296
Stresový,FI,47,1.999,90.327
Stresový,FI,48,2.091,112.568
Stresový,FI,49,2.158,105.594
Stresový,FI,50,2.121,107.84
Stresový,FI,51,2.071,102.793
Stresový,FI,52,1.932,86.396
Stresový,FR,1,13.011,75.259
Stresový,FR,2,10.994,65.454
Stresový,FR,3,10.618,63.052
Stresový,FR,4,11.351,87.71
Stresový,FR,5,13.849,652.824
Stresový,FR,6,12.628,91.982
Stresový,FR,7,13.001,92.628
Stresový,FR,8,11.003,68.037
Stresový,FR,9,10.084,55.511
Stresový,FR,10,9.614,48.965
Stresový,FR,11,10.563,74.782
Stresový,FR,12,11.513,85.25
Stresový,FR,13,9.452,73.296
Stresový,FR,14,8.98,74.688
Stresový,FR,15,10.255,83.218
Stresový,FR,16,10.295,72.985
Stresový,FR,17,9.285,63.837
Stresový,FR,18,9.137,54.646
Stresový,FR,19,8.479,66.141
Stresový,FR,20,8.225,58.08
Stresový,FR,21,8.098,57.175
Stresový,FR,22,8.395,61.675
Stresový,FR,23,7.897,25.231
Stresový,FR,24,7.738,57.893
Stresový,FR,25,7.91,56.638
Stresový,FR,26,9.124,70.584
Stresový,FR,27,8.446,63.99
Stresový,FR,28,9.325,75.784
Stresový,FR,29,9.052,78.145
Stresový,FR,30,8.368,72.267
Stresový,FR,31,7.446,63.294
Stresový,FR,32,8.192,66.669
Stresový,FR,33,8.282,66.291
Stresový,FR,34,7.367,78.956
Stresový,FR,35,8.417,79.562
Stresový,FR,36,8.892,73.484
Stresový,FR,37,7.954,69.187
Stresový,FR,38,7.937,69.051
Stresový,FR,39,8.114,78.348
Stresový,FR,40,8.459,42.417
Stresový,FR,41,8.246,76.468
Stresový,FR,42,8.217,71.734
Stresový,FR,43,8.686,78.483
Stresový,FR,44,8.932,81.367
Stresový,FR,45,10.505,84.241
Stresový,FR,46,10.064,86.005
Stresový,FR,47,10.457,76.79
Stresový,FR,48,11.285,81.403
Stresový,FR,49,11.26,87.059
Stresový,FR,50,11.247,73.884
Stresový,FR,51,11.452,76.175
Stresový,FR,52,11.267,58.5
Stresový,GB,1,8.062,79.27
Stresový,GB,2,6.887,61.616
Stresový,GB,3,6.752,66.44
Stresový,GB,4,7.071,541.252
Stresový,GB,5,7.861,755.639
Stresový,GB,6,8.183,105.796
Stresový,GB,7,8.424,120.935
Stresový,GB,8,7.458,76.462
Stresový,GB,9,7.421,78.05
Stresový,GB,10,6.5,55.887
Stresový,GB,11,6.936,83.454
Stresový,GB,12,7.225,85.653
Stresový,GB,13,6.475,81.009
Stresový,GB,14,5.832,78.935
Stresový,GB,15,6.342,85.072
Stresový,GB,16,6.375,78.076
Stresový,GB,17,6.11,75.431
Stresový,GB,18,5.702,47.554
Stresový,GB,19,5.529,77.645
Stresový,GB,20,5.195,56.315
Stresový,GB,21,4.971,72.054
Stresový,GB,22,4.966,72.445
Stresový,GB,23,4.996,29.284
Stresový,GB,24,5.063,56.595
Stresový,GB,25,5.027,45.141
Stresový,GB,26,4.981,60.156
Stresový,GB,27,5.001,75.313
Stresový,GB,28,4.958,75.797
Stresový,GB,29,5.375,83.963
Stresový,GB,30,5.271,76.765
Stresový,GB,31,5.176,72.95
Stresový,GB,32,4.969,63.973
Stresový,GB,33,5.11,60.052
Stresový,GB,34,5.267,82.909
Stresový,GB,35,5.123,81.905
Stresový,GB,36,5.354,75.575
Stresový,GB,37,5.342,67.457
Stresový,GB,38,5.44,82.172
Stresový,GB,39,5.441,82.815
Stresový,GB,40,5.828,45.489
Stresový,GB,41,5.809,60.873
Stresový,GB,42,5.788,75.244
Stresový,GB,43,5.997,81.547
Stresový,GB,44,6.4,87.366
Stresový,GB,45,6.718,74.283
Stresový,GB,46,6.626,79.6
Stresový,GB,47,6.792,75.676
Stresový,GB,48,7.081,84.162
Stresový,GB,49,6.978,85.903
Stresový,GB,50,7.096,83.246
Stresový,GB,51,7.243,83.924
Stresový,GB,52,7.132,74.411
Stresový,GR,1,1.19,86.87
Stresový,GR,2,1.121,99.037
Stresový,GR,3,1.04,96.948
Stresový,GR,4,1.206,95.576
Stresový,GR,5,1.189,98.28
Stresový,GR,6,1.067,90.734
Stresový,GR,7,0.994,82.49
Stresový,GR,8,0.941,76.806
Stresový,GR,9,0.938,71.439
Stresový,GR,10,0.91,65.899
Stresový,GR,11,0.981,83.906
Stresový,GR,12,0.965,76.647
Stresový,GR,13,0.907,70.051
Stresový,GR,14,0.849,66.616
Stresový,GR,15,0.937,65.892
Stresový,GR,16,0.911,59.863
Stresový,GR,17,0.903,59.721
Stresový,GR,18,0.892,73.476
Stresový,GR,19,0.912,77.032
Stresový,GR,20,0.909,73.529
Stresový,GR,21,0.9,61.104
Stresový,GR,22,0.938,69.538
Stresový,GR,23,1.029,60.625
Stresový,GR,24,1.228,79.939
Stresový,GR,25,1.366,78.53
Stresový,GR,26,1.29,79.776
Stresový,GR,27,1.244,78.794
Stresový,GR,28,1.152,83.32
Stresový,GR,29,1.401,86.551
Stresový,GR,30,1.357,85.188
Stresový,GR,31,1.382,79.692
Stresový,GR,32,1.15,67.269
Stresový,GR,33,1.071,78.368
Stresový,GR,34,1.195,82.729
Stresový,GR,35,0.972,70.305
Stresový,GR,36,0.981,79.876
Stresový,GR,37,1.01,78.382
Stresový,GR,38,0.981,83.003
Stresový,GR,39,0.957,83.338
Stresový,GR,40,1.014,79.369
Stresový,GR,41,0.959,80.161
Stresový,GR,42,0.946,87.882
Stresový,GR,43,0.938,86.809
Stresový,GR,44,0.946,89.121
Stresový,GR,45,0.982,85.119
Stresový,GR,46,1.005,89.83
Stresový,GR,47,1.046,88.587
Stresový,GR,48,1.129,88.24
Stresový,GR,49,1.143,93.15
Stresový,GR,50,1.09,88.196
Stresový,GR,51,1.078,90.772
Stresový,GR,52,1.015,86.867
Stresový,HR,1,0.36,101.911
Stresový,HR,2,0.329,108.303
Stresový,HR,3,0.317,107.849
Stresový,HR,4,0.34,357.75
Stresový,HR,5,0.389,362.835
Stresový,HR,6,0.359,106.277
Stresový,HR,7,0.322,109.725
Stresový,HR,8,0.308,87.399
Stresový,HR,9,0.298,88.254
Stresový,HR,10,0.291,78.211
Stresový,HR,11,0.324,96.266
Stresový,HR,12,0.319,92.322
Stresový,HR,13,0.283,83.038
Stresový,HR,14,0.282,85.348
Stresový,HR,15,0.305,83.213
Stresový,HR,16,0.299,77.549
Stresový,HR,17,0.283,72.685
Stresový,HR,18,0.278,77.419
Stresový,HR,19,0.284,82.638
Stresový,HR,20,0.283,75.537
Stresový,HR,21,0.279,66.217
Stresový,HR,22,0.281,75.364
Stresový,HR,23,0.296,66.31
Stresový,HR,24,0.324,81.419
Stresový,HR,25,0.316,74.36
Stresový,HR,26,0.361,88.639
Stresový,HR,27,0.325,81.395
Stresový,HR,28,0.335,85.827
Stresový,HR,29,0.371,86.876
Stresový,HR,30,0.328,86.89
Stresový,HR,31,0.325,79.559
Stresový,HR,32,0.32,77.848
Stresový,HR,33,0.314,81.158
Stresový,HR,34,0.303,86.34
Stresový,HR,35,0.29,79.739
Stresový,HR,36,0.294,80.971
Stresový,HR,37,0.291,84.555
Stresový,HR,38,0.294,87.671
Stresový,HR,39,0.291,87.58
Stresový,HR,40,0.289,83.08
Stresový,HR,41,0.28,89.278
Stresový,HR,42,0.287,97.112
Stresový,HR,43,0.294,96.529
Stresový,HR,44,0.308,100.713
Stresový,HR,45,0.33,104.538
Stresový,HR,46,0.335,109.139
Stresový,HR,47,0.327,102.745
Stresový,HR,48,0.346,107.871
Stresový,HR,49,0.347,109.35
Stresový,HR,50,0.336,102.136
Stresový,HR,51,0.331,102.601
Stresový,HR,52,0.329,94.048
Stresový,HU,1,1.101,106.03
Stresový,HU,2,1.047,111.22
Stresový,HU,3,1.03,109.816
Stresový,HU,4,1.07,386.248
Stresový,HU,5,1.117,427.497
Stresový,HU,6,1.052,109.184
Stresový,HU,7,1.008,114.931
Stresový,HU,8,0.992,89.963
Stresový,HU,9,0.967,89.904
Stresový,HU,10,0.981,79.985
Stresový,HU,11,0.984,102.574
Stresový,HU,12,0.995,95.743
Stresový,HU,13,0.89,83.548
Stresový,HU,14,0.925,84.874
Stresový,HU,15,0.99,85.215
Stresový,HU,16,0.968,81
Stresový,HU,17,0.932,71.595
Stresový,HU,18,0.892,78.766
Stresový,HU,19,0.942,83.859
Stresový,HU,20,0.923,76.805
Stresový,HU,21,0.899,66.69
Stresový,HU,22,0.925,75.652
Stresový,HU,23,0.937,65.486
Stresový,HU,24,0.967,80.052
Stresový,HU,25,0.948,73.465
Stresový,HU,26,1.058,87.84
Stresový,HU,27,0.948,81.274
Stresový,HU,28,0.991,85.499
Stresový,HU,29,1.003,85.739
Stresový,HU,30,0.95,86.142
Stresový,HU,31,0.959,75.247
Stresový,HU,32,0.946,77.372
Stresový,HU,33,0.947,81.023
Stresový,HU,34,0.908,86.917
Stresový,HU,35,0.932,79.289
Stresový,HU,36,0.937,80.762
Stresový,HU,37,0.936,84.591
Stresový,HU,38,0.94,89.228
Stresový,HU,39,0.946,88.219
Stresový,HU,40,0.942,84.252
Stresový,HU,41,0.95,89.881
Stresový,HU,42,0.957,99.925
Stresový,HU,43,0.944,100.347
Stresový,HU,44,0.972,106.404
Stresový,HU,45,1.047,112.144
Stresový,HU,46,1.023,114.562
Stresový,HU,47,1.029,108.445
Stresový,HU,48,1.067,115.681
Stresový,HU,49,1.044,116.431
Stresový,HU,50,1.051,106.304
Stresový,HU,51,1.013,107.515
Stresový,HU,52,0.909,98.175
Stresový,IE,1,0.985,79.028
Stresový,IE,2,0.875,63.914
Stresový,IE,3,0.879,64.129
Stresový,IE,4,0.886,406.48
Stresový,IE,5,0.873,712.121
Stresový,IE,6,0.923,97.718
Stresový,IE,7,0.926,107.83
Stresový,IE,8,0.906,76.444
Stresový,IE,9,0.904,74.743
Stresový,IE,10,0.861,71.278
Stresový,IE,11,0.869,83.503
Stresový,IE,12,0.871,85.727
Stresový,IE,13,0.844,77.406
Stresový,IE,14,0.813,78.022
Stresový,IE,15,0.832,83.895
Stresový,IE,16,0.838,79.425
Stresový,IE,17,0.825,74.46
Stresový,IE,18,0.805,56.1
Stresový,IE,19,0.771,78.553
Stresový,IE,20,0.775,62.223
Stresový,IE,21,0.751,79.44
Stresový,IE,22,0.756,74.485
Stresový,IE,23,0.75,57.104
Stresový,IE,24,0.759,72.288
Stresový,IE,25,0.767,41.729
Stresový,IE,26,0.754,61.063
Stresový,IE,27,0.751,79.987
Stresový,IE,28,0.75,79.373
Stresový,IE,29,0.749,83.661
Stresový,IE,30,0.753,81.701
Stresový,IE,31,0.751,74.148
Stresový,IE,32,0.743,70.329
Stresový,IE,33,0.752,71.758
Stresový,IE,34,0.757,83.826
Stresový,IE,35,0.762,81.78
Stresový,IE,36,0.767,83.022
Stresový,IE,37,0.765,69.384
Stresový,IE,38,0.77,81.863
Stresový,IE,39,0.775,82.984
Stresový,IE,40,0.797,67.087
Stresový,IE,41,0.785,61.493
Stresový,IE,42,0.787,83.046
Stresový,IE,43,0.803,82.511
Stresový,IE,44,0.82,85.507
Stresový,IE,45,0.852,72.783
Stresový,IE,46,0.854,80.946
Stresový,IE,47,0.883,75.386
Stresový,IE,48,0.881,80.529
Stresový,IE,49,0.874,78.489
Stresový,IE,50,0.895,82.472
Stresový,IE,51,0.907,83.536
Stresový,IE,52,0.86,73.46
Stresový,IT,1,6.403,85.018
Stresový,IT,2,6.622,94.746
Stresový,IT,3,6.412,96.005
Stresový,IT,4,6.666,97.499
Stresový,IT,5,7.456,221.7
Stresový,IT,6,6.886,95.147
Stresový,IT,7,6.426,93.116
Stresový,IT,8,6.25,82.836
Stresový,IT,9,6.09,81.472
Stresový,IT,10,5.953,72.728
Stresový,IT,11,6.3,84.407
Stresový,IT,12,6.448,82.163
Stresový,IT,13,5.87,77.687
Stresový,IT,14,5.58,77.487
Stresový,IT,15,6.09,78.865
Stresový,IT,16,5.983,74.571
Stresový,IT,17,5.512,76.85
Stresový,IT,18,5.494,72.958
Stresový,IT,19,5.893,79.75
Stresový,IT,20,5.811,66.741
Stresový,IT,21,5.908,61.033
Stresový,IT,22,6.219,71.217
Stresový,IT,23,6.253,61.118
Stresový,IT,24,6.535,76.191
Stresový,IT,25,6.604,68.066
Stresový,IT,26,7.779,83.234
Stresový,IT,27,6.747,76.566
Stresový,IT,28,7.079,79.91
Stresový,IT,29,7.746,81.059
Stresový,IT,30,7.062,80.435
Stresový,IT,31,6.229,73.362
Stresový,IT,32,5.571,70.537
Stresový,IT,33,5.418,71.002
Stresový,IT,34,5.675,80.191
Stresový,IT,35,5.603,75.982
Stresový,IT,36,6.484,80.857
Stresový,IT,37,6.172,81.263
Stresový,IT,38,6.067,82.27
Stresový,IT,39,6.043,83.501
Stresový,IT,40,5.92,79.595
Stresový,IT,41,5.885,84.086
Stresový,IT,42,5.981,85.488
Stresový,IT,43,5.99,85.275
Stresový,IT,44,5.737,85.633
Stresový,IT,45,6.542,85.433
Stresový,IT,46,6.509,89.002
Stresový,IT,47,6.388,88.465
Stresový,IT,48,6.718,85.665
Stresový,IT,49,6.932,90.946
Stresový,IT,50,6.61,86.462
Stresový,IT,51,6.465,87.144
Stresový,IT,52,5.378,84.829
Stresový,LT,1,0.443,116.484
Stresový,LT,2,0.345,106.697
Stresový,LT,3,0.336,110.114
Stresový,LT,4,0.354,135.732
Stresový,LT,5,0.399,743.607
Stresový,LT,6,0.349,98.869
Stresový,LT,7,0.326,109.721
Stresový,LT,8,0.32,106.393
Stresový,LT,9,0.308,92.705
Stresový,LT,10,0.285,94.054
Stresový,LT,11,0.312,107.523
Stresový,LT,12,0.304,91.502
Stresový,LT,13,0.284,102.022
Stresový,LT,14,0.264,71.022
Stresový,LT,15,0.292,75.01
Stresový,LT,16,0.279,86.277
Stresový,LT,17,0.26,79.941
Stresový,LT,18,0.243,35.89
Stresový,LT,19,0.266,95.097
Stresový,LT,20,0.26,68.004
Stresový,LT,21,0.251,59.602
Stresový,LT,22,0.249,54.876
Stresový,LT,23,0.259,40.45
Stresový,LT,24,0.269,49.061
Stresový,LT,25,0.259,37.263
Stresový,LT,26,0.287,63.904
Stresový,LT,27,0.266,62.27
Stresový,LT,28,0.293,83.885
Stresový,LT,29,0.288,89.09
Stresový,LT,30,0.281,93.214
Stresový,LT,31,0.273,66.291
Stresový,LT,32,0.271,99.766
Stresový,LT,33,0.272,90.833
Stresový,LT,34,0.267,94.169
Stresový,LT,35,0.26,79.141
Stresový,LT,36,0.257,74.105
Stresový,LT,37,0.258,90.283
Stresový,LT,38,0.257,85.314
Stresový,LT,39,0.261,68.68
Stresový,LT,40,0.267,25.051
Stresový,LT,41,0.269,99.745
Stresový,LT,42,0.294,83.588
Stresový,LT,43,0.305,104.743
Stresový,LT,44,0.309,113.128
Stresový,LT,45,0.334,113.964
Stresový,LT,46,0.309,100.991
Stresový,LT,47,0.334,89.007
Stresový,LT,48,0.338,123.12
Stresový,LT,49,0.351,117.28
Stresový,LT,50,0.344,108.261
Stresový,LT,51,0.334,97.871
Stresový,LT,52,0.323,91.066
Stresový,LU,1,0.181,103.9
Stresový,LU,2,0.16,107.568
Stresový,LU,3,0.16,103.094
Stresový,LU,4,0.166,466.369
Stresový,LU,5,0.19,928.019
Stresový,LU,6,0.174,116.39
Stresový,LU,7,0.182,131.323
Stresový,LU,8,0.167,92.647
Stresový,LU,9,0.156,100.15
Stresový,LU,10,0.154,83.907
Stresový,LU,11,0.162,104.93
Stresový,LU,12,0.166,103.616
Stresový,LU,13,0.147,91.473
Stresový,LU,14,0.14,89.569
Stresový,LU,15,0.149,98.969
Stresový,LU,16,0.151,89.967
Stresový,LU,17,0.143,77.472
Stresový,LU,18,0.139,67.996
Stresový,LU,19,0.138,83.081
Stresový,LU,20,0.137,76.032
Stresový,LU,21,0.134,63.49
Stresový,LU,22,0.138,73.216
Stresový,LU,23,0.139,54.52
Stresový,LU,24,0.138,76.516
Stresový,LU,25,0.137,70.683
Stresový,LU,26,0.139,78.31
Stresový,LU,27,0.138,71.524
Stresový,LU,28,0.141,84.781
Stresový,LU,29,0.137,88.224
Stresový,LU,30,0.135,87.274
Stresový,LU,31,0.128,69.75
Stresový,LU,32,0.127,76.422
Stresový,LU,33,0.13,74.732
Stresový,LU,34,0.13,91.242
Stresový,LU,35,0.132,88.657
Stresový,LU,36,0.137,85.079
Stresový,LU,37,0.138,88.21
Stresový,LU,38,0.14,91.691
Stresový,LU,39,0.142,90.192
Stresový,LU,40,0.145,69.505
Stresový,LU,41,0.142,89.196
Stresový,LU,42,0.145,92.394
Stresový,LU,43,0.151,106.674
Stresový,LU,44,0.154,114.733
Stresový,LU,45,0.157,125.156
Stresový,LU,46,0.155,119.059
Stresový,LU,47,0.156,108.608
Stresový,LU,48,0.161,119.588
Stresový,LU,49,0.166,124.026
Stresový,LU,50,0.163,106.549
Stresový,LU,51,0.158,107.895
Stresový,LU,52,0.152,102.455
Stresový,LV,1,0.188,115.743
Stresový,LV,2,0.158,108.439
Stresový,LV,3,0.153,109.434
Stresový,LV,4,0.154,134.486
Stresový,LV,5,0.166,714.493
Stresový,LV,6,0.161,100.442
Stresový,LV,7,0.154,109.142
Stresový,LV,8,0.152,107.71
Stresový,LV,9,0.148,93.711
Stresový,LV,10,0.142,95.003
Stresový,LV,11,0.148,105.385
Stresový,LV,12,0.145,92.93
Stresový,LV,13,0.142,100.322
Stresový,LV,14,0.135,71.428
Stresový,LV,15,0.141,71.962
Stresový,LV,16,0.139,85.36
Stresový,LV,17,0.131,79.724
Stresový,LV,18,0.124,36.923
Stresový,LV,19,0.129,94.423
Stresový,LV,20,0.125,68.369
Stresový,LV,21,0.122,60.325
Stresový,LV,22,0.12,54.159
Stresový,LV,23,0.119,43.193
Stresový,LV,24,0.119,50.297
Stresový,LV,25,0.12,38.419
Stresový,LV,26,0.121,65.773
Stresový,LV,27,0.119,64.92
Stresový,LV,28,0.121,83.486
Stresový,LV,29,0.122,89.236
Stresový,LV,30,0.12,93.505
Stresový,LV,31,0.124,72.46
Stresový,LV,32,0.124,100.723
Stresový,LV,33,0.125,91.724
Stresový,LV,34,0.125,95.187
Stresový,LV,35,0.124,82.706
Stresový,LV,36,0.125,76.788
Stresový,LV,37,0.126,91.189
Stresový,LV,38,0.126,86.441
Stresový,LV,39,0.127,69.639
Stresový,LV,40,0.134,26.719
Stresový,LV,41,0.134,99.165
Stresový,LV,42,0.141,83.149
Stresový,LV,43,0.144,103.756
Stresový,LV,44,0.15,111.476
Stresový,LV,45,0.153,112.127
Stresový,LV,46,0.148,100.235
Stresový,LV,47,0.151,89.043
Stresový,LV,48,0.152,122.069
Stresový,LV,49,0.158,116.07
Stresový,LV,50,0.156,108.285
Stresový,LV,51,0.151,98.589
Stresový,LV,52,0.15,90.834
Stresový,ME,1,0.076,95.07
Stresový,ME,2,0.071,100.52
Stresový,ME,3,0.066,100.916
Stresový,ME,4,0.072,102.308
Stresový,ME,5,0.083,108.352
Stresový,ME,6,0.076,101.013
Stresový,ME,7,0.067,99.512
Stresový,ME,8,0.063,80.985
Stresový,ME,9,0.061,83.926
Stresový,ME,10,0.06,74.291
Stresový,ME,11,0.063,91.764
Stresový,ME,12,0.063,89.416
Stresový,ME,13,0.057,80.347
Stresový,ME,14,0.056,77.047
Stresový,ME,15,0.061,76.419
Stresový,ME,16,0.059,60.109
Stresový,ME,17,0.056,67.593
Stresový,ME,18,0.053,70.51
Stresový,ME,19,0.055,78.351
Stresový,ME,20,0.055,65.402
Stresový,ME,21,0.054,63.047
Stresový,ME,22,0.054,74.364
Stresový,ME,23,0.054,64.375
Stresový,ME,24,0.061,79.3
Stresový,ME,25,0.064,73.39
Stresový,ME,26,0.071,88.807
Stresový,ME,27,0.065,80.53
Stresový,ME,28,0.061,85.246
Stresový,ME,29,0.073,85.271
Stresový,ME,30,0.067,86.526
Stresový,ME,31,0.068,78.01
Stresový,ME,32,0.066,77.159
Stresový,ME,33,0.064,80.603
Stresový,ME,34,0.063,84.885
Stresový,ME,35,0.058,78.281
Stresový,ME,36,0.056,80.811
Stresový,ME,37,0.056,84.187
Stresový,ME,38,0.056,86.915
Stresový,ME,39,0.055,87.763
Stresový,ME,40,0.054,76.402
Stresový,ME,41,0.053,87.887
Stresový,ME,42,0.053,94.463
Stresový,ME,43,0.054,91.648
Stresový,ME,44,0.057,87.255
Stresový,ME,45,0.064,88.102
Stresový,ME,46,0.066,95.054
Stresový,ME,47,0.066,90.961
Stresový,ME,48,0.07,88.928
Stresový,ME,49,0.072,94.166
Stresový,ME,50,0.071,87.625
Stresový,ME,51,0.07,90.965
Stresový,ME,52,0.07,86.639
Stresový,MK,1,0.197,97.248
Stresový,MK,2,0.181,105.395
Stresový,MK,3,0.163,102.742
Stresový,MK,4,0.188,212.282
Stresový,MK,5,0.2,104.998
Stresový,MK,6,0.181,98.937
Stresový,MK,7,0.158,94.906
Stresový,MK,8,0.151,82.281
Stresový,MK,9,0.144,77.804
Stresový,MK,10,0.141,72.118
Stresový,MK,11,0.153,90.775
Stresový,MK,12,0.15,81.94
Stresový,MK,13,0.129,76.294
Stresový,MK,14,0.127,70.959
Stresový,MK,15,0.152,73.319
Stresový,MK,16,0.14,65.1
Stresový,MK,17,0.129,66.606
Stresový,MK,18,0.123,78.407
Stresový,MK,19,0.125,81.122
Stresový,MK,20,0.125,77.506
Stresový,MK,21,0.126,66.649
Stresový,MK,22,0.116,73.858
Stresový,MK,23,0.113,64.439
Stresový,MK,24,0.123,80.084
Stresový,MK,25,0.125,75.243
Stresový,MK,26,0.125,84.464
Stresový,MK,27,0.118,82.021
Stresový,MK,28,0.116,86.942
Stresový,MK,29,0.131,85.744
Stresový,MK,30,0.123,88.343
Stresový,MK,31,0.124,80.985
Stresový,MK,32,0.118,72.024
Stresový,MK,33,0.117,80.542
Stresový,MK,34,0.119,83.777
Stresový,MK,35,0.114,75.173
Stresový,MK,36,0.114,79.867
Stresový,MK,37,0.114,81.253
Stresový,MK,38,0.116,87.183
Stresový,MK,39,0.119,88.321
Stresový,MK,40,0.119,81.915
Stresový,MK,41,0.123,85.864
Stresový,MK,42,0.128,93.578
Stresový,MK,43,0.13,91.672
Stresový,MK,44,0.135,94.237
Stresový,MK,45,0.158,93.492
Stresový,MK,46,0.172,99.383
Stresový,MK,47,0.177,96.935
Stresový,MK,48,0.191,99.912
Stresový,MK,49,0.189,102.107
Stresový,MK,50,0.187,96.487
Stresový,MK,51,0.186,101.345
Stresový,MK,52,0.183,94.611
Stresový,NL,1,3.612,94.268
Stresový,NL,2,3.26,97.32
Stresový,NL,3,3.288,89.043
Stresový,NL,4,3.276,421.05
Stresový,NL,5,3.405,855.25
Stresový,NL,6,3.365,106.939
Stresový,NL,7,3.347,115.694
Stresový,NL,8,3.176,84.912
Stresový,NL,9,3.147,92.011
Stresový,NL,10,3.081,78.004
Stresový,NL,11,3.157,89.313
Stresový,NL,12,3.125,92.651
Stresový,NL,13,3.001,83.222
Stresový,NL,14,2.937,81.633
Stresový,NL,15,3.05,84.83
Stresový,NL,16,2.989,78.458
Stresový,NL,17,2.871,71.114
Stresový,NL,18,2.815,56.583
Stresový,NL,19,2.849,69.734
Stresový,NL,20,2.829,68.623
Stresový,NL,21,2.822,56.936
Stresový,NL,22,2.814,69.72
Stresový,NL,23,2.756,49.562
Stresový,NL,24,2.747,65.891
Stresový,NL,25,2.767,64.414
Stresový,NL,26,2.822,71.381
Stresový,NL,27,2.814,64.723
Stresový,NL,28,2.921,77.012
Stresový,NL,29,2.744,83.175
Stresový,NL,30,2.663,80.296
Stresový,NL,31,2.605,69.787
Stresový,NL,32,2.712,68.576
Stresový,NL,33,2.795,68.114
Stresový,NL,34,2.735,84.472
Stresový,NL,35,2.755,83.017
Stresový,NL,36,2.802,78.894
Stresový,NL,37,2.752,77.771
Stresový,NL,38,2.75,85.258
Stresový,NL,39,2.793,83.719
Stresový,NL,40,2.891,64.777
Stresový,NL,41,2.904,82.765
Stresový,NL,42,2.869,85.537
Stresový,NL,43,2.939,92.491
Stresový,NL,44,3.009,98.292
Stresový,NL,45,3.017,102.837
Stresový,NL,46,3.044,103.552
Stresový,NL,47,3.105,94.455
Stresový,NL,48,3.203,103.019
Stresový,NL,49,3.222,109.82
Stresový,NL,50,3.28,93.612
Stresový,NL,51,3.25,99.866
Stresový,NL,52,3.231,93.625
Stresový,NO,1,4.49,103.735
Stresový,NO,2,3.615,103.65
Stresový,NO,3,3.592,103.621
Stresový,NO,4,3.345,103.621
Stresový,NO,5,3.558,104.279
Stresový,NO,6,4.064,106.648
Stresový,NO,7,3.96,106.647
Stresový,NO,8,3.645,103.621
Stresový,NO,9,3.708,103.78
Stresový,NO,10,3.396,103.621
Stresový,NO,11,3.335,103.621
Stresový,NO,12,3.442,103.621
Stresový,NO,13,3.156,103.621
Stresový,NO,14,2.925,103.621
Stresový,NO,15,3.099,103.621
Stresový,NO,16,3.102,103.621
Stresový,NO,17,2.918,103.108
Stresový,NO,18,2.726,93.966
Stresový,NO,19,2.522,96.952
Stresový,NO,20,2.446,64.766
Stresový,NO,21,2.321,48.35
Stresový,NO,22,2.305,41.637
Stresový,NO,23,2.359,24.922
Stresový,NO,24,2.302,43.566
Stresový,NO,25,2.254,35.127
Stresový,NO,26,2.252,56.423
Stresový,NO,27,2.205,65.249
Stresový,NO,28,2.129,85.846
Stresový,NO,29,2.1,89.624
Stresový,NO,30,2.121,93.829
Stresový,NO,31,2.192,80.081
Stresový,NO,32,2.185,92.072
Stresový,NO,33,2.184,85.119
Stresový,NO,34,2.224,95.923
Stresový,NO,35,2.293,91.054
Stresový,NO,36,2.298,96.508
Stresový,NO,37,2.344,95.967
Stresový,NO,38,2.4,94.486
Stresový,NO,39,2.539,92.451
Stresový,NO,40,2.709,74.557
Stresový,NO,41,2.718,101.172
Stresový,NO,42,2.935,101.179
Stresový,NO,43,3.097,103.621
Stresový,NO,44,2.988,103.621
Stresový,NO,45,3.132,103.621
Stresový,NO,46,3.073,102.601
Stresový,NO,47,3.074,100.905
Stresový,NO,48,3.347,103.621
Stresový,NO,49,3.573,103.752
Stresový,NO,50,3.506,103.621
Stresový,NO,51,3.537,103.621
Stresový,NO,52,3.494,103.621
Stresový,PL,1,4.111,106.868
Stresový,PL,2,3.73,110.241
Stresový,PL,3,3.571,110.507
Stresový,PL,4,3.592,447.404
Stresový,PL,5,3.96,689.022
Stresový,PL,6,3.684,108.595
Stresový,PL,7,3.369,119.044
Stresový,PL,8,3.375,98.986
Stresový,PL,9,3.384,102.79
Stresový,PL,10,3.334,95.255
Stresový,PL,11,3.475,112.539
Stresový,PL,12,3.416,102.451
Stresový,PL,13,3.118,103.89
Stresový,PL,14,3.124,93.264
Stresový,PL,15,3.371,102.64
Stresový,PL,16,3.294,92.713
Stresový,PL,17,3.137,86.321
Stresový,PL,18,2.692,70.737
Stresový,PL,19,3.179,98.068
Stresový,PL,20,3.146,91.746
Stresový,PL,21,3.07,80.123
Stresový,PL,22,2.883,86.735
Stresový,PL,23,3.015,78.417
Stresový,PL,24,3.053,91.918
Stresový,PL,25,3.09,79.648
Stresový,PL,26,3.198,96.795
Stresový,PL,27,3.025,82.8
Stresový,PL,28,3.204,100.204
Stresový,PL,29,3.107,97.172
Stresový,PL,30,2.936,96.657
Stresový,PL,31,2.933,75.31
Stresový,PL,32,2.931,95.305
Stresový,PL,33,3.007,93.866
Stresový,PL,34,3.083,99.502
Stresový,PL,35,3.03,94.411
Stresový,PL,36,3.016,90.475
Stresový,PL,37,3.033,96.24
Stresový,PL,38,3.055,94.255
Stresový,PL,39,3.126,98.765
Stresový,PL,40,3.196,80.895
Stresový,PL,41,3.214,103.467
Stresový,PL,42,3.282,105.584
Stresový,PL,43,3.353,104.999
Stresový,PL,44,3.267,111.853
Stresový,PL,45,3.567,122.603
Stresový,PL,46,3.493,114.733
Stresový,PL,47,3.577,108.756
Stresový,PL,48,3.804,121.452
Stresový,PL,49,3.735,119.832
Stresový,PL,50,3.662,111.968
Stresový,PL,51,3.489,109.267
Stresový,PL,52,3.103,103.434
Stresový,PT,1,1.359,65.493
Stresový,PT,2,1.215,69.245
Stresový,PT,3,1.223,62.729
Stresový,PT,4,1.289,63.391
Stresový,PT,5,1.303,65.344
Stresový,PT,6,1.248,56.996
Stresový,PT,7,1.258,65.933
Stresový,PT,8,1.22,59.22
Stresový,PT,9,1.198,46.277
Stresový,PT,10,1.162,50.626
Stresový,PT,11,1.207,57.306
Stresový,PT,12,1.245,60.239
Stresový,PT,13,1.162,54.392
Stresový,PT,14,1.164,66.725
Stresový,PT,15,1.187,80.7
Stresový,PT,16,1.234,71.841
Stresový,PT,17,1.225,61.431
Stresový,PT,18,1.221,75.879
Stresový,PT,19,1.197,71.165
Stresový,PT,20,1.202,63.996
Stresový,PT,21,1.206,66.707
Stresový,PT,22,1.178,73.984
Stresový,PT,23,1.186,63.402
Stresový,PT,24,1.21,74.341
Stresový,PT,25,1.235,78.788
Stresový,PT,26,1.236,79.123
Stresový,PT,27,1.288,79.782
Stresový,PT,28,1.258,82.691
Stresový,PT,29,1.273,86.32
Stresový,PT,30,1.276,81.701
Stresový,PT,31,1.225,77.066
Stresový,PT,32,1.209,78.236
Stresový,PT,33,1.245,80.742
Stresový,PT,34,1.221,78.655
Stresový,PT,35,1.263,85.436
Stresový,PT,36,1.203,85.844
Stresový,PT,37,1.182,83.774
Stresový,PT,38,1.205,78.866
Stresový,PT,39,1.193,85.979
Stresový,PT,40,1.125,79.374
Stresový,PT,41,1.126,85.794
Stresový,PT,42,1.113,82.08
Stresový,PT,43,1.1,85.24
Stresový,PT,44,1.127,82.839
Stresový,PT,45,1.184,83.205
Stresový,PT,46,1.176,84.075
Stresový,PT,47,1.157,86.802
Stresový,PT,48,1.185,83.692
Stresový,PT,49,1.173,88.122
Stresový,PT,50,1.215,85.388
Stresový,PT,51,1.236,87.257
Stresový,PT,52,1.177,79.133
Stresový,RO,1,1.287,103.758
Stresový,RO,2,1.192,106.148
Stresový,RO,3,1.167,105.24
Stresový,RO,4,1.205,265.935
Stresový,RO,5,1.277,97.566
Stresový,RO,6,1.238,102.241
Stresový,RO,7,1.189,106.188
Stresový,RO,8,1.111,80.549
Stresový,RO,9,1.052,74.656
Stresový,RO,10,1.054,68.435
Stresový,RO,11,1.129,95.731
Stresový,RO,12,1.111,83.471
Stresový,RO,13,1.045,76.571
Stresový,RO,14,0.954,68.216
Stresový,RO,15,1.05,67.458
Stresový,RO,16,1.037,63.614
Stresový,RO,17,1.001,64.407
Stresový,RO,18,0.959,79.821
Stresový,RO,19,1.013,78.086
Stresový,RO,20,1.002,77.519
Stresový,RO,21,0.973,65.203
Stresový,RO,22,0.934,72.983
Stresový,RO,23,0.991,61.103
Stresový,RO,24,1.032,74.97
Stresový,RO,25,1.049,70.962
Stresový,RO,26,1.076,82.503
Stresový,RO,27,1.071,82.864
Stresový,RO,28,1.021,79.869
Stresový,RO,29,1.096,78.354
Stresový,RO,30,1.027,89.015
Stresový,RO,31,1.046,69.695
Stresový,RO,32,0.975,71.709
Stresový,RO,33,0.93,77.163
Stresový,RO,34,0.996,77.44
Stresový,RO,35,0.965,65.793
Stresový,RO,36,0.98,74.798
Stresový,RO,37,0.989,73.089
Stresový,RO,38,0.995,86.382
Stresový,RO,39,0.992,84.43
Stresový,RO,40,1.021,73.885
Stresový,RO,41,1.017,84.475
Stresový,RO,42,1.063,98.717
Stresový,RO,43,1.069,91.822
Stresový,RO,44,1.127,94.457
Stresový,RO,45,1.165,96.194
Stresový,RO,46,1.146,106.903
Stresový,RO,47,1.179,95.167
Stresový,RO,48,1.177,100.442
Stresový,RO,49,1.197,107.741
Stresový,RO,50,1.181,95.887
Stresový,RO,51,1.182,103.847
Stresový,RO,52,1.05,97.057
Stresový,RS,1,1.127,108.086
Stresový,RS,2,1.042,113.365
Stresový,RS,3,0.997,115.319
Stresový,RS,4,1.104,261.718
Stresový,RS,5,1.189,115.001
Stresový,RS,6,1.12,111.541
Stresový,RS,7,0.975,112.254
Stresový,RS,8,0.933,87.936
Stresový,RS,9,0.896,89.49
Stresový,RS,10,0.885,79.12
Stresový,RS,11,0.962,97.796
Stresový,RS,12,0.927,96.419
Stresový,RS,13,0.832,87.319
Stresový,RS,14,0.778,81.557
Stresový,RS,15,0.89,83.997
Stresový,RS,16,0.845,65.12
Stresový,RS,17,0.79,74.767
Stresový,RS,18,0.745,81.288
Stresový,RS,19,0.795,86.553
Stresový,RS,20,0.795,79.812
Stresový,RS,21,0.785,70.145
Stresový,RS,22,0.74,80.285
Stresový,RS,23,0.734,68.945
Stresový,RS,24,0.775,84.019
Stresový,RS,25,0.771,77.548
Stresový,RS,26,0.806,94.871
Stresový,RS,27,0.746,85.809
Stresový,RS,28,0.743,91.227
Stresový,RS,29,0.796,89.3
Stresový,RS,30,0.745,92.385
Stresový,RS,31,0.75,81.927
Stresový,RS,32,0.719,82.728
Stresový,RS,33,0.72,84.837
Stresový,RS,34,0.717,88.471
Stresový,RS,35,0.724,81.4
Stresový,RS,36,0.739,83.27
Stresový,RS,37,0.738,86.849
Stresový,RS,38,0.755,92.332
Stresový,RS,39,0.776,94.111
Stresový,RS,40,0.781,83.049
Stresový,RS,41,0.806,94.293
Stresový,RS,42,0.828,103.596
Stresový,RS,43,0.857,101.249
Stresový,RS,44,0.915,102.571
Stresový,RS,45,0.976,102.893
Stresový,RS,46,1.022,113.4
Stresový,RS,47,1.021,105.397
Stresový,RS,48,1.079,108.61
Stresový,RS,49,1.075,113.552
Stresový,RS,50,1.057,105.3
Stresový,RS,51,1.036,110.452
Stresový,RS,52,1.028,99.1
Stresový,SE,1,4.485,103.97
Stresový,SE,2,3.823,103.486
Stresový,SE,3,3.714,101.695
Stresový,SE,4,3.592,102.452
Stresový,SE,5,3.896,102.883
Stresový,SE,6,4.081,106.116
Stresový,SE,7,4.04,108.148
Stresový,SE,8,3.803,101.766
Stresový,SE,9,3.796,100.41
Stresový,SE,10,3.579,101.158
Stresový,SE,11,3.625,102.404
Stresový,SE,12,3.586,100.949
Stresový,SE,13,3.387,101.638
Stresový,SE,14,3.181,100.451
Stresový,SE,15,3.374,100.024
Stresový,SE,16,3.312,100.713
Stresový,SE,17,3.025,97.393
Stresový,SE,18,2.916,88.915
Stresový,SE,19,2.842,97.314
Stresový,SE,20,2.677,62.81
Stresový,SE,21,2.512,49.184
Stresový,SE,22,2.533,40.814
Stresový,SE,23,2.568,24.831
Stresový,SE,24,2.484,42.621
Stresový,SE,25,2.375,36.827
Stresový,SE,26,2.385,56.213
Stresový,SE,27,2.306,58.594
Stresový,SE,28,2.257,83.633
Stresový,SE,29,2.233,86.559
Stresový,SE,30,2.225,91.795
Stresový,SE,31,2.379,73.151
Stresový,SE,32,2.381,92.515
Stresový,SE,33,2.391,86.859
Stresový,SE,34,2.421,96.951
Stresový,SE,35,2.482,89.295
Stresový,SE,36,2.532,93.929
Stresový,SE,37,2.551,93.469
Stresový,SE,38,2.603,89.286
Stresový,SE,39,2.756,76.313
Stresový,SE,40,2.777,49.832
Stresový,SE,41,2.836,98.052
Stresový,SE,42,3.042,81.748
Stresový,SE,43,3.265,101.312
Stresový,SE,44,3.205,103.284
Stresový,SE,45,3.317,104.361
Stresový,SE,46,3.209,98.539
Stresový,SE,47,3.229,91.811
Stresový,SE,48,3.481,105.826
Stresový,SE,49,3.65,102.489
Stresový,SE,50,3.51,102.535
Stresový,SE,51,3.536,99.768
Stresový,SE,52,3.43,88.825
Stresový,SI,1,0.345,102.338
Stresový,SI,2,0.333,107.939
Stresový,SI,3,0.329,106.604
Stresový,SI,4,0.344,384.615
Stresový,SI,5,0.387,371.793
Stresový,SI,6,0.343,106.524
Stresový,SI,7,0.328,111.946
Stresový,SI,8,0.313,87.844
Stresový,SI,9,0.309,88.043
Stresový,SI,10,0.303,78.726
Stresový,SI,11,0.33,96.478
Stresový,SI,12,0.326,93.406
Stresový,SI,13,0.295,82.606
Stresový,SI,14,0.289,86.224
Stresový,SI,15,0.31,86.136
Stresový,SI,16,0.3,80.621
Stresový,SI,17,0.275,74.11
Stresový,SI,18,0.261,77.131
Stresový,SI,19,0.289,81.788
Stresový,SI,20,0.286,74.814
Stresový,SI,21,0.283,65.112
Stresový,SI,22,0.289,74.85
Stresový,SI,23,0.292,66.018
Stresový,SI,24,0.298,79.093
Stresový,SI,25,0.292,73.21
Stresový,SI,26,0.297,86.419
Stresový,SI,27,0.295,80.609
Stresový,SI,28,0.29,84.084
Stresový,SI,29,0.291,85.047
Stresový,SI,30,0.271,85.302
Stresový,SI,31,0.259,76.086
Stresový,SI,32,0.258,76.383
Stresový,SI,33,0.261,78.947
Stresový,SI,34,0.274,84.739
Stresový,SI,35,0.279,78.619
Stresový,SI,36,0.286,80.198
Stresový,SI,37,0.287,82.868
Stresový,SI,38,0.292,86.46
Stresový,SI,39,0.287,86.07
Stresový,SI,40,0.298,83.135
Stresový,SI,41,0.294,87.477
Stresový,SI,42,0.293,94.947
Stresový,SI,43,0.3,97.221
Stresový,SI,44,0.289,102.497
Stresový,SI,45,0.326,107.744
Stresový,SI,46,0.334,109.659
Stresový,SI,47,0.33,103.581
Stresový,SI,48,0.352,109.819
Stresový,SI,49,0.357,110.934
Stresový,SI,50,0.343,102.535
Stresový,SI,51,0.326,102.885
Stresový,SI,52,0.289,94.739
Stresový,SK,1,0.753,107.755
Stresový,SK,2,0.675,112.234
Stresový,SK,3,0.666,110.915
Stresový,SK,4,0.688,437.397
Stresový,SK,5,0.722,694.885
Stresový,SK,6,0.693,112.25
Stresový,SK,7,0.651,118.358
Stresový,SK,8,0.632,96.414
Stresový,SK,9,0.614,97.059
Stresový,SK,10,0.61,87.939
Stresový,SK,11,0.642,105.993
Stresový,SK,12,0.637,99.141
Stresový,SK,13,0.591,89.594
Stresový,SK,14,0.592,86.91
Stresový,SK,15,0.628,94.452
Stresový,SK,16,0.606,88.641
Stresový,SK,17,0.583,81.787
Stresový,SK,18,0.568,79.905
Stresový,SK,19,0.573,88.953
Stresový,SK,20,0.572,82.024
Stresový,SK,21,0.567,74.526
Stresový,SK,22,0.569,82.401
Stresový,SK,23,0.573,74.823
Stresový,SK,24,0.576,87.187
Stresový,SK,25,0.57,76.505
Stresový,SK,26,0.59,90.911
Stresový,SK,27,0.567,83.237
Stresový,SK,28,0.572,90.362
Stresový,SK,29,0.575,90.929
Stresový,SK,30,0.554,90.025
Stresový,SK,31,0.554,77.193
Stresový,SK,32,0.55,85.042
Stresový,SK,33,0.558,84.561
Stresový,SK,34,0.558,91.658
Stresový,SK,35,0.559,85.207
Stresový,SK,36,0.57,85.606
Stresový,SK,37,0.574,88.579
Stresový,SK,38,0.58,92.423
Stresový,SK,39,0.588,90.593
Stresový,SK,40,0.591,87.691
Stresový,SK,41,0.597,95.339
Stresový,SK,42,0.608,102.64
Stresový,SK,43,0.625,103.815
Stresový,SK,44,0.65,109.914
Stresový,SK,45,0.667,116.754
Stresový,SK,46,0.66,115.589
Stresový,SK,47,0.653,109.438
Stresový,SK,48,0.676,118.03
Stresový,SK,49,0.677,117.754
Stresový,SK,50,0.657,108.599
Stresový,SK,51,0.642,107.922
Stresový,SK,52,0.623,99.255
