,name,region,season,source,stat,val
0,2028-base,CZ,Y,nuclear,capacity_GW,4.099
1,2028-base,CZ,Y,solar,capacity_GW,7.0
2,2028-base,CZ,Y,onshore,capacity_GW,0.5
3,2028-base,CZ,Y,waste,capacity_GW,0.19575
4,2028-base,CZ,Y,gas_ccgt,capacity_GW,0.6174
5,2028-base,CZ,Y,gas_chp,capacity_GW,0.7644
6,2028-base,CZ,Y,biogas,capacity_GW,0.279
7,2028-base,CZ,Y,lig_sc,capacity_GW,0.4356
8,2028-base,CZ,Y,bio,capacity_GW,0.0
9,2028-base,CZ,Y,gas_eng_chp,capacity_GW,0.3313124999999999
10,2028-base,CZ,Y,lig,capacity_GW,0.9702
11,2028-base,CZ,Y,lig_ex,capacity_GW,1.6533000000000002
12,2028-base,CZ,Y,coal,capacity_GW,0.0
13,2028-base,CZ,Y,coal_ex,capacity_GW,0.11484
14,2028-base,CZ,Y,gas_peak,capacity_GW,0.096255
15,2028-base,CZ,Y,lig_old,capacity_GW,1.2011999999999998
16,2028-base,CZ,Y,b_CHP,capacity_GW,0.20925
17,2028-base,CZ,Y,lig_bp,capacity_GW,0.35838
18,2028-base,CZ,Y,coal_bp,capacity_GW,0.0
19,2028-base,CZ,Y,dsr,capacity_GW,0.0
20,2028-base,CZ,Y,h_ror,capacity_GW,0.415
21,2028-base,CZ,Y,h_dams,capacity_GW,0.609
22,2028-base,CZ,Y,li,capacity_GW,0.1
23,2028-base,CZ,Y,pump_open,capacity_GW,0.47
24,2028-base,CZ,Y,pump,capacity_GW,0.678
25,2028-base,CZ,Y,TOTAL,capacity_GW,21.0978875
26,2028-base,CZ,Y,h_ror,capacity_charging_GW,0.0
27,2028-base,CZ,Y,h_dams,capacity_charging_GW,0.0
28,2028-base,CZ,Y,li,capacity_charging_GW,1.25599
29,2028-base,CZ,Y,pump_open,capacity_charging_GW,0.44
30,2028-base,CZ,Y,pump,capacity_charging_GW,0.664
31,2028-base,CZ,Y,nuclear,capacity_paid_off_GW,0.0
32,2028-base,CZ,Y,solar,capacity_paid_off_GW,0.0
33,2028-base,CZ,Y,onshore,capacity_paid_off_GW,0.0
34,2028-base,CZ,Y,waste,capacity_paid_off_GW,0.0
35,2028-base,CZ,Y,gas_ccgt,capacity_paid_off_GW,0.0
36,2028-base,CZ,Y,gas_chp,capacity_paid_off_GW,0.0
37,2028-base,CZ,Y,biogas,capacity_paid_off_GW,0.0
38,2028-base,CZ,Y,lig_sc,capacity_paid_off_GW,0.0
39,2028-base,CZ,Y,bio,capacity_paid_off_GW,0.0
40,2028-base,CZ,Y,gas_eng_chp,capacity_paid_off_GW,0.0
41,2028-base,CZ,Y,lig,capacity_paid_off_GW,0.0
42,2028-base,CZ,Y,lig_ex,capacity_paid_off_GW,0.0
43,2028-base,CZ,Y,coal,capacity_paid_off_GW,0.0
44,2028-base,CZ,Y,coal_ex,capacity_paid_off_GW,0.0
45,2028-base,CZ,Y,gas_peak,capacity_paid_off_GW,0.0
46,2028-base,CZ,Y,lig_old,capacity_paid_off_GW,0.0
47,2028-base,CZ,Y,b_CHP,capacity_paid_off_GW,0.0
48,2028-base,CZ,Y,lig_bp,capacity_paid_off_GW,0.0
49,2028-base,CZ,Y,coal_bp,capacity_paid_off_GW,0.0
50,2028-base,CZ,Y,dsr,capacity_paid_off_GW,0.0
51,2028-base,CZ,Y,h_ror,capacity_paid_off_GW,0.0
52,2028-base,CZ,Y,h_dams,capacity_paid_off_GW,0.0
53,2028-base,CZ,Y,li,capacity_paid_off_GW,0.0
54,2028-base,CZ,Y,pump_open,capacity_paid_off_GW,0.0
55,2028-base,CZ,Y,pump,capacity_paid_off_GW,0.0
56,2028-base,CZ,Y,h_ror,capacity_charging_paid_off_GW,0.0
57,2028-base,CZ,Y,h_dams,capacity_charging_paid_off_GW,0.0
58,2028-base,CZ,Y,li,capacity_charging_paid_off_GW,0.0
59,2028-base,CZ,Y,pump_open,capacity_charging_paid_off_GW,0.0
60,2028-base,CZ,Y,pump,capacity_charging_paid_off_GW,0.0
61,2028-base,CZ,Y,TOTAL,load_TWh,66.606490439
62,2028-base,CZ,S,TOTAL,load_TWh,30.4536371
63,2028-base,CZ,W,TOTAL,load_TWh,36.152853339
64,2028-base,CZ,Y,TOTAL,import_TWh,14.881786984658486
65,2028-base,CZ,S,TOTAL,import_TWh,6.842284848119063
66,2028-base,CZ,W,TOTAL,import_TWh,8.039502136539424
67,2028-base,CZ,Y,TOTAL,export_TWh,3.635633735974118
68,2028-base,CZ,S,TOTAL,export_TWh,1.9954784862020831
69,2028-base,CZ,W,TOTAL,export_TWh,1.6401552497720346
70,2028-base,CZ,Y,TOTAL,net_import_TWh,11.246153248684369
71,2028-base,CZ,S,TOTAL,net_import_TWh,4.84680636191698
72,2028-base,CZ,W,TOTAL,net_import_TWh,6.39934688676739
73,2028-base,CZ,Y,TOTAL,curtailment_TWh,0.0043828656022993
74,2028-base,CZ,S,TOTAL,curtailment_TWh,0.0038450126806385
75,2028-base,CZ,W,TOTAL,curtailment_TWh,0.0005378529216607
76,2028-base,CZ,Y,nuclear,production_TWh,28.59946136693848
77,2028-base,CZ,Y,solar,production_TWh,7.042612888464491
78,2028-base,CZ,Y,onshore,production_TWh,1.1342886328498398
79,2028-base,CZ,Y,waste,production_TWh,1.143179999999859
80,2028-base,CZ,Y,gas_ccgt,production_TWh,4.784426232345767
81,2028-base,CZ,Y,gas_chp,production_TWh,3.163883966965348
82,2028-base,CZ,Y,biogas,production_TWh,0.6801379042499744
83,2028-base,CZ,Y,lig_sc,production_TWh,0.4147653122986561
84,2028-base,CZ,Y,bio,production_TWh,0.0
85,2028-base,CZ,Y,gas_eng_chp,production_TWh,1.5478920000000973
86,2028-base,CZ,Y,lig,production_TWh,0.2528080587159381
87,2028-base,CZ,Y,lig_ex,production_TWh,3.059699624514419
88,2028-base,CZ,Y,coal,production_TWh,0.0
89,2028-base,CZ,Y,coal_ex,production_TWh,0.0069578945261904
90,2028-base,CZ,Y,gas_peak,production_TWh,0.016498890557177
91,2028-base,CZ,Y,lig_old,production_TWh,0.0261312738373125
92,2028-base,CZ,Y,b_CHP,production_TWh,-8.842309600570137e-20
93,2028-base,CZ,Y,lig_bp,production_TWh,1.6743513600000144
94,2028-base,CZ,Y,coal_bp,production_TWh,0.0
95,2028-base,CZ,Y,dsr,production_TWh,0.0
96,2028-base,CZ,Y,eens,production_TWh,-4.320099833421409e-19
97,2028-base,CZ,Y,h_ror,production_TWh,1.191193297807333
98,2028-base,CZ,Y,h_dams,production_TWh,0.922812857142857
99,2028-base,CZ,Y,li,production_TWh,0.0819291669718176
100,2028-base,CZ,Y,pump_open,production_TWh,0.3426742635407939
101,2028-base,CZ,Y,pump,production_TWh,0.4356728706789954
102,2028-base,CZ,Y,TOTAL,production_TWh,56.52137786240535
103,2028-base,CZ,S,nuclear,production_TWh,13.891069397825554
104,2028-base,CZ,S,solar,production_TWh,4.759126045944772
105,2028-base,CZ,S,onshore,production_TWh,0.3689598922926883
106,2028-base,CZ,S,waste,production_TWh,0.488250109998895
107,2028-base,CZ,S,gas_ccgt,production_TWh,2.189225868417994
108,2028-base,CZ,S,gas_chp,production_TWh,0.9702581644512952
109,2028-base,CZ,S,biogas,production_TWh,0.1131874632546785
110,2028-base,CZ,S,lig_sc,production_TWh,0.0
111,2028-base,CZ,S,bio,production_TWh,0.0
112,2028-base,CZ,S,gas_eng_chp,production_TWh,0.7086261435083648
113,2028-base,CZ,S,lig,production_TWh,0.0
114,2028-base,CZ,S,lig_ex,production_TWh,0.98959775678035
115,2028-base,CZ,S,coal,production_TWh,0.0
116,2028-base,CZ,S,coal_ex,production_TWh,-1.0935580126097157e-18
117,2028-base,CZ,S,gas_peak,production_TWh,0.0
118,2028-base,CZ,S,lig_old,production_TWh,0.0
119,2028-base,CZ,S,b_CHP,production_TWh,-8.842309600570137e-20
120,2028-base,CZ,S,lig_bp,production_TWh,0.3587753799577753
121,2028-base,CZ,S,coal_bp,production_TWh,0.0
122,2028-base,CZ,S,dsr,production_TWh,0.0
123,2028-base,CZ,S,eens,production_TWh,-4.320099833421409e-19
124,2028-base,CZ,S,h_ror,production_TWh,0.5589104487084291
125,2028-base,CZ,S,h_dams,production_TWh,0.41430036493884
126,2028-base,CZ,S,li,production_TWh,0.0342913253419913
127,2028-base,CZ,S,pump_open,production_TWh,0.2231861905170669
128,2028-base,CZ,S,pump,production_TWh,0.2967224941883975
129,2028-base,CZ,S,TOTAL,production_TWh,113.0427557248107
130,2028-base,CZ,W,nuclear,production_TWh,14.708391969112927
131,2028-base,CZ,W,solar,production_TWh,2.2834868425197192
132,2028-base,CZ,W,onshore,production_TWh,0.7653287405571514
133,2028-base,CZ,W,waste,production_TWh,0.654929890000964
134,2028-base,CZ,W,gas_ccgt,production_TWh,2.5952003639277725
135,2028-base,CZ,W,gas_chp,production_TWh,2.193625802514052
136,2028-base,CZ,W,biogas,production_TWh,0.5669504409952959
137,2028-base,CZ,W,lig_sc,production_TWh,0.4147653122986561
138,2028-base,CZ,W,bio,production_TWh,0.0
139,2028-base,CZ,W,gas_eng_chp,production_TWh,0.8392658564917327
140,2028-base,CZ,W,lig,production_TWh,0.2528080587159382
141,2028-base,CZ,W,lig_ex,production_TWh,2.070101867734069
142,2028-base,CZ,W,coal,production_TWh,0.0
143,2028-base,CZ,W,coal_ex,production_TWh,0.0069578945261904
144,2028-base,CZ,W,gas_peak,production_TWh,0.016498890557177
145,2028-base,CZ,W,lig_old,production_TWh,0.0261312738373125
146,2028-base,CZ,W,b_CHP,production_TWh,0.0
147,2028-base,CZ,W,lig_bp,production_TWh,1.3155759800422389
148,2028-base,CZ,W,coal_bp,production_TWh,0.0
149,2028-base,CZ,W,dsr,production_TWh,0.0
150,2028-base,CZ,W,eens,production_TWh,0.0
151,2028-base,CZ,W,h_ror,production_TWh,0.6322828490989041
152,2028-base,CZ,W,h_dams,production_TWh,0.508512492204017
153,2028-base,CZ,W,li,production_TWh,0.0476378416298262
154,2028-base,CZ,W,pump_open,production_TWh,0.119488073023727
155,2028-base,CZ,W,pump,production_TWh,0.1389503764905978
156,2028-base,CZ,W,TOTAL,production_TWh,113.0427557248107
157,2028-base,CZ,Y,gas_chp,production_el_eq_TWh,3.5712767999998447
158,2028-base,CZ,Y,gas_eng_chp,production_el_eq_TWh,1.5478920000000973
159,2028-base,CZ,Y,lig_ex,production_el_eq_TWh,7.130242830004014
160,2028-base,CZ,Y,coal_ex,production_el_eq_TWh,0.0148059225833333
161,2028-base,CZ,Y,b_CHP,production_el_eq_TWh,-2.2105774001425343e-19
162,2028-base,CZ,Y,lig_bp,production_el_eq_TWh,1.6743513600000144
163,2028-base,CZ,Y,coal_bp,production_el_eq_TWh,0.0
164,2028-base,CZ,Y,eens,production_el_eq_TWh,0.0
165,2028-base,CZ,S,gas_chp,production_el_eq_TWh,1.2008780088539022
166,2028-base,CZ,S,gas_eng_chp,production_el_eq_TWh,0.7086261435083648
167,2028-base,CZ,S,lig_ex,production_el_eq_TWh,2.46528758814217
168,2028-base,CZ,S,coal_ex,production_el_eq_TWh,-2.7014147175562882e-18
169,2028-base,CZ,S,b_CHP,production_el_eq_TWh,-2.2105774001425343e-19
170,2028-base,CZ,S,lig_bp,production_el_eq_TWh,0.3587753799577753
171,2028-base,CZ,S,coal_bp,production_el_eq_TWh,0.0
172,2028-base,CZ,S,eens,production_el_eq_TWh,0.0
173,2028-base,CZ,W,gas_chp,production_el_eq_TWh,2.3703987911459428
174,2028-base,CZ,W,gas_eng_chp,production_el_eq_TWh,0.8392658564917327
175,2028-base,CZ,W,lig_ex,production_el_eq_TWh,4.664955241861843
176,2028-base,CZ,W,coal_ex,production_el_eq_TWh,0.0148059225833333
177,2028-base,CZ,W,b_CHP,production_el_eq_TWh,0.0
178,2028-base,CZ,W,lig_bp,production_el_eq_TWh,1.3155759800422389
179,2028-base,CZ,W,coal_bp,production_el_eq_TWh,0.0
180,2028-base,CZ,W,eens,production_el_eq_TWh,0.0
181,2028-base,CZ,Y,solar,production_used_TWh,7.040576620011763
182,2028-base,CZ,Y,onshore,production_used_TWh,1.134263191461009
183,2028-base,CZ,S,solar,production_used_TWh,4.757089777492045
184,2028-base,CZ,S,onshore,production_used_TWh,0.3689344509038574
185,2028-base,CZ,W,solar,production_used_TWh,2.2834868425197192
186,2028-base,CZ,W,onshore,production_used_TWh,0.7653287405571514
187,2028-base,CZ,Y,solar,production_excess_TWh,0.0020362684527271
188,2028-base,CZ,Y,onshore,production_excess_TWh,2.5441388830775787e-05
189,2028-base,CZ,S,solar,production_excess_TWh,0.0020362684527271
190,2028-base,CZ,S,onshore,production_excess_TWh,2.5441388830775787e-05
191,2028-base,CZ,W,solar,production_excess_TWh,0.0
192,2028-base,CZ,W,onshore,production_excess_TWh,0.0
193,2028-base,CZ,Y,h_ror,discharged_TWh,1.191193297807333
194,2028-base,CZ,Y,h_dams,discharged_TWh,0.922812857142857
195,2028-base,CZ,Y,li,discharged_TWh,0.0819291669718176
196,2028-base,CZ,Y,pump_open,discharged_TWh,0.3426742635407939
197,2028-base,CZ,Y,pump,discharged_TWh,0.4356728706789954
198,2028-base,CZ,Y,TOTAL,discharged_TWh,2.974282456141797
199,2028-base,CZ,S,h_ror,discharged_TWh,0.5589104487084291
200,2028-base,CZ,S,h_dams,discharged_TWh,0.41430036493884
201,2028-base,CZ,S,li,discharged_TWh,0.0342913253419913
202,2028-base,CZ,S,pump_open,discharged_TWh,0.2231861905170669
203,2028-base,CZ,S,pump,discharged_TWh,0.2967224941883975
204,2028-base,CZ,S,TOTAL,discharged_TWh,5.948564912283594
205,2028-base,CZ,W,h_ror,discharged_TWh,0.6322828490989041
206,2028-base,CZ,W,h_dams,discharged_TWh,0.508512492204017
207,2028-base,CZ,W,li,discharged_TWh,0.0476378416298262
208,2028-base,CZ,W,pump_open,discharged_TWh,0.119488073023727
209,2028-base,CZ,W,pump,discharged_TWh,0.1389503764905978
210,2028-base,CZ,W,TOTAL,discharged_TWh,5.948564912283594
211,2028-base,CZ,Y,h_ror,charged_TWh,0.0
212,2028-base,CZ,Y,h_dams,charged_TWh,0.0
213,2028-base,CZ,Y,li,charged_TWh,0.1207598026107406
214,2028-base,CZ,Y,pump_open,charged_TWh,0.4307967946003091
215,2028-base,CZ,Y,pump,charged_TWh,0.6051012092763826
216,2028-base,CZ,Y,TOTAL,charged_TWh,1.1566578064874324
217,2028-base,CZ,S,h_ror,charged_TWh,0.0
218,2028-base,CZ,S,h_dams,charged_TWh,0.0
219,2028-base,CZ,S,li,charged_TWh,0.0606967125223908
220,2028-base,CZ,S,pump_open,charged_TWh,0.2846742976765232
221,2028-base,CZ,S,pump,charged_TWh,0.4084402851645188
222,2028-base,CZ,S,TOTAL,charged_TWh,2.313315612974865
223,2028-base,CZ,W,h_ror,charged_TWh,0.0
224,2028-base,CZ,W,h_dams,charged_TWh,0.0
225,2028-base,CZ,W,li,charged_TWh,0.0600630900883498
226,2028-base,CZ,W,pump_open,charged_TWh,0.1461224969237857
227,2028-base,CZ,W,pump,charged_TWh,0.1966609241118637
228,2028-base,CZ,W,TOTAL,charged_TWh,2.313315612974865
229,2028-base,CZ,Y,h_ror,inflow_TWh,1.19912
230,2028-base,CZ,Y,h_dams,inflow_TWh,0.922812857142857
231,2028-base,CZ,Y,pump_open,inflow_TWh,0.0325005714285714
232,2028-base,CZ,S,h_ror,inflow_TWh,0.564377
233,2028-base,CZ,S,h_dams,inflow_TWh,0.41548
234,2028-base,CZ,S,pump_open,inflow_TWh,0.015631
235,2028-base,CZ,W,h_ror,inflow_TWh,0.634743
236,2028-base,CZ,W,h_dams,inflow_TWh,0.507332857142857
237,2028-base,CZ,W,pump_open,inflow_TWh,0.0168695714285714
238,2028-base,CZ,Y,gas_chp,heat_production_PJ,2.9332283978483846
239,2028-base,CZ,Y,gas_eng_chp,heat_production_PJ,5.57241120000035
240,2028-base,CZ,Y,lig_ex,heat_production_PJ,41.03107551133512
241,2028-base,CZ,Y,coal_ex,heat_production_PJ,0.0791081228159999
242,2028-base,CZ,Y,b_CHP,heat_production_PJ,-1.4324541552923621e-18
243,2028-base,CZ,Y,lig_bp,heat_production_PJ,18.08299468800015
244,2028-base,CZ,Y,coal_bp,heat_production_PJ,0.0
245,2028-base,CZ,Y,eens,heat_production_PJ,1.5552359400317072e-18
246,2028-base,CZ,S,gas_chp,heat_production_PJ,1.6604628796987688
247,2028-base,CZ,S,gas_eng_chp,heat_production_PJ,2.5510541166301133
248,2028-base,CZ,S,lig_ex,heat_production_PJ,14.874953500127146
249,2028-base,CZ,S,coal_ex,heat_production_PJ,-1.620719558586146e-17
250,2028-base,CZ,S,b_CHP,heat_production_PJ,-1.4324541552923621e-18
251,2028-base,CZ,S,lig_bp,heat_production_PJ,3.874774103543973
252,2028-base,CZ,S,coal_bp,heat_production_PJ,0.0
253,2028-base,CZ,S,eens,heat_production_PJ,1.5552359400317072e-18
254,2028-base,CZ,W,gas_chp,heat_production_PJ,1.2727655181496158
255,2028-base,CZ,W,gas_eng_chp,heat_production_PJ,3.021357083370238
256,2028-base,CZ,W,lig_ex,heat_production_PJ,26.15612201120797
257,2028-base,CZ,W,coal_ex,heat_production_PJ,0.079108122816
258,2028-base,CZ,W,b_CHP,heat_production_PJ,0.0
259,2028-base,CZ,W,lig_bp,heat_production_PJ,14.208220584456177
260,2028-base,CZ,W,coal_bp,heat_production_PJ,0.0
261,2028-base,CZ,W,eens,heat_production_PJ,0.0
262,2028-base,CZ,Y,waste,production_hours,6688.0
263,2028-base,CZ,Y,gas_ccgt,production_hours,7948.0
264,2028-base,CZ,Y,gas_chp,production_hours,8144.0
265,2028-base,CZ,Y,biogas,production_hours,2749.0
266,2028-base,CZ,Y,lig_sc,production_hours,1110.0
267,2028-base,CZ,Y,bio,production_hours,0.0
268,2028-base,CZ,Y,gas_eng_chp,production_hours,5415.0
269,2028-base,CZ,Y,lig,production_hours,435.0
270,2028-base,CZ,Y,lig_ex,production_hours,8760.0
271,2028-base,CZ,Y,coal,production_hours,0.0
272,2028-base,CZ,Y,coal_ex,production_hours,165.0
273,2028-base,CZ,Y,gas_peak,production_hours,200.0
274,2028-base,CZ,Y,lig_old,production_hours,92.0
275,2028-base,CZ,Y,b_CHP,production_hours,0.0
276,2028-base,CZ,Y,lig_bp,production_hours,6686.0
277,2028-base,CZ,Y,coal_bp,production_hours,0.0
278,2028-base,CZ,Y,dsr,production_hours,0.0
279,2028-base,CZ,Y,eens,production_hours,0.0
280,2028-base,CZ,Y,h_ror,production_hours,8760.0
281,2028-base,CZ,Y,h_dams,production_hours,8760.0
282,2028-base,CZ,Y,li,production_hours,945.0
283,2028-base,CZ,Y,pump_open,production_hours,1191.0
284,2028-base,CZ,Y,pump,production_hours,956.0
285,2028-base,CZ,S,waste,production_hours,3043.0
286,2028-base,CZ,S,gas_ccgt,production_hours,3697.0
287,2028-base,CZ,S,gas_chp,production_hours,3842.0
288,2028-base,CZ,S,biogas,production_hours,498.0
289,2028-base,CZ,S,lig_sc,production_hours,0.0
290,2028-base,CZ,S,bio,production_hours,0.0
291,2028-base,CZ,S,gas_eng_chp,production_hours,2435.0
292,2028-base,CZ,S,lig,production_hours,0.0
293,2028-base,CZ,S,lig_ex,production_hours,4368.0
294,2028-base,CZ,S,coal,production_hours,0.0
295,2028-base,CZ,S,coal_ex,production_hours,0.0
296,2028-base,CZ,S,gas_peak,production_hours,0.0
297,2028-base,CZ,S,lig_old,production_hours,0.0
298,2028-base,CZ,S,b_CHP,production_hours,0.0
299,2028-base,CZ,S,lig_bp,production_hours,2319.0
300,2028-base,CZ,S,coal_bp,production_hours,0.0
301,2028-base,CZ,S,dsr,production_hours,0.0
302,2028-base,CZ,S,eens,production_hours,0.0
303,2028-base,CZ,S,h_ror,production_hours,4368.0
304,2028-base,CZ,S,h_dams,production_hours,4368.0
305,2028-base,CZ,S,li,production_hours,398.0
306,2028-base,CZ,S,pump_open,production_hours,763.0
307,2028-base,CZ,S,pump,production_hours,656.0
308,2028-base,CZ,W,waste,production_hours,3645.0
309,2028-base,CZ,W,gas_ccgt,production_hours,4251.0
310,2028-base,CZ,W,gas_chp,production_hours,4302.0
311,2028-base,CZ,W,biogas,production_hours,2251.0
312,2028-base,CZ,W,lig_sc,production_hours,1110.0
313,2028-base,CZ,W,bio,production_hours,0.0
314,2028-base,CZ,W,gas_eng_chp,production_hours,2980.0
315,2028-base,CZ,W,lig,production_hours,435.0
316,2028-base,CZ,W,lig_ex,production_hours,4392.0
317,2028-base,CZ,W,coal,production_hours,0.0
318,2028-base,CZ,W,coal_ex,production_hours,165.0
319,2028-base,CZ,W,gas_peak,production_hours,200.0
320,2028-base,CZ,W,lig_old,production_hours,92.0
321,2028-base,CZ,W,b_CHP,production_hours,0.0
322,2028-base,CZ,W,lig_bp,production_hours,4367.0
323,2028-base,CZ,W,coal_bp,production_hours,0.0
324,2028-base,CZ,W,dsr,production_hours,0.0
325,2028-base,CZ,W,eens,production_hours,0.0
326,2028-base,CZ,W,h_ror,production_hours,4392.0
327,2028-base,CZ,W,h_dams,production_hours,4392.0
328,2028-base,CZ,W,li,production_hours,547.0
329,2028-base,CZ,W,pump_open,production_hours,428.0
330,2028-base,CZ,W,pump,production_hours,300.0
331,2028-base,CZ,Y,nuclear,capex_mn_EUR_per_yr,2738.469079112492
332,2028-base,CZ,Y,solar,capex_mn_EUR_per_yr,362.9795164565344
333,2028-base,CZ,Y,onshore,capex_mn_EUR_per_yr,68.82996852045387
334,2028-base,CZ,Y,waste,capex_mn_EUR_per_yr,228.2938717209026
335,2028-base,CZ,Y,gas_ccgt,capex_mn_EUR_per_yr,76.18061222457844
336,2028-base,CZ,Y,gas_chp,capex_mn_EUR_per_yr,138.841538451773
337,2028-base,CZ,Y,biogas,capex_mn_EUR_per_yr,16.217086196531145
338,2028-base,CZ,Y,lig_sc,capex_mn_EUR_per_yr,144.15255774515765
339,2028-base,CZ,Y,bio,capex_mn_EUR_per_yr,0.0
340,2028-base,CZ,Y,gas_eng_chp,capex_mn_EUR_per_yr,22.59441391073202
341,2028-base,CZ,Y,lig,capex_mn_EUR_per_yr,321.06706043239666
342,2028-base,CZ,Y,lig_ex,capex_mn_EUR_per_yr,547.1244805327576
343,2028-base,CZ,Y,coal,capex_mn_EUR_per_yr,0.0
344,2028-base,CZ,Y,coal_ex,capex_mn_EUR_per_yr,26.048184884115727
345,2028-base,CZ,Y,gas_peak,capex_mn_EUR_per_yr,7.893982066856129
346,2028-base,CZ,Y,lig_old,capex_mn_EUR_per_yr,397.5115986305863
347,2028-base,CZ,Y,b_CHP,capex_mn_EUR_per_yr,109.81713302115293
348,2028-base,CZ,Y,lig_bp,capex_mn_EUR_per_yr,118.59824069033428
349,2028-base,CZ,Y,coal_bp,capex_mn_EUR_per_yr,0.0
350,2028-base,CZ,Y,dsr,capex_mn_EUR_per_yr,0.0
351,2028-base,CZ,Y,h_ror,capex_mn_EUR_per_yr,84.30517292657983
352,2028-base,CZ,Y,h_dams,capex_mn_EUR_per_yr,123.71530195731836
353,2028-base,CZ,Y,li,capex_mn_EUR_per_yr,4.011568788183623
354,2028-base,CZ,Y,pump_open,capex_mn_EUR_per_yr,95.4781476517892
355,2028-base,CZ,Y,pump,capex_mn_EUR_per_yr,137.73230661258106
356,2028-base,CZ,S,nuclear,capex_mn_EUR_per_yr,2738.469079112492
357,2028-base,CZ,S,solar,capex_mn_EUR_per_yr,362.9795164565344
358,2028-base,CZ,S,onshore,capex_mn_EUR_per_yr,68.82996852045387
359,2028-base,CZ,S,waste,capex_mn_EUR_per_yr,228.2938717209026
360,2028-base,CZ,S,gas_ccgt,capex_mn_EUR_per_yr,76.18061222457844
361,2028-base,CZ,S,gas_chp,capex_mn_EUR_per_yr,138.841538451773
362,2028-base,CZ,S,biogas,capex_mn_EUR_per_yr,16.217086196531145
363,2028-base,CZ,S,lig_sc,capex_mn_EUR_per_yr,144.15255774515765
364,2028-base,CZ,S,bio,capex_mn_EUR_per_yr,0.0
365,2028-base,CZ,S,gas_eng_chp,capex_mn_EUR_per_yr,22.59441391073202
366,2028-base,CZ,S,lig,capex_mn_EUR_per_yr,321.06706043239666
367,2028-base,CZ,S,lig_ex,capex_mn_EUR_per_yr,547.1244805327576
368,2028-base,CZ,S,coal,capex_mn_EUR_per_yr,0.0
369,2028-base,CZ,S,coal_ex,capex_mn_EUR_per_yr,26.048184884115727
370,2028-base,CZ,S,gas_peak,capex_mn_EUR_per_yr,7.893982066856129
371,2028-base,CZ,S,lig_old,capex_mn_EUR_per_yr,397.5115986305863
372,2028-base,CZ,S,b_CHP,capex_mn_EUR_per_yr,109.81713302115293
373,2028-base,CZ,S,lig_bp,capex_mn_EUR_per_yr,118.59824069033428
374,2028-base,CZ,S,coal_bp,capex_mn_EUR_per_yr,0.0
375,2028-base,CZ,S,dsr,capex_mn_EUR_per_yr,0.0
376,2028-base,CZ,S,h_ror,capex_mn_EUR_per_yr,84.30517292657983
377,2028-base,CZ,S,h_dams,capex_mn_EUR_per_yr,123.71530195731836
378,2028-base,CZ,S,li,capex_mn_EUR_per_yr,4.011568788183623
379,2028-base,CZ,S,pump_open,capex_mn_EUR_per_yr,95.4781476517892
380,2028-base,CZ,S,pump,capex_mn_EUR_per_yr,137.73230661258106
381,2028-base,CZ,W,nuclear,capex_mn_EUR_per_yr,2738.469079112492
382,2028-base,CZ,W,solar,capex_mn_EUR_per_yr,362.9795164565344
383,2028-base,CZ,W,onshore,capex_mn_EUR_per_yr,68.82996852045387
384,2028-base,CZ,W,waste,capex_mn_EUR_per_yr,228.2938717209026
385,2028-base,CZ,W,gas_ccgt,capex_mn_EUR_per_yr,76.18061222457844
386,2028-base,CZ,W,gas_chp,capex_mn_EUR_per_yr,138.841538451773
387,2028-base,CZ,W,biogas,capex_mn_EUR_per_yr,16.217086196531145
388,2028-base,CZ,W,lig_sc,capex_mn_EUR_per_yr,144.15255774515765
389,2028-base,CZ,W,bio,capex_mn_EUR_per_yr,0.0
390,2028-base,CZ,W,gas_eng_chp,capex_mn_EUR_per_yr,22.59441391073202
391,2028-base,CZ,W,lig,capex_mn_EUR_per_yr,321.06706043239666
392,2028-base,CZ,W,lig_ex,capex_mn_EUR_per_yr,547.1244805327576
393,2028-base,CZ,W,coal,capex_mn_EUR_per_yr,0.0
394,2028-base,CZ,W,coal_ex,capex_mn_EUR_per_yr,26.048184884115727
395,2028-base,CZ,W,gas_peak,capex_mn_EUR_per_yr,7.893982066856129
396,2028-base,CZ,W,lig_old,capex_mn_EUR_per_yr,397.5115986305863
397,2028-base,CZ,W,b_CHP,capex_mn_EUR_per_yr,109.81713302115293
398,2028-base,CZ,W,lig_bp,capex_mn_EUR_per_yr,118.59824069033428
399,2028-base,CZ,W,coal_bp,capex_mn_EUR_per_yr,0.0
400,2028-base,CZ,W,dsr,capex_mn_EUR_per_yr,0.0
401,2028-base,CZ,W,h_ror,capex_mn_EUR_per_yr,84.30517292657983
402,2028-base,CZ,W,h_dams,capex_mn_EUR_per_yr,123.71530195731836
403,2028-base,CZ,W,li,capex_mn_EUR_per_yr,4.011568788183623
404,2028-base,CZ,W,pump_open,capex_mn_EUR_per_yr,95.4781476517892
405,2028-base,CZ,W,pump,capex_mn_EUR_per_yr,137.73230661258106
406,2028-base,CZ,Y,nuclear,opex_mn_EUR,586.5749526359082
407,2028-base,CZ,Y,solar,opex_mn_EUR,0.0
408,2028-base,CZ,Y,onshore,opex_mn_EUR,0.0
409,2028-base,CZ,Y,waste,opex_mn_EUR,45.89678443738517
410,2028-base,CZ,Y,gas_ccgt,opex_mn_EUR,408.3823474717125
411,2028-base,CZ,Y,gas_chp,opex_mn_EUR,276.09680105768393
412,2028-base,CZ,Y,biogas,opex_mn_EUR,67.27296181284257
413,2028-base,CZ,Y,lig_sc,opex_mn_EUR,43.60138951114068
414,2028-base,CZ,Y,bio,opex_mn_EUR,0.0
415,2028-base,CZ,Y,gas_eng_chp,opex_mn_EUR,167.56790840001054
416,2028-base,CZ,Y,lig,opex_mn_EUR,28.908256253627865
417,2028-base,CZ,Y,lig_ex,opex_mn_EUR,340.5233164944475
418,2028-base,CZ,Y,coal,opex_mn_EUR,0.0
419,2028-base,CZ,Y,coal_ex,opex_mn_EUR,0.8432287467849174
420,2028-base,CZ,Y,gas_peak,opex_mn_EUR,2.006341041436646
421,2028-base,CZ,Y,lig_old,opex_mn_EUR,3.399974931942171
422,2028-base,CZ,Y,b_CHP,opex_mn_EUR,-1.3421316001872789e-17
423,2028-base,CZ,Y,lig_bp,opex_mn_EUR,366.5230670988656
424,2028-base,CZ,Y,coal_bp,opex_mn_EUR,0.0
425,2028-base,CZ,Y,dsr,opex_mn_EUR,0.0
426,2028-base,CZ,Y,h_ror,opex_mn_EUR,2.382386595614666
427,2028-base,CZ,Y,h_dams,opex_mn_EUR,2.768438571428571
428,2028-base,CZ,Y,li,opex_mn_EUR,0.4096458348590884
429,2028-base,CZ,Y,pump_open,opex_mn_EUR,1.3706970541631756
430,2028-base,CZ,Y,pump,opex_mn_EUR,1.7426914827159816
431,2028-base,CZ,S,nuclear,opex_mn_EUR,284.9058333494021
432,2028-base,CZ,S,solar,opex_mn_EUR,0.0
433,2028-base,CZ,S,onshore,opex_mn_EUR,0.0
434,2028-base,CZ,S,waste,opex_mn_EUR,20.09521041615721
435,2028-base,CZ,S,gas_ccgt,opex_mn_EUR,189.0822580592664
436,2028-base,CZ,S,gas_chp,opex_mn_EUR,85.00167386093749
437,2028-base,CZ,S,biogas,opex_mn_EUR,11.252579671955992
438,2028-base,CZ,S,lig_sc,opex_mn_EUR,0.0
439,2028-base,CZ,S,bio,opex_mn_EUR,0.0
440,2028-base,CZ,S,gas_eng_chp,opex_mn_EUR,76.71271684668886
441,2028-base,CZ,S,lig,opex_mn_EUR,0.0
442,2028-base,CZ,S,lig_ex,opex_mn_EUR,110.0014294717151
443,2028-base,CZ,S,coal,opex_mn_EUR,0.0
444,2028-base,CZ,S,coal_ex,opex_mn_EUR,-1.2289863807539584e-16
445,2028-base,CZ,S,gas_peak,opex_mn_EUR,0.0
446,2028-base,CZ,S,lig_old,opex_mn_EUR,0.0
447,2028-base,CZ,S,b_CHP,opex_mn_EUR,-1.3421316001872789e-17
448,2028-base,CZ,S,lig_bp,opex_mn_EUR,78.96174618386522
449,2028-base,CZ,S,coal_bp,opex_mn_EUR,0.0
450,2028-base,CZ,S,dsr,opex_mn_EUR,0.0
451,2028-base,CZ,S,h_ror,opex_mn_EUR,
452,2028-base,CZ,S,h_dams,opex_mn_EUR,1.24290109481652
453,2028-base,CZ,S,li,opex_mn_EUR,0.1714566267099569
454,2028-base,CZ,S,pump_open,opex_mn_EUR,0.8927447620682676
455,2028-base,CZ,S,pump,opex_mn_EUR,1.18688997675359
456,2028-base,CZ,W,nuclear,opex_mn_EUR,301.6691192865061
457,2028-base,CZ,W,solar,opex_mn_EUR,0.0
458,2028-base,CZ,W,onshore,opex_mn_EUR,0.0
459,2028-base,CZ,W,waste,opex_mn_EUR,25.80157402122796
460,2028-base,CZ,W,gas_ccgt,opex_mn_EUR,219.3000894124462
461,2028-base,CZ,W,gas_chp,opex_mn_EUR,191.09512719674643
462,2028-base,CZ,W,biogas,opex_mn_EUR,56.02038214088658
463,2028-base,CZ,W,lig_sc,opex_mn_EUR,43.60138951114068
464,2028-base,CZ,W,bio,opex_mn_EUR,0.0
465,2028-base,CZ,W,gas_eng_chp,opex_mn_EUR,90.85519155332167
466,2028-base,CZ,W,lig,opex_mn_EUR,28.90825625362787
467,2028-base,CZ,W,lig_ex,opex_mn_EUR,230.5218870227324
468,2028-base,CZ,W,coal,opex_mn_EUR,0.0
469,2028-base,CZ,W,coal_ex,opex_mn_EUR,0.8432287467849175
470,2028-base,CZ,W,gas_peak,opex_mn_EUR,2.006341041436646
471,2028-base,CZ,W,lig_old,opex_mn_EUR,3.399974931942171
472,2028-base,CZ,W,b_CHP,opex_mn_EUR,0.0
473,2028-base,CZ,W,lig_bp,opex_mn_EUR,287.56132091500046
474,2028-base,CZ,W,coal_bp,opex_mn_EUR,0.0
475,2028-base,CZ,W,dsr,opex_mn_EUR,0.0
476,2028-base,CZ,W,h_ror,opex_mn_EUR,1.2645656981978082
477,2028-base,CZ,W,h_dams,opex_mn_EUR,1.5255374766120509
478,2028-base,CZ,W,li,opex_mn_EUR,0.2381892081491314
479,2028-base,CZ,W,pump_open,opex_mn_EUR,0.4779522920949081
480,2028-base,CZ,W,pump,opex_mn_EUR,0.5558015059623915
481,2028-base,CZ,Y,h_ror,wholesale_expenses_mn_EUR,0.0
482,2028-base,CZ,Y,h_dams,wholesale_expenses_mn_EUR,0.0
483,2028-base,CZ,Y,li,wholesale_expenses_mn_EUR,6.291152783083371
484,2028-base,CZ,Y,pump_open,wholesale_expenses_mn_EUR,19.7409380551199
485,2028-base,CZ,Y,pump,wholesale_expenses_mn_EUR,26.737036367422192
486,2028-base,CZ,Y,IMPORT_EXPORT,wholesale_expenses_mn_EUR,1057.749147126113
487,2028-base,CZ,S,h_ror,wholesale_expenses_mn_EUR,0.0
488,2028-base,CZ,S,h_dams,wholesale_expenses_mn_EUR,0.0
489,2028-base,CZ,S,li,wholesale_expenses_mn_EUR,2.073620094853508
490,2028-base,CZ,S,pump_open,wholesale_expenses_mn_EUR,11.168716837775108
491,2028-base,CZ,S,pump,wholesale_expenses_mn_EUR,15.631775160865253
492,2028-base,CZ,S,IMPORT_EXPORT,wholesale_expenses_mn_EUR,423.6964731201104
493,2028-base,CZ,W,h_ror,wholesale_expenses_mn_EUR,0.0
494,2028-base,CZ,W,h_dams,wholesale_expenses_mn_EUR,0.0
495,2028-base,CZ,W,li,wholesale_expenses_mn_EUR,4.217532688229863
496,2028-base,CZ,W,pump_open,wholesale_expenses_mn_EUR,8.572221217344792
497,2028-base,CZ,W,pump,wholesale_expenses_mn_EUR,11.105261206556944
498,2028-base,CZ,W,IMPORT_EXPORT,wholesale_expenses_mn_EUR,634.0526740060026
499,2028-base,CZ,Y,nuclear,wholesale_revenues_mn_EUR,2574.969840252778
500,2028-base,CZ,Y,solar,wholesale_revenues_mn_EUR,445.2139948573489
501,2028-base,CZ,Y,onshore,wholesale_revenues_mn_EUR,101.27468398999378
502,2028-base,CZ,Y,waste,wholesale_revenues_mn_EUR,113.65408755807292
503,2028-base,CZ,Y,gas_ccgt,wholesale_revenues_mn_EUR,455.9601823803227
504,2028-base,CZ,Y,gas_chp,wholesale_revenues_mn_EUR,316.5862116335395
505,2028-base,CZ,Y,biogas,wholesale_revenues_mn_EUR,73.17942071345465
506,2028-base,CZ,Y,lig_sc,wholesale_revenues_mn_EUR,46.13989778167875
507,2028-base,CZ,Y,bio,wholesale_revenues_mn_EUR,0.0
508,2028-base,CZ,Y,gas_eng_chp,wholesale_revenues_mn_EUR,158.25126257945817
509,2028-base,CZ,Y,lig,wholesale_revenues_mn_EUR,30.151563171656605
510,2028-base,CZ,Y,lig_ex,wholesale_revenues_mn_EUR,287.0439379382474
511,2028-base,CZ,Y,coal,wholesale_revenues_mn_EUR,0.0
512,2028-base,CZ,Y,coal_ex,wholesale_revenues_mn_EUR,0.8604450465689005
513,2028-base,CZ,Y,gas_peak,wholesale_revenues_mn_EUR,2.147525239098196
514,2028-base,CZ,Y,lig_old,wholesale_revenues_mn_EUR,3.4455700763130994
515,2028-base,CZ,Y,b_CHP,wholesale_revenues_mn_EUR,-3.4158428700992654e-19
516,2028-base,CZ,Y,lig_bp,wholesale_revenues_mn_EUR,161.36389829172796
517,2028-base,CZ,Y,coal_bp,wholesale_revenues_mn_EUR,0.0
518,2028-base,CZ,Y,dsr,wholesale_revenues_mn_EUR,0.0
519,2028-base,CZ,Y,h_ror,wholesale_revenues_mn_EUR,108.10633163995632
520,2028-base,CZ,Y,h_dams,wholesale_revenues_mn_EUR,93.6147731047822
521,2028-base,CZ,Y,li,wholesale_revenues_mn_EUR,8.648699448654183
522,2028-base,CZ,Y,pump_open,wholesale_revenues_mn_EUR,35.966299343886504
523,2028-base,CZ,Y,pump,wholesale_revenues_mn_EUR,45.17236056652916
524,2028-base,CZ,Y,IMPORT_EXPORT,wholesale_revenues_mn_EUR,22.87089125626857
525,2028-base,CZ,S,nuclear,wholesale_revenues_mn_EUR,1164.9763339363085
526,2028-base,CZ,S,solar,wholesale_revenues_mn_EUR,278.3619356634206
527,2028-base,CZ,S,onshore,wholesale_revenues_mn_EUR,30.44411272342348
528,2028-base,CZ,S,waste,wholesale_revenues_mn_EUR,46.86744077335967
529,2028-base,CZ,S,gas_ccgt,wholesale_revenues_mn_EUR,201.16274585499195
530,2028-base,CZ,S,gas_chp,wholesale_revenues_mn_EUR,90.78276670727897
531,2028-base,CZ,S,biogas,wholesale_revenues_mn_EUR,11.41793286470976
532,2028-base,CZ,S,lig_sc,wholesale_revenues_mn_EUR,0.0
533,2028-base,CZ,S,bio,wholesale_revenues_mn_EUR,0.0
534,2028-base,CZ,S,gas_eng_chp,wholesale_revenues_mn_EUR,69.01908517596999
535,2028-base,CZ,S,lig,wholesale_revenues_mn_EUR,0.0
536,2028-base,CZ,S,lig_ex,wholesale_revenues_mn_EUR,81.6746390932178
537,2028-base,CZ,S,coal,wholesale_revenues_mn_EUR,0.0
538,2028-base,CZ,S,coal_ex,wholesale_revenues_mn_EUR,-7.246463987029977e-17
539,2028-base,CZ,S,gas_peak,wholesale_revenues_mn_EUR,0.0
540,2028-base,CZ,S,lig_old,wholesale_revenues_mn_EUR,0.0
541,2028-base,CZ,S,b_CHP,wholesale_revenues_mn_EUR,-3.4158428700992654e-19
542,2028-base,CZ,S,lig_bp,wholesale_revenues_mn_EUR,32.28199545040015
543,2028-base,CZ,S,coal_bp,wholesale_revenues_mn_EUR,0.0
544,2028-base,CZ,S,dsr,wholesale_revenues_mn_EUR,0.0
545,2028-base,CZ,S,h_ror,wholesale_revenues_mn_EUR,47.52725156229412
546,2028-base,CZ,S,h_dams,wholesale_revenues_mn_EUR,39.186502871886056
547,2028-base,CZ,S,li,wholesale_revenues_mn_EUR,3.39578772469488
548,2028-base,CZ,S,pump_open,wholesale_revenues_mn_EUR,22.12641150571964
549,2028-base,CZ,S,pump,wholesale_revenues_mn_EUR,29.295675148233894
550,2028-base,CZ,S,IMPORT_EXPORT,wholesale_revenues_mn_EUR,3.317428042345372
551,2028-base,CZ,W,nuclear,wholesale_revenues_mn_EUR,1409.9935063164696
552,2028-base,CZ,W,solar,wholesale_revenues_mn_EUR,166.8520591939283
553,2028-base,CZ,W,onshore,wholesale_revenues_mn_EUR,70.8305712665703
554,2028-base,CZ,W,waste,wholesale_revenues_mn_EUR,66.78664678471326
555,2028-base,CZ,W,gas_ccgt,wholesale_revenues_mn_EUR,254.7974365253307
556,2028-base,CZ,W,gas_chp,wholesale_revenues_mn_EUR,225.8034449262605
557,2028-base,CZ,W,biogas,wholesale_revenues_mn_EUR,61.761487848744885
558,2028-base,CZ,W,lig_sc,wholesale_revenues_mn_EUR,46.13989778167875
559,2028-base,CZ,W,bio,wholesale_revenues_mn_EUR,0.0
560,2028-base,CZ,W,gas_eng_chp,wholesale_revenues_mn_EUR,89.2321774034882
561,2028-base,CZ,W,lig,wholesale_revenues_mn_EUR,30.151563171656605
562,2028-base,CZ,W,lig_ex,wholesale_revenues_mn_EUR,205.3692988450296
563,2028-base,CZ,W,coal,wholesale_revenues_mn_EUR,0.0
564,2028-base,CZ,W,coal_ex,wholesale_revenues_mn_EUR,0.8604450465689005
565,2028-base,CZ,W,gas_peak,wholesale_revenues_mn_EUR,2.147525239098196
566,2028-base,CZ,W,lig_old,wholesale_revenues_mn_EUR,3.4455700763130994
567,2028-base,CZ,W,b_CHP,wholesale_revenues_mn_EUR,0.0
568,2028-base,CZ,W,lig_bp,wholesale_revenues_mn_EUR,129.0819028413278
569,2028-base,CZ,W,coal_bp,wholesale_revenues_mn_EUR,0.0
570,2028-base,CZ,W,dsr,wholesale_revenues_mn_EUR,0.0
571,2028-base,CZ,W,h_ror,wholesale_revenues_mn_EUR,60.5790800776622
572,2028-base,CZ,W,h_dams,wholesale_revenues_mn_EUR,54.428270232896125
573,2028-base,CZ,W,li,wholesale_revenues_mn_EUR,5.252911723959302
574,2028-base,CZ,W,pump_open,wholesale_revenues_mn_EUR,13.839887838166874
575,2028-base,CZ,W,pump,wholesale_revenues_mn_EUR,15.876685418295263
576,2028-base,CZ,W,IMPORT_EXPORT,wholesale_revenues_mn_EUR,19.55346321392321
577,2028-base,CZ,Y,TOTAL,avg_consumer_price_EUR_per_MWh,90.7314033995162
578,2028-base,CZ,S,TOTAL,avg_consumer_price_EUR_per_MWh,83.40115852632466
579,2028-base,CZ,W,TOTAL,avg_consumer_price_EUR_per_MWh,96.90609216139872
580,2028-base,CZ,Y,TOTAL,avg_producer_price_EUR_per_MWh,89.0849911711975
581,2028-base,CZ,S,TOTAL,avg_producer_price_EUR_per_MWh,80.80616938439827
582,2028-base,CZ,W,TOTAL,avg_producer_price_EUR_per_MWh,96.2470110372959
583,2028-base,CZ,Y,nuclear,capacity_factor,0.7964817503918005
584,2028-base,CZ,Y,solar,capacity_factor,0.114850177567914
585,2028-base,CZ,Y,onshore,capacity_factor,0.2589700074999634
586,2028-base,CZ,Y,waste,capacity_factor,0.6666666666665845
587,2028-base,CZ,Y,gas_ccgt,capacity_factor,0.8846248430865934
588,2028-base,CZ,Y,gas_chp,capacity_factor,0.5333333333333101
589,2028-base,CZ,Y,biogas,capacity_factor,0.2782842769553584
590,2028-base,CZ,Y,lig_sc,capacity_factor,0.1086952212815829
591,2028-base,CZ,Y,gas_eng_chp,capacity_factor,0.533333333333367
592,2028-base,CZ,Y,lig,capacity_factor,0.029745792035999
593,2028-base,CZ,Y,lig_ex,capacity_factor,0.4923212127014832
594,2028-base,CZ,Y,coal_ex,capacity_factor,0.0147176402898188
595,2028-base,CZ,Y,gas_peak,capacity_factor,0.0195671393185968
596,2028-base,CZ,Y,lig_old,capacity_factor,0.0024833684045513
597,2028-base,CZ,Y,b_CHP,capacity_factor,-1.205969024043542e-19
598,2028-base,CZ,Y,lig_bp,capacity_factor,0.533333333333338
599,2028-base,CZ,Y,h_ror,capacity_factor,0.3276649881188681
600,2028-base,CZ,Y,h_dams,capacity_factor,0.1729785442755278
601,2028-base,CZ,Y,li,capacity_factor,0.0935264463148603
602,2028-base,CZ,Y,pump_open,capacity_factor,0.0832299289664806
603,2028-base,CZ,Y,pump,capacity_factor,0.0733544925780558
604,2028-base,CZ,Y,TOTAL,capacity_factor,0.30582266043221
605,2028-base,CZ,S,nuclear,capacity_factor,0.7758452989642761
606,2028-base,CZ,S,solar,capacity_factor,0.1556490726695699
607,2028-base,CZ,S,onshore,capacity_factor,0.1689376796211942
608,2028-base,CZ,S,waste,capacity_factor,0.5710287169182292
609,2028-base,CZ,S,gas_ccgt,capacity_factor,0.8117855498013329
610,2028-base,CZ,S,gas_chp,capacity_factor,0.3596628520123944
611,2028-base,CZ,S,biogas,capacity_factor,0.0928777088951568
612,2028-base,CZ,S,lig_sc,capacity_factor,0.0
613,2028-base,CZ,S,gas_eng_chp,capacity_factor,0.4896623579270515
614,2028-base,CZ,S,lig,capacity_factor,0.0
615,2028-base,CZ,S,lig_ex,capacity_factor,0.3413762424288632
616,2028-base,CZ,S,coal_ex,capacity_factor,-5.385368777048878e-18
617,2028-base,CZ,S,gas_peak,capacity_factor,0.0
618,2028-base,CZ,S,lig_old,capacity_factor,0.0
619,2028-base,CZ,S,b_CHP,capacity_factor,-2.4185642515158963e-19
620,2028-base,CZ,S,lig_bp,capacity_factor,0.2291903027130528
621,2028-base,CZ,S,h_ror,capacity_factor,0.3083269609804211
622,2028-base,CZ,S,h_dams,capacity_factor,0.1557454591907558
623,2028-base,CZ,S,li,capacity_factor,0.078505781460603
624,2028-base,CZ,S,pump_open,capacity_factor,0.1087143395473204
625,2028-base,CZ,S,pump,capacity_factor,0.1001931769088941
626,2028-base,CZ,S,TOTAL,capacity_factor,1.2266513303050182
627,2028-base,CZ,W,nuclear,capacity_factor,0.8170054343251856
628,2028-base,CZ,W,solar,capacity_factor,0.0742742272482344
629,2028-base,CZ,W,onshore,capacity_factor,0.3485103554449688
630,2028-base,CZ,W,waste,capacity_factor,0.761782004667681
631,2028-base,CZ,W,gas_ccgt,capacity_factor,0.9570661074467982
632,2028-base,CZ,W,gas_chp,capacity_factor,0.7060547956306144
633,2028-base,CZ,W,biogas,capacity_factor,0.4626776943704225
634,2028-base,CZ,W,lig_sc,capacity_factor,0.2167964796053431
635,2028-base,CZ,W,gas_eng_chp,capacity_factor,0.5767656695298119
636,2028-base,CZ,W,lig,capacity_factor,0.0593290387603259
637,2028-base,CZ,W,lig_ex,capacity_factor,0.642441347070974
638,2028-base,CZ,W,coal_ex,capacity_factor,0.0293548563157589
639,2028-base,CZ,W,gas_peak,capacity_factor,0.0390273543786221
640,2028-base,CZ,W,lig_old,capacity_factor,0.0049531664899521
641,2028-base,CZ,W,b_CHP,capacity_factor,0.0
642,2028-base,CZ,W,lig_bp,capacity_factor,0.8358143801797415
643,2028-base,CZ,W,h_ror,capacity_factor,0.34689734297787
644,2028-base,CZ,W,h_dams,capacity_factor,0.1901174594964486
645,2028-base,CZ,W,li,capacity_factor,0.1084650310333021
646,2028-base,CZ,W,pump_open,capacity_factor,0.057884777459853
647,2028-base,CZ,W,pump,capacity_factor,0.0466624677244352
648,2028-base,CZ,W,TOTAL,capacity_factor,1.219948317571111
649,2028-base,CZ,Y,li,capacity_factor_charging,0.0109756969361487
650,2028-base,CZ,Y,pump_open,capacity_factor_charging,0.1117675369967593
651,2028-base,CZ,Y,pump,capacity_factor_charging,0.1040293381189797
652,2028-base,CZ,S,li,capacity_factor_charging,0.0110635972570341
653,2028-base,CZ,S,pump_open,capacity_factor_charging,0.1481197436295596
654,2028-base,CZ,S,pump,capacity_factor_charging,0.14082438447627
655,2028-base,CZ,W,li,capacity_factor_charging,0.0108882769448855
656,2028-base,CZ,W,pump_open,capacity_factor_charging,0.0756139763018431
657,2028-base,CZ,W,pump,capacity_factor_charging,0.0674353575887785
658,2028-base,CZ,Y,nuclear,emissions_MtCO2,0.0
659,2028-base,CZ,Y,solar,emissions_MtCO2,0.0
660,2028-base,CZ,Y,onshore,emissions_MtCO2,0.0
661,2028-base,CZ,Y,waste,emissions_MtCO2,0.0
662,2028-base,CZ,Y,gas_ccgt,emissions_MtCO2,1.8795960198501225
663,2028-base,CZ,Y,gas_chp,emissions_MtCO2,1.403001599999939
664,2028-base,CZ,Y,biogas,emissions_MtCO2,0.0
665,2028-base,CZ,Y,lig_sc,emissions_MtCO2,0.385828197487122
666,2028-base,CZ,Y,bio,emissions_MtCO2,0.0
667,2028-base,CZ,Y,gas_eng_chp,emissions_MtCO2,0.7567472000000476
668,2028-base,CZ,Y,lig,emissions_MtCO2,0.2528080587159381
669,2028-base,CZ,Y,lig_ex,emissions_MtCO2,7.130242830004014
670,2028-base,CZ,Y,coal,emissions_MtCO2,0.0
671,2028-base,CZ,Y,coal_ex,emissions_MtCO2,0.0125258105054999
672,2028-base,CZ,Y,gas_peak,emissions_MtCO2,0.0090743898064473
673,2028-base,CZ,Y,lig_old,emissions_MtCO2,0.029034748708125
674,2028-base,CZ,Y,b_CHP,emissions_MtCO2,-0.0
675,2028-base,CZ,Y,lig_bp,emissions_MtCO2,3.3487027200000288
676,2028-base,CZ,Y,coal_bp,emissions_MtCO2,0.0
677,2028-base,CZ,Y,dsr,emissions_MtCO2,0.0
678,2028-base,CZ,Y,eens,emissions_MtCO2,0.0
679,2028-base,CZ,Y,h_ror,emissions_MtCO2,0.0
680,2028-base,CZ,Y,h_dams,emissions_MtCO2,0.0
681,2028-base,CZ,Y,li,emissions_MtCO2,0.0
682,2028-base,CZ,Y,pump_open,emissions_MtCO2,0.0
683,2028-base,CZ,Y,pump,emissions_MtCO2,0.0
684,2028-base,CZ,Y,TOTAL,emissions_MtCO2,15.207561575077284
685,2028-base,CZ,S,nuclear,emissions_MtCO2,0.0
686,2028-base,CZ,S,solar,emissions_MtCO2,0.0
687,2028-base,CZ,S,onshore,emissions_MtCO2,0.0
688,2028-base,CZ,S,waste,emissions_MtCO2,0.0
689,2028-base,CZ,S,gas_ccgt,emissions_MtCO2,0.8600530197356404
690,2028-base,CZ,S,gas_chp,emissions_MtCO2,0.4717735034783187
691,2028-base,CZ,S,biogas,emissions_MtCO2,0.0
692,2028-base,CZ,S,lig_sc,emissions_MtCO2,0.0
693,2028-base,CZ,S,bio,emissions_MtCO2,0.0
694,2028-base,CZ,S,gas_eng_chp,emissions_MtCO2,0.3464394479374228
695,2028-base,CZ,S,lig,emissions_MtCO2,0.0
696,2028-base,CZ,S,lig_ex,emissions_MtCO2,2.46528758814217
697,2028-base,CZ,S,coal,emissions_MtCO2,0.0
698,2028-base,CZ,S,coal_ex,emissions_MtCO2,-2.28539685105262e-18
699,2028-base,CZ,S,gas_peak,emissions_MtCO2,0.0
700,2028-base,CZ,S,lig_old,emissions_MtCO2,0.0
701,2028-base,CZ,S,b_CHP,emissions_MtCO2,-0.0
702,2028-base,CZ,S,lig_bp,emissions_MtCO2,0.7175507599155507
703,2028-base,CZ,S,coal_bp,emissions_MtCO2,0.0
704,2028-base,CZ,S,dsr,emissions_MtCO2,0.0
705,2028-base,CZ,S,eens,emissions_MtCO2,0.0
706,2028-base,CZ,S,h_ror,emissions_MtCO2,0.0
707,2028-base,CZ,S,h_dams,emissions_MtCO2,0.0
708,2028-base,CZ,S,li,emissions_MtCO2,0.0
709,2028-base,CZ,S,pump_open,emissions_MtCO2,0.0
710,2028-base,CZ,S,pump,emissions_MtCO2,0.0
711,2028-base,CZ,S,TOTAL,emissions_MtCO2,30.415123150154567
712,2028-base,CZ,W,nuclear,emissions_MtCO2,0.0
713,2028-base,CZ,W,solar,emissions_MtCO2,0.0
714,2028-base,CZ,W,onshore,emissions_MtCO2,0.0
715,2028-base,CZ,W,waste,emissions_MtCO2,0.0
716,2028-base,CZ,W,gas_ccgt,emissions_MtCO2,1.019543000114482
717,2028-base,CZ,W,gas_chp,emissions_MtCO2,0.9312280965216204
718,2028-base,CZ,W,biogas,emissions_MtCO2,0.0
719,2028-base,CZ,W,lig_sc,emissions_MtCO2,0.385828197487122
720,2028-base,CZ,W,bio,emissions_MtCO2,0.0
721,2028-base,CZ,W,gas_eng_chp,emissions_MtCO2,0.4103077520626249
722,2028-base,CZ,W,lig,emissions_MtCO2,0.2528080587159382
723,2028-base,CZ,W,lig_ex,emissions_MtCO2,4.664955241861843
724,2028-base,CZ,W,coal,emissions_MtCO2,0.0
725,2028-base,CZ,W,coal_ex,emissions_MtCO2,0.0125258105055
726,2028-base,CZ,W,gas_peak,emissions_MtCO2,0.0090743898064473
727,2028-base,CZ,W,lig_old,emissions_MtCO2,0.029034748708125
728,2028-base,CZ,W,b_CHP,emissions_MtCO2,0.0
729,2028-base,CZ,W,lig_bp,emissions_MtCO2,2.6311519600844777
730,2028-base,CZ,W,coal_bp,emissions_MtCO2,0.0
731,2028-base,CZ,W,dsr,emissions_MtCO2,0.0
732,2028-base,CZ,W,eens,emissions_MtCO2,0.0
733,2028-base,CZ,W,h_ror,emissions_MtCO2,0.0
734,2028-base,CZ,W,h_dams,emissions_MtCO2,0.0
735,2028-base,CZ,W,li,emissions_MtCO2,0.0
736,2028-base,CZ,W,pump_open,emissions_MtCO2,0.0
737,2028-base,CZ,W,pump,emissions_MtCO2,0.0
738,2028-base,CZ,W,TOTAL,emissions_MtCO2,30.415123150154567
739,2028-base,CZ,Y,nuclear,power_share_high_value,0.9665923164817584
740,2028-base,CZ,Y,solar,power_share_high_value,0.8179902499473216
741,2028-base,CZ,Y,onshore,power_share_high_value,0.978629936053942
742,2028-base,CZ,S,nuclear,power_share_high_value,0.9458895895812764
743,2028-base,CZ,S,solar,power_share_high_value,0.7917218762733811
744,2028-base,CZ,S,onshore,power_share_high_value,0.9501246261109524
745,2028-base,CZ,W,nuclear,power_share_high_value,0.9861446248987984
746,2028-base,CZ,W,solar,power_share_high_value,0.8727374457745211
747,2028-base,CZ,W,onshore,power_share_high_value,0.9923721562646696
748,2028-base,CZ,Y,nuclear,power_share_low_value,0.0317493067874062
749,2028-base,CZ,Y,solar,power_share_low_value,0.1723158328287746
750,2028-base,CZ,Y,onshore,power_share_low_value,0.0207563060909298
751,2028-base,CZ,S,nuclear,power_share_low_value,0.0517122064868824
752,2028-base,CZ,S,solar,power_share_low_value,0.1987640309144202
753,2028-base,CZ,S,onshore,power_share_low_value,0.048157175294891
754,2028-base,CZ,W,nuclear,power_share_low_value,0.0128957145191564
755,2028-base,CZ,W,solar,power_share_low_value,0.11719385619465
756,2028-base,CZ,W,onshore,power_share_low_value,0.0075465294100493
757,2028-base,CZ,Y,nuclear,power_share_zero_value,0.0016583767308357
758,2028-base,CZ,Y,solar,power_share_zero_value,0.0096939172239036
759,2028-base,CZ,Y,onshore,power_share_zero_value,0.000613757855128
760,2028-base,CZ,S,nuclear,power_share_zero_value,0.0023982039318411
761,2028-base,CZ,S,solar,power_share_zero_value,0.0095140928121985
762,2028-base,CZ,S,onshore,power_share_zero_value,0.0017181985941564
763,2028-base,CZ,W,nuclear,power_share_zero_value,0.0009596605820448
764,2028-base,CZ,W,solar,power_share_zero_value,0.0100686980308287
765,2028-base,CZ,W,onshore,power_share_zero_value,8.131432528109285e-05
766,2028-base-plus,CZ,Y,nuclear,capacity_GW,4.099
767,2028-base-plus,CZ,Y,solar,capacity_GW,7.0
768,2028-base-plus,CZ,Y,onshore,capacity_GW,0.5
769,2028-base-plus,CZ,Y,waste,capacity_GW,0.19575
770,2028-base-plus,CZ,Y,gas_ccgt,capacity_GW,0.6174
771,2028-base-plus,CZ,Y,gas_chp,capacity_GW,0.7644
772,2028-base-plus,CZ,Y,biogas,capacity_GW,0.279
773,2028-base-plus,CZ,Y,lig_sc,capacity_GW,0.4356
774,2028-base-plus,CZ,Y,bio,capacity_GW,0.0
775,2028-base-plus,CZ,Y,gas_eng_chp,capacity_GW,0.3313124999999999
776,2028-base-plus,CZ,Y,lig,capacity_GW,0.9702
777,2028-base-plus,CZ,Y,lig_ex,capacity_GW,1.6533000000000002
778,2028-base-plus,CZ,Y,coal,capacity_GW,0.0
779,2028-base-plus,CZ,Y,coal_ex,capacity_GW,0.11484
780,2028-base-plus,CZ,Y,gas_peak,capacity_GW,0.096255
781,2028-base-plus,CZ,Y,lig_old,capacity_GW,1.2011999999999998
782,2028-base-plus,CZ,Y,b_CHP,capacity_GW,0.20925
783,2028-base-plus,CZ,Y,lig_bp,capacity_GW,0.35838
784,2028-base-plus,CZ,Y,coal_bp,capacity_GW,0.0
785,2028-base-plus,CZ,Y,dsr,capacity_GW,0.0
786,2028-base-plus,CZ,Y,h_ror,capacity_GW,0.415
787,2028-base-plus,CZ,Y,h_dams,capacity_GW,0.609
788,2028-base-plus,CZ,Y,li,capacity_GW,0.1
789,2028-base-plus,CZ,Y,pump_open,capacity_GW,0.47
790,2028-base-plus,CZ,Y,pump,capacity_GW,0.678
791,2028-base-plus,CZ,Y,TOTAL,capacity_GW,21.0978875
792,2028-base-plus,CZ,Y,h_ror,capacity_charging_GW,0.0
793,2028-base-plus,CZ,Y,h_dams,capacity_charging_GW,0.0
794,2028-base-plus,CZ,Y,li,capacity_charging_GW,1.25599
795,2028-base-plus,CZ,Y,pump_open,capacity_charging_GW,0.44
796,2028-base-plus,CZ,Y,pump,capacity_charging_GW,0.664
797,2028-base-plus,CZ,Y,nuclear,capacity_paid_off_GW,0.0
798,2028-base-plus,CZ,Y,solar,capacity_paid_off_GW,0.0
799,2028-base-plus,CZ,Y,onshore,capacity_paid_off_GW,0.0
800,2028-base-plus,CZ,Y,waste,capacity_paid_off_GW,0.0
801,2028-base-plus,CZ,Y,gas_ccgt,capacity_paid_off_GW,0.0
802,2028-base-plus,CZ,Y,gas_chp,capacity_paid_off_GW,0.0
803,2028-base-plus,CZ,Y,biogas,capacity_paid_off_GW,0.0
804,2028-base-plus,CZ,Y,lig_sc,capacity_paid_off_GW,0.0
805,2028-base-plus,CZ,Y,bio,capacity_paid_off_GW,0.0
806,2028-base-plus,CZ,Y,gas_eng_chp,capacity_paid_off_GW,0.0
807,2028-base-plus,CZ,Y,lig,capacity_paid_off_GW,0.0
808,2028-base-plus,CZ,Y,lig_ex,capacity_paid_off_GW,0.0
809,2028-base-plus,CZ,Y,coal,capacity_paid_off_GW,0.0
810,2028-base-plus,CZ,Y,coal_ex,capacity_paid_off_GW,0.0
811,2028-base-plus,CZ,Y,gas_peak,capacity_paid_off_GW,0.0
812,2028-base-plus,CZ,Y,lig_old,capacity_paid_off_GW,0.0
813,2028-base-plus,CZ,Y,b_CHP,capacity_paid_off_GW,0.0
814,2028-base-plus,CZ,Y,lig_bp,capacity_paid_off_GW,0.0
815,2028-base-plus,CZ,Y,coal_bp,capacity_paid_off_GW,0.0
816,2028-base-plus,CZ,Y,dsr,capacity_paid_off_GW,0.0
817,2028-base-plus,CZ,Y,h_ror,capacity_paid_off_GW,0.0
818,2028-base-plus,CZ,Y,h_dams,capacity_paid_off_GW,0.0
819,2028-base-plus,CZ,Y,li,capacity_paid_off_GW,0.0
820,2028-base-plus,CZ,Y,pump_open,capacity_paid_off_GW,0.0
821,2028-base-plus,CZ,Y,pump,capacity_paid_off_GW,0.0
822,2028-base-plus,CZ,Y,h_ror,capacity_charging_paid_off_GW,0.0
823,2028-base-plus,CZ,Y,h_dams,capacity_charging_paid_off_GW,0.0
824,2028-base-plus,CZ,Y,li,capacity_charging_paid_off_GW,0.0
825,2028-base-plus,CZ,Y,pump_open,capacity_charging_paid_off_GW,0.0
826,2028-base-plus,CZ,Y,pump,capacity_charging_paid_off_GW,0.0
827,2028-base-plus,CZ,Y,TOTAL,load_TWh,66.606490439
828,2028-base-plus,CZ,S,TOTAL,load_TWh,30.4536371
829,2028-base-plus,CZ,W,TOTAL,load_TWh,36.152853339
830,2028-base-plus,CZ,Y,TOTAL,import_TWh,16.821567504781505
831,2028-base-plus,CZ,S,TOTAL,import_TWh,7.736934615153745
832,2028-base-plus,CZ,W,TOTAL,import_TWh,9.084632889627764
833,2028-base-plus,CZ,Y,TOTAL,export_TWh,4.879515049021238
834,2028-base-plus,CZ,S,TOTAL,export_TWh,2.63869818340989
835,2028-base-plus,CZ,W,TOTAL,export_TWh,2.2408168656113485
836,2028-base-plus,CZ,Y,TOTAL,net_import_TWh,11.942052455760267
837,2028-base-plus,CZ,S,TOTAL,net_import_TWh,5.098236431743855
838,2028-base-plus,CZ,W,TOTAL,net_import_TWh,6.843816024016414
839,2028-base-plus,CZ,Y,TOTAL,curtailment_TWh,0.0025594899138209
840,2028-base-plus,CZ,S,TOTAL,curtailment_TWh,0.0019837293430388
841,2028-base-plus,CZ,W,TOTAL,curtailment_TWh,0.000575760570782
842,2028-base-plus,CZ,Y,nuclear,production_TWh,28.59946136693848
843,2028-base-plus,CZ,Y,solar,production_TWh,7.042612888464491
844,2028-base-plus,CZ,Y,onshore,production_TWh,1.1342886328498398
845,2028-base-plus,CZ,Y,waste,production_TWh,1.1431799999998646
846,2028-base-plus,CZ,Y,gas_ccgt,production_TWh,4.525332313985243
847,2028-base-plus,CZ,Y,gas_chp,production_TWh,3.0283205914929576
848,2028-base-plus,CZ,Y,biogas,production_TWh,0.5189546728554887
849,2028-base-plus,CZ,Y,lig_sc,production_TWh,0.360376676113979
850,2028-base-plus,CZ,Y,bio,production_TWh,0.0
851,2028-base-plus,CZ,Y,gas_eng_chp,production_TWh,1.5478920000001084
852,2028-base-plus,CZ,Y,lig,production_TWh,0.2638680254976867
853,2028-base-plus,CZ,Y,lig_ex,production_TWh,2.9296167639238764
854,2028-base-plus,CZ,Y,coal,production_TWh,0.0
855,2028-base-plus,CZ,Y,coal_ex,production_TWh,0.0086724962071428
856,2028-base-plus,CZ,Y,gas_peak,production_TWh,0.0173464865843899
857,2028-base-plus,CZ,Y,lig_old,production_TWh,0.0672671999999999
858,2028-base-plus,CZ,Y,b_CHP,production_TWh,-5.0527483431829364e-20
859,2028-base-plus,CZ,Y,lig_bp,production_TWh,1.6743513599999975
860,2028-base-plus,CZ,Y,coal_bp,production_TWh,0.0
861,2028-base-plus,CZ,Y,dsr,production_TWh,0.0
862,2028-base-plus,CZ,Y,eens,production_TWh,-1.3869794202037162e-18
863,2028-base-plus,CZ,Y,h_ror,production_TWh,1.1911483741406663
864,2028-base-plus,CZ,Y,h_dams,production_TWh,0.922812857142857
865,2028-base-plus,CZ,Y,li,production_TWh,0.0768841944974757
866,2028-base-plus,CZ,Y,pump_open,production_TWh,0.3501918504274064
867,2028-base-plus,CZ,Y,pump,production_TWh,0.4554204633289541
868,2028-base-plus,CZ,Y,TOTAL,production_TWh,55.8579992144509
869,2028-base-plus,CZ,S,nuclear,production_TWh,13.891069397825554
870,2028-base-plus,CZ,S,solar,production_TWh,4.759126045944772
871,2028-base-plus,CZ,S,onshore,production_TWh,0.3689598922926883
872,2028-base-plus,CZ,S,waste,production_TWh,0.5020774016710035
873,2028-base-plus,CZ,S,gas_ccgt,production_TWh,2.0456794306281867
874,2028-base-plus,CZ,S,gas_chp,production_TWh,0.9434960366256075
875,2028-base-plus,CZ,S,biogas,production_TWh,0.0507458476935291
876,2028-base-plus,CZ,S,lig_sc,production_TWh,0.0
877,2028-base-plus,CZ,S,bio,production_TWh,0.0
878,2028-base-plus,CZ,S,gas_eng_chp,production_TWh,0.7332013361138848
879,2028-base-plus,CZ,S,lig,production_TWh,0.0
880,2028-base-plus,CZ,S,lig_ex,production_TWh,0.9535410240386274
881,2028-base-plus,CZ,S,coal,production_TWh,0.0
882,2028-base-plus,CZ,S,coal_ex,production_TWh,4.177991286269388e-19
883,2028-base-plus,CZ,S,gas_peak,production_TWh,0.0
884,2028-base-plus,CZ,S,lig_old,production_TWh,0.0
885,2028-base-plus,CZ,S,b_CHP,production_TWh,-5.0527483431829364e-20
886,2028-base-plus,CZ,S,lig_bp,production_TWh,0.3580445574517867
887,2028-base-plus,CZ,S,coal_bp,production_TWh,0.0
888,2028-base-plus,CZ,S,dsr,production_TWh,0.0
889,2028-base-plus,CZ,S,eens,production_TWh,-1.3869794202037162e-18
890,2028-base-plus,CZ,S,h_ror,production_TWh,0.5588788951370006
891,2028-base-plus,CZ,S,h_dams,production_TWh,0.4149891661108721
892,2028-base-plus,CZ,S,li,production_TWh,0.0344567322888119
893,2028-base-plus,CZ,S,pump_open,production_TWh,0.2397513836557057
894,2028-base-plus,CZ,S,pump,production_TWh,0.3262398760540678
895,2028-base-plus,CZ,S,TOTAL,production_TWh,111.7159984289018
896,2028-base-plus,CZ,W,nuclear,production_TWh,14.708391969112927
897,2028-base-plus,CZ,W,solar,production_TWh,2.2834868425197192
898,2028-base-plus,CZ,W,onshore,production_TWh,0.7653287405571514
899,2028-base-plus,CZ,W,waste,production_TWh,0.6411025983288612
900,2028-base-plus,CZ,W,gas_ccgt,production_TWh,2.4796528833570566
901,2028-base-plus,CZ,W,gas_chp,production_TWh,2.0848245548673496
902,2028-base-plus,CZ,W,biogas,production_TWh,0.4682088251619595
903,2028-base-plus,CZ,W,lig_sc,production_TWh,0.360376676113979
904,2028-base-plus,CZ,W,bio,production_TWh,0.0
905,2028-base-plus,CZ,W,gas_eng_chp,production_TWh,0.8146906638862236
906,2028-base-plus,CZ,W,lig,production_TWh,0.2638680254976867
907,2028-base-plus,CZ,W,lig_ex,production_TWh,1.9760757398852489
908,2028-base-plus,CZ,W,coal,production_TWh,0.0
909,2028-base-plus,CZ,W,coal_ex,production_TWh,0.0086724962071428
910,2028-base-plus,CZ,W,gas_peak,production_TWh,0.0173464865843899
911,2028-base-plus,CZ,W,lig_old,production_TWh,0.0672671999999999
912,2028-base-plus,CZ,W,b_CHP,production_TWh,0.0
913,2028-base-plus,CZ,W,lig_bp,production_TWh,1.3163068025482103
914,2028-base-plus,CZ,W,coal_bp,production_TWh,0.0
915,2028-base-plus,CZ,W,dsr,production_TWh,0.0
916,2028-base-plus,CZ,W,eens,production_TWh,0.0
917,2028-base-plus,CZ,W,h_ror,production_TWh,0.6322694790036659
918,2028-base-plus,CZ,W,h_dams,production_TWh,0.5078236910319849
919,2028-base-plus,CZ,W,li,production_TWh,0.0424274622086637
920,2028-base-plus,CZ,W,pump_open,production_TWh,0.1104404667717006
921,2028-base-plus,CZ,W,pump,production_TWh,0.1291805872748862
922,2028-base-plus,CZ,W,TOTAL,production_TWh,111.7159984289018
923,2028-base-plus,CZ,Y,gas_chp,production_el_eq_TWh,3.5712767999998025
924,2028-base-plus,CZ,Y,gas_eng_chp,production_el_eq_TWh,1.5478920000001084
925,2028-base-plus,CZ,Y,lig_ex,production_el_eq_TWh,6.902141032697523
926,2028-base-plus,CZ,Y,coal_ex,production_el_eq_TWh,0.0177084785
927,2028-base-plus,CZ,Y,b_CHP,production_el_eq_TWh,-1.2631870857957338e-19
928,2028-base-plus,CZ,Y,lig_bp,production_el_eq_TWh,1.6743513599999975
929,2028-base-plus,CZ,Y,coal_bp,production_el_eq_TWh,0.0
930,2028-base-plus,CZ,Y,eens,production_el_eq_TWh,0.0
931,2028-base-plus,CZ,S,gas_chp,production_el_eq_TWh,1.231646692721788
932,2028-base-plus,CZ,S,gas_eng_chp,production_el_eq_TWh,0.7332013361138848
933,2028-base-plus,CZ,S,lig_ex,production_el_eq_TWh,2.3801435880880546
934,2028-base-plus,CZ,S,coal_ex,production_el_eq_TWh,1.281007046470352e-18
935,2028-base-plus,CZ,S,b_CHP,production_el_eq_TWh,-1.2631870857957338e-19
936,2028-base-plus,CZ,S,lig_bp,production_el_eq_TWh,0.3580445574517867
937,2028-base-plus,CZ,S,coal_bp,production_el_eq_TWh,0.0
938,2028-base-plus,CZ,S,eens,production_el_eq_TWh,0.0
939,2028-base-plus,CZ,W,gas_chp,production_el_eq_TWh,2.3396301072780146
940,2028-base-plus,CZ,W,gas_eng_chp,production_el_eq_TWh,0.8146906638862236
941,2028-base-plus,CZ,W,lig_ex,production_el_eq_TWh,4.521997444609469
942,2028-base-plus,CZ,W,coal_ex,production_el_eq_TWh,0.0177084785
943,2028-base-plus,CZ,W,b_CHP,production_el_eq_TWh,0.0
944,2028-base-plus,CZ,W,lig_bp,production_el_eq_TWh,1.3163068025482103
945,2028-base-plus,CZ,W,coal_bp,production_el_eq_TWh,0.0
946,2028-base-plus,CZ,W,eens,production_el_eq_TWh,0.0
947,2028-base-plus,CZ,Y,solar,production_used_TWh,7.041671078336711
948,2028-base-plus,CZ,Y,onshore,production_used_TWh,1.1342873913015723
949,2028-base-plus,CZ,S,solar,production_used_TWh,4.758184235816991
950,2028-base-plus,CZ,S,onshore,production_used_TWh,0.3689586507444209
951,2028-base-plus,CZ,W,solar,production_used_TWh,2.2834868425197192
952,2028-base-plus,CZ,W,onshore,production_used_TWh,0.7653287405571514
953,2028-base-plus,CZ,Y,solar,production_excess_TWh,0.0009418101277811
954,2028-base-plus,CZ,Y,onshore,production_excess_TWh,1.2415482673246842e-06
955,2028-base-plus,CZ,S,solar,production_excess_TWh,0.0009418101277811
956,2028-base-plus,CZ,S,onshore,production_excess_TWh,1.2415482673246842e-06
957,2028-base-plus,CZ,W,solar,production_excess_TWh,0.0
958,2028-base-plus,CZ,W,onshore,production_excess_TWh,0.0
959,2028-base-plus,CZ,Y,h_ror,discharged_TWh,1.1911483741406663
960,2028-base-plus,CZ,Y,h_dams,discharged_TWh,0.922812857142857
961,2028-base-plus,CZ,Y,li,discharged_TWh,0.0768841944974757
962,2028-base-plus,CZ,Y,pump_open,discharged_TWh,0.3501918504274064
963,2028-base-plus,CZ,Y,pump,discharged_TWh,0.4554204633289541
964,2028-base-plus,CZ,Y,TOTAL,discharged_TWh,2.99645773953736
965,2028-base-plus,CZ,S,h_ror,discharged_TWh,0.5588788951370006
966,2028-base-plus,CZ,S,h_dams,discharged_TWh,0.4149891661108721
967,2028-base-plus,CZ,S,li,discharged_TWh,0.0344567322888119
968,2028-base-plus,CZ,S,pump_open,discharged_TWh,0.2397513836557057
969,2028-base-plus,CZ,S,pump,discharged_TWh,0.3262398760540678
970,2028-base-plus,CZ,S,TOTAL,discharged_TWh,5.992915479074719
971,2028-base-plus,CZ,W,h_ror,discharged_TWh,0.6322694790036659
972,2028-base-plus,CZ,W,h_dams,discharged_TWh,0.5078236910319849
973,2028-base-plus,CZ,W,li,discharged_TWh,0.0424274622086637
974,2028-base-plus,CZ,W,pump_open,discharged_TWh,0.1104404667717006
975,2028-base-plus,CZ,W,pump,discharged_TWh,0.1291805872748862
976,2028-base-plus,CZ,W,TOTAL,discharged_TWh,5.992915479074719
977,2028-base-plus,CZ,Y,h_ror,charged_TWh,0.0
978,2028-base-plus,CZ,Y,h_dams,charged_TWh,0.0
979,2028-base-plus,CZ,Y,li,charged_TWh,0.1172354325087584
980,2028-base-plus,CZ,Y,pump_open,charged_TWh,0.4412378874983818
981,2028-base-plus,CZ,Y,pump,charged_TWh,0.632528421290214
982,2028-base-plus,CZ,Y,TOTAL,charged_TWh,1.191001741297354
983,2028-base-plus,CZ,S,h_ror,charged_TWh,0.0
984,2028-base-plus,CZ,S,h_dams,charged_TWh,0.0
985,2028-base-plus,CZ,S,li,charged_TWh,0.0627349214065272
986,2028-base-plus,CZ,S,pump_open,charged_TWh,0.3090868053351039
987,2028-base-plus,CZ,S,pump,charged_TWh,0.451050899191283
988,2028-base-plus,CZ,S,TOTAL,charged_TWh,2.3820034825947083
989,2028-base-plus,CZ,W,h_ror,charged_TWh,0.0
990,2028-base-plus,CZ,W,h_dams,charged_TWh,0.0
991,2028-base-plus,CZ,W,li,charged_TWh,0.0545005111022312
992,2028-base-plus,CZ,W,pump_open,charged_TWh,0.1321510821632779
993,2028-base-plus,CZ,W,pump,charged_TWh,0.181477522098931
994,2028-base-plus,CZ,W,TOTAL,charged_TWh,2.3820034825947083
995,2028-base-plus,CZ,Y,h_ror,inflow_TWh,1.19912
996,2028-base-plus,CZ,Y,h_dams,inflow_TWh,0.922812857142857
997,2028-base-plus,CZ,Y,pump_open,inflow_TWh,0.0325005714285714
998,2028-base-plus,CZ,S,h_ror,inflow_TWh,0.564377
999,2028-base-plus,CZ,S,h_dams,inflow_TWh,0.41548
1000,2028-base-plus,CZ,S,pump_open,inflow_TWh,0.015631
1001,2028-base-plus,CZ,W,h_ror,inflow_TWh,0.634743
1002,2028-base-plus,CZ,W,h_dams,inflow_TWh,0.507332857142857
1003,2028-base-plus,CZ,W,pump_open,inflow_TWh,0.0168695714285714
1004,2028-base-plus,CZ,Y,gas_chp,heat_production_PJ,3.909284701249285
1005,2028-base-plus,CZ,Y,gas_eng_chp,heat_production_PJ,5.57241120000039
1006,2028-base-plus,CZ,Y,lig_ex,heat_production_PJ,40.04304462923836
1007,2028-base-plus,CZ,Y,coal_ex,heat_production_PJ,0.091082701512
1008,2028-base-plus,CZ,Y,b_CHP,heat_production_PJ,-8.185452315956357e-19
1009,2028-base-plus,CZ,Y,lig_bp,heat_production_PJ,18.082994687999967
1010,2028-base-plus,CZ,Y,coal_bp,heat_production_PJ,0.0
1011,2028-base-plus,CZ,Y,eens,heat_production_PJ,4.993125912733376e-18
1012,2028-base-plus,CZ,S,gas_chp,heat_production_PJ,2.074684723892498
1013,2028-base-plus,CZ,S,gas_eng_chp,heat_production_PJ,2.639524810009985
1014,2028-base-plus,CZ,S,lig_ex,heat_production_PJ,14.38015384561822
1015,2028-base-plus,CZ,S,coal_ex,heat_production_PJ,8.701135811861603e-18
1016,2028-base-plus,CZ,S,b_CHP,heat_production_PJ,-8.185452315956357e-19
1017,2028-base-plus,CZ,S,lig_bp,heat_production_PJ,3.866881220479296
1018,2028-base-plus,CZ,S,coal_bp,heat_production_PJ,0.0
1019,2028-base-plus,CZ,S,eens,heat_production_PJ,4.993125912733376e-18
1020,2028-base-plus,CZ,W,gas_chp,heat_production_PJ,1.8345999773567885
1021,2028-base-plus,CZ,W,gas_eng_chp,heat_production_PJ,2.9328863899904047
1022,2028-base-plus,CZ,W,lig_ex,heat_production_PJ,25.66289078362013
1023,2028-base-plus,CZ,W,coal_ex,heat_production_PJ,0.091082701512
1024,2028-base-plus,CZ,W,b_CHP,heat_production_PJ,0.0
1025,2028-base-plus,CZ,W,lig_bp,heat_production_PJ,14.216113467520673
1026,2028-base-plus,CZ,W,coal_bp,heat_production_PJ,0.0
1027,2028-base-plus,CZ,W,eens,heat_production_PJ,0.0
1028,2028-base-plus,CZ,Y,waste,production_hours,6763.0
1029,2028-base-plus,CZ,Y,gas_ccgt,production_hours,7602.0
1030,2028-base-plus,CZ,Y,gas_chp,production_hours,8386.0
1031,2028-base-plus,CZ,Y,biogas,production_hours,2058.0
1032,2028-base-plus,CZ,Y,lig_sc,production_hours,981.0
1033,2028-base-plus,CZ,Y,bio,production_hours,0.0
1034,2028-base-plus,CZ,Y,gas_eng_chp,production_hours,5315.0
1035,2028-base-plus,CZ,Y,lig,production_hours,398.0
1036,2028-base-plus,CZ,Y,lig_ex,production_hours,8760.0
1037,2028-base-plus,CZ,Y,coal,production_hours,0.0
1038,2028-base-plus,CZ,Y,coal_ex,production_hours,199.0
1039,2028-base-plus,CZ,Y,gas_peak,production_hours,202.0
1040,2028-base-plus,CZ,Y,lig_old,production_hours,101.0
1041,2028-base-plus,CZ,Y,b_CHP,production_hours,0.0
1042,2028-base-plus,CZ,Y,lig_bp,production_hours,6346.0
1043,2028-base-plus,CZ,Y,coal_bp,production_hours,0.0
1044,2028-base-plus,CZ,Y,dsr,production_hours,0.0
1045,2028-base-plus,CZ,Y,eens,production_hours,0.0
1046,2028-base-plus,CZ,Y,h_ror,production_hours,8760.0
1047,2028-base-plus,CZ,Y,h_dams,production_hours,8760.0
1048,2028-base-plus,CZ,Y,li,production_hours,879.0
1049,2028-base-plus,CZ,Y,pump_open,production_hours,1134.0
1050,2028-base-plus,CZ,Y,pump,production_hours,911.0
1051,2028-base-plus,CZ,S,waste,production_hours,3139.0
1052,2028-base-plus,CZ,S,gas_ccgt,production_hours,3493.0
1053,2028-base-plus,CZ,S,gas_chp,production_hours,4064.0
1054,2028-base-plus,CZ,S,biogas,production_hours,215.0
1055,2028-base-plus,CZ,S,lig_sc,production_hours,0.0
1056,2028-base-plus,CZ,S,bio,production_hours,0.0
1057,2028-base-plus,CZ,S,gas_eng_chp,production_hours,2423.0
1058,2028-base-plus,CZ,S,lig,production_hours,0.0
1059,2028-base-plus,CZ,S,lig_ex,production_hours,4368.0
1060,2028-base-plus,CZ,S,coal,production_hours,0.0
1061,2028-base-plus,CZ,S,coal_ex,production_hours,0.0
1062,2028-base-plus,CZ,S,gas_peak,production_hours,0.0
1063,2028-base-plus,CZ,S,lig_old,production_hours,0.0
1064,2028-base-plus,CZ,S,b_CHP,production_hours,0.0
1065,2028-base-plus,CZ,S,lig_bp,production_hours,1970.0
1066,2028-base-plus,CZ,S,coal_bp,production_hours,0.0
1067,2028-base-plus,CZ,S,dsr,production_hours,0.0
1068,2028-base-plus,CZ,S,eens,production_hours,0.0
1069,2028-base-plus,CZ,S,h_ror,production_hours,4368.0
1070,2028-base-plus,CZ,S,h_dams,production_hours,4368.0
1071,2028-base-plus,CZ,S,li,production_hours,394.0
1072,2028-base-plus,CZ,S,pump_open,production_hours,752.0
1073,2028-base-plus,CZ,S,pump,production_hours,652.0
1074,2028-base-plus,CZ,W,waste,production_hours,3624.0
1075,2028-base-plus,CZ,W,gas_ccgt,production_hours,4109.0
1076,2028-base-plus,CZ,W,gas_chp,production_hours,4322.0
1077,2028-base-plus,CZ,W,biogas,production_hours,1843.0
1078,2028-base-plus,CZ,W,lig_sc,production_hours,981.0
1079,2028-base-plus,CZ,W,bio,production_hours,0.0
1080,2028-base-plus,CZ,W,gas_eng_chp,production_hours,2892.0
1081,2028-base-plus,CZ,W,lig,production_hours,398.0
1082,2028-base-plus,CZ,W,lig_ex,production_hours,4392.0
1083,2028-base-plus,CZ,W,coal,production_hours,0.0
1084,2028-base-plus,CZ,W,coal_ex,production_hours,199.0
1085,2028-base-plus,CZ,W,gas_peak,production_hours,202.0
1086,2028-base-plus,CZ,W,lig_old,production_hours,101.0
1087,2028-base-plus,CZ,W,b_CHP,production_hours,0.0
1088,2028-base-plus,CZ,W,lig_bp,production_hours,4376.0
1089,2028-base-plus,CZ,W,coal_bp,production_hours,0.0
1090,2028-base-plus,CZ,W,dsr,production_hours,0.0
1091,2028-base-plus,CZ,W,eens,production_hours,0.0
1092,2028-base-plus,CZ,W,h_ror,production_hours,4392.0
1093,2028-base-plus,CZ,W,h_dams,production_hours,4392.0
1094,2028-base-plus,CZ,W,li,production_hours,485.0
1095,2028-base-plus,CZ,W,pump_open,production_hours,382.0
1096,2028-base-plus,CZ,W,pump,production_hours,259.0
1097,2028-base-plus,CZ,Y,nuclear,capex_mn_EUR_per_yr,2738.469079112492
1098,2028-base-plus,CZ,Y,solar,capex_mn_EUR_per_yr,362.9795164565344
1099,2028-base-plus,CZ,Y,onshore,capex_mn_EUR_per_yr,68.82996852045387
1100,2028-base-plus,CZ,Y,waste,capex_mn_EUR_per_yr,228.2938717209026
1101,2028-base-plus,CZ,Y,gas_ccgt,capex_mn_EUR_per_yr,76.18061222457844
1102,2028-base-plus,CZ,Y,gas_chp,capex_mn_EUR_per_yr,138.841538451773
1103,2028-base-plus,CZ,Y,biogas,capex_mn_EUR_per_yr,16.217086196531145
1104,2028-base-plus,CZ,Y,lig_sc,capex_mn_EUR_per_yr,144.15255774515765
1105,2028-base-plus,CZ,Y,bio,capex_mn_EUR_per_yr,0.0
1106,2028-base-plus,CZ,Y,gas_eng_chp,capex_mn_EUR_per_yr,22.59441391073202
1107,2028-base-plus,CZ,Y,lig,capex_mn_EUR_per_yr,321.06706043239666
1108,2028-base-plus,CZ,Y,lig_ex,capex_mn_EUR_per_yr,547.1244805327576
1109,2028-base-plus,CZ,Y,coal,capex_mn_EUR_per_yr,0.0
1110,2028-base-plus,CZ,Y,coal_ex,capex_mn_EUR_per_yr,26.048184884115727
1111,2028-base-plus,CZ,Y,gas_peak,capex_mn_EUR_per_yr,7.893982066856129
1112,2028-base-plus,CZ,Y,lig_old,capex_mn_EUR_per_yr,397.5115986305863
1113,2028-base-plus,CZ,Y,b_CHP,capex_mn_EUR_per_yr,109.81713302115293
1114,2028-base-plus,CZ,Y,lig_bp,capex_mn_EUR_per_yr,118.59824069033428
1115,2028-base-plus,CZ,Y,coal_bp,capex_mn_EUR_per_yr,0.0
1116,2028-base-plus,CZ,Y,dsr,capex_mn_EUR_per_yr,0.0
1117,2028-base-plus,CZ,Y,h_ror,capex_mn_EUR_per_yr,84.30517292657983
1118,2028-base-plus,CZ,Y,h_dams,capex_mn_EUR_per_yr,123.71530195731836
1119,2028-base-plus,CZ,Y,li,capex_mn_EUR_per_yr,4.011568788183623
1120,2028-base-plus,CZ,Y,pump_open,capex_mn_EUR_per_yr,95.4781476517892
1121,2028-base-plus,CZ,Y,pump,capex_mn_EUR_per_yr,137.73230661258106
1122,2028-base-plus,CZ,S,nuclear,capex_mn_EUR_per_yr,2738.469079112492
1123,2028-base-plus,CZ,S,solar,capex_mn_EUR_per_yr,362.9795164565344
1124,2028-base-plus,CZ,S,onshore,capex_mn_EUR_per_yr,68.82996852045387
1125,2028-base-plus,CZ,S,waste,capex_mn_EUR_per_yr,228.2938717209026
1126,2028-base-plus,CZ,S,gas_ccgt,capex_mn_EUR_per_yr,76.18061222457844
1127,2028-base-plus,CZ,S,gas_chp,capex_mn_EUR_per_yr,138.841538451773
1128,2028-base-plus,CZ,S,biogas,capex_mn_EUR_per_yr,16.217086196531145
1129,2028-base-plus,CZ,S,lig_sc,capex_mn_EUR_per_yr,144.15255774515765
1130,2028-base-plus,CZ,S,bio,capex_mn_EUR_per_yr,0.0
1131,2028-base-plus,CZ,S,gas_eng_chp,capex_mn_EUR_per_yr,22.59441391073202
1132,2028-base-plus,CZ,S,lig,capex_mn_EUR_per_yr,321.06706043239666
1133,2028-base-plus,CZ,S,lig_ex,capex_mn_EUR_per_yr,547.1244805327576
1134,2028-base-plus,CZ,S,coal,capex_mn_EUR_per_yr,0.0
1135,2028-base-plus,CZ,S,coal_ex,capex_mn_EUR_per_yr,26.048184884115727
1136,2028-base-plus,CZ,S,gas_peak,capex_mn_EUR_per_yr,7.893982066856129
1137,2028-base-plus,CZ,S,lig_old,capex_mn_EUR_per_yr,397.5115986305863
1138,2028-base-plus,CZ,S,b_CHP,capex_mn_EUR_per_yr,109.81713302115293
1139,2028-base-plus,CZ,S,lig_bp,capex_mn_EUR_per_yr,118.59824069033428
1140,2028-base-plus,CZ,S,coal_bp,capex_mn_EUR_per_yr,0.0
1141,2028-base-plus,CZ,S,dsr,capex_mn_EUR_per_yr,0.0
1142,2028-base-plus,CZ,S,h_ror,capex_mn_EUR_per_yr,84.30517292657983
1143,2028-base-plus,CZ,S,h_dams,capex_mn_EUR_per_yr,123.71530195731836
1144,2028-base-plus,CZ,S,li,capex_mn_EUR_per_yr,4.011568788183623
1145,2028-base-plus,CZ,S,pump_open,capex_mn_EUR_per_yr,95.4781476517892
1146,2028-base-plus,CZ,S,pump,capex_mn_EUR_per_yr,137.73230661258106
1147,2028-base-plus,CZ,W,nuclear,capex_mn_EUR_per_yr,2738.469079112492
1148,2028-base-plus,CZ,W,solar,capex_mn_EUR_per_yr,362.9795164565344
1149,2028-base-plus,CZ,W,onshore,capex_mn_EUR_per_yr,68.82996852045387
1150,2028-base-plus,CZ,W,waste,capex_mn_EUR_per_yr,228.2938717209026
1151,2028-base-plus,CZ,W,gas_ccgt,capex_mn_EUR_per_yr,76.18061222457844
1152,2028-base-plus,CZ,W,gas_chp,capex_mn_EUR_per_yr,138.841538451773
1153,2028-base-plus,CZ,W,biogas,capex_mn_EUR_per_yr,16.217086196531145
1154,2028-base-plus,CZ,W,lig_sc,capex_mn_EUR_per_yr,144.15255774515765
1155,2028-base-plus,CZ,W,bio,capex_mn_EUR_per_yr,0.0
1156,2028-base-plus,CZ,W,gas_eng_chp,capex_mn_EUR_per_yr,22.59441391073202
1157,2028-base-plus,CZ,W,lig,capex_mn_EUR_per_yr,321.06706043239666
1158,2028-base-plus,CZ,W,lig_ex,capex_mn_EUR_per_yr,547.1244805327576
1159,2028-base-plus,CZ,W,coal,capex_mn_EUR_per_yr,0.0
1160,2028-base-plus,CZ,W,coal_ex,capex_mn_EUR_per_yr,26.048184884115727
1161,2028-base-plus,CZ,W,gas_peak,capex_mn_EUR_per_yr,7.893982066856129
1162,2028-base-plus,CZ,W,lig_old,capex_mn_EUR_per_yr,397.5115986305863
1163,2028-base-plus,CZ,W,b_CHP,capex_mn_EUR_per_yr,109.81713302115293
1164,2028-base-plus,CZ,W,lig_bp,capex_mn_EUR_per_yr,118.59824069033428
1165,2028-base-plus,CZ,W,coal_bp,capex_mn_EUR_per_yr,0.0
1166,2028-base-plus,CZ,W,dsr,capex_mn_EUR_per_yr,0.0
1167,2028-base-plus,CZ,W,h_ror,capex_mn_EUR_per_yr,84.30517292657983
1168,2028-base-plus,CZ,W,h_dams,capex_mn_EUR_per_yr,123.71530195731836
1169,2028-base-plus,CZ,W,li,capex_mn_EUR_per_yr,4.011568788183623
1170,2028-base-plus,CZ,W,pump_open,capex_mn_EUR_per_yr,95.4781476517892
1171,2028-base-plus,CZ,W,pump,capex_mn_EUR_per_yr,137.73230661258106
1172,2028-base-plus,CZ,Y,nuclear,opex_mn_EUR,586.5749526359082
1173,2028-base-plus,CZ,Y,solar,opex_mn_EUR,0.0
1174,2028-base-plus,CZ,Y,onshore,opex_mn_EUR,0.0
1175,2028-base-plus,CZ,Y,waste,opex_mn_EUR,46.07697520559057
1176,2028-base-plus,CZ,Y,gas_ccgt,opex_mn_EUR,387.0382840376688
1177,2028-base-plus,CZ,Y,gas_chp,opex_mn_EUR,264.383829904065
1178,2028-base-plus,CZ,Y,biogas,opex_mn_EUR,51.24583440701423
1179,2028-base-plus,CZ,Y,lig_sc,opex_mn_EUR,37.97718683432196
1180,2028-base-plus,CZ,Y,bio,opex_mn_EUR,0.0
1181,2028-base-plus,CZ,Y,gas_eng_chp,opex_mn_EUR,167.56790840001173
1182,2028-base-plus,CZ,Y,lig,opex_mn_EUR,30.26443579337322
1183,2028-base-plus,CZ,Y,lig_ex,opex_mn_EUR,326.06361091371235
1184,2028-base-plus,CZ,Y,coal,opex_mn_EUR,0.0
1185,2028-base-plus,CZ,Y,coal_ex,opex_mn_EUR,1.0543042875241924
1186,2028-base-plus,CZ,Y,gas_peak,opex_mn_EUR,2.0999489255424044
1187,2028-base-plus,CZ,Y,lig_old,opex_mn_EUR,8.688876195999997
1188,2028-base-plus,CZ,Y,b_CHP,opex_mn_EUR,-7.669323429641596e-18
1189,2028-base-plus,CZ,Y,lig_bp,opex_mn_EUR,366.6271795960758
1190,2028-base-plus,CZ,Y,coal_bp,opex_mn_EUR,0.0
1191,2028-base-plus,CZ,Y,dsr,opex_mn_EUR,0.0
1192,2028-base-plus,CZ,Y,h_ror,opex_mn_EUR,2.3822967482813326
1193,2028-base-plus,CZ,Y,h_dams,opex_mn_EUR,2.768438571428571
1194,2028-base-plus,CZ,Y,li,opex_mn_EUR,0.3844209724873786
1195,2028-base-plus,CZ,Y,pump_open,opex_mn_EUR,1.4007674017096257
1196,2028-base-plus,CZ,Y,pump,opex_mn_EUR,1.8216818533158168
1197,2028-base-plus,CZ,S,nuclear,opex_mn_EUR,284.9058333494021
1198,2028-base-plus,CZ,S,solar,opex_mn_EUR,0.0
1199,2028-base-plus,CZ,S,onshore,opex_mn_EUR,0.0
1200,2028-base-plus,CZ,S,waste,opex_mn_EUR,20.80675105478115
1201,2028-base-plus,CZ,S,gas_ccgt,opex_mn_EUR,177.36559612369388
1202,2028-base-plus,CZ,S,gas_chp,opex_mn_EUR,82.59518853180788
1203,2028-base-plus,CZ,S,biogas,opex_mn_EUR,5.030109523443254
1204,2028-base-plus,CZ,S,lig_sc,opex_mn_EUR,0.0
1205,2028-base-plus,CZ,S,bio,opex_mn_EUR,0.0
1206,2028-base-plus,CZ,S,gas_eng_chp,opex_mn_EUR,79.37311797508421
1207,2028-base-plus,CZ,S,lig,opex_mn_EUR,0.0
1208,2028-base-plus,CZ,S,lig_ex,opex_mn_EUR,105.94715891505498
1209,2028-base-plus,CZ,S,coal,opex_mn_EUR,0.0
1210,2028-base-plus,CZ,S,coal_ex,opex_mn_EUR,4.6954019178919705e-17
1211,2028-base-plus,CZ,S,gas_peak,opex_mn_EUR,0.0
1212,2028-base-plus,CZ,S,lig_old,opex_mn_EUR,0.0
1213,2028-base-plus,CZ,S,b_CHP,opex_mn_EUR,-7.669323429641596e-18
1214,2028-base-plus,CZ,S,lig_bp,opex_mn_EUR,78.85092363134545
1215,2028-base-plus,CZ,S,coal_bp,opex_mn_EUR,0.0
1216,2028-base-plus,CZ,S,dsr,opex_mn_EUR,0.0
1217,2028-base-plus,CZ,S,h_ror,opex_mn_EUR,
1218,2028-base-plus,CZ,S,h_dams,opex_mn_EUR,1.2449674983326164
1219,2028-base-plus,CZ,S,li,opex_mn_EUR,0.1722836614440598
1220,2028-base-plus,CZ,S,pump_open,opex_mn_EUR,0.959005534622823
1221,2028-base-plus,CZ,S,pump,opex_mn_EUR,1.3049595042162714
1222,2028-base-plus,CZ,W,nuclear,opex_mn_EUR,301.6691192865061
1223,2028-base-plus,CZ,W,solar,opex_mn_EUR,0.0
1224,2028-base-plus,CZ,W,onshore,opex_mn_EUR,0.0
1225,2028-base-plus,CZ,W,waste,opex_mn_EUR,25.27022415080942
1226,2028-base-plus,CZ,W,gas_ccgt,opex_mn_EUR,209.67268791397493
1227,2028-base-plus,CZ,W,gas_chp,opex_mn_EUR,181.7886413722571
1228,2028-base-plus,CZ,W,biogas,opex_mn_EUR,46.215724883570985
1229,2028-base-plus,CZ,W,lig_sc,opex_mn_EUR,37.97718683432196
1230,2028-base-plus,CZ,W,bio,opex_mn_EUR,0.0
1231,2028-base-plus,CZ,W,gas_eng_chp,opex_mn_EUR,88.1947904249275
1232,2028-base-plus,CZ,W,lig,opex_mn_EUR,30.26443579337322
1233,2028-base-plus,CZ,W,lig_ex,opex_mn_EUR,220.1164519986574
1234,2028-base-plus,CZ,W,coal,opex_mn_EUR,0.0
1235,2028-base-plus,CZ,W,coal_ex,opex_mn_EUR,1.0543042875241924
1236,2028-base-plus,CZ,W,gas_peak,opex_mn_EUR,2.0999489255424044
1237,2028-base-plus,CZ,W,lig_old,opex_mn_EUR,8.688876195999997
1238,2028-base-plus,CZ,W,b_CHP,opex_mn_EUR,0.0
1239,2028-base-plus,CZ,W,lig_bp,opex_mn_EUR,287.7762559647303
1240,2028-base-plus,CZ,W,coal_bp,opex_mn_EUR,0.0
1241,2028-base-plus,CZ,W,dsr,opex_mn_EUR,0.0
1242,2028-base-plus,CZ,W,h_ror,opex_mn_EUR,1.2645389580073318
1243,2028-base-plus,CZ,W,h_dams,opex_mn_EUR,1.5234710730959544
1244,2028-base-plus,CZ,W,li,opex_mn_EUR,0.2121373110433188
1245,2028-base-plus,CZ,W,pump_open,opex_mn_EUR,0.4417618670868025
1246,2028-base-plus,CZ,W,pump,opex_mn_EUR,0.5167223490995451
1247,2028-base-plus,CZ,Y,h_ror,wholesale_expenses_mn_EUR,0.0
1248,2028-base-plus,CZ,Y,h_dams,wholesale_expenses_mn_EUR,0.0
1249,2028-base-plus,CZ,Y,li,wholesale_expenses_mn_EUR,5.590352406471609
1250,2028-base-plus,CZ,Y,pump_open,wholesale_expenses_mn_EUR,18.15212493635132
1251,2028-base-plus,CZ,Y,pump,wholesale_expenses_mn_EUR,25.4535298655998
1252,2028-base-plus,CZ,Y,IMPORT_EXPORT,wholesale_expenses_mn_EUR,1088.860808906497
1253,2028-base-plus,CZ,S,h_ror,wholesale_expenses_mn_EUR,0.0
1254,2028-base-plus,CZ,S,h_dams,wholesale_expenses_mn_EUR,0.0
1255,2028-base-plus,CZ,S,li,wholesale_expenses_mn_EUR,1.9295856493730028
1256,2028-base-plus,CZ,S,pump_open,wholesale_expenses_mn_EUR,10.97307787687308
1257,2028-base-plus,CZ,S,pump,wholesale_expenses_mn_EUR,15.913095987823883
1258,2028-base-plus,CZ,S,IMPORT_EXPORT,wholesale_expenses_mn_EUR,429.2993134423386
1259,2028-base-plus,CZ,W,h_ror,wholesale_expenses_mn_EUR,0.0
1260,2028-base-plus,CZ,W,h_dams,wholesale_expenses_mn_EUR,0.0
1261,2028-base-plus,CZ,W,li,wholesale_expenses_mn_EUR,3.660766757098605
1262,2028-base-plus,CZ,W,pump_open,wholesale_expenses_mn_EUR,7.179047059478233
1263,2028-base-plus,CZ,W,pump,wholesale_expenses_mn_EUR,9.540433877775914
1264,2028-base-plus,CZ,W,IMPORT_EXPORT,wholesale_expenses_mn_EUR,659.5614954641584
1265,2028-base-plus,CZ,Y,nuclear,wholesale_revenues_mn_EUR,2515.387218332345
1266,2028-base-plus,CZ,Y,solar,wholesale_revenues_mn_EUR,422.888299163586
1267,2028-base-plus,CZ,Y,onshore,wholesale_revenues_mn_EUR,98.58280913516263
1268,2028-base-plus,CZ,Y,waste,wholesale_revenues_mn_EUR,111.85229472198634
1269,2028-base-plus,CZ,Y,gas_ccgt,wholesale_revenues_mn_EUR,426.626750066999
1270,2028-base-plus,CZ,Y,gas_chp,wholesale_revenues_mn_EUR,297.6714991028681
1271,2028-base-plus,CZ,Y,biogas,wholesale_revenues_mn_EUR,56.12903586250204
1272,2028-base-plus,CZ,Y,lig_sc,wholesale_revenues_mn_EUR,40.40891832680532
1273,2028-base-plus,CZ,Y,bio,wholesale_revenues_mn_EUR,0.0
1274,2028-base-plus,CZ,Y,gas_eng_chp,wholesale_revenues_mn_EUR,156.1183353936286
1275,2028-base-plus,CZ,Y,lig,wholesale_revenues_mn_EUR,31.69596766627189
1276,2028-base-plus,CZ,Y,lig_ex,wholesale_revenues_mn_EUR,269.05563404598473
1277,2028-base-plus,CZ,Y,coal,wholesale_revenues_mn_EUR,0.0
1278,2028-base-plus,CZ,Y,coal_ex,wholesale_revenues_mn_EUR,1.0691898139158156
1279,2028-base-plus,CZ,Y,gas_peak,wholesale_revenues_mn_EUR,2.248819779801208
1280,2028-base-plus,CZ,Y,lig_old,wholesale_revenues_mn_EUR,8.848536715800167
1281,2028-base-plus,CZ,Y,b_CHP,wholesale_revenues_mn_EUR,-1.0784400930661489e-19
1282,2028-base-plus,CZ,Y,lig_bp,wholesale_revenues_mn_EUR,157.96823674725462
1283,2028-base-plus,CZ,Y,coal_bp,wholesale_revenues_mn_EUR,0.0
1284,2028-base-plus,CZ,Y,dsr,wholesale_revenues_mn_EUR,0.0
1285,2028-base-plus,CZ,Y,h_ror,wholesale_revenues_mn_EUR,105.58187061143155
1286,2028-base-plus,CZ,Y,h_dams,wholesale_revenues_mn_EUR,91.75172501328882
1287,2028-base-plus,CZ,Y,li,wholesale_revenues_mn_EUR,7.946191406430661
1288,2028-base-plus,CZ,Y,pump_open,wholesale_revenues_mn_EUR,36.06077344262191
1289,2028-base-plus,CZ,Y,pump,wholesale_revenues_mn_EUR,46.33690267068671
1290,2028-base-plus,CZ,Y,IMPORT_EXPORT,wholesale_revenues_mn_EUR,29.92796251550108
1291,2028-base-plus,CZ,S,nuclear,wholesale_revenues_mn_EUR,1133.4404938691268
1292,2028-base-plus,CZ,S,solar,wholesale_revenues_mn_EUR,260.40071542550703
1293,2028-base-plus,CZ,S,onshore,wholesale_revenues_mn_EUR,29.48802618663089
1294,2028-base-plus,CZ,S,waste,wholesale_revenues_mn_EUR,47.59216638114248
1295,2028-base-plus,CZ,S,gas_ccgt,wholesale_revenues_mn_EUR,186.34283034970065
1296,2028-base-plus,CZ,S,gas_chp,wholesale_revenues_mn_EUR,86.10699399745182
1297,2028-base-plus,CZ,S,biogas,wholesale_revenues_mn_EUR,5.110229223775066
1298,2028-base-plus,CZ,S,lig_sc,wholesale_revenues_mn_EUR,0.0
1299,2028-base-plus,CZ,S,bio,wholesale_revenues_mn_EUR,0.0
1300,2028-base-plus,CZ,S,gas_eng_chp,wholesale_revenues_mn_EUR,70.72016001302882
1301,2028-base-plus,CZ,S,lig,wholesale_revenues_mn_EUR,0.0
1302,2028-base-plus,CZ,S,lig_ex,wholesale_revenues_mn_EUR,76.379088434002
1303,2028-base-plus,CZ,S,coal,wholesale_revenues_mn_EUR,0.0
1304,2028-base-plus,CZ,S,coal_ex,wholesale_revenues_mn_EUR,4.3580239387281255e-17
1305,2028-base-plus,CZ,S,gas_peak,wholesale_revenues_mn_EUR,0.0
1306,2028-base-plus,CZ,S,lig_old,wholesale_revenues_mn_EUR,0.0
1307,2028-base-plus,CZ,S,b_CHP,wholesale_revenues_mn_EUR,-1.0784400930661489e-19
1308,2028-base-plus,CZ,S,lig_bp,wholesale_revenues_mn_EUR,31.51694518770399
1309,2028-base-plus,CZ,S,coal_bp,wholesale_revenues_mn_EUR,0.0
1310,2028-base-plus,CZ,S,dsr,wholesale_revenues_mn_EUR,0.0
1311,2028-base-plus,CZ,S,h_ror,wholesale_revenues_mn_EUR,46.25189831493702
1312,2028-base-plus,CZ,S,h_dams,wholesale_revenues_mn_EUR,38.543252350803854
1313,2028-base-plus,CZ,S,li,wholesale_revenues_mn_EUR,3.3621529953815843
1314,2028-base-plus,CZ,S,pump_open,wholesale_revenues_mn_EUR,23.482630653076445
1315,2028-base-plus,CZ,S,pump,wholesale_revenues_mn_EUR,31.81713970247512
1316,2028-base-plus,CZ,S,IMPORT_EXPORT,wholesale_revenues_mn_EUR,5.099567096260143
1317,2028-base-plus,CZ,W,nuclear,wholesale_revenues_mn_EUR,1381.9467244632178
1318,2028-base-plus,CZ,W,solar,wholesale_revenues_mn_EUR,162.48758373807905
1319,2028-base-plus,CZ,W,onshore,wholesale_revenues_mn_EUR,69.09478294853174
1320,2028-base-plus,CZ,W,waste,wholesale_revenues_mn_EUR,64.26012834084386
1321,2028-base-plus,CZ,W,gas_ccgt,wholesale_revenues_mn_EUR,240.2839197172984
1322,2028-base-plus,CZ,W,gas_chp,wholesale_revenues_mn_EUR,211.56450510541623
1323,2028-base-plus,CZ,W,biogas,wholesale_revenues_mn_EUR,51.01880663872698
1324,2028-base-plus,CZ,W,lig_sc,wholesale_revenues_mn_EUR,40.40891832680532
1325,2028-base-plus,CZ,W,bio,wholesale_revenues_mn_EUR,0.0
1326,2028-base-plus,CZ,W,gas_eng_chp,wholesale_revenues_mn_EUR,85.39817538059977
1327,2028-base-plus,CZ,W,lig,wholesale_revenues_mn_EUR,31.69596766627189
1328,2028-base-plus,CZ,W,lig_ex,wholesale_revenues_mn_EUR,192.6765456119828
1329,2028-base-plus,CZ,W,coal,wholesale_revenues_mn_EUR,0.0
1330,2028-base-plus,CZ,W,coal_ex,wholesale_revenues_mn_EUR,1.0691898139158156
1331,2028-base-plus,CZ,W,gas_peak,wholesale_revenues_mn_EUR,2.248819779801208
1332,2028-base-plus,CZ,W,lig_old,wholesale_revenues_mn_EUR,8.848536715800167
1333,2028-base-plus,CZ,W,b_CHP,wholesale_revenues_mn_EUR,0.0
1334,2028-base-plus,CZ,W,lig_bp,wholesale_revenues_mn_EUR,126.45129155955064
1335,2028-base-plus,CZ,W,coal_bp,wholesale_revenues_mn_EUR,0.0
1336,2028-base-plus,CZ,W,dsr,wholesale_revenues_mn_EUR,0.0
1337,2028-base-plus,CZ,W,h_ror,wholesale_revenues_mn_EUR,59.32997229649455
1338,2028-base-plus,CZ,W,h_dams,wholesale_revenues_mn_EUR,53.20847266248496
1339,2028-base-plus,CZ,W,li,wholesale_revenues_mn_EUR,4.584038411049077
1340,2028-base-plus,CZ,W,pump_open,wholesale_revenues_mn_EUR,12.578142789545469
1341,2028-base-plus,CZ,W,pump,wholesale_revenues_mn_EUR,14.51976296821158
1342,2028-base-plus,CZ,W,IMPORT_EXPORT,wholesale_revenues_mn_EUR,24.82839541924093
1343,2028-base-plus,CZ,Y,TOTAL,avg_consumer_price_EUR_per_MWh,88.47905820532888
1344,2028-base-plus,CZ,S,TOTAL,avg_consumer_price_EUR_per_MWh,80.96712371026142
1345,2028-base-plus,CZ,W,TOTAL,avg_consumer_price_EUR_per_MWh,94.8067946328427
1346,2028-base-plus,CZ,Y,TOTAL,avg_producer_price_EUR_per_MWh,86.95454987925943
1347,2028-base-plus,CZ,S,TOTAL,avg_producer_price_EUR_per_MWh,78.31838869300915
1348,2028-base-plus,CZ,W,TOTAL,avg_producer_price_EUR_per_MWh,94.47521369682516
1349,2028-base-plus,CZ,Y,nuclear,capacity_factor,0.7964817503918005
1350,2028-base-plus,CZ,Y,solar,capacity_factor,0.114850177567914
1351,2028-base-plus,CZ,Y,onshore,capacity_factor,0.2589700074999634
1352,2028-base-plus,CZ,Y,waste,capacity_factor,0.6666666666665877
1353,2028-base-plus,CZ,Y,gas_ccgt,capacity_factor,0.8367192206057149
1354,2028-base-plus,CZ,Y,gas_chp,capacity_factor,0.5333333333333039
1355,2028-base-plus,CZ,Y,biogas,capacity_factor,0.2123347706483889
1356,2028-base-plus,CZ,Y,lig_sc,capacity_factor,0.0944418961601221
1357,2028-base-plus,CZ,Y,gas_eng_chp,capacity_factor,0.5333333333333707
1358,2028-base-plus,CZ,Y,lig,capacity_factor,0.0310471250452628
1359,2028-base-plus,CZ,Y,lig_ex,capacity_factor,0.4765714891441361
1360,2028-base-plus,CZ,Y,coal_ex,capacity_factor,0.017602889328651
1361,2028-base-plus,CZ,Y,gas_peak,capacity_factor,0.020572360214686
1362,2028-base-plus,CZ,Y,lig_old,capacity_factor,0.0063926940639269
1363,2028-base-plus,CZ,Y,b_CHP,capacity_factor,-6.891251565963102e-20
1364,2028-base-plus,CZ,Y,lig_bp,capacity_factor,0.5333333333333327
1365,2028-base-plus,CZ,Y,h_ror,capacity_factor,0.3276526308358548
1366,2028-base-plus,CZ,Y,h_dams,capacity_factor,0.1729785442755278
1367,2028-base-plus,CZ,Y,li,capacity_factor,0.0877673453167531
1368,2028-base-plus,CZ,Y,pump_open,capacity_factor,0.0850558268792884
1369,2028-base-plus,CZ,Y,pump,capacity_factor,0.0766794061450132
1370,2028-base-plus,CZ,Y,TOTAL,capacity_factor,0.3022332889295331
1371,2028-base-plus,CZ,S,nuclear,capacity_factor,0.7758452989642761
1372,2028-base-plus,CZ,S,solar,capacity_factor,0.1556490726695699
1373,2028-base-plus,CZ,S,onshore,capacity_factor,0.1689376796211942
1374,2028-base-plus,CZ,S,waste,capacity_factor,0.5872003069707046
1375,2028-base-plus,CZ,S,gas_ccgt,capacity_factor,0.7585571800820271
1376,2028-base-plus,CZ,S,gas_chp,capacity_factor,0.3688780699704226
1377,2028-base-plus,CZ,S,biogas,capacity_factor,0.0416402835984819
1378,2028-base-plus,CZ,S,lig_sc,capacity_factor,0.0
1379,2028-base-plus,CZ,S,gas_eng_chp,capacity_factor,0.5066438747225694
1380,2028-base-plus,CZ,S,lig,capacity_factor,0.0
1381,2028-base-plus,CZ,S,lig_ex,capacity_factor,0.3295860809306093
1382,2028-base-plus,CZ,S,coal_ex,capacity_factor,2.553734273529695e-18
1383,2028-base-plus,CZ,S,gas_peak,capacity_factor,0.0
1384,2028-base-plus,CZ,S,lig_old,capacity_factor,0.0
1385,2028-base-plus,CZ,S,b_CHP,capacity_factor,-1.3820367151519401e-19
1386,2028-base-plus,CZ,S,lig_bp,capacity_factor,0.228723443946443
1387,2028-base-plus,CZ,S,h_ror,capacity_factor,0.308309554226246
1388,2028-base-plus,CZ,S,h_dams,capacity_factor,0.1560043960971839
1389,2028-base-plus,CZ,S,li,capacity_factor,0.0788844603681592
1390,2028-base-plus,CZ,S,pump_open,capacity_factor,0.1167832708166285
1391,2028-base-plus,CZ,S,pump,capacity_factor,0.1101602010512455
1392,2028-base-plus,CZ,S,TOTAL,capacity_factor,1.212254400651424
1393,2028-base-plus,CZ,W,nuclear,capacity_factor,0.8170054343251856
1394,2028-base-plus,CZ,W,solar,capacity_factor,0.0742742272482344
1395,2028-base-plus,CZ,W,onshore,capacity_factor,0.3485103554449688
1396,2028-base-plus,CZ,W,waste,capacity_factor,0.745698783959761
1397,2028-base-plus,CZ,W,gas_ccgt,capacity_factor,0.9144541461538636
1398,2028-base-plus,CZ,W,gas_chp,capacity_factor,0.696889934054858
1399,2028-base-plus,CZ,W,biogas,capacity_factor,0.3820965009384605
1400,2028-base-plus,CZ,W,lig_sc,capacity_factor,0.1883677163849431
1401,2028-base-plus,CZ,W,gas_eng_chp,capacity_factor,0.5598769479080474
1402,2028-base-plus,CZ,W,lig,capacity_factor,0.0619245936695133
1403,2028-base-plus,CZ,W,lig_ex,capacity_factor,0.6227536984056765
1404,2028-base-plus,CZ,W,coal_ex,capacity_factor,0.0351095880052329
1405,2028-base-plus,CZ,W,gas_peak,capacity_factor,0.0410323031604394
1406,2028-base-plus,CZ,W,lig_old,capacity_factor,0.0127504553734061
1407,2028-base-plus,CZ,W,b_CHP,capacity_factor,0.0
1408,2028-base-plus,CZ,W,lig_bp,capacity_factor,0.8362786878055394
1409,2028-base-plus,CZ,W,h_ror,capacity_factor,0.34689000757328
1410,2028-base-plus,CZ,W,h_dams,capacity_factor,0.1898599375457934
1411,2028-base-plus,CZ,W,li,capacity_factor,0.0966016899104366
1412,2028-base-plus,CZ,W,pump_open,capacity_factor,0.0535017569525348
1413,2028-base-plus,CZ,W,pump,capacity_factor,0.0433815664022029
1414,2028-base-plus,CZ,W,TOTAL,capacity_factor,1.2056300596642575
1415,2028-base-plus,CZ,Y,li,capacity_factor_charging,0.010655371651626
1416,2028-base-plus,CZ,Y,pump_open,capacity_factor_charging,0.1144764133194224
1417,2028-base-plus,CZ,Y,pump,capacity_factor_charging,0.1087446397387863
1418,2028-base-plus,CZ,S,li,capacity_factor_charging,0.0114351152731289
1419,2028-base-plus,CZ,S,pump_open,capacity_factor_charging,0.1608218892228105
1420,2028-base-plus,CZ,S,pump,capacity_factor_charging,0.1555159164098988
1421,2028-base-plus,CZ,W,li,capacity_factor_charging,0.0098798889242297
1422,2028-base-plus,CZ,W,pump_open,capacity_factor_charging,0.0683841913827195
1423,2028-base-plus,CZ,W,pump,capacity_factor_charging,0.0622289438145104
1424,2028-base-plus,CZ,Y,nuclear,emissions_MtCO2,0.0
1425,2028-base-plus,CZ,Y,solar,emissions_MtCO2,0.0
1426,2028-base-plus,CZ,Y,onshore,emissions_MtCO2,0.0
1427,2028-base-plus,CZ,Y,waste,emissions_MtCO2,0.0
1428,2028-base-plus,CZ,Y,gas_ccgt,emissions_MtCO2,1.777809123351345
1429,2028-base-plus,CZ,Y,gas_chp,emissions_MtCO2,1.4030015999999224
1430,2028-base-plus,CZ,Y,biogas,emissions_MtCO2,0.0
1431,2028-base-plus,CZ,Y,lig_sc,emissions_MtCO2,0.3352341173153293
1432,2028-base-plus,CZ,Y,bio,emissions_MtCO2,0.0
1433,2028-base-plus,CZ,Y,gas_eng_chp,emissions_MtCO2,0.756747200000053
1434,2028-base-plus,CZ,Y,lig,emissions_MtCO2,0.2638680254976867
1435,2028-base-plus,CZ,Y,lig_ex,emissions_MtCO2,6.902141032697523
1436,2028-base-plus,CZ,Y,coal,emissions_MtCO2,0.0
1437,2028-base-plus,CZ,Y,coal_ex,emissions_MtCO2,0.014981372811
1438,2028-base-plus,CZ,Y,gas_peak,emissions_MtCO2,0.0095405676214144
1439,2028-base-plus,CZ,Y,lig_old,emissions_MtCO2,0.0747413333333333
1440,2028-base-plus,CZ,Y,b_CHP,emissions_MtCO2,-0.0
1441,2028-base-plus,CZ,Y,lig_bp,emissions_MtCO2,3.348702719999995
1442,2028-base-plus,CZ,Y,coal_bp,emissions_MtCO2,0.0
1443,2028-base-plus,CZ,Y,dsr,emissions_MtCO2,0.0
1444,2028-base-plus,CZ,Y,eens,emissions_MtCO2,0.0
1445,2028-base-plus,CZ,Y,h_ror,emissions_MtCO2,0.0
1446,2028-base-plus,CZ,Y,h_dams,emissions_MtCO2,0.0
1447,2028-base-plus,CZ,Y,li,emissions_MtCO2,0.0
1448,2028-base-plus,CZ,Y,pump_open,emissions_MtCO2,0.0
1449,2028-base-plus,CZ,Y,pump,emissions_MtCO2,0.0
1450,2028-base-plus,CZ,Y,TOTAL,emissions_MtCO2,14.886767092627604
1451,2028-base-plus,CZ,S,nuclear,emissions_MtCO2,0.0
1452,2028-base-plus,CZ,S,solar,emissions_MtCO2,0.0
1453,2028-base-plus,CZ,S,onshore,emissions_MtCO2,0.0
1454,2028-base-plus,CZ,S,waste,emissions_MtCO2,0.0
1455,2028-base-plus,CZ,S,gas_ccgt,emissions_MtCO2,0.8036597763182162
1456,2028-base-plus,CZ,S,gas_chp,emissions_MtCO2,0.4838612007121309
1457,2028-base-plus,CZ,S,biogas,emissions_MtCO2,0.0
1458,2028-base-plus,CZ,S,lig_sc,emissions_MtCO2,0.0
1459,2028-base-plus,CZ,S,bio,emissions_MtCO2,0.0
1460,2028-base-plus,CZ,S,gas_eng_chp,emissions_MtCO2,0.3584539865445659
1461,2028-base-plus,CZ,S,lig,emissions_MtCO2,0.0
1462,2028-base-plus,CZ,S,lig_ex,emissions_MtCO2,2.3801435880880546
1463,2028-base-plus,CZ,S,coal,emissions_MtCO2,0.0
1464,2028-base-plus,CZ,S,coal_ex,emissions_MtCO2,1.083731961313918e-18
1465,2028-base-plus,CZ,S,gas_peak,emissions_MtCO2,0.0
1466,2028-base-plus,CZ,S,lig_old,emissions_MtCO2,0.0
1467,2028-base-plus,CZ,S,b_CHP,emissions_MtCO2,-0.0
1468,2028-base-plus,CZ,S,lig_bp,emissions_MtCO2,0.7160891149035734
1469,2028-base-plus,CZ,S,coal_bp,emissions_MtCO2,0.0
1470,2028-base-plus,CZ,S,dsr,emissions_MtCO2,0.0
1471,2028-base-plus,CZ,S,eens,emissions_MtCO2,0.0
1472,2028-base-plus,CZ,S,h_ror,emissions_MtCO2,0.0
1473,2028-base-plus,CZ,S,h_dams,emissions_MtCO2,0.0
1474,2028-base-plus,CZ,S,li,emissions_MtCO2,0.0
1475,2028-base-plus,CZ,S,pump_open,emissions_MtCO2,0.0
1476,2028-base-plus,CZ,S,pump,emissions_MtCO2,0.0
1477,2028-base-plus,CZ,S,TOTAL,emissions_MtCO2,29.77353418525521
1478,2028-base-plus,CZ,W,nuclear,emissions_MtCO2,0.0
1479,2028-base-plus,CZ,W,solar,emissions_MtCO2,0.0
1480,2028-base-plus,CZ,W,onshore,emissions_MtCO2,0.0
1481,2028-base-plus,CZ,W,waste,emissions_MtCO2,0.0
1482,2028-base-plus,CZ,W,gas_ccgt,emissions_MtCO2,0.9741493470331294
1483,2028-base-plus,CZ,W,gas_chp,emissions_MtCO2,0.9191403992877916
1484,2028-base-plus,CZ,W,biogas,emissions_MtCO2,0.0
1485,2028-base-plus,CZ,W,lig_sc,emissions_MtCO2,0.3352341173153293
1486,2028-base-plus,CZ,W,bio,emissions_MtCO2,0.0
1487,2028-base-plus,CZ,W,gas_eng_chp,emissions_MtCO2,0.398293213455487
1488,2028-base-plus,CZ,W,lig,emissions_MtCO2,0.2638680254976867
1489,2028-base-plus,CZ,W,lig_ex,emissions_MtCO2,4.521997444609469
1490,2028-base-plus,CZ,W,coal,emissions_MtCO2,0.0
1491,2028-base-plus,CZ,W,coal_ex,emissions_MtCO2,0.014981372811
1492,2028-base-plus,CZ,W,gas_peak,emissions_MtCO2,0.0095405676214144
1493,2028-base-plus,CZ,W,lig_old,emissions_MtCO2,0.0747413333333333
1494,2028-base-plus,CZ,W,b_CHP,emissions_MtCO2,0.0
1495,2028-base-plus,CZ,W,lig_bp,emissions_MtCO2,2.632613605096421
1496,2028-base-plus,CZ,W,coal_bp,emissions_MtCO2,0.0
1497,2028-base-plus,CZ,W,dsr,emissions_MtCO2,0.0
1498,2028-base-plus,CZ,W,eens,emissions_MtCO2,0.0
1499,2028-base-plus,CZ,W,h_ror,emissions_MtCO2,0.0
1500,2028-base-plus,CZ,W,h_dams,emissions_MtCO2,0.0
1501,2028-base-plus,CZ,W,li,emissions_MtCO2,0.0
1502,2028-base-plus,CZ,W,pump_open,emissions_MtCO2,0.0
1503,2028-base-plus,CZ,W,pump,emissions_MtCO2,0.0
1504,2028-base-plus,CZ,W,TOTAL,emissions_MtCO2,29.77353418525521
1505,2028-base-plus,CZ,Y,nuclear,power_share_high_value,0.9665923164817584
1506,2028-base-plus,CZ,Y,solar,power_share_high_value,0.8179902499473216
1507,2028-base-plus,CZ,Y,onshore,power_share_high_value,0.978629936053942
1508,2028-base-plus,CZ,S,nuclear,power_share_high_value,0.9458895895812764
1509,2028-base-plus,CZ,S,solar,power_share_high_value,0.7917218762733811
1510,2028-base-plus,CZ,S,onshore,power_share_high_value,0.9501246261109524
1511,2028-base-plus,CZ,W,nuclear,power_share_high_value,0.9861446248987984
1512,2028-base-plus,CZ,W,solar,power_share_high_value,0.8727374457745211
1513,2028-base-plus,CZ,W,onshore,power_share_high_value,0.9923721562646696
1514,2028-base-plus,CZ,Y,nuclear,power_share_low_value,0.0321274678212513
1515,2028-base-plus,CZ,Y,solar,power_share_low_value,0.1744329451070385
1516,2028-base-plus,CZ,Y,onshore,power_share_low_value,0.0208850026779741
1517,2028-base-plus,CZ,S,nuclear,power_share_low_value,0.0524907787888556
1518,2028-base-plus,CZ,S,solar,power_share_low_value,0.20189695953898
1519,2028-base-plus,CZ,S,onshore,power_share_low_value,0.0485528255507055
1520,2028-base-plus,CZ,W,nuclear,power_share_low_value,0.0128957145191564
1521,2028-base-plus,CZ,W,solar,power_share_low_value,0.11719385619465
1522,2028-base-plus,CZ,W,onshore,power_share_low_value,0.0075465294100493
1523,2028-base-plus,CZ,Y,nuclear,power_share_zero_value,0.0012802156969906
1524,2028-base-plus,CZ,Y,solar,power_share_zero_value,0.0075768049456397
1525,2028-base-plus,CZ,Y,onshore,power_share_zero_value,0.0004850612680837
1526,2028-base-plus,CZ,S,nuclear,power_share_zero_value,0.0016196316298679
1527,2028-base-plus,CZ,S,solar,power_share_zero_value,0.0063811641876388
1528,2028-base-plus,CZ,S,onshore,power_share_zero_value,0.0013225483383419
1529,2028-base-plus,CZ,W,nuclear,power_share_zero_value,0.0009596605820448
1530,2028-base-plus,CZ,W,solar,power_share_zero_value,0.0100686980308287
1531,2028-base-plus,CZ,W,onshore,power_share_zero_value,8.131432528109285e-05
1532,2028-ex-seven,CZ,Y,nuclear,capacity_GW,4.099
1533,2028-ex-seven,CZ,Y,solar,capacity_GW,7.0
1534,2028-ex-seven,CZ,Y,onshore,capacity_GW,0.5
1535,2028-ex-seven,CZ,Y,waste,capacity_GW,0.19575
1536,2028-ex-seven,CZ,Y,gas_ccgt,capacity_GW,0.6174
1537,2028-ex-seven,CZ,Y,gas_chp,capacity_GW,0.7644
1538,2028-ex-seven,CZ,Y,biogas,capacity_GW,0.279
1539,2028-ex-seven,CZ,Y,lig_sc,capacity_GW,0.4356
1540,2028-ex-seven,CZ,Y,bio,capacity_GW,0.0
1541,2028-ex-seven,CZ,Y,gas_eng_chp,capacity_GW,0.3313124999999999
1542,2028-ex-seven,CZ,Y,lig,capacity_GW,0.9702
1543,2028-ex-seven,CZ,Y,lig_ex,capacity_GW,1.38666
1544,2028-ex-seven,CZ,Y,coal,capacity_GW,0.0
1545,2028-ex-seven,CZ,Y,coal_ex,capacity_GW,0.11484
1546,2028-ex-seven,CZ,Y,gas_peak,capacity_GW,0.096255
1547,2028-ex-seven,CZ,Y,lig_old,capacity_GW,0.0
1548,2028-ex-seven,CZ,Y,b_CHP,capacity_GW,0.20925
1549,2028-ex-seven,CZ,Y,lig_bp,capacity_GW,0.35838
1550,2028-ex-seven,CZ,Y,coal_bp,capacity_GW,0.0
1551,2028-ex-seven,CZ,Y,dsr,capacity_GW,0.0
1552,2028-ex-seven,CZ,Y,h_ror,capacity_GW,0.415
1553,2028-ex-seven,CZ,Y,h_dams,capacity_GW,0.609
1554,2028-ex-seven,CZ,Y,li,capacity_GW,0.1
1555,2028-ex-seven,CZ,Y,pump_open,capacity_GW,0.47
1556,2028-ex-seven,CZ,Y,pump,capacity_GW,0.678
1557,2028-ex-seven,CZ,Y,TOTAL,capacity_GW,19.6300475
1558,2028-ex-seven,CZ,Y,h_ror,capacity_charging_GW,0.0
1559,2028-ex-seven,CZ,Y,h_dams,capacity_charging_GW,0.0
1560,2028-ex-seven,CZ,Y,li,capacity_charging_GW,1.25599
1561,2028-ex-seven,CZ,Y,pump_open,capacity_charging_GW,0.44
1562,2028-ex-seven,CZ,Y,pump,capacity_charging_GW,0.664
1563,2028-ex-seven,CZ,Y,nuclear,capacity_paid_off_GW,0.0
1564,2028-ex-seven,CZ,Y,solar,capacity_paid_off_GW,0.0
1565,2028-ex-seven,CZ,Y,onshore,capacity_paid_off_GW,0.0
1566,2028-ex-seven,CZ,Y,waste,capacity_paid_off_GW,0.0
1567,2028-ex-seven,CZ,Y,gas_ccgt,capacity_paid_off_GW,0.0
1568,2028-ex-seven,CZ,Y,gas_chp,capacity_paid_off_GW,0.0
1569,2028-ex-seven,CZ,Y,biogas,capacity_paid_off_GW,0.0
1570,2028-ex-seven,CZ,Y,lig_sc,capacity_paid_off_GW,0.0
1571,2028-ex-seven,CZ,Y,bio,capacity_paid_off_GW,0.0
1572,2028-ex-seven,CZ,Y,gas_eng_chp,capacity_paid_off_GW,0.0
1573,2028-ex-seven,CZ,Y,lig,capacity_paid_off_GW,0.0
1574,2028-ex-seven,CZ,Y,lig_ex,capacity_paid_off_GW,0.0
1575,2028-ex-seven,CZ,Y,coal,capacity_paid_off_GW,0.0
1576,2028-ex-seven,CZ,Y,coal_ex,capacity_paid_off_GW,0.0
1577,2028-ex-seven,CZ,Y,gas_peak,capacity_paid_off_GW,0.0
1578,2028-ex-seven,CZ,Y,lig_old,capacity_paid_off_GW,0.0
1579,2028-ex-seven,CZ,Y,b_CHP,capacity_paid_off_GW,0.0
1580,2028-ex-seven,CZ,Y,lig_bp,capacity_paid_off_GW,0.0
1581,2028-ex-seven,CZ,Y,coal_bp,capacity_paid_off_GW,0.0
1582,2028-ex-seven,CZ,Y,dsr,capacity_paid_off_GW,0.0
1583,2028-ex-seven,CZ,Y,h_ror,capacity_paid_off_GW,0.0
1584,2028-ex-seven,CZ,Y,h_dams,capacity_paid_off_GW,0.0
1585,2028-ex-seven,CZ,Y,li,capacity_paid_off_GW,0.0
1586,2028-ex-seven,CZ,Y,pump_open,capacity_paid_off_GW,0.0
1587,2028-ex-seven,CZ,Y,pump,capacity_paid_off_GW,0.0
1588,2028-ex-seven,CZ,Y,h_ror,capacity_charging_paid_off_GW,0.0
1589,2028-ex-seven,CZ,Y,h_dams,capacity_charging_paid_off_GW,0.0
1590,2028-ex-seven,CZ,Y,li,capacity_charging_paid_off_GW,0.0
1591,2028-ex-seven,CZ,Y,pump_open,capacity_charging_paid_off_GW,0.0
1592,2028-ex-seven,CZ,Y,pump,capacity_charging_paid_off_GW,0.0
1593,2028-ex-seven,CZ,Y,TOTAL,load_TWh,66.606490439
1594,2028-ex-seven,CZ,S,TOTAL,load_TWh,30.4536371
1595,2028-ex-seven,CZ,W,TOTAL,load_TWh,36.152853339
1596,2028-ex-seven,CZ,Y,TOTAL,import_TWh,15.014495461865517
1597,2028-ex-seven,CZ,S,TOTAL,import_TWh,6.864774125217717
1598,2028-ex-seven,CZ,W,TOTAL,import_TWh,8.149721336647799
1599,2028-ex-seven,CZ,Y,TOTAL,export_TWh,3.5584784866166443
1600,2028-ex-seven,CZ,S,TOTAL,export_TWh,1.9835437317740188
1601,2028-ex-seven,CZ,W,TOTAL,export_TWh,1.5749347548426251
1602,2028-ex-seven,CZ,Y,TOTAL,net_import_TWh,11.45601697524887
1603,2028-ex-seven,CZ,S,TOTAL,net_import_TWh,4.881230393443698
1604,2028-ex-seven,CZ,W,TOTAL,net_import_TWh,6.574786581805174
1605,2028-ex-seven,CZ,Y,TOTAL,curtailment_TWh,0.0042570194697319
1606,2028-ex-seven,CZ,S,TOTAL,curtailment_TWh,0.0030825485636619
1607,2028-ex-seven,CZ,W,TOTAL,curtailment_TWh,0.00117447090607
1608,2028-ex-seven,CZ,Y,nuclear,production_TWh,28.59946136693848
1609,2028-ex-seven,CZ,Y,solar,production_TWh,7.042612888464491
1610,2028-ex-seven,CZ,Y,onshore,production_TWh,1.1342886328498398
1611,2028-ex-seven,CZ,Y,waste,production_TWh,1.1431799999998584
1612,2028-ex-seven,CZ,Y,gas_ccgt,production_TWh,4.785657375586733
1613,2028-ex-seven,CZ,Y,gas_chp,production_TWh,3.1053056048447267
1614,2028-ex-seven,CZ,Y,biogas,production_TWh,0.6873689383413228
1615,2028-ex-seven,CZ,Y,lig_sc,production_TWh,0.416181175099808
1616,2028-ex-seven,CZ,Y,bio,production_TWh,0.0
1617,2028-ex-seven,CZ,Y,gas_eng_chp,production_TWh,1.5478920000001029
1618,2028-ex-seven,CZ,Y,lig,production_TWh,0.2817176246147114
1619,2028-ex-seven,CZ,Y,lig_ex,production_TWh,2.708659819429463
1620,2028-ex-seven,CZ,Y,coal,production_TWh,0.0
1621,2028-ex-seven,CZ,Y,coal_ex,production_TWh,0.1904761590766179
1622,2028-ex-seven,CZ,Y,gas_peak,production_TWh,0.0177590475
1623,2028-ex-seven,CZ,Y,lig_old,production_TWh,0.0
1624,2028-ex-seven,CZ,Y,b_CHP,production_TWh,0.0021086116666666
1625,2028-ex-seven,CZ,Y,lig_bp,production_TWh,1.6743513600000972
1626,2028-ex-seven,CZ,Y,coal_bp,production_TWh,0.0
1627,2028-ex-seven,CZ,Y,dsr,production_TWh,0.0
1628,2028-ex-seven,CZ,Y,eens,production_TWh,1.4796341929468245e-18
1629,2028-ex-seven,CZ,Y,h_ror,production_TWh,1.1911873223787617
1630,2028-ex-seven,CZ,Y,h_dams,production_TWh,0.9228128571428572
1631,2028-ex-seven,CZ,Y,li,production_TWh,0.082209789468817
1632,2028-ex-seven,CZ,Y,pump_open,production_TWh,0.3431294073294
1633,2028-ex-seven,CZ,Y,pump,production_TWh,0.4346261328710916
1634,2028-ex-seven,CZ,Y,TOTAL,production_TWh,56.31098611360383
1635,2028-ex-seven,CZ,S,nuclear,production_TWh,13.891069397825554
1636,2028-ex-seven,CZ,S,solar,production_TWh,4.759126045944772
1637,2028-ex-seven,CZ,S,onshore,production_TWh,0.3689598922926883
1638,2028-ex-seven,CZ,S,waste,production_TWh,0.4890040755363284
1639,2028-ex-seven,CZ,S,gas_ccgt,production_TWh,2.190703845982064
1640,2028-ex-seven,CZ,S,gas_chp,production_TWh,0.9518768618249436
1641,2028-ex-seven,CZ,S,biogas,production_TWh,0.1157377468885903
1642,2028-ex-seven,CZ,S,lig_sc,production_TWh,0.0
1643,2028-ex-seven,CZ,S,bio,production_TWh,0.0
1644,2028-ex-seven,CZ,S,gas_eng_chp,production_TWh,0.6994166361430951
1645,2028-ex-seven,CZ,S,lig,production_TWh,0.0
1646,2028-ex-seven,CZ,S,lig_ex,production_TWh,0.9272581682846656
1647,2028-ex-seven,CZ,S,coal,production_TWh,0.0
1648,2028-ex-seven,CZ,S,coal_ex,production_TWh,0.0621446161989015
1649,2028-ex-seven,CZ,S,gas_peak,production_TWh,0.0
1650,2028-ex-seven,CZ,S,lig_old,production_TWh,0.0
1651,2028-ex-seven,CZ,S,b_CHP,production_TWh,6.429622266700473e-20
1652,2028-ex-seven,CZ,S,lig_bp,production_TWh,0.3471623927660096
1653,2028-ex-seven,CZ,S,coal_bp,production_TWh,0.0
1654,2028-ex-seven,CZ,S,dsr,production_TWh,0.0
1655,2028-ex-seven,CZ,S,eens,production_TWh,1.4796341929468245e-18
1656,2028-ex-seven,CZ,S,h_ror,production_TWh,0.5589104487084291
1657,2028-ex-seven,CZ,S,h_dams,production_TWh,0.4143284745400656
1658,2028-ex-seven,CZ,S,li,production_TWh,0.0344781410082745
1659,2028-ex-seven,CZ,S,pump_open,production_TWh,0.2227507600491633
1660,2028-ex-seven,CZ,S,pump,production_TWh,0.2968321709400854
1661,2028-ex-seven,CZ,S,TOTAL,production_TWh,112.62197222720766
1662,2028-ex-seven,CZ,W,nuclear,production_TWh,14.708391969112927
1663,2028-ex-seven,CZ,W,solar,production_TWh,2.2834868425197192
1664,2028-ex-seven,CZ,W,onshore,production_TWh,0.7653287405571514
1665,2028-ex-seven,CZ,W,waste,production_TWh,0.6541759244635301
1666,2028-ex-seven,CZ,W,gas_ccgt,production_TWh,2.594953529604669
1667,2028-ex-seven,CZ,W,gas_chp,production_TWh,2.153428743019783
1668,2028-ex-seven,CZ,W,biogas,production_TWh,0.5716311914527326
1669,2028-ex-seven,CZ,W,lig_sc,production_TWh,0.416181175099808
1670,2028-ex-seven,CZ,W,bio,production_TWh,0.0
1671,2028-ex-seven,CZ,W,gas_eng_chp,production_TWh,0.8484753638570081
1672,2028-ex-seven,CZ,W,lig,production_TWh,0.2817176246147114
1673,2028-ex-seven,CZ,W,lig_ex,production_TWh,1.7814016511447974
1674,2028-ex-seven,CZ,W,coal,production_TWh,0.0
1675,2028-ex-seven,CZ,W,coal_ex,production_TWh,0.1283315428777163
1676,2028-ex-seven,CZ,W,gas_peak,production_TWh,0.0177590475
1677,2028-ex-seven,CZ,W,lig_old,production_TWh,0.0
1678,2028-ex-seven,CZ,W,b_CHP,production_TWh,0.0021086116666666
1679,2028-ex-seven,CZ,W,lig_bp,production_TWh,1.3271889672340875
1680,2028-ex-seven,CZ,W,coal_bp,production_TWh,0.0
1681,2028-ex-seven,CZ,W,dsr,production_TWh,0.0
1682,2028-ex-seven,CZ,W,eens,production_TWh,0.0
1683,2028-ex-seven,CZ,W,h_ror,production_TWh,0.6322768736703326
1684,2028-ex-seven,CZ,W,h_dams,production_TWh,0.5084843826027914
1685,2028-ex-seven,CZ,W,li,production_TWh,0.0477316484605424
1686,2028-ex-seven,CZ,W,pump_open,production_TWh,0.1203786472802367
1687,2028-ex-seven,CZ,W,pump,production_TWh,0.1377939619310062
1688,2028-ex-seven,CZ,W,TOTAL,production_TWh,112.62197222720766
1689,2028-ex-seven,CZ,Y,gas_chp,production_el_eq_TWh,3.5712767999998847
1690,2028-ex-seven,CZ,Y,gas_eng_chp,production_el_eq_TWh,1.5478920000001029
1691,2028-ex-seven,CZ,Y,lig_ex,production_el_eq_TWh,6.478475519999833
1692,2028-ex-seven,CZ,Y,coal_ex,production_el_eq_TWh,0.4538211646452795
1693,2028-ex-seven,CZ,Y,b_CHP,production_el_eq_TWh,0.0052715291666666
1694,2028-ex-seven,CZ,Y,lig_bp,production_el_eq_TWh,1.6743513600000972
1695,2028-ex-seven,CZ,Y,coal_bp,production_el_eq_TWh,0.0
1696,2028-ex-seven,CZ,Y,eens,production_el_eq_TWh,0.0
1697,2028-ex-seven,CZ,S,gas_chp,production_el_eq_TWh,1.2012352730784617
1698,2028-ex-seven,CZ,S,gas_eng_chp,production_el_eq_TWh,0.6994166361430951
1699,2028-ex-seven,CZ,S,lig_ex,production_el_eq_TWh,2.3123479482158515
1700,2028-ex-seven,CZ,S,coal_ex,production_el_eq_TWh,0.1550915730719437
1701,2028-ex-seven,CZ,S,b_CHP,production_el_eq_TWh,1.6074055666751176e-19
1702,2028-ex-seven,CZ,S,lig_bp,production_el_eq_TWh,0.3471623927660096
1703,2028-ex-seven,CZ,S,coal_bp,production_el_eq_TWh,0.0
1704,2028-ex-seven,CZ,S,eens,production_el_eq_TWh,0.0
1705,2028-ex-seven,CZ,W,gas_chp,production_el_eq_TWh,2.3700415269214234
1706,2028-ex-seven,CZ,W,gas_eng_chp,production_el_eq_TWh,0.8484753638570081
1707,2028-ex-seven,CZ,W,lig_ex,production_el_eq_TWh,4.166127571783981
1708,2028-ex-seven,CZ,W,coal_ex,production_el_eq_TWh,0.2987295915733357
1709,2028-ex-seven,CZ,W,b_CHP,production_el_eq_TWh,0.0052715291666666
1710,2028-ex-seven,CZ,W,lig_bp,production_el_eq_TWh,1.3271889672340875
1711,2028-ex-seven,CZ,W,coal_bp,production_el_eq_TWh,0.0
1712,2028-ex-seven,CZ,W,eens,production_el_eq_TWh,0.0
1713,2028-ex-seven,CZ,Y,solar,production_used_TWh,7.041035388528446
1714,2028-ex-seven,CZ,Y,onshore,production_used_TWh,1.1342653739984174
1715,2028-ex-seven,CZ,S,solar,production_used_TWh,4.757595144393252
1716,2028-ex-seven,CZ,S,onshore,production_used_TWh,0.3689367393062049
1717,2028-ex-seven,CZ,W,solar,production_used_TWh,2.2834402441351926
1718,2028-ex-seven,CZ,W,onshore,production_used_TWh,0.7653286346922124
1719,2028-ex-seven,CZ,Y,solar,production_excess_TWh,0.001577499936046
1720,2028-ex-seven,CZ,Y,onshore,production_excess_TWh,2.3258851422281253e-05
1721,2028-ex-seven,CZ,S,solar,production_excess_TWh,0.0015309015515196
1722,2028-ex-seven,CZ,S,onshore,production_excess_TWh,2.315298648332381e-05
1723,2028-ex-seven,CZ,W,solar,production_excess_TWh,4.65983845264077e-05
1724,2028-ex-seven,CZ,W,onshore,production_excess_TWh,1.058649389574408e-07
1725,2028-ex-seven,CZ,Y,h_ror,discharged_TWh,1.1911873223787617
1726,2028-ex-seven,CZ,Y,h_dams,discharged_TWh,0.9228128571428572
1727,2028-ex-seven,CZ,Y,li,discharged_TWh,0.082209789468817
1728,2028-ex-seven,CZ,Y,pump_open,discharged_TWh,0.3431294073294
1729,2028-ex-seven,CZ,Y,pump,discharged_TWh,0.4346261328710916
1730,2028-ex-seven,CZ,Y,TOTAL,discharged_TWh,2.973965509190928
1731,2028-ex-seven,CZ,S,h_ror,discharged_TWh,0.5589104487084291
1732,2028-ex-seven,CZ,S,h_dams,discharged_TWh,0.4143284745400656
1733,2028-ex-seven,CZ,S,li,discharged_TWh,0.0344781410082745
1734,2028-ex-seven,CZ,S,pump_open,discharged_TWh,0.2227507600491633
1735,2028-ex-seven,CZ,S,pump,discharged_TWh,0.2968321709400854
1736,2028-ex-seven,CZ,S,TOTAL,discharged_TWh,5.947931018381856
1737,2028-ex-seven,CZ,W,h_ror,discharged_TWh,0.6322768736703326
1738,2028-ex-seven,CZ,W,h_dams,discharged_TWh,0.5084843826027914
1739,2028-ex-seven,CZ,W,li,discharged_TWh,0.0477316484605424
1740,2028-ex-seven,CZ,W,pump_open,discharged_TWh,0.1203786472802367
1741,2028-ex-seven,CZ,W,pump,discharged_TWh,0.1377939619310062
1742,2028-ex-seven,CZ,W,TOTAL,discharged_TWh,5.947931018381856
1743,2028-ex-seven,CZ,Y,h_ror,charged_TWh,0.0
1744,2028-ex-seven,CZ,Y,h_dams,charged_TWh,0.0
1745,2028-ex-seven,CZ,Y,li,charged_TWh,0.1211792848664323
1746,2028-ex-seven,CZ,Y,pump_open,charged_TWh,0.4314289387511508
1747,2028-ex-seven,CZ,Y,pump,charged_TWh,0.6036474067654051
1748,2028-ex-seven,CZ,Y,TOTAL,charged_TWh,1.1562556303829885
1749,2028-ex-seven,CZ,S,h_ror,charged_TWh,0.0
1750,2028-ex-seven,CZ,S,h_dams,charged_TWh,0.0
1751,2028-ex-seven,CZ,S,li,charged_TWh,0.0616362798456436
1752,2028-ex-seven,CZ,S,pump_open,charged_TWh,0.2843273260516821
1753,2028-ex-seven,CZ,S,pump,charged_TWh,0.4083068139163414
1754,2028-ex-seven,CZ,S,TOTAL,charged_TWh,2.312511260765977
1755,2028-ex-seven,CZ,W,h_ror,charged_TWh,0.0
1756,2028-ex-seven,CZ,W,h_dams,charged_TWh,0.0
1757,2028-ex-seven,CZ,W,li,charged_TWh,0.0595430050207886
1758,2028-ex-seven,CZ,W,pump_open,charged_TWh,0.1471016126994687
1759,2028-ex-seven,CZ,W,pump,charged_TWh,0.1953405928490637
1760,2028-ex-seven,CZ,W,TOTAL,charged_TWh,2.312511260765977
1761,2028-ex-seven,CZ,Y,h_ror,inflow_TWh,1.19912
1762,2028-ex-seven,CZ,Y,h_dams,inflow_TWh,0.922812857142857
1763,2028-ex-seven,CZ,Y,pump_open,inflow_TWh,0.0325005714285714
1764,2028-ex-seven,CZ,S,h_ror,inflow_TWh,0.564377
1765,2028-ex-seven,CZ,S,h_dams,inflow_TWh,0.41548
1766,2028-ex-seven,CZ,S,pump_open,inflow_TWh,0.015631
1767,2028-ex-seven,CZ,W,h_ror,inflow_TWh,0.634743
1768,2028-ex-seven,CZ,W,h_dams,inflow_TWh,0.507332857142857
1769,2028-ex-seven,CZ,W,pump_open,inflow_TWh,0.0168695714285714
1770,2028-ex-seven,CZ,Y,gas_chp,heat_production_PJ,3.354992605117144
1771,2028-ex-seven,CZ,Y,gas_eng_chp,heat_production_PJ,5.572411200000371
1772,2028-ex-seven,CZ,Y,lig_ex,heat_production_PJ,37.99974226174933
1773,2028-ex-seven,CZ,Y,coal_ex,heat_production_PJ,2.6545176561321093
1774,2028-ex-seven,CZ,Y,b_CHP,heat_production_PJ,0.034159509
1775,2028-ex-seven,CZ,Y,lig_bp,heat_production_PJ,18.082994688001047
1776,2028-ex-seven,CZ,Y,coal_bp,heat_production_PJ,0.0
1777,2028-ex-seven,CZ,Y,eens,heat_production_PJ,-5.326683094608569e-18
1778,2028-ex-seven,CZ,S,gas_chp,heat_production_PJ,1.79538056102533
1779,2028-ex-seven,CZ,S,gas_eng_chp,heat_production_PJ,2.5178998901151424
1780,2028-ex-seven,CZ,S,lig_ex,heat_production_PJ,13.96170498170636
1781,2028-ex-seven,CZ,S,coal_ex,heat_production_PJ,0.9369053252802656
1782,2028-ex-seven,CZ,S,b_CHP,heat_production_PJ,1.041598807205476e-18
1783,2028-ex-seven,CZ,S,lig_bp,heat_production_PJ,3.749353841872902
1784,2028-ex-seven,CZ,S,coal_bp,heat_production_PJ,0.0
1785,2028-ex-seven,CZ,S,eens,heat_production_PJ,-5.326683094608569e-18
1786,2028-ex-seven,CZ,W,gas_chp,heat_production_PJ,1.5596120440918133
1787,2028-ex-seven,CZ,W,gas_eng_chp,heat_production_PJ,3.054511309885229
1788,2028-ex-seven,CZ,W,lig_ex,heat_production_PJ,24.03803728004297
1789,2028-ex-seven,CZ,W,coal_ex,heat_production_PJ,1.7176123308518436
1790,2028-ex-seven,CZ,W,b_CHP,heat_production_PJ,0.034159509
1791,2028-ex-seven,CZ,W,lig_bp,heat_production_PJ,14.333640846128144
1792,2028-ex-seven,CZ,W,coal_bp,heat_production_PJ,0.0
1793,2028-ex-seven,CZ,W,eens,heat_production_PJ,0.0
1794,2028-ex-seven,CZ,Y,waste,production_hours,6668.0
1795,2028-ex-seven,CZ,Y,gas_ccgt,production_hours,7947.0
1796,2028-ex-seven,CZ,Y,gas_chp,production_hours,8164.0
1797,2028-ex-seven,CZ,Y,biogas,production_hours,2784.0
1798,2028-ex-seven,CZ,Y,lig_sc,production_hours,1111.0
1799,2028-ex-seven,CZ,Y,bio,production_hours,0.0
1800,2028-ex-seven,CZ,Y,gas_eng_chp,production_hours,5423.0
1801,2028-ex-seven,CZ,Y,lig,production_hours,471.0
1802,2028-ex-seven,CZ,Y,lig_ex,production_hours,8760.0
1803,2028-ex-seven,CZ,Y,coal,production_hours,0.0
1804,2028-ex-seven,CZ,Y,coal_ex,production_hours,8745.0
1805,2028-ex-seven,CZ,Y,gas_peak,production_hours,218.0
1806,2028-ex-seven,CZ,Y,lig_old,production_hours,0.0
1807,2028-ex-seven,CZ,Y,b_CHP,production_hours,36.0
1808,2028-ex-seven,CZ,Y,lig_bp,production_hours,6644.0
1809,2028-ex-seven,CZ,Y,coal_bp,production_hours,0.0
1810,2028-ex-seven,CZ,Y,dsr,production_hours,0.0
1811,2028-ex-seven,CZ,Y,eens,production_hours,0.0
1812,2028-ex-seven,CZ,Y,h_ror,production_hours,8760.0
1813,2028-ex-seven,CZ,Y,h_dams,production_hours,8760.0
1814,2028-ex-seven,CZ,Y,li,production_hours,951.0
1815,2028-ex-seven,CZ,Y,pump_open,production_hours,1185.0
1816,2028-ex-seven,CZ,Y,pump,production_hours,938.0
1817,2028-ex-seven,CZ,S,waste,production_hours,3046.0
1818,2028-ex-seven,CZ,S,gas_ccgt,production_hours,3697.0
1819,2028-ex-seven,CZ,S,gas_chp,production_hours,3843.0
1820,2028-ex-seven,CZ,S,biogas,production_hours,525.0
1821,2028-ex-seven,CZ,S,lig_sc,production_hours,0.0
1822,2028-ex-seven,CZ,S,bio,production_hours,0.0
1823,2028-ex-seven,CZ,S,gas_eng_chp,production_hours,2412.0
1824,2028-ex-seven,CZ,S,lig,production_hours,0.0
1825,2028-ex-seven,CZ,S,lig_ex,production_hours,4368.0
1826,2028-ex-seven,CZ,S,coal,production_hours,0.0
1827,2028-ex-seven,CZ,S,coal_ex,production_hours,4368.0
1828,2028-ex-seven,CZ,S,gas_peak,production_hours,0.0
1829,2028-ex-seven,CZ,S,lig_old,production_hours,0.0
1830,2028-ex-seven,CZ,S,b_CHP,production_hours,0.0
1831,2028-ex-seven,CZ,S,lig_bp,production_hours,2284.0
1832,2028-ex-seven,CZ,S,coal_bp,production_hours,0.0
1833,2028-ex-seven,CZ,S,dsr,production_hours,0.0
1834,2028-ex-seven,CZ,S,eens,production_hours,0.0
1835,2028-ex-seven,CZ,S,h_ror,production_hours,4368.0
1836,2028-ex-seven,CZ,S,h_dams,production_hours,4368.0
1837,2028-ex-seven,CZ,S,li,production_hours,398.0
1838,2028-ex-seven,CZ,S,pump_open,production_hours,754.0
1839,2028-ex-seven,CZ,S,pump,production_hours,655.0
1840,2028-ex-seven,CZ,W,waste,production_hours,3622.0
1841,2028-ex-seven,CZ,W,gas_ccgt,production_hours,4250.0
1842,2028-ex-seven,CZ,W,gas_chp,production_hours,4321.0
1843,2028-ex-seven,CZ,W,biogas,production_hours,2259.0
1844,2028-ex-seven,CZ,W,lig_sc,production_hours,1111.0
1845,2028-ex-seven,CZ,W,bio,production_hours,0.0
1846,2028-ex-seven,CZ,W,gas_eng_chp,production_hours,3011.0
1847,2028-ex-seven,CZ,W,lig,production_hours,471.0
1848,2028-ex-seven,CZ,W,lig_ex,production_hours,4392.0
1849,2028-ex-seven,CZ,W,coal,production_hours,0.0
1850,2028-ex-seven,CZ,W,coal_ex,production_hours,4377.0
1851,2028-ex-seven,CZ,W,gas_peak,production_hours,218.0
1852,2028-ex-seven,CZ,W,lig_old,production_hours,0.0
1853,2028-ex-seven,CZ,W,b_CHP,production_hours,36.0
1854,2028-ex-seven,CZ,W,lig_bp,production_hours,4360.0
1855,2028-ex-seven,CZ,W,coal_bp,production_hours,0.0
1856,2028-ex-seven,CZ,W,dsr,production_hours,0.0
1857,2028-ex-seven,CZ,W,eens,production_hours,0.0
1858,2028-ex-seven,CZ,W,h_ror,production_hours,4392.0
1859,2028-ex-seven,CZ,W,h_dams,production_hours,4392.0
1860,2028-ex-seven,CZ,W,li,production_hours,553.0
1861,2028-ex-seven,CZ,W,pump_open,production_hours,431.0
1862,2028-ex-seven,CZ,W,pump,production_hours,283.0
1863,2028-ex-seven,CZ,Y,nuclear,capex_mn_EUR_per_yr,2738.469079112492
1864,2028-ex-seven,CZ,Y,solar,capex_mn_EUR_per_yr,362.9795164565344
1865,2028-ex-seven,CZ,Y,onshore,capex_mn_EUR_per_yr,68.82996852045387
1866,2028-ex-seven,CZ,Y,waste,capex_mn_EUR_per_yr,228.2938717209026
1867,2028-ex-seven,CZ,Y,gas_ccgt,capex_mn_EUR_per_yr,76.18061222457844
1868,2028-ex-seven,CZ,Y,gas_chp,capex_mn_EUR_per_yr,138.841538451773
1869,2028-ex-seven,CZ,Y,biogas,capex_mn_EUR_per_yr,16.217086196531145
1870,2028-ex-seven,CZ,Y,lig_sc,capex_mn_EUR_per_yr,144.15255774515765
1871,2028-ex-seven,CZ,Y,bio,capex_mn_EUR_per_yr,0.0
1872,2028-ex-seven,CZ,Y,gas_eng_chp,capex_mn_EUR_per_yr,22.59441391073202
1873,2028-ex-seven,CZ,Y,lig,capex_mn_EUR_per_yr,321.06706043239666
1874,2028-ex-seven,CZ,Y,lig_ex,capex_mn_EUR_per_yr,458.8856421554186
1875,2028-ex-seven,CZ,Y,coal,capex_mn_EUR_per_yr,0.0
1876,2028-ex-seven,CZ,Y,coal_ex,capex_mn_EUR_per_yr,26.048184884115727
1877,2028-ex-seven,CZ,Y,gas_peak,capex_mn_EUR_per_yr,7.893982066856129
1878,2028-ex-seven,CZ,Y,lig_old,capex_mn_EUR_per_yr,0.0
1879,2028-ex-seven,CZ,Y,b_CHP,capex_mn_EUR_per_yr,109.81713302115293
1880,2028-ex-seven,CZ,Y,lig_bp,capex_mn_EUR_per_yr,118.59824069033428
1881,2028-ex-seven,CZ,Y,coal_bp,capex_mn_EUR_per_yr,0.0
1882,2028-ex-seven,CZ,Y,dsr,capex_mn_EUR_per_yr,0.0
1883,2028-ex-seven,CZ,Y,h_ror,capex_mn_EUR_per_yr,84.30517292657983
1884,2028-ex-seven,CZ,Y,h_dams,capex_mn_EUR_per_yr,123.71530195731836
1885,2028-ex-seven,CZ,Y,li,capex_mn_EUR_per_yr,4.011568788183623
1886,2028-ex-seven,CZ,Y,pump_open,capex_mn_EUR_per_yr,95.4781476517892
1887,2028-ex-seven,CZ,Y,pump,capex_mn_EUR_per_yr,137.73230661258106
1888,2028-ex-seven,CZ,S,nuclear,capex_mn_EUR_per_yr,2738.469079112492
1889,2028-ex-seven,CZ,S,solar,capex_mn_EUR_per_yr,362.9795164565344
1890,2028-ex-seven,CZ,S,onshore,capex_mn_EUR_per_yr,68.82996852045387
1891,2028-ex-seven,CZ,S,waste,capex_mn_EUR_per_yr,228.2938717209026
1892,2028-ex-seven,CZ,S,gas_ccgt,capex_mn_EUR_per_yr,76.18061222457844
1893,2028-ex-seven,CZ,S,gas_chp,capex_mn_EUR_per_yr,138.841538451773
1894,2028-ex-seven,CZ,S,biogas,capex_mn_EUR_per_yr,16.217086196531145
1895,2028-ex-seven,CZ,S,lig_sc,capex_mn_EUR_per_yr,144.15255774515765
1896,2028-ex-seven,CZ,S,bio,capex_mn_EUR_per_yr,0.0
1897,2028-ex-seven,CZ,S,gas_eng_chp,capex_mn_EUR_per_yr,22.59441391073202
1898,2028-ex-seven,CZ,S,lig,capex_mn_EUR_per_yr,321.06706043239666
1899,2028-ex-seven,CZ,S,lig_ex,capex_mn_EUR_per_yr,458.8856421554186
1900,2028-ex-seven,CZ,S,coal,capex_mn_EUR_per_yr,0.0
1901,2028-ex-seven,CZ,S,coal_ex,capex_mn_EUR_per_yr,26.048184884115727
1902,2028-ex-seven,CZ,S,gas_peak,capex_mn_EUR_per_yr,7.893982066856129
1903,2028-ex-seven,CZ,S,lig_old,capex_mn_EUR_per_yr,0.0
1904,2028-ex-seven,CZ,S,b_CHP,capex_mn_EUR_per_yr,109.81713302115293
1905,2028-ex-seven,CZ,S,lig_bp,capex_mn_EUR_per_yr,118.59824069033428
1906,2028-ex-seven,CZ,S,coal_bp,capex_mn_EUR_per_yr,0.0
1907,2028-ex-seven,CZ,S,dsr,capex_mn_EUR_per_yr,0.0
1908,2028-ex-seven,CZ,S,h_ror,capex_mn_EUR_per_yr,84.30517292657983
1909,2028-ex-seven,CZ,S,h_dams,capex_mn_EUR_per_yr,123.71530195731836
1910,2028-ex-seven,CZ,S,li,capex_mn_EUR_per_yr,4.011568788183623
1911,2028-ex-seven,CZ,S,pump_open,capex_mn_EUR_per_yr,95.4781476517892
1912,2028-ex-seven,CZ,S,pump,capex_mn_EUR_per_yr,137.73230661258106
1913,2028-ex-seven,CZ,W,nuclear,capex_mn_EUR_per_yr,2738.469079112492
1914,2028-ex-seven,CZ,W,solar,capex_mn_EUR_per_yr,362.9795164565344
1915,2028-ex-seven,CZ,W,onshore,capex_mn_EUR_per_yr,68.82996852045387
1916,2028-ex-seven,CZ,W,waste,capex_mn_EUR_per_yr,228.2938717209026
1917,2028-ex-seven,CZ,W,gas_ccgt,capex_mn_EUR_per_yr,76.18061222457844
1918,2028-ex-seven,CZ,W,gas_chp,capex_mn_EUR_per_yr,138.841538451773
1919,2028-ex-seven,CZ,W,biogas,capex_mn_EUR_per_yr,16.217086196531145
1920,2028-ex-seven,CZ,W,lig_sc,capex_mn_EUR_per_yr,144.15255774515765
1921,2028-ex-seven,CZ,W,bio,capex_mn_EUR_per_yr,0.0
1922,2028-ex-seven,CZ,W,gas_eng_chp,capex_mn_EUR_per_yr,22.59441391073202
1923,2028-ex-seven,CZ,W,lig,capex_mn_EUR_per_yr,321.06706043239666
1924,2028-ex-seven,CZ,W,lig_ex,capex_mn_EUR_per_yr,458.8856421554186
1925,2028-ex-seven,CZ,W,coal,capex_mn_EUR_per_yr,0.0
1926,2028-ex-seven,CZ,W,coal_ex,capex_mn_EUR_per_yr,26.048184884115727
1927,2028-ex-seven,CZ,W,gas_peak,capex_mn_EUR_per_yr,7.893982066856129
1928,2028-ex-seven,CZ,W,lig_old,capex_mn_EUR_per_yr,0.0
1929,2028-ex-seven,CZ,W,b_CHP,capex_mn_EUR_per_yr,109.81713302115293
1930,2028-ex-seven,CZ,W,lig_bp,capex_mn_EUR_per_yr,118.59824069033428
1931,2028-ex-seven,CZ,W,coal_bp,capex_mn_EUR_per_yr,0.0
1932,2028-ex-seven,CZ,W,dsr,capex_mn_EUR_per_yr,0.0
1933,2028-ex-seven,CZ,W,h_ror,capex_mn_EUR_per_yr,84.30517292657983
1934,2028-ex-seven,CZ,W,h_dams,capex_mn_EUR_per_yr,123.71530195731836
1935,2028-ex-seven,CZ,W,li,capex_mn_EUR_per_yr,4.011568788183623
1936,2028-ex-seven,CZ,W,pump_open,capex_mn_EUR_per_yr,95.4781476517892
1937,2028-ex-seven,CZ,W,pump,capex_mn_EUR_per_yr,137.73230661258106
1938,2028-ex-seven,CZ,Y,nuclear,opex_mn_EUR,586.5749526359082
1939,2028-ex-seven,CZ,Y,solar,opex_mn_EUR,0.0
1940,2028-ex-seven,CZ,Y,onshore,opex_mn_EUR,0.0
1941,2028-ex-seven,CZ,Y,waste,opex_mn_EUR,45.89637921330044
1942,2028-ex-seven,CZ,Y,gas_ccgt,opex_mn_EUR,408.4930238938405
1943,2028-ex-seven,CZ,Y,gas_chp,opex_mn_EUR,270.9435987876437
1944,2028-ex-seven,CZ,Y,biogas,opex_mn_EUR,67.99494033267335
1945,2028-ex-seven,CZ,Y,lig_sc,opex_mn_EUR,43.75083778104883
1946,2028-ex-seven,CZ,Y,bio,opex_mn_EUR,0.0
1947,2028-ex-seven,CZ,Y,gas_eng_chp,opex_mn_EUR,167.5679084000111
1948,2028-ex-seven,CZ,Y,lig,opex_mn_EUR,32.22842376352234
1949,2028-ex-seven,CZ,Y,lig_ex,opex_mn_EUR,301.43705059589354
1950,2028-ex-seven,CZ,Y,coal,opex_mn_EUR,0.0
1951,2028-ex-seven,CZ,Y,coal_ex,opex_mn_EUR,21.447705028167483
1952,2028-ex-seven,CZ,Y,gas_peak,opex_mn_EUR,2.1609493485
1953,2028-ex-seven,CZ,Y,lig_old,opex_mn_EUR,0.0
1954,2028-ex-seven,CZ,Y,b_CHP,opex_mn_EUR,0.363424103975309
1955,2028-ex-seven,CZ,Y,lig_bp,opex_mn_EUR,366.4602950427264
1956,2028-ex-seven,CZ,Y,coal_bp,opex_mn_EUR,0.0
1957,2028-ex-seven,CZ,Y,dsr,opex_mn_EUR,0.0
1958,2028-ex-seven,CZ,Y,h_ror,opex_mn_EUR,2.382374644757524
1959,2028-ex-seven,CZ,Y,h_dams,opex_mn_EUR,2.768438571428572
1960,2028-ex-seven,CZ,Y,li,opex_mn_EUR,0.4110489473440852
1961,2028-ex-seven,CZ,Y,pump_open,opex_mn_EUR,1.3725176293176002
1962,2028-ex-seven,CZ,Y,pump,opex_mn_EUR,1.7385045314843666
1963,2028-ex-seven,CZ,S,nuclear,opex_mn_EUR,284.9058333494021
1964,2028-ex-seven,CZ,S,solar,opex_mn_EUR,0.0
1965,2028-ex-seven,CZ,S,onshore,opex_mn_EUR,0.0
1966,2028-ex-seven,CZ,S,waste,opex_mn_EUR,20.123281736587057
1967,2028-ex-seven,CZ,S,gas_ccgt,opex_mn_EUR,189.2136105608508
1968,2028-ex-seven,CZ,S,gas_chp,opex_mn_EUR,83.36995456849033
1969,2028-ex-seven,CZ,S,biogas,opex_mn_EUR,11.50289677425135
1970,2028-ex-seven,CZ,S,lig_sc,opex_mn_EUR,0.0
1971,2028-ex-seven,CZ,S,bio,opex_mn_EUR,0.0
1972,2028-ex-seven,CZ,S,gas_eng_chp,opex_mn_EUR,75.71573651046862
1973,2028-ex-seven,CZ,S,lig,opex_mn_EUR,0.0
1974,2028-ex-seven,CZ,S,lig_ex,opex_mn_EUR,103.09097835083683
1975,2028-ex-seven,CZ,S,coal,opex_mn_EUR,0.0
1976,2028-ex-seven,CZ,S,coal_ex,opex_mn_EUR,6.988668082342868
1977,2028-ex-seven,CZ,S,gas_peak,opex_mn_EUR,0.0
1978,2028-ex-seven,CZ,S,lig_old,opex_mn_EUR,0.0
1979,2028-ex-seven,CZ,S,b_CHP,opex_mn_EUR,9.759214064219216e-18
1980,2028-ex-seven,CZ,S,lig_bp,opex_mn_EUR,76.43965787521226
1981,2028-ex-seven,CZ,S,coal_bp,opex_mn_EUR,0.0
1982,2028-ex-seven,CZ,S,dsr,opex_mn_EUR,0.0
1983,2028-ex-seven,CZ,S,h_ror,opex_mn_EUR,
1984,2028-ex-seven,CZ,S,h_dams,opex_mn_EUR,1.242985423620197
1985,2028-ex-seven,CZ,S,li,opex_mn_EUR,0.1723907050413729
1986,2028-ex-seven,CZ,S,pump_open,opex_mn_EUR,0.8910030401966533
1987,2028-ex-seven,CZ,S,pump,opex_mn_EUR,1.1873286837603416
1988,2028-ex-seven,CZ,W,nuclear,opex_mn_EUR,301.6691192865061
1989,2028-ex-seven,CZ,W,solar,opex_mn_EUR,0.0
1990,2028-ex-seven,CZ,W,onshore,opex_mn_EUR,0.0
1991,2028-ex-seven,CZ,W,waste,opex_mn_EUR,25.773097476713392
1992,2028-ex-seven,CZ,W,gas_ccgt,opex_mn_EUR,219.2794133329897
1993,2028-ex-seven,CZ,W,gas_chp,opex_mn_EUR,187.57364421915327
1994,2028-ex-seven,CZ,W,biogas,opex_mn_EUR,56.49204355842201
1995,2028-ex-seven,CZ,W,lig_sc,opex_mn_EUR,43.75083778104882
1996,2028-ex-seven,CZ,W,bio,opex_mn_EUR,0.0
1997,2028-ex-seven,CZ,W,gas_eng_chp,opex_mn_EUR,91.85217188954252
1998,2028-ex-seven,CZ,W,lig,opex_mn_EUR,32.228423763522336
1999,2028-ex-seven,CZ,W,lig_ex,opex_mn_EUR,198.34607224505663
2000,2028-ex-seven,CZ,W,coal,opex_mn_EUR,0.0
2001,2028-ex-seven,CZ,W,coal_ex,opex_mn_EUR,14.459036945824614
2002,2028-ex-seven,CZ,W,gas_peak,opex_mn_EUR,2.1609493485
2003,2028-ex-seven,CZ,W,lig_old,opex_mn_EUR,0.0
2004,2028-ex-seven,CZ,W,b_CHP,opex_mn_EUR,0.363424103975309
2005,2028-ex-seven,CZ,W,lig_bp,opex_mn_EUR,290.02063716751417
2006,2028-ex-seven,CZ,W,coal_bp,opex_mn_EUR,0.0
2007,2028-ex-seven,CZ,W,dsr,opex_mn_EUR,0.0
2008,2028-ex-seven,CZ,W,h_ror,opex_mn_EUR,1.2645537473406652
2009,2028-ex-seven,CZ,W,h_dams,opex_mn_EUR,1.5254531478083742
2010,2028-ex-seven,CZ,W,li,opex_mn_EUR,0.2386582423027122
2011,2028-ex-seven,CZ,W,pump_open,opex_mn_EUR,0.4815145891209469
2012,2028-ex-seven,CZ,W,pump,opex_mn_EUR,0.551175847724025
2013,2028-ex-seven,CZ,Y,h_ror,wholesale_expenses_mn_EUR,0.0
2014,2028-ex-seven,CZ,Y,h_dams,wholesale_expenses_mn_EUR,0.0
2015,2028-ex-seven,CZ,Y,li,wholesale_expenses_mn_EUR,6.336554761627601
2016,2028-ex-seven,CZ,Y,pump_open,wholesale_expenses_mn_EUR,19.794265612538908
2017,2028-ex-seven,CZ,Y,pump,wholesale_expenses_mn_EUR,26.63935738562063
2018,2028-ex-seven,CZ,Y,IMPORT_EXPORT,wholesale_expenses_mn_EUR,1077.8527805726758
2019,2028-ex-seven,CZ,S,h_ror,wholesale_expenses_mn_EUR,0.0
2020,2028-ex-seven,CZ,S,h_dams,wholesale_expenses_mn_EUR,0.0
2021,2028-ex-seven,CZ,S,li,wholesale_expenses_mn_EUR,2.0920906172998417
2022,2028-ex-seven,CZ,S,pump_open,wholesale_expenses_mn_EUR,11.146948683438826
2023,2028-ex-seven,CZ,S,pump,wholesale_expenses_mn_EUR,15.617586091201396
2024,2028-ex-seven,CZ,S,IMPORT_EXPORT,wholesale_expenses_mn_EUR,426.873390083705
2025,2028-ex-seven,CZ,W,h_ror,wholesale_expenses_mn_EUR,0.0
2026,2028-ex-seven,CZ,W,h_dams,wholesale_expenses_mn_EUR,0.0
2027,2028-ex-seven,CZ,W,li,wholesale_expenses_mn_EUR,4.244464144327758
2028,2028-ex-seven,CZ,W,pump_open,wholesale_expenses_mn_EUR,8.647316929100082
2029,2028-ex-seven,CZ,W,pump,wholesale_expenses_mn_EUR,11.021771294419237
2030,2028-ex-seven,CZ,W,IMPORT_EXPORT,wholesale_expenses_mn_EUR,650.9793904889705
2031,2028-ex-seven,CZ,Y,nuclear,wholesale_revenues_mn_EUR,2578.2854475406025
2032,2028-ex-seven,CZ,Y,solar,wholesale_revenues_mn_EUR,445.5828202149113
2033,2028-ex-seven,CZ,Y,onshore,wholesale_revenues_mn_EUR,101.36527158377584
2034,2028-ex-seven,CZ,Y,waste,wholesale_revenues_mn_EUR,113.851773698655
2035,2028-ex-seven,CZ,Y,gas_ccgt,wholesale_revenues_mn_EUR,456.71131077063455
2036,2028-ex-seven,CZ,Y,gas_chp,wholesale_revenues_mn_EUR,311.655628460503
2037,2028-ex-seven,CZ,Y,biogas,wholesale_revenues_mn_EUR,74.1099227135577
2038,2028-ex-seven,CZ,Y,lig_sc,wholesale_revenues_mn_EUR,46.51483791926229
2039,2028-ex-seven,CZ,Y,bio,wholesale_revenues_mn_EUR,0.0
2040,2028-ex-seven,CZ,Y,gas_eng_chp,wholesale_revenues_mn_EUR,158.58428291035503
2041,2028-ex-seven,CZ,Y,lig,wholesale_revenues_mn_EUR,33.83606442581197
2042,2028-ex-seven,CZ,Y,lig_ex,wholesale_revenues_mn_EUR,252.0513623824867
2043,2028-ex-seven,CZ,Y,coal,wholesale_revenues_mn_EUR,0.0
2044,2028-ex-seven,CZ,Y,coal_ex,wholesale_revenues_mn_EUR,17.81746575392147
2045,2028-ex-seven,CZ,Y,gas_peak,wholesale_revenues_mn_EUR,2.330453771567016
2046,2028-ex-seven,CZ,Y,lig_old,wholesale_revenues_mn_EUR,0.0
2047,2028-ex-seven,CZ,Y,b_CHP,wholesale_revenues_mn_EUR,0.2925624108663233
2048,2028-ex-seven,CZ,Y,lig_bp,wholesale_revenues_mn_EUR,161.73715330388993
2049,2028-ex-seven,CZ,Y,coal_bp,wholesale_revenues_mn_EUR,0.0
2050,2028-ex-seven,CZ,Y,dsr,wholesale_revenues_mn_EUR,0.0
2051,2028-ex-seven,CZ,Y,h_ror,wholesale_revenues_mn_EUR,108.24881896864882
2052,2028-ex-seven,CZ,Y,h_dams,wholesale_revenues_mn_EUR,93.78291872643952
2053,2028-ex-seven,CZ,Y,li,wholesale_revenues_mn_EUR,8.703691245036374
2054,2028-ex-seven,CZ,Y,pump_open,wholesale_revenues_mn_EUR,36.083548703177904
2055,2028-ex-seven,CZ,Y,pump,wholesale_revenues_mn_EUR,45.13068836409595
2056,2028-ex-seven,CZ,Y,IMPORT_EXPORT,wholesale_revenues_mn_EUR,18.97704809075144
2057,2028-ex-seven,CZ,S,nuclear,wholesale_revenues_mn_EUR,1165.5106695684926
2058,2028-ex-seven,CZ,S,solar,wholesale_revenues_mn_EUR,278.46821526856064
2059,2028-ex-seven,CZ,S,onshore,wholesale_revenues_mn_EUR,30.456376863419106
2060,2028-ex-seven,CZ,S,waste,wholesale_revenues_mn_EUR,46.962600405435055
2061,2028-ex-seven,CZ,S,gas_ccgt,wholesale_revenues_mn_EUR,201.4019905629848
2062,2028-ex-seven,CZ,S,gas_chp,wholesale_revenues_mn_EUR,89.08427447645735
2063,2028-ex-seven,CZ,S,biogas,wholesale_revenues_mn_EUR,11.682087975046349
2064,2028-ex-seven,CZ,S,lig_sc,wholesale_revenues_mn_EUR,0.0
2065,2028-ex-seven,CZ,S,bio,wholesale_revenues_mn_EUR,0.0
2066,2028-ex-seven,CZ,S,gas_eng_chp,wholesale_revenues_mn_EUR,68.22710513638924
2067,2028-ex-seven,CZ,S,lig,wholesale_revenues_mn_EUR,0.0
2068,2028-ex-seven,CZ,S,lig_ex,wholesale_revenues_mn_EUR,76.53397751119627
2069,2028-ex-seven,CZ,S,coal,wholesale_revenues_mn_EUR,0.0
2070,2028-ex-seven,CZ,S,coal_ex,wholesale_revenues_mn_EUR,5.128846055693899
2071,2028-ex-seven,CZ,S,gas_peak,wholesale_revenues_mn_EUR,0.0
2072,2028-ex-seven,CZ,S,lig_old,wholesale_revenues_mn_EUR,0.0
2073,2028-ex-seven,CZ,S,b_CHP,wholesale_revenues_mn_EUR,2.404122065593559e-19
2074,2028-ex-seven,CZ,S,lig_bp,wholesale_revenues_mn_EUR,31.307291658161123
2075,2028-ex-seven,CZ,S,coal_bp,wholesale_revenues_mn_EUR,0.0
2076,2028-ex-seven,CZ,S,dsr,wholesale_revenues_mn_EUR,0.0
2077,2028-ex-seven,CZ,S,h_ror,wholesale_revenues_mn_EUR,47.55145311245835
2078,2028-ex-seven,CZ,S,h_dams,wholesale_revenues_mn_EUR,39.21431197123817
2079,2028-ex-seven,CZ,S,li,wholesale_revenues_mn_EUR,3.415495887578015
2080,2028-ex-seven,CZ,S,pump_open,wholesale_revenues_mn_EUR,22.09544563747107
2081,2028-ex-seven,CZ,S,pump,wholesale_revenues_mn_EUR,29.311198913708456
2082,2028-ex-seven,CZ,S,IMPORT_EXPORT,wholesale_revenues_mn_EUR,3.0712573522466853
2083,2028-ex-seven,CZ,W,nuclear,wholesale_revenues_mn_EUR,1412.77477797211
2084,2028-ex-seven,CZ,W,solar,wholesale_revenues_mn_EUR,167.11460494635062
2085,2028-ex-seven,CZ,W,onshore,wholesale_revenues_mn_EUR,70.90889472035673
2086,2028-ex-seven,CZ,W,waste,wholesale_revenues_mn_EUR,66.88917329321994
2087,2028-ex-seven,CZ,W,gas_ccgt,wholesale_revenues_mn_EUR,255.30932020764976
2088,2028-ex-seven,CZ,W,gas_chp,wholesale_revenues_mn_EUR,222.57135398404563
2089,2028-ex-seven,CZ,W,biogas,wholesale_revenues_mn_EUR,62.427834738511336
2090,2028-ex-seven,CZ,W,lig_sc,wholesale_revenues_mn_EUR,46.51483791926229
2091,2028-ex-seven,CZ,W,bio,wholesale_revenues_mn_EUR,0.0
2092,2028-ex-seven,CZ,W,gas_eng_chp,wholesale_revenues_mn_EUR,90.35717777396576
2093,2028-ex-seven,CZ,W,lig,wholesale_revenues_mn_EUR,33.83606442581197
2094,2028-ex-seven,CZ,W,lig_ex,wholesale_revenues_mn_EUR,175.5173848712904
2095,2028-ex-seven,CZ,W,coal,wholesale_revenues_mn_EUR,0.0
2096,2028-ex-seven,CZ,W,coal_ex,wholesale_revenues_mn_EUR,12.688619698227573
2097,2028-ex-seven,CZ,W,gas_peak,wholesale_revenues_mn_EUR,2.330453771567016
2098,2028-ex-seven,CZ,W,lig_old,wholesale_revenues_mn_EUR,0.0
2099,2028-ex-seven,CZ,W,b_CHP,wholesale_revenues_mn_EUR,0.2925624108663233
2100,2028-ex-seven,CZ,W,lig_bp,wholesale_revenues_mn_EUR,130.4298616457288
2101,2028-ex-seven,CZ,W,coal_bp,wholesale_revenues_mn_EUR,0.0
2102,2028-ex-seven,CZ,W,dsr,wholesale_revenues_mn_EUR,0.0
2103,2028-ex-seven,CZ,W,h_ror,wholesale_revenues_mn_EUR,60.69736585619047
2104,2028-ex-seven,CZ,W,h_dams,wholesale_revenues_mn_EUR,54.56860675520137
2105,2028-ex-seven,CZ,W,li,wholesale_revenues_mn_EUR,5.288195357458359
2106,2028-ex-seven,CZ,W,pump_open,wholesale_revenues_mn_EUR,13.98810306570684
2107,2028-ex-seven,CZ,W,pump,wholesale_revenues_mn_EUR,15.8194894503875
2108,2028-ex-seven,CZ,W,IMPORT_EXPORT,wholesale_revenues_mn_EUR,15.905790738504754
2109,2028-ex-seven,CZ,Y,TOTAL,avg_consumer_price_EUR_per_MWh,90.86637861557313
2110,2028-ex-seven,CZ,S,TOTAL,avg_consumer_price_EUR_per_MWh,83.44308038059064
2111,2028-ex-seven,CZ,W,TOTAL,avg_consumer_price_EUR_per_MWh,97.11945160025392
2112,2028-ex-seven,CZ,Y,TOTAL,avg_producer_price_EUR_per_MWh,89.14495605454594
2113,2028-ex-seven,CZ,S,TOTAL,avg_producer_price_EUR_per_MWh,80.82921860865561
2114,2028-ex-seven,CZ,W,TOTAL,avg_producer_price_EUR_per_MWh,96.37305895939372
2115,2028-ex-seven,CZ,Y,nuclear,capacity_factor,0.7964817503918005
2116,2028-ex-seven,CZ,Y,solar,capacity_factor,0.114850177567914
2117,2028-ex-seven,CZ,Y,onshore,capacity_factor,0.2589700074999634
2118,2028-ex-seven,CZ,Y,waste,capacity_factor,0.6666666666665841
2119,2028-ex-seven,CZ,Y,gas_ccgt,capacity_factor,0.8848524774660295
2120,2028-ex-seven,CZ,Y,gas_chp,capacity_factor,0.5333333333333161
2121,2028-ex-seven,CZ,Y,biogas,capacity_factor,0.2812429167858639
2122,2028-ex-seven,CZ,Y,lig_sc,capacity_factor,0.1090662685121786
2123,2028-ex-seven,CZ,Y,gas_eng_chp,capacity_factor,0.5333333333333689
2124,2028-ex-seven,CZ,Y,lig,capacity_factor,0.0331473368263182
2125,2028-ex-seven,CZ,Y,lig_ex,capacity_factor,0.5333333333333196
2126,2028-ex-seven,CZ,Y,coal_ex,capacity_factor,0.4511151952580437
2127,2028-ex-seven,CZ,Y,gas_peak,capacity_factor,0.0210616438356164
2128,2028-ex-seven,CZ,Y,b_CHP,capacity_factor,0.0028758553687973
2129,2028-ex-seven,CZ,Y,lig_bp,capacity_factor,0.5333333333333643
2130,2028-ex-seven,CZ,Y,h_ror,capacity_factor,0.3276633444404362
2131,2028-ex-seven,CZ,Y,h_dams,capacity_factor,0.1729785442755279
2132,2028-ex-seven,CZ,Y,li,capacity_factor,0.0938467916310696
2133,2028-ex-seven,CZ,Y,pump_open,capacity_factor,0.0833404758888079
2134,2028-ex-seven,CZ,Y,pump,capacity_factor,0.0731782527294708
2135,2028-ex-seven,CZ,Y,TOTAL,capacity_factor,0.3274671017391538
2136,2028-ex-seven,CZ,S,nuclear,capacity_factor,0.7758452989642761
2137,2028-ex-seven,CZ,S,solar,capacity_factor,0.1556490726695699
2138,2028-ex-seven,CZ,S,onshore,capacity_factor,0.1689376796211942
2139,2028-ex-seven,CZ,S,waste,capacity_factor,0.5719105108279984
2140,2028-ex-seven,CZ,S,gas_ccgt,capacity_factor,0.8123335977879529
2141,2028-ex-seven,CZ,S,gas_chp,capacity_factor,0.359769852614437
2142,2028-ex-seven,CZ,S,biogas,capacity_factor,0.0949703832438837
2143,2028-ex-seven,CZ,S,lig_sc,capacity_factor,0.0
2144,2028-ex-seven,CZ,S,gas_eng_chp,capacity_factor,0.4832985663380226
2145,2028-ex-seven,CZ,S,lig,capacity_factor,0.0
2146,2028-ex-seven,CZ,S,lig_ex,capacity_factor,0.3817689179599572
2147,2028-ex-seven,CZ,S,coal_ex,capacity_factor,0.3091807080849063
2148,2028-ex-seven,CZ,S,gas_peak,capacity_factor,0.0
2149,2028-ex-seven,CZ,S,b_CHP,capacity_factor,1.7586417200308944e-19
2150,2028-ex-seven,CZ,S,lig_bp,capacity_factor,0.2217717779240975
2151,2028-ex-seven,CZ,S,h_ror,capacity_factor,0.3083269609804211
2152,2028-ex-seven,CZ,S,h_dams,capacity_factor,0.1557560262650842
2153,2028-ex-seven,CZ,S,li,capacity_factor,0.0789334730042916
2154,2028-ex-seven,CZ,S,pump_open,capacity_factor,0.1085022406910818
2155,2028-ex-seven,CZ,S,pump,capacity_factor,0.1002302110481989
2156,2028-ex-seven,CZ,S,TOTAL,capacity_factor,1.3134669465361664
2157,2028-ex-seven,CZ,W,nuclear,capacity_factor,0.8170054343251856
2158,2028-ex-seven,CZ,W,solar,capacity_factor,0.0742742272482344
2159,2028-ex-seven,CZ,W,onshore,capacity_factor,0.3485103554449688
2160,2028-ex-seven,CZ,W,waste,capacity_factor,0.7609050293038662
2161,2028-ex-seven,CZ,W,gas_ccgt,capacity_factor,0.9569750791130784
2162,2028-ex-seven,CZ,W,gas_chp,capacity_factor,0.7059483797313272
2163,2028-ex-seven,CZ,W,biogas,capacity_factor,0.4664975676308933
2164,2028-ex-seven,CZ,W,lig_sc,capacity_factor,0.2175365464860394
2165,2028-ex-seven,CZ,W,gas_eng_chp,capacity_factor,0.5830946863014183
2166,2028-ex-seven,CZ,W,lig,capacity_factor,0.0661135406645146
2167,2028-ex-seven,CZ,W,lig_ex,capacity_factor,0.6840695278576472
2168,2028-ex-seven,CZ,W,coal_ex,capacity_factor,0.5922740841406173
2169,2028-ex-seven,CZ,W,gas_peak,capacity_factor,0.0420081967213114
2170,2028-ex-seven,CZ,W,b_CHP,capacity_factor,0.0057359956809346
2171,2028-ex-seven,CZ,W,lig_bp,capacity_factor,0.8431923665819248
2172,2028-ex-seven,CZ,W,h_ror,capacity_factor,0.3468940646028555
2173,2028-ex-seven,CZ,W,h_dams,capacity_factor,0.1901069501656958
2174,2028-ex-seven,CZ,W,li,capacity_factor,0.108678616713439
2175,2028-ex-seven,CZ,W,pump_open,capacity_factor,0.0583162070690601
2176,2028-ex-seven,CZ,W,pump,capacity_factor,0.0462741193195882
2177,2028-ex-seven,CZ,W,TOTAL,capacity_factor,1.306289531527772
2178,2028-ex-seven,CZ,Y,li,capacity_factor_charging,0.011013823117287
2179,2028-ex-seven,CZ,Y,pump_open,capacity_factor_charging,0.1119315428474343
2180,2028-ex-seven,CZ,Y,pump,capacity_factor_charging,0.1037793995786923
2181,2028-ex-seven,CZ,S,li,capacity_factor_charging,0.0112348585004912
2182,2028-ex-seven,CZ,S,pump_open,capacity_factor_charging,0.1479392097754756
2183,2028-ex-seven,CZ,S,pump,capacity_factor_charging,0.1407783654936853
2184,2028-ex-seven,CZ,W,li,capacity_factor_charging,0.0107939955777068
2185,2028-ex-seven,CZ,W,pump_open,capacity_factor_charging,0.07612063912665
2186,2028-ex-seven,CZ,W,pump,capacity_factor_charging,0.0669826138053113
2187,2028-ex-seven,CZ,Y,nuclear,emissions_MtCO2,0.0
2188,2028-ex-seven,CZ,Y,solar,emissions_MtCO2,0.0
2189,2028-ex-seven,CZ,Y,onshore,emissions_MtCO2,0.0
2190,2028-ex-seven,CZ,Y,waste,emissions_MtCO2,0.0
2191,2028-ex-seven,CZ,Y,gas_ccgt,emissions_MtCO2,1.8800796832662168
2192,2028-ex-seven,CZ,Y,gas_chp,emissions_MtCO2,1.4030015999999548
2193,2028-ex-seven,CZ,Y,biogas,emissions_MtCO2,0.0
2194,2028-ex-seven,CZ,Y,lig_sc,emissions_MtCO2,0.3871452791626122
2195,2028-ex-seven,CZ,Y,bio,emissions_MtCO2,0.0
2196,2028-ex-seven,CZ,Y,gas_eng_chp,emissions_MtCO2,0.7567472000000502
2197,2028-ex-seven,CZ,Y,lig,emissions_MtCO2,0.2817176246147114
2198,2028-ex-seven,CZ,Y,lig_ex,emissions_MtCO2,6.478475519999833
2199,2028-ex-seven,CZ,Y,coal,emissions_MtCO2,0.0
2200,2028-ex-seven,CZ,Y,coal_ex,emissions_MtCO2,0.3839327052899065
2201,2028-ex-seven,CZ,Y,gas_peak,emissions_MtCO2,0.0097674761249999
2202,2028-ex-seven,CZ,Y,lig_old,emissions_MtCO2,0.0
2203,2028-ex-seven,CZ,Y,b_CHP,emissions_MtCO2,0.0
2204,2028-ex-seven,CZ,Y,lig_bp,emissions_MtCO2,3.3487027200001944
2205,2028-ex-seven,CZ,Y,coal_bp,emissions_MtCO2,0.0
2206,2028-ex-seven,CZ,Y,dsr,emissions_MtCO2,0.0
2207,2028-ex-seven,CZ,Y,eens,emissions_MtCO2,0.0
2208,2028-ex-seven,CZ,Y,h_ror,emissions_MtCO2,0.0
2209,2028-ex-seven,CZ,Y,h_dams,emissions_MtCO2,0.0
2210,2028-ex-seven,CZ,Y,li,emissions_MtCO2,0.0
2211,2028-ex-seven,CZ,Y,pump_open,emissions_MtCO2,0.0
2212,2028-ex-seven,CZ,Y,pump,emissions_MtCO2,0.0
2213,2028-ex-seven,CZ,Y,TOTAL,emissions_MtCO2,14.92956980845848
2214,2028-ex-seven,CZ,S,nuclear,emissions_MtCO2,0.0
2215,2028-ex-seven,CZ,S,solar,emissions_MtCO2,0.0
2216,2028-ex-seven,CZ,S,onshore,emissions_MtCO2,0.0
2217,2028-ex-seven,CZ,S,waste,emissions_MtCO2,0.0
2218,2028-ex-seven,CZ,S,gas_ccgt,emissions_MtCO2,0.860633653778668
2219,2028-ex-seven,CZ,S,gas_chp,emissions_MtCO2,0.4719138572808242
2220,2028-ex-seven,CZ,S,biogas,emissions_MtCO2,0.0
2221,2028-ex-seven,CZ,S,lig_sc,emissions_MtCO2,0.0
2222,2028-ex-seven,CZ,S,bio,emissions_MtCO2,0.0
2223,2028-ex-seven,CZ,S,gas_eng_chp,emissions_MtCO2,0.3419370221144021
2224,2028-ex-seven,CZ,S,lig,emissions_MtCO2,0.0
2225,2028-ex-seven,CZ,S,lig_ex,emissions_MtCO2,2.3123479482158515
2226,2028-ex-seven,CZ,S,coal,emissions_MtCO2,0.0
2227,2028-ex-seven,CZ,S,coal_ex,emissions_MtCO2,0.1312074708188644
2228,2028-ex-seven,CZ,S,gas_peak,emissions_MtCO2,0.0
2229,2028-ex-seven,CZ,S,lig_old,emissions_MtCO2,0.0
2230,2028-ex-seven,CZ,S,b_CHP,emissions_MtCO2,0.0
2231,2028-ex-seven,CZ,S,lig_bp,emissions_MtCO2,0.6943247855320192
2232,2028-ex-seven,CZ,S,coal_bp,emissions_MtCO2,0.0
2233,2028-ex-seven,CZ,S,dsr,emissions_MtCO2,0.0
2234,2028-ex-seven,CZ,S,eens,emissions_MtCO2,0.0
2235,2028-ex-seven,CZ,S,h_ror,emissions_MtCO2,0.0
2236,2028-ex-seven,CZ,S,h_dams,emissions_MtCO2,0.0
2237,2028-ex-seven,CZ,S,li,emissions_MtCO2,0.0
2238,2028-ex-seven,CZ,S,pump_open,emissions_MtCO2,0.0
2239,2028-ex-seven,CZ,S,pump,emissions_MtCO2,0.0
2240,2028-ex-seven,CZ,S,TOTAL,emissions_MtCO2,29.85913961691696
2241,2028-ex-seven,CZ,W,nuclear,emissions_MtCO2,0.0
2242,2028-ex-seven,CZ,W,solar,emissions_MtCO2,0.0
2243,2028-ex-seven,CZ,W,onshore,emissions_MtCO2,0.0
2244,2028-ex-seven,CZ,W,waste,emissions_MtCO2,0.0
2245,2028-ex-seven,CZ,W,gas_ccgt,emissions_MtCO2,1.0194460294875485
2246,2028-ex-seven,CZ,W,gas_chp,emissions_MtCO2,0.9310877427191306
2247,2028-ex-seven,CZ,W,biogas,emissions_MtCO2,0.0
2248,2028-ex-seven,CZ,W,lig_sc,emissions_MtCO2,0.3871452791626121
2249,2028-ex-seven,CZ,W,bio,emissions_MtCO2,0.0
2250,2028-ex-seven,CZ,W,gas_eng_chp,emissions_MtCO2,0.4148101778856484
2251,2028-ex-seven,CZ,W,lig,emissions_MtCO2,0.2817176246147114
2252,2028-ex-seven,CZ,W,lig_ex,emissions_MtCO2,4.166127571783981
2253,2028-ex-seven,CZ,W,coal,emissions_MtCO2,0.0
2254,2028-ex-seven,CZ,W,coal_ex,emissions_MtCO2,0.252725234471042
2255,2028-ex-seven,CZ,W,gas_peak,emissions_MtCO2,0.0097674761249999
2256,2028-ex-seven,CZ,W,lig_old,emissions_MtCO2,0.0
2257,2028-ex-seven,CZ,W,b_CHP,emissions_MtCO2,0.0
2258,2028-ex-seven,CZ,W,lig_bp,emissions_MtCO2,2.6543779344681755
2259,2028-ex-seven,CZ,W,coal_bp,emissions_MtCO2,0.0
2260,2028-ex-seven,CZ,W,dsr,emissions_MtCO2,0.0
2261,2028-ex-seven,CZ,W,eens,emissions_MtCO2,0.0
2262,2028-ex-seven,CZ,W,h_ror,emissions_MtCO2,0.0
2263,2028-ex-seven,CZ,W,h_dams,emissions_MtCO2,0.0
2264,2028-ex-seven,CZ,W,li,emissions_MtCO2,0.0
2265,2028-ex-seven,CZ,W,pump_open,emissions_MtCO2,0.0
2266,2028-ex-seven,CZ,W,pump,emissions_MtCO2,0.0
2267,2028-ex-seven,CZ,W,TOTAL,emissions_MtCO2,29.85913961691696
2268,2028-ex-seven,CZ,Y,nuclear,power_share_high_value,0.9665923164817584
2269,2028-ex-seven,CZ,Y,solar,power_share_high_value,0.8179902499473216
2270,2028-ex-seven,CZ,Y,onshore,power_share_high_value,0.978629936053942
2271,2028-ex-seven,CZ,S,nuclear,power_share_high_value,0.9458895895812764
2272,2028-ex-seven,CZ,S,solar,power_share_high_value,0.7917218762733811
2273,2028-ex-seven,CZ,S,onshore,power_share_high_value,0.9501246261109524
2274,2028-ex-seven,CZ,W,nuclear,power_share_high_value,0.9861446248987984
2275,2028-ex-seven,CZ,W,solar,power_share_high_value,0.8727374457745211
2276,2028-ex-seven,CZ,W,onshore,power_share_high_value,0.9923721562646696
2277,2028-ex-seven,CZ,Y,nuclear,power_share_low_value,0.0316093114168508
2278,2028-ex-seven,CZ,Y,solar,power_share_low_value,0.1714633672861381
2279,2028-ex-seven,CZ,Y,onshore,power_share_low_value,0.0206459861150416
2280,2028-ex-seven,CZ,S,nuclear,power_share_low_value,0.0516783016245095
2281,2028-ex-seven,CZ,S,solar,power_share_low_value,0.1987887372553158
2282,2028-ex-seven,CZ,S,onshore,power_share_low_value,0.0478557108948419
2283,2028-ex-seven,CZ,W,nuclear,power_share_low_value,0.0126555239257169
2284,2028-ex-seven,CZ,W,solar,power_share_low_value,0.1145132340452158
2285,2028-ex-seven,CZ,W,onshore,power_share_low_value,0.0075283588889161
2286,2028-ex-seven,CZ,Y,nuclear,power_share_zero_value,0.001798372101391
2287,2028-ex-seven,CZ,Y,solar,power_share_zero_value,0.0105463827665401
2288,2028-ex-seven,CZ,Y,onshore,power_share_zero_value,0.0007240778310163
2289,2028-ex-seven,CZ,S,nuclear,power_share_zero_value,0.002432108794214
2290,2028-ex-seven,CZ,S,solar,power_share_zero_value,0.0094893864713029
2291,2028-ex-seven,CZ,S,onshore,power_share_zero_value,0.0020196629942054
2292,2028-ex-seven,CZ,W,nuclear,power_share_zero_value,0.0011998511754843
2293,2028-ex-seven,CZ,W,solar,power_share_zero_value,0.012749320180263
2294,2028-ex-seven,CZ,W,onshore,power_share_zero_value,9.948484641432174e-05
2295,2028-ex-seven-suas,CZ,Y,nuclear,capacity_GW,4.099
2296,2028-ex-seven-suas,CZ,Y,solar,capacity_GW,7.0
2297,2028-ex-seven-suas,CZ,Y,onshore,capacity_GW,0.5
2298,2028-ex-seven-suas,CZ,Y,waste,capacity_GW,0.19575
2299,2028-ex-seven-suas,CZ,Y,gas_ccgt,capacity_GW,0.6174
2300,2028-ex-seven-suas,CZ,Y,gas_chp,capacity_GW,0.7644
2301,2028-ex-seven-suas,CZ,Y,biogas,capacity_GW,0.279
2302,2028-ex-seven-suas,CZ,Y,lig_sc,capacity_GW,0.4356
2303,2028-ex-seven-suas,CZ,Y,bio,capacity_GW,0.0
2304,2028-ex-seven-suas,CZ,Y,gas_eng_chp,capacity_GW,0.3313124999999999
2305,2028-ex-seven-suas,CZ,Y,lig,capacity_GW,0.8632799999999999
2306,2028-ex-seven-suas,CZ,Y,lig_ex,capacity_GW,1.15368
2307,2028-ex-seven-suas,CZ,Y,coal,capacity_GW,0.0
2308,2028-ex-seven-suas,CZ,Y,coal_ex,capacity_GW,0.11484
2309,2028-ex-seven-suas,CZ,Y,gas_peak,capacity_GW,0.096255
2310,2028-ex-seven-suas,CZ,Y,lig_old,capacity_GW,0.0
2311,2028-ex-seven-suas,CZ,Y,b_CHP,capacity_GW,0.20925
2312,2028-ex-seven-suas,CZ,Y,lig_bp,capacity_GW,0.3497999999999999
2313,2028-ex-seven-suas,CZ,Y,coal_bp,capacity_GW,0.0
2314,2028-ex-seven-suas,CZ,Y,dsr,capacity_GW,0.0
2315,2028-ex-seven-suas,CZ,Y,h_ror,capacity_GW,0.415
2316,2028-ex-seven-suas,CZ,Y,h_dams,capacity_GW,0.609
2317,2028-ex-seven-suas,CZ,Y,li,capacity_GW,0.1
2318,2028-ex-seven-suas,CZ,Y,pump_open,capacity_GW,0.47
2319,2028-ex-seven-suas,CZ,Y,pump,capacity_GW,0.678
2320,2028-ex-seven-suas,CZ,Y,TOTAL,capacity_GW,19.2815675
2321,2028-ex-seven-suas,CZ,Y,h_ror,capacity_charging_GW,0.0
2322,2028-ex-seven-suas,CZ,Y,h_dams,capacity_charging_GW,0.0
2323,2028-ex-seven-suas,CZ,Y,li,capacity_charging_GW,1.25599
2324,2028-ex-seven-suas,CZ,Y,pump_open,capacity_charging_GW,0.44
2325,2028-ex-seven-suas,CZ,Y,pump,capacity_charging_GW,0.664
2326,2028-ex-seven-suas,CZ,Y,nuclear,capacity_paid_off_GW,0.0
2327,2028-ex-seven-suas,CZ,Y,solar,capacity_paid_off_GW,0.0
2328,2028-ex-seven-suas,CZ,Y,onshore,capacity_paid_off_GW,0.0
2329,2028-ex-seven-suas,CZ,Y,waste,capacity_paid_off_GW,0.0
2330,2028-ex-seven-suas,CZ,Y,gas_ccgt,capacity_paid_off_GW,0.0
2331,2028-ex-seven-suas,CZ,Y,gas_chp,capacity_paid_off_GW,0.0
2332,2028-ex-seven-suas,CZ,Y,biogas,capacity_paid_off_GW,0.0
2333,2028-ex-seven-suas,CZ,Y,lig_sc,capacity_paid_off_GW,0.0
2334,2028-ex-seven-suas,CZ,Y,bio,capacity_paid_off_GW,0.0
2335,2028-ex-seven-suas,CZ,Y,gas_eng_chp,capacity_paid_off_GW,0.0
2336,2028-ex-seven-suas,CZ,Y,lig,capacity_paid_off_GW,0.0
2337,2028-ex-seven-suas,CZ,Y,lig_ex,capacity_paid_off_GW,0.0
2338,2028-ex-seven-suas,CZ,Y,coal,capacity_paid_off_GW,0.0
2339,2028-ex-seven-suas,CZ,Y,coal_ex,capacity_paid_off_GW,0.0
2340,2028-ex-seven-suas,CZ,Y,gas_peak,capacity_paid_off_GW,0.0
2341,2028-ex-seven-suas,CZ,Y,lig_old,capacity_paid_off_GW,0.0
2342,2028-ex-seven-suas,CZ,Y,b_CHP,capacity_paid_off_GW,0.0
2343,2028-ex-seven-suas,CZ,Y,lig_bp,capacity_paid_off_GW,0.0
2344,2028-ex-seven-suas,CZ,Y,coal_bp,capacity_paid_off_GW,0.0
2345,2028-ex-seven-suas,CZ,Y,dsr,capacity_paid_off_GW,0.0
2346,2028-ex-seven-suas,CZ,Y,h_ror,capacity_paid_off_GW,0.0
2347,2028-ex-seven-suas,CZ,Y,h_dams,capacity_paid_off_GW,0.0
2348,2028-ex-seven-suas,CZ,Y,li,capacity_paid_off_GW,0.0
2349,2028-ex-seven-suas,CZ,Y,pump_open,capacity_paid_off_GW,0.0
2350,2028-ex-seven-suas,CZ,Y,pump,capacity_paid_off_GW,0.0
2351,2028-ex-seven-suas,CZ,Y,h_ror,capacity_charging_paid_off_GW,0.0
2352,2028-ex-seven-suas,CZ,Y,h_dams,capacity_charging_paid_off_GW,0.0
2353,2028-ex-seven-suas,CZ,Y,li,capacity_charging_paid_off_GW,0.0
2354,2028-ex-seven-suas,CZ,Y,pump_open,capacity_charging_paid_off_GW,0.0
2355,2028-ex-seven-suas,CZ,Y,pump,capacity_charging_paid_off_GW,0.0
2356,2028-ex-seven-suas,CZ,Y,TOTAL,load_TWh,66.606490439
2357,2028-ex-seven-suas,CZ,S,TOTAL,load_TWh,30.4536371
2358,2028-ex-seven-suas,CZ,W,TOTAL,load_TWh,36.152853339
2359,2028-ex-seven-suas,CZ,Y,TOTAL,import_TWh,15.917837006837434
2360,2028-ex-seven-suas,CZ,S,TOTAL,import_TWh,7.211070349987551
2361,2028-ex-seven-suas,CZ,W,TOTAL,import_TWh,8.706766656849881
2362,2028-ex-seven-suas,CZ,Y,TOTAL,export_TWh,3.286880016256078
2363,2028-ex-seven-suas,CZ,S,TOTAL,export_TWh,1.9109931714124764
2364,2028-ex-seven-suas,CZ,W,TOTAL,export_TWh,1.3758868448436017
2365,2028-ex-seven-suas,CZ,Y,TOTAL,net_import_TWh,12.630956990581357
2366,2028-ex-seven-suas,CZ,S,TOTAL,net_import_TWh,5.300077178575075
2367,2028-ex-seven-suas,CZ,W,TOTAL,net_import_TWh,7.330879812006279
2368,2028-ex-seven-suas,CZ,Y,TOTAL,curtailment_TWh,0.0014565545663674
2369,2028-ex-seven-suas,CZ,S,TOTAL,curtailment_TWh,0.0008970178351829
2370,2028-ex-seven-suas,CZ,W,TOTAL,curtailment_TWh,0.0005595367311845
2371,2028-ex-seven-suas,CZ,Y,nuclear,production_TWh,28.59946136693848
2372,2028-ex-seven-suas,CZ,Y,solar,production_TWh,7.042612888464491
2373,2028-ex-seven-suas,CZ,Y,onshore,production_TWh,1.1342886328498398
2374,2028-ex-seven-suas,CZ,Y,waste,production_TWh,1.1431799999998629
2375,2028-ex-seven-suas,CZ,Y,gas_ccgt,production_TWh,4.788582453015859
2376,2028-ex-seven-suas,CZ,Y,gas_chp,production_TWh,2.3652163199568315
2377,2028-ex-seven-suas,CZ,Y,biogas,production_TWh,0.7626378087686414
2378,2028-ex-seven-suas,CZ,Y,lig_sc,production_TWh,0.4572309371684395
2379,2028-ex-seven-suas,CZ,Y,bio,production_TWh,0.0
2380,2028-ex-seven-suas,CZ,Y,gas_eng_chp,production_TWh,1.5478920000000995
2381,2028-ex-seven-suas,CZ,Y,lig,production_TWh,0.2845970031519398
2382,2028-ex-seven-suas,CZ,Y,lig_ex,production_TWh,2.1641831103808973
2383,2028-ex-seven-suas,CZ,Y,coal,production_TWh,0.0
2384,2028-ex-seven-suas,CZ,Y,coal_ex,production_TWh,0.2162274385785683
2385,2028-ex-seven-suas,CZ,Y,gas_peak,production_TWh,0.0225403675743354
2386,2028-ex-seven-suas,CZ,Y,lig_old,production_TWh,0.0
2387,2028-ex-seven-suas,CZ,Y,b_CHP,production_TWh,0.0029546099999999
2388,2028-ex-seven-suas,CZ,Y,lig_bp,production_TWh,1.634265600000043
2389,2028-ex-seven-suas,CZ,Y,coal_bp,production_TWh,0.0
2390,2028-ex-seven-suas,CZ,Y,dsr,production_TWh,0.0
2391,2028-ex-seven-suas,CZ,Y,eens,production_TWh,4.516778062679176e-18
2392,2028-ex-seven-suas,CZ,Y,h_ror,production_TWh,1.1911793504263808
2393,2028-ex-seven-suas,CZ,Y,h_dams,production_TWh,0.922812857142857
2394,2028-ex-seven-suas,CZ,Y,li,production_TWh,0.0822962768262311
2395,2028-ex-seven-suas,CZ,Y,pump_open,production_TWh,0.3458477054411011
2396,2028-ex-seven-suas,CZ,Y,pump,production_TWh,0.4410080769870877
2397,2028-ex-seven-suas,CZ,Y,TOTAL,production_TWh,55.14901480367199
2398,2028-ex-seven-suas,CZ,S,nuclear,production_TWh,13.891069397825554
2399,2028-ex-seven-suas,CZ,S,solar,production_TWh,4.759126045944772
2400,2028-ex-seven-suas,CZ,S,onshore,production_TWh,0.3689598922926883
2401,2028-ex-seven-suas,CZ,S,waste,production_TWh,0.4876479639110245
2402,2028-ex-seven-suas,CZ,S,gas_ccgt,production_TWh,2.195032462235303
2403,2028-ex-seven-suas,CZ,S,gas_chp,production_TWh,0.6488919356738667
2404,2028-ex-seven-suas,CZ,S,biogas,production_TWh,0.154695477289491
2405,2028-ex-seven-suas,CZ,S,lig_sc,production_TWh,0.0
2406,2028-ex-seven-suas,CZ,S,bio,production_TWh,0.0
2407,2028-ex-seven-suas,CZ,S,gas_eng_chp,production_TWh,0.6171592663425022
2408,2028-ex-seven-suas,CZ,S,lig,production_TWh,0.0
2409,2028-ex-seven-suas,CZ,S,lig_ex,production_TWh,0.8676193425694438
2410,2028-ex-seven-suas,CZ,S,coal,production_TWh,0.0
2411,2028-ex-seven-suas,CZ,S,coal_ex,production_TWh,0.0657764569478564
2412,2028-ex-seven-suas,CZ,S,gas_peak,production_TWh,0.0
2413,2028-ex-seven-suas,CZ,S,lig_old,production_TWh,0.0
2414,2028-ex-seven-suas,CZ,S,b_CHP,production_TWh,-3.923838044607469e-18
2415,2028-ex-seven-suas,CZ,S,lig_bp,production_TWh,0.3289871641606192
2416,2028-ex-seven-suas,CZ,S,coal_bp,production_TWh,0.0
2417,2028-ex-seven-suas,CZ,S,dsr,production_TWh,0.0
2418,2028-ex-seven-suas,CZ,S,eens,production_TWh,4.516778062679176e-18
2419,2028-ex-seven-suas,CZ,S,h_ror,production_TWh,0.5589104487084291
2420,2028-ex-seven-suas,CZ,S,h_dams,production_TWh,0.4144943474168016
2421,2028-ex-seven-suas,CZ,S,li,production_TWh,0.034707736013068
2422,2028-ex-seven-suas,CZ,S,pump_open,production_TWh,0.2238523814748338
2423,2028-ex-seven-suas,CZ,S,pump,production_TWh,0.299394674003229
2424,2028-ex-seven-suas,CZ,S,TOTAL,production_TWh,110.29802960734398
2425,2028-ex-seven-suas,CZ,W,nuclear,production_TWh,14.708391969112927
2426,2028-ex-seven-suas,CZ,W,solar,production_TWh,2.2834868425197192
2427,2028-ex-seven-suas,CZ,W,onshore,production_TWh,0.7653287405571514
2428,2028-ex-seven-suas,CZ,W,waste,production_TWh,0.6555320360888383
2429,2028-ex-seven-suas,CZ,W,gas_ccgt,production_TWh,2.593549990780556
2430,2028-ex-seven-suas,CZ,W,gas_chp,production_TWh,1.7163243842829652
2431,2028-ex-seven-suas,CZ,W,biogas,production_TWh,0.6079423314791503
2432,2028-ex-seven-suas,CZ,W,lig_sc,production_TWh,0.4572309371684395
2433,2028-ex-seven-suas,CZ,W,bio,production_TWh,0.0
2434,2028-ex-seven-suas,CZ,W,gas_eng_chp,production_TWh,0.9307327336575972
2435,2028-ex-seven-suas,CZ,W,lig,production_TWh,0.2845970031519398
2436,2028-ex-seven-suas,CZ,W,lig_ex,production_TWh,1.2965637678114534
2437,2028-ex-seven-suas,CZ,W,coal,production_TWh,0.0
2438,2028-ex-seven-suas,CZ,W,coal_ex,production_TWh,0.1504509816307118
2439,2028-ex-seven-suas,CZ,W,gas_peak,production_TWh,0.0225403675743354
2440,2028-ex-seven-suas,CZ,W,lig_old,production_TWh,0.0
2441,2028-ex-seven-suas,CZ,W,b_CHP,production_TWh,0.00295461
2442,2028-ex-seven-suas,CZ,W,lig_bp,production_TWh,1.3052784358394236
2443,2028-ex-seven-suas,CZ,W,coal_bp,production_TWh,0.0
2444,2028-ex-seven-suas,CZ,W,dsr,production_TWh,0.0
2445,2028-ex-seven-suas,CZ,W,eens,production_TWh,0.0
2446,2028-ex-seven-suas,CZ,W,h_ror,production_TWh,0.6322689017179515
2447,2028-ex-seven-suas,CZ,W,h_dams,production_TWh,0.5083185097260554
2448,2028-ex-seven-suas,CZ,W,li,production_TWh,0.047588540813163
2449,2028-ex-seven-suas,CZ,W,pump_open,production_TWh,0.1219953239662673
2450,2028-ex-seven-suas,CZ,W,pump,production_TWh,0.1416134029838587
2451,2028-ex-seven-suas,CZ,W,TOTAL,production_TWh,110.29802960734398
2452,2028-ex-seven-suas,CZ,Y,gas_chp,production_el_eq_TWh,3.571276799999879
2453,2028-ex-seven-suas,CZ,Y,gas_eng_chp,production_el_eq_TWh,1.5478920000000995
2454,2028-ex-seven-suas,CZ,Y,lig_ex,production_el_eq_TWh,5.389992960000072
2455,2028-ex-seven-suas,CZ,Y,coal_ex,production_el_eq_TWh,0.5365324799999923
2456,2028-ex-seven-suas,CZ,Y,b_CHP,production_el_eq_TWh,0.0073865249999999
2457,2028-ex-seven-suas,CZ,Y,lig_bp,production_el_eq_TWh,1.634265600000043
2458,2028-ex-seven-suas,CZ,Y,coal_bp,production_el_eq_TWh,0.0
2459,2028-ex-seven-suas,CZ,Y,eens,production_el_eq_TWh,0.0
2460,2028-ex-seven-suas,CZ,S,gas_chp,production_el_eq_TWh,1.0758401272753555
2461,2028-ex-seven-suas,CZ,S,gas_eng_chp,production_el_eq_TWh,0.6171592663425022
2462,2028-ex-seven-suas,CZ,S,lig_ex,production_el_eq_TWh,2.16899648142361
2463,2028-ex-seven-suas,CZ,S,coal_ex,production_el_eq_TWh,0.1644373030839268
2464,2028-ex-seven-suas,CZ,S,b_CHP,production_el_eq_TWh,-9.809595111518673e-18
2465,2028-ex-seven-suas,CZ,S,lig_bp,production_el_eq_TWh,0.3289871641606192
2466,2028-ex-seven-suas,CZ,S,coal_bp,production_el_eq_TWh,0.0
2467,2028-ex-seven-suas,CZ,S,eens,production_el_eq_TWh,0.0
2468,2028-ex-seven-suas,CZ,W,gas_chp,production_el_eq_TWh,2.4954366727245234
2469,2028-ex-seven-suas,CZ,W,gas_eng_chp,production_el_eq_TWh,0.9307327336575972
2470,2028-ex-seven-suas,CZ,W,lig_ex,production_el_eq_TWh,3.220996478576463
2471,2028-ex-seven-suas,CZ,W,coal_ex,production_el_eq_TWh,0.3720951769160655
2472,2028-ex-seven-suas,CZ,W,b_CHP,production_el_eq_TWh,0.007386525
2473,2028-ex-seven-suas,CZ,W,lig_bp,production_el_eq_TWh,1.3052784358394236
2474,2028-ex-seven-suas,CZ,W,coal_bp,production_el_eq_TWh,0.0
2475,2028-ex-seven-suas,CZ,W,eens,production_el_eq_TWh,0.0
2476,2028-ex-seven-suas,CZ,Y,solar,production_used_TWh,7.042612888464491
2477,2028-ex-seven-suas,CZ,Y,onshore,production_used_TWh,1.1342886328498398
2478,2028-ex-seven-suas,CZ,S,solar,production_used_TWh,4.759126045944772
2479,2028-ex-seven-suas,CZ,S,onshore,production_used_TWh,0.3689598922926883
2480,2028-ex-seven-suas,CZ,W,solar,production_used_TWh,2.2834868425197192
2481,2028-ex-seven-suas,CZ,W,onshore,production_used_TWh,0.7653287405571514
2482,2028-ex-seven-suas,CZ,Y,solar,production_excess_TWh,0.0
2483,2028-ex-seven-suas,CZ,Y,onshore,production_excess_TWh,0.0
2484,2028-ex-seven-suas,CZ,S,solar,production_excess_TWh,0.0
2485,2028-ex-seven-suas,CZ,S,onshore,production_excess_TWh,0.0
2486,2028-ex-seven-suas,CZ,W,solar,production_excess_TWh,0.0
2487,2028-ex-seven-suas,CZ,W,onshore,production_excess_TWh,0.0
2488,2028-ex-seven-suas,CZ,Y,h_ror,discharged_TWh,1.1911793504263808
2489,2028-ex-seven-suas,CZ,Y,h_dams,discharged_TWh,0.922812857142857
2490,2028-ex-seven-suas,CZ,Y,li,discharged_TWh,0.0822962768262311
2491,2028-ex-seven-suas,CZ,Y,pump_open,discharged_TWh,0.3458477054411011
2492,2028-ex-seven-suas,CZ,Y,pump,discharged_TWh,0.4410080769870877
2493,2028-ex-seven-suas,CZ,Y,TOTAL,discharged_TWh,2.983144266823658
2494,2028-ex-seven-suas,CZ,S,h_ror,discharged_TWh,0.5589104487084291
2495,2028-ex-seven-suas,CZ,S,h_dams,discharged_TWh,0.4144943474168016
2496,2028-ex-seven-suas,CZ,S,li,discharged_TWh,0.034707736013068
2497,2028-ex-seven-suas,CZ,S,pump_open,discharged_TWh,0.2238523814748338
2498,2028-ex-seven-suas,CZ,S,pump,discharged_TWh,0.299394674003229
2499,2028-ex-seven-suas,CZ,S,TOTAL,discharged_TWh,5.966288533647316
2500,2028-ex-seven-suas,CZ,W,h_ror,discharged_TWh,0.6322689017179515
2501,2028-ex-seven-suas,CZ,W,h_dams,discharged_TWh,0.5083185097260554
2502,2028-ex-seven-suas,CZ,W,li,discharged_TWh,0.047588540813163
2503,2028-ex-seven-suas,CZ,W,pump_open,discharged_TWh,0.1219953239662673
2504,2028-ex-seven-suas,CZ,W,pump,discharged_TWh,0.1416134029838587
2505,2028-ex-seven-suas,CZ,W,TOTAL,discharged_TWh,5.966288533647316
2506,2028-ex-seven-suas,CZ,Y,h_ror,charged_TWh,0.0
2507,2028-ex-seven-suas,CZ,Y,h_dams,charged_TWh,0.0
2508,2028-ex-seven-suas,CZ,Y,li,charged_TWh,0.1243092298541748
2509,2028-ex-seven-suas,CZ,Y,pump_open,charged_TWh,0.4352043527951801
2510,2028-ex-seven-suas,CZ,Y,pump,charged_TWh,0.6125112180376218
2511,2028-ex-seven-suas,CZ,Y,TOTAL,charged_TWh,1.172024800686977
2512,2028-ex-seven-suas,CZ,S,h_ror,charged_TWh,0.0
2513,2028-ex-seven-suas,CZ,S,h_dams,charged_TWh,0.0
2514,2028-ex-seven-suas,CZ,S,li,charged_TWh,0.06415084051902
2515,2028-ex-seven-suas,CZ,S,pump_open,charged_TWh,0.2854438589595214
2516,2028-ex-seven-suas,CZ,S,pump,charged_TWh,0.4122733540708334
2517,2028-ex-seven-suas,CZ,S,TOTAL,charged_TWh,2.3440496013739534
2518,2028-ex-seven-suas,CZ,W,h_ror,charged_TWh,0.0
2519,2028-ex-seven-suas,CZ,W,h_dams,charged_TWh,0.0
2520,2028-ex-seven-suas,CZ,W,li,charged_TWh,0.0601583893351548
2521,2028-ex-seven-suas,CZ,W,pump_open,charged_TWh,0.1497604938356587
2522,2028-ex-seven-suas,CZ,W,pump,charged_TWh,0.2002378639667884
2523,2028-ex-seven-suas,CZ,W,TOTAL,charged_TWh,2.3440496013739534
2524,2028-ex-seven-suas,CZ,Y,h_ror,inflow_TWh,1.19912
2525,2028-ex-seven-suas,CZ,Y,h_dams,inflow_TWh,0.922812857142857
2526,2028-ex-seven-suas,CZ,Y,pump_open,inflow_TWh,0.0325005714285714
2527,2028-ex-seven-suas,CZ,S,h_ror,inflow_TWh,0.564377
2528,2028-ex-seven-suas,CZ,S,h_dams,inflow_TWh,0.41548
2529,2028-ex-seven-suas,CZ,S,pump_open,inflow_TWh,0.015631
2530,2028-ex-seven-suas,CZ,W,h_ror,inflow_TWh,0.634743
2531,2028-ex-seven-suas,CZ,W,h_dams,inflow_TWh,0.507332857142857
2532,2028-ex-seven-suas,CZ,W,pump_open,inflow_TWh,0.0168695714285714
2533,2028-ex-seven-suas,CZ,Y,gas_chp,heat_production_PJ,8.683635456309938
2534,2028-ex-seven-suas,CZ,Y,gas_eng_chp,heat_production_PJ,5.572411200000359
2535,2028-ex-seven-suas,CZ,Y,lig_ex,heat_production_PJ,32.51616328416128
2536,2028-ex-seven-suas,CZ,Y,coal_ex,heat_production_PJ,3.228674817527954
2537,2028-ex-seven-suas,CZ,Y,b_CHP,heat_production_PJ,0.0478646819999999
2538,2028-ex-seven-suas,CZ,Y,lig_bp,heat_production_PJ,17.650068480000467
2539,2028-ex-seven-suas,CZ,Y,coal_bp,heat_production_PJ,0.0
2540,2028-ex-seven-suas,CZ,Y,eens,heat_production_PJ,-1.6260401025645028e-17
2541,2028-ex-seven-suas,CZ,S,gas_chp,heat_production_PJ,3.07402697953072
2542,2028-ex-seven-suas,CZ,S,gas_eng_chp,heat_production_PJ,2.221773358833008
2543,2028-ex-seven-suas,CZ,S,lig_ex,heat_production_PJ,13.117881559649993
2544,2028-ex-seven-suas,CZ,S,coal_ex,heat_production_PJ,0.9945013290515898
2545,2028-ex-seven-suas,CZ,S,b_CHP,heat_production_PJ,-6.356617632264099e-17
2546,2028-ex-seven-suas,CZ,S,lig_bp,heat_production_PJ,3.5530613729346885
2547,2028-ex-seven-suas,CZ,S,coal_bp,heat_production_PJ,0.0
2548,2028-ex-seven-suas,CZ,S,eens,heat_production_PJ,-1.6260401025645028e-17
2549,2028-ex-seven-suas,CZ,W,gas_chp,heat_production_PJ,5.60960847677922
2550,2028-ex-seven-suas,CZ,W,gas_eng_chp,heat_production_PJ,3.3506378411673503
2551,2028-ex-seven-suas,CZ,W,lig_ex,heat_production_PJ,19.39828172451129
2552,2028-ex-seven-suas,CZ,W,coal_ex,heat_production_PJ,2.2341734884763644
2553,2028-ex-seven-suas,CZ,W,b_CHP,heat_production_PJ,0.047864682
2554,2028-ex-seven-suas,CZ,W,lig_bp,heat_production_PJ,14.097007107065776
2555,2028-ex-seven-suas,CZ,W,coal_bp,heat_production_PJ,0.0
2556,2028-ex-seven-suas,CZ,W,eens,heat_production_PJ,0.0
2557,2028-ex-seven-suas,CZ,Y,waste,production_hours,6660.0
2558,2028-ex-seven-suas,CZ,Y,gas_ccgt,production_hours,7949.0
2559,2028-ex-seven-suas,CZ,Y,gas_chp,production_hours,8188.0
2560,2028-ex-seven-suas,CZ,Y,biogas,production_hours,3081.0
2561,2028-ex-seven-suas,CZ,Y,lig_sc,production_hours,1360.0
2562,2028-ex-seven-suas,CZ,Y,bio,production_hours,0.0
2563,2028-ex-seven-suas,CZ,Y,gas_eng_chp,production_hours,5580.0
2564,2028-ex-seven-suas,CZ,Y,lig,production_hours,503.0
2565,2028-ex-seven-suas,CZ,Y,lig_ex,production_hours,8340.0
2566,2028-ex-seven-suas,CZ,Y,coal,production_hours,0.0
2567,2028-ex-seven-suas,CZ,Y,coal_ex,production_hours,8340.0
2568,2028-ex-seven-suas,CZ,Y,gas_peak,production_hours,265.0
2569,2028-ex-seven-suas,CZ,Y,lig_old,production_hours,0.0
2570,2028-ex-seven-suas,CZ,Y,b_CHP,production_hours,45.0
2571,2028-ex-seven-suas,CZ,Y,lig_bp,production_hours,6302.0
2572,2028-ex-seven-suas,CZ,Y,coal_bp,production_hours,0.0
2573,2028-ex-seven-suas,CZ,Y,dsr,production_hours,0.0
2574,2028-ex-seven-suas,CZ,Y,eens,production_hours,0.0
2575,2028-ex-seven-suas,CZ,Y,h_ror,production_hours,8760.0
2576,2028-ex-seven-suas,CZ,Y,h_dams,production_hours,8760.0
2577,2028-ex-seven-suas,CZ,Y,li,production_hours,947.0
2578,2028-ex-seven-suas,CZ,Y,pump_open,production_hours,1199.0
2579,2028-ex-seven-suas,CZ,Y,pump,production_hours,980.0
2580,2028-ex-seven-suas,CZ,S,waste,production_hours,3045.0
2581,2028-ex-seven-suas,CZ,S,gas_ccgt,production_hours,3698.0
2582,2028-ex-seven-suas,CZ,S,gas_chp,production_hours,3811.0
2583,2028-ex-seven-suas,CZ,S,biogas,production_hours,689.0
2584,2028-ex-seven-suas,CZ,S,lig_sc,production_hours,0.0
2585,2028-ex-seven-suas,CZ,S,bio,production_hours,0.0
2586,2028-ex-seven-suas,CZ,S,gas_eng_chp,production_hours,2216.0
2587,2028-ex-seven-suas,CZ,S,lig,production_hours,0.0
2588,2028-ex-seven-suas,CZ,S,lig_ex,production_hours,3948.0
2589,2028-ex-seven-suas,CZ,S,coal,production_hours,0.0
2590,2028-ex-seven-suas,CZ,S,coal_ex,production_hours,3948.0
2591,2028-ex-seven-suas,CZ,S,gas_peak,production_hours,0.0
2592,2028-ex-seven-suas,CZ,S,lig_old,production_hours,0.0
2593,2028-ex-seven-suas,CZ,S,b_CHP,production_hours,0.0
2594,2028-ex-seven-suas,CZ,S,lig_bp,production_hours,1954.0
2595,2028-ex-seven-suas,CZ,S,coal_bp,production_hours,0.0
2596,2028-ex-seven-suas,CZ,S,dsr,production_hours,0.0
2597,2028-ex-seven-suas,CZ,S,eens,production_hours,0.0
2598,2028-ex-seven-suas,CZ,S,h_ror,production_hours,4368.0
2599,2028-ex-seven-suas,CZ,S,h_dams,production_hours,4368.0
2600,2028-ex-seven-suas,CZ,S,li,production_hours,399.0
2601,2028-ex-seven-suas,CZ,S,pump_open,production_hours,772.0
2602,2028-ex-seven-suas,CZ,S,pump,production_hours,664.0
2603,2028-ex-seven-suas,CZ,W,waste,production_hours,3615.0
2604,2028-ex-seven-suas,CZ,W,gas_ccgt,production_hours,4251.0
2605,2028-ex-seven-suas,CZ,W,gas_chp,production_hours,4377.0
2606,2028-ex-seven-suas,CZ,W,biogas,production_hours,2392.0
2607,2028-ex-seven-suas,CZ,W,lig_sc,production_hours,1360.0
2608,2028-ex-seven-suas,CZ,W,bio,production_hours,0.0
2609,2028-ex-seven-suas,CZ,W,gas_eng_chp,production_hours,3364.0
2610,2028-ex-seven-suas,CZ,W,lig,production_hours,503.0
2611,2028-ex-seven-suas,CZ,W,lig_ex,production_hours,4392.0
2612,2028-ex-seven-suas,CZ,W,coal,production_hours,0.0
2613,2028-ex-seven-suas,CZ,W,coal_ex,production_hours,4392.0
2614,2028-ex-seven-suas,CZ,W,gas_peak,production_hours,265.0
2615,2028-ex-seven-suas,CZ,W,lig_old,production_hours,0.0
2616,2028-ex-seven-suas,CZ,W,b_CHP,production_hours,45.0
2617,2028-ex-seven-suas,CZ,W,lig_bp,production_hours,4348.0
2618,2028-ex-seven-suas,CZ,W,coal_bp,production_hours,0.0
2619,2028-ex-seven-suas,CZ,W,dsr,production_hours,0.0
2620,2028-ex-seven-suas,CZ,W,eens,production_hours,0.0
2621,2028-ex-seven-suas,CZ,W,h_ror,production_hours,4392.0
2622,2028-ex-seven-suas,CZ,W,h_dams,production_hours,4392.0
2623,2028-ex-seven-suas,CZ,W,li,production_hours,548.0
2624,2028-ex-seven-suas,CZ,W,pump_open,production_hours,427.0
2625,2028-ex-seven-suas,CZ,W,pump,production_hours,316.0
2626,2028-ex-seven-suas,CZ,Y,nuclear,capex_mn_EUR_per_yr,2738.469079112492
2627,2028-ex-seven-suas,CZ,Y,solar,capex_mn_EUR_per_yr,362.9795164565344
2628,2028-ex-seven-suas,CZ,Y,onshore,capex_mn_EUR_per_yr,68.82996852045387
2629,2028-ex-seven-suas,CZ,Y,waste,capex_mn_EUR_per_yr,228.2938717209026
2630,2028-ex-seven-suas,CZ,Y,gas_ccgt,capex_mn_EUR_per_yr,76.18061222457844
2631,2028-ex-seven-suas,CZ,Y,gas_chp,capex_mn_EUR_per_yr,138.841538451773
2632,2028-ex-seven-suas,CZ,Y,biogas,capex_mn_EUR_per_yr,16.217086196531145
2633,2028-ex-seven-suas,CZ,Y,lig_sc,capex_mn_EUR_per_yr,144.15255774515765
2634,2028-ex-seven-suas,CZ,Y,bio,capex_mn_EUR_per_yr,0.0
2635,2028-ex-seven-suas,CZ,Y,gas_eng_chp,capex_mn_EUR_per_yr,22.59441391073202
2636,2028-ex-seven-suas,CZ,Y,lig,capex_mn_EUR_per_yr,285.68415989494883
2637,2028-ex-seven-suas,CZ,Y,lig_ex,capex_mn_EUR_per_yr,381.78586505838734
2638,2028-ex-seven-suas,CZ,Y,coal,capex_mn_EUR_per_yr,0.0
2639,2028-ex-seven-suas,CZ,Y,coal_ex,capex_mn_EUR_per_yr,26.048184884115727
2640,2028-ex-seven-suas,CZ,Y,gas_peak,capex_mn_EUR_per_yr,7.893982066856129
2641,2028-ex-seven-suas,CZ,Y,lig_old,capex_mn_EUR_per_yr,0.0
2642,2028-ex-seven-suas,CZ,Y,b_CHP,capex_mn_EUR_per_yr,109.81713302115293
2643,2028-ex-seven-suas,CZ,Y,lig_bp,capex_mn_EUR_per_yr,115.75887212868724
2644,2028-ex-seven-suas,CZ,Y,coal_bp,capex_mn_EUR_per_yr,0.0
2645,2028-ex-seven-suas,CZ,Y,dsr,capex_mn_EUR_per_yr,0.0
2646,2028-ex-seven-suas,CZ,Y,h_ror,capex_mn_EUR_per_yr,84.30517292657983
2647,2028-ex-seven-suas,CZ,Y,h_dams,capex_mn_EUR_per_yr,123.71530195731836
2648,2028-ex-seven-suas,CZ,Y,li,capex_mn_EUR_per_yr,4.011568788183623
2649,2028-ex-seven-suas,CZ,Y,pump_open,capex_mn_EUR_per_yr,95.4781476517892
2650,2028-ex-seven-suas,CZ,Y,pump,capex_mn_EUR_per_yr,137.73230661258106
2651,2028-ex-seven-suas,CZ,S,nuclear,capex_mn_EUR_per_yr,2738.469079112492
2652,2028-ex-seven-suas,CZ,S,solar,capex_mn_EUR_per_yr,362.9795164565344
2653,2028-ex-seven-suas,CZ,S,onshore,capex_mn_EUR_per_yr,68.82996852045387
2654,2028-ex-seven-suas,CZ,S,waste,capex_mn_EUR_per_yr,228.2938717209026
2655,2028-ex-seven-suas,CZ,S,gas_ccgt,capex_mn_EUR_per_yr,76.18061222457844
2656,2028-ex-seven-suas,CZ,S,gas_chp,capex_mn_EUR_per_yr,138.841538451773
2657,2028-ex-seven-suas,CZ,S,biogas,capex_mn_EUR_per_yr,16.217086196531145
2658,2028-ex-seven-suas,CZ,S,lig_sc,capex_mn_EUR_per_yr,144.15255774515765
2659,2028-ex-seven-suas,CZ,S,bio,capex_mn_EUR_per_yr,0.0
2660,2028-ex-seven-suas,CZ,S,gas_eng_chp,capex_mn_EUR_per_yr,22.59441391073202
2661,2028-ex-seven-suas,CZ,S,lig,capex_mn_EUR_per_yr,285.68415989494883
2662,2028-ex-seven-suas,CZ,S,lig_ex,capex_mn_EUR_per_yr,381.78586505838734
2663,2028-ex-seven-suas,CZ,S,coal,capex_mn_EUR_per_yr,0.0
2664,2028-ex-seven-suas,CZ,S,coal_ex,capex_mn_EUR_per_yr,26.048184884115727
2665,2028-ex-seven-suas,CZ,S,gas_peak,capex_mn_EUR_per_yr,7.893982066856129
2666,2028-ex-seven-suas,CZ,S,lig_old,capex_mn_EUR_per_yr,0.0
2667,2028-ex-seven-suas,CZ,S,b_CHP,capex_mn_EUR_per_yr,109.81713302115293
2668,2028-ex-seven-suas,CZ,S,lig_bp,capex_mn_EUR_per_yr,115.75887212868724
2669,2028-ex-seven-suas,CZ,S,coal_bp,capex_mn_EUR_per_yr,0.0
2670,2028-ex-seven-suas,CZ,S,dsr,capex_mn_EUR_per_yr,0.0
2671,2028-ex-seven-suas,CZ,S,h_ror,capex_mn_EUR_per_yr,84.30517292657983
2672,2028-ex-seven-suas,CZ,S,h_dams,capex_mn_EUR_per_yr,123.71530195731836
2673,2028-ex-seven-suas,CZ,S,li,capex_mn_EUR_per_yr,4.011568788183623
2674,2028-ex-seven-suas,CZ,S,pump_open,capex_mn_EUR_per_yr,95.4781476517892
2675,2028-ex-seven-suas,CZ,S,pump,capex_mn_EUR_per_yr,137.73230661258106
2676,2028-ex-seven-suas,CZ,W,nuclear,capex_mn_EUR_per_yr,2738.469079112492
2677,2028-ex-seven-suas,CZ,W,solar,capex_mn_EUR_per_yr,362.9795164565344
2678,2028-ex-seven-suas,CZ,W,onshore,capex_mn_EUR_per_yr,68.82996852045387
2679,2028-ex-seven-suas,CZ,W,waste,capex_mn_EUR_per_yr,228.2938717209026
2680,2028-ex-seven-suas,CZ,W,gas_ccgt,capex_mn_EUR_per_yr,76.18061222457844
2681,2028-ex-seven-suas,CZ,W,gas_chp,capex_mn_EUR_per_yr,138.841538451773
2682,2028-ex-seven-suas,CZ,W,biogas,capex_mn_EUR_per_yr,16.217086196531145
2683,2028-ex-seven-suas,CZ,W,lig_sc,capex_mn_EUR_per_yr,144.15255774515765
2684,2028-ex-seven-suas,CZ,W,bio,capex_mn_EUR_per_yr,0.0
2685,2028-ex-seven-suas,CZ,W,gas_eng_chp,capex_mn_EUR_per_yr,22.59441391073202
2686,2028-ex-seven-suas,CZ,W,lig,capex_mn_EUR_per_yr,285.68415989494883
2687,2028-ex-seven-suas,CZ,W,lig_ex,capex_mn_EUR_per_yr,381.78586505838734
2688,2028-ex-seven-suas,CZ,W,coal,capex_mn_EUR_per_yr,0.0
2689,2028-ex-seven-suas,CZ,W,coal_ex,capex_mn_EUR_per_yr,26.048184884115727
2690,2028-ex-seven-suas,CZ,W,gas_peak,capex_mn_EUR_per_yr,7.893982066856129
2691,2028-ex-seven-suas,CZ,W,lig_old,capex_mn_EUR_per_yr,0.0
2692,2028-ex-seven-suas,CZ,W,b_CHP,capex_mn_EUR_per_yr,109.81713302115293
2693,2028-ex-seven-suas,CZ,W,lig_bp,capex_mn_EUR_per_yr,115.75887212868724
2694,2028-ex-seven-suas,CZ,W,coal_bp,capex_mn_EUR_per_yr,0.0
2695,2028-ex-seven-suas,CZ,W,dsr,capex_mn_EUR_per_yr,0.0
2696,2028-ex-seven-suas,CZ,W,h_ror,capex_mn_EUR_per_yr,84.30517292657983
2697,2028-ex-seven-suas,CZ,W,h_dams,capex_mn_EUR_per_yr,123.71530195731836
2698,2028-ex-seven-suas,CZ,W,li,capex_mn_EUR_per_yr,4.011568788183623
2699,2028-ex-seven-suas,CZ,W,pump_open,capex_mn_EUR_per_yr,95.4781476517892
2700,2028-ex-seven-suas,CZ,W,pump,capex_mn_EUR_per_yr,137.73230661258106
2701,2028-ex-seven-suas,CZ,Y,nuclear,opex_mn_EUR,586.5749526359082
2702,2028-ex-seven-suas,CZ,Y,solar,opex_mn_EUR,0.0
2703,2028-ex-seven-suas,CZ,Y,onshore,opex_mn_EUR,0.0
2704,2028-ex-seven-suas,CZ,Y,waste,opex_mn_EUR,45.82527652316736
2705,2028-ex-seven-suas,CZ,Y,gas_ccgt,opex_mn_EUR,408.76821759565007
2706,2028-ex-seven-suas,CZ,Y,gas_chp,opex_mn_EUR,205.2689647581666
2707,2028-ex-seven-suas,CZ,Y,biogas,opex_mn_EUR,75.37476198905297
2708,2028-ex-seven-suas,CZ,Y,lig_sc,opex_mn_EUR,48.0668817704321
2709,2028-ex-seven-suas,CZ,Y,bio,opex_mn_EUR,0.0
2710,2028-ex-seven-suas,CZ,Y,gas_eng_chp,opex_mn_EUR,167.56790840001077
2711,2028-ex-seven-suas,CZ,Y,lig,opex_mn_EUR,32.53422100781505
2712,2028-ex-seven-suas,CZ,Y,lig_ex,opex_mn_EUR,241.3646349103433
2713,2028-ex-seven-suas,CZ,Y,coal,opex_mn_EUR,0.0
2714,2028-ex-seven-suas,CZ,Y,coal_ex,opex_mn_EUR,24.37839138866224
2715,2028-ex-seven-suas,CZ,Y,gas_peak,opex_mn_EUR,2.7370286114150457
2716,2028-ex-seven-suas,CZ,Y,lig_old,opex_mn_EUR,0.0
2717,2028-ex-seven-suas,CZ,Y,b_CHP,opex_mn_EUR,0.4999415259999993
2718,2028-ex-seven-suas,CZ,Y,lig_bp,opex_mn_EUR,358.0587222655963
2719,2028-ex-seven-suas,CZ,Y,coal_bp,opex_mn_EUR,0.0
2720,2028-ex-seven-suas,CZ,Y,dsr,opex_mn_EUR,0.0
2721,2028-ex-seven-suas,CZ,Y,h_ror,opex_mn_EUR,2.3823587008527616
2722,2028-ex-seven-suas,CZ,Y,h_dams,opex_mn_EUR,2.768438571428571
2723,2028-ex-seven-suas,CZ,Y,li,opex_mn_EUR,0.4114813841311557
2724,2028-ex-seven-suas,CZ,Y,pump_open,opex_mn_EUR,1.3833908217644044
2725,2028-ex-seven-suas,CZ,Y,pump,opex_mn_EUR,1.7640323079483509
2726,2028-ex-seven-suas,CZ,S,nuclear,opex_mn_EUR,284.9058333494021
2727,2028-ex-seven-suas,CZ,S,solar,opex_mn_EUR,0.0
2728,2028-ex-seven-suas,CZ,S,onshore,opex_mn_EUR,0.0
2729,2028-ex-seven-suas,CZ,S,waste,opex_mn_EUR,20.036685872509707
2730,2028-ex-seven-suas,CZ,S,gas_ccgt,opex_mn_EUR,189.5952288384193
2731,2028-ex-seven-suas,CZ,S,gas_chp,opex_mn_EUR,56.41275254018085
2732,2028-ex-seven-suas,CZ,S,biogas,opex_mn_EUR,15.31967310527779
2733,2028-ex-seven-suas,CZ,S,lig_sc,opex_mn_EUR,0.0
2734,2028-ex-seven-suas,CZ,S,bio,opex_mn_EUR,0.0
2735,2028-ex-seven-suas,CZ,S,gas_eng_chp,opex_mn_EUR,66.81091924416666
2736,2028-ex-seven-suas,CZ,S,lig,opex_mn_EUR,0.0
2737,2028-ex-seven-suas,CZ,S,lig_ex,opex_mn_EUR,96.43428055244254
2738,2028-ex-seven-suas,CZ,S,coal,opex_mn_EUR,0.0
2739,2028-ex-seven-suas,CZ,S,coal_ex,opex_mn_EUR,7.413232385904244
2740,2028-ex-seven-suas,CZ,S,gas_peak,opex_mn_EUR,0.0
2741,2028-ex-seven-suas,CZ,S,lig_old,opex_mn_EUR,0.0
2742,2028-ex-seven-suas,CZ,S,b_CHP,opex_mn_EUR,-5.955804842374195e-16
2743,2028-ex-seven-suas,CZ,S,lig_bp,opex_mn_EUR,72.684899409233
2744,2028-ex-seven-suas,CZ,S,coal_bp,opex_mn_EUR,0.0
2745,2028-ex-seven-suas,CZ,S,dsr,opex_mn_EUR,0.0
2746,2028-ex-seven-suas,CZ,S,h_ror,opex_mn_EUR,
2747,2028-ex-seven-suas,CZ,S,h_dams,opex_mn_EUR,1.2434830422504048
2748,2028-ex-seven-suas,CZ,S,li,opex_mn_EUR,0.1735386800653403
2749,2028-ex-seven-suas,CZ,S,pump_open,opex_mn_EUR,0.8954095258993353
2750,2028-ex-seven-suas,CZ,S,pump,opex_mn_EUR,1.197578696012916
2751,2028-ex-seven-suas,CZ,W,nuclear,opex_mn_EUR,301.6691192865061
2752,2028-ex-seven-suas,CZ,W,solar,opex_mn_EUR,0.0
2753,2028-ex-seven-suas,CZ,W,onshore,opex_mn_EUR,0.0
2754,2028-ex-seven-suas,CZ,W,waste,opex_mn_EUR,25.788590650657653
2755,2028-ex-seven-suas,CZ,W,gas_ccgt,opex_mn_EUR,219.17298875723077
2756,2028-ex-seven-suas,CZ,W,gas_chp,opex_mn_EUR,148.8562122179858
2757,2028-ex-seven-suas,CZ,W,biogas,opex_mn_EUR,60.05508888377518
2758,2028-ex-seven-suas,CZ,W,lig_sc,opex_mn_EUR,48.0668817704321
2759,2028-ex-seven-suas,CZ,W,bio,opex_mn_EUR,0.0
2760,2028-ex-seven-suas,CZ,W,gas_eng_chp,opex_mn_EUR,100.75698915584412
2761,2028-ex-seven-suas,CZ,W,lig,opex_mn_EUR,32.53422100781505
2762,2028-ex-seven-suas,CZ,W,lig_ex,opex_mn_EUR,144.9303543579008
2763,2028-ex-seven-suas,CZ,W,coal,opex_mn_EUR,0.0
2764,2028-ex-seven-suas,CZ,W,coal_ex,opex_mn_EUR,16.965159002757996
2765,2028-ex-seven-suas,CZ,W,gas_peak,opex_mn_EUR,2.7370286114150457
2766,2028-ex-seven-suas,CZ,W,lig_old,opex_mn_EUR,0.0
2767,2028-ex-seven-suas,CZ,W,b_CHP,opex_mn_EUR,0.499941526
2768,2028-ex-seven-suas,CZ,W,lig_bp,opex_mn_EUR,285.3738228563633
2769,2028-ex-seven-suas,CZ,W,coal_bp,opex_mn_EUR,0.0
2770,2028-ex-seven-suas,CZ,W,dsr,opex_mn_EUR,0.0
2771,2028-ex-seven-suas,CZ,W,h_ror,opex_mn_EUR,1.264537803435903
2772,2028-ex-seven-suas,CZ,W,h_dams,opex_mn_EUR,1.5249555291781662
2773,2028-ex-seven-suas,CZ,W,li,opex_mn_EUR,0.2379427040658152
2774,2028-ex-seven-suas,CZ,W,pump_open,opex_mn_EUR,0.4879812958650693
2775,2028-ex-seven-suas,CZ,W,pump,opex_mn_EUR,0.5664536119354349
2776,2028-ex-seven-suas,CZ,Y,h_ror,wholesale_expenses_mn_EUR,0.0
2777,2028-ex-seven-suas,CZ,Y,h_dams,wholesale_expenses_mn_EUR,0.0
2778,2028-ex-seven-suas,CZ,Y,li,wholesale_expenses_mn_EUR,6.371503212500153
2779,2028-ex-seven-suas,CZ,Y,pump_open,wholesale_expenses_mn_EUR,20.15202907975113
2780,2028-ex-seven-suas,CZ,Y,pump,wholesale_expenses_mn_EUR,27.3607519610592
2781,2028-ex-seven-suas,CZ,Y,IMPORT_EXPORT,wholesale_expenses_mn_EUR,1196.930698183898
2782,2028-ex-seven-suas,CZ,S,h_ror,wholesale_expenses_mn_EUR,0.0
2783,2028-ex-seven-suas,CZ,S,h_dams,wholesale_expenses_mn_EUR,0.0
2784,2028-ex-seven-suas,CZ,S,li,wholesale_expenses_mn_EUR,2.1270947887252696
2785,2028-ex-seven-suas,CZ,S,pump_open,wholesale_expenses_mn_EUR,11.237890709688877
2786,2028-ex-seven-suas,CZ,S,pump,wholesale_expenses_mn_EUR,15.905335235966463
2787,2028-ex-seven-suas,CZ,S,IMPORT_EXPORT,wholesale_expenses_mn_EUR,468.52638972983823
2788,2028-ex-seven-suas,CZ,W,h_ror,wholesale_expenses_mn_EUR,0.0
2789,2028-ex-seven-suas,CZ,W,h_dams,wholesale_expenses_mn_EUR,0.0
2790,2028-ex-seven-suas,CZ,W,li,wholesale_expenses_mn_EUR,4.2444084237748845
2791,2028-ex-seven-suas,CZ,W,pump_open,wholesale_expenses_mn_EUR,8.91413837006226
2792,2028-ex-seven-suas,CZ,W,pump,wholesale_expenses_mn_EUR,11.455416725092736
2793,2028-ex-seven-suas,CZ,W,IMPORT_EXPORT,wholesale_expenses_mn_EUR,728.4043084540598
2794,2028-ex-seven-suas,CZ,Y,nuclear,wholesale_revenues_mn_EUR,2595.126846504193
2795,2028-ex-seven-suas,CZ,Y,solar,wholesale_revenues_mn_EUR,448.1877111393269
2796,2028-ex-seven-suas,CZ,Y,onshore,wholesale_revenues_mn_EUR,101.94730717749228
2797,2028-ex-seven-suas,CZ,Y,waste,wholesale_revenues_mn_EUR,114.72177207009446
2798,2028-ex-seven-suas,CZ,Y,gas_ccgt,wholesale_revenues_mn_EUR,460.148490733376
2799,2028-ex-seven-suas,CZ,Y,gas_chp,wholesale_revenues_mn_EUR,239.5998385824512
2800,2028-ex-seven-suas,CZ,Y,biogas,wholesale_revenues_mn_EUR,82.26540757276224
2801,2028-ex-seven-suas,CZ,Y,lig_sc,wholesale_revenues_mn_EUR,51.11766573108759
2802,2028-ex-seven-suas,CZ,Y,bio,wholesale_revenues_mn_EUR,0.0
2803,2028-ex-seven-suas,CZ,Y,gas_eng_chp,wholesale_revenues_mn_EUR,159.25059222213406
2804,2028-ex-seven-suas,CZ,Y,lig,wholesale_revenues_mn_EUR,34.277760983283336
2805,2028-ex-seven-suas,CZ,Y,lig_ex,wholesale_revenues_mn_EUR,198.6680478859604
2806,2028-ex-seven-suas,CZ,Y,coal,wholesale_revenues_mn_EUR,0.0
2807,2028-ex-seven-suas,CZ,Y,coal_ex,wholesale_revenues_mn_EUR,20.23520993319268
2808,2028-ex-seven-suas,CZ,Y,gas_peak,wholesale_revenues_mn_EUR,2.9384714401483034
2809,2028-ex-seven-suas,CZ,Y,lig_old,wholesale_revenues_mn_EUR,0.0
2810,2028-ex-seven-suas,CZ,Y,b_CHP,wholesale_revenues_mn_EUR,0.4087287014098461
2811,2028-ex-seven-suas,CZ,Y,lig_bp,wholesale_revenues_mn_EUR,159.41316231052576
2812,2028-ex-seven-suas,CZ,Y,coal_bp,wholesale_revenues_mn_EUR,0.0
2813,2028-ex-seven-suas,CZ,Y,dsr,wholesale_revenues_mn_EUR,0.0
2814,2028-ex-seven-suas,CZ,Y,h_ror,wholesale_revenues_mn_EUR,108.98601605657662
2815,2028-ex-seven-suas,CZ,Y,h_dams,wholesale_revenues_mn_EUR,94.55486030744429
2816,2028-ex-seven-suas,CZ,Y,li,wholesale_revenues_mn_EUR,8.762715963663132
2817,2028-ex-seven-suas,CZ,Y,pump_open,wholesale_revenues_mn_EUR,36.64491805949865
2818,2028-ex-seven-suas,CZ,Y,pump,wholesale_revenues_mn_EUR,46.08592312911605
2819,2028-ex-seven-suas,CZ,Y,IMPORT_EXPORT,wholesale_revenues_mn_EUR,11.64615682763393
2820,2028-ex-seven-suas,CZ,S,nuclear,wholesale_revenues_mn_EUR,1171.322730171187
2821,2028-ex-seven-suas,CZ,S,solar,wholesale_revenues_mn_EUR,279.65227733700897
2822,2028-ex-seven-suas,CZ,S,onshore,wholesale_revenues_mn_EUR,30.578217499398622
2823,2028-ex-seven-suas,CZ,S,waste,wholesale_revenues_mn_EUR,47.11850294350493
2824,2028-ex-seven-suas,CZ,S,gas_ccgt,wholesale_revenues_mn_EUR,202.8876652109984
2825,2028-ex-seven-suas,CZ,S,gas_chp,wholesale_revenues_mn_EUR,59.82704987445164
2826,2028-ex-seven-suas,CZ,S,biogas,wholesale_revenues_mn_EUR,15.684816241626583
2827,2028-ex-seven-suas,CZ,S,lig_sc,wholesale_revenues_mn_EUR,0.0
2828,2028-ex-seven-suas,CZ,S,bio,wholesale_revenues_mn_EUR,0.0
2829,2028-ex-seven-suas,CZ,S,gas_eng_chp,wholesale_revenues_mn_EUR,60.62673232150474
2830,2028-ex-seven-suas,CZ,S,lig,wholesale_revenues_mn_EUR,0.0
2831,2028-ex-seven-suas,CZ,S,lig_ex,wholesale_revenues_mn_EUR,71.38084925591536
2832,2028-ex-seven-suas,CZ,S,coal,wholesale_revenues_mn_EUR,0.0
2833,2028-ex-seven-suas,CZ,S,coal_ex,wholesale_revenues_mn_EUR,5.390739546637479
2834,2028-ex-seven-suas,CZ,S,gas_peak,wholesale_revenues_mn_EUR,0.0
2835,2028-ex-seven-suas,CZ,S,lig_old,wholesale_revenues_mn_EUR,0.0
2836,2028-ex-seven-suas,CZ,S,b_CHP,wholesale_revenues_mn_EUR,-2.67112550773569e-16
2837,2028-ex-seven-suas,CZ,S,lig_bp,wholesale_revenues_mn_EUR,30.080232554492135
2838,2028-ex-seven-suas,CZ,S,coal_bp,wholesale_revenues_mn_EUR,0.0
2839,2028-ex-seven-suas,CZ,S,dsr,wholesale_revenues_mn_EUR,0.0
2840,2028-ex-seven-suas,CZ,S,h_ror,wholesale_revenues_mn_EUR,47.809795127021225
2841,2028-ex-seven-suas,CZ,S,h_dams,wholesale_revenues_mn_EUR,39.48980882864371
2842,2028-ex-seven-suas,CZ,S,li,wholesale_revenues_mn_EUR,3.454878419705489
2843,2028-ex-seven-suas,CZ,S,pump_open,wholesale_revenues_mn_EUR,22.29429555668778
2844,2028-ex-seven-suas,CZ,S,pump,wholesale_revenues_mn_EUR,29.66297077445141
2845,2028-ex-seven-suas,CZ,S,IMPORT_EXPORT,wholesale_revenues_mn_EUR,1.7228718384398074
2846,2028-ex-seven-suas,CZ,W,nuclear,wholesale_revenues_mn_EUR,1423.8041163330058
2847,2028-ex-seven-suas,CZ,W,solar,wholesale_revenues_mn_EUR,168.5354338023178
2848,2028-ex-seven-suas,CZ,W,onshore,wholesale_revenues_mn_EUR,71.36908967809367
2849,2028-ex-seven-suas,CZ,W,waste,wholesale_revenues_mn_EUR,67.60326912658954
2850,2028-ex-seven-suas,CZ,W,gas_ccgt,wholesale_revenues_mn_EUR,257.2608255223776
2851,2028-ex-seven-suas,CZ,W,gas_chp,wholesale_revenues_mn_EUR,179.77278870799958
2852,2028-ex-seven-suas,CZ,W,biogas,wholesale_revenues_mn_EUR,66.58059133113565
2853,2028-ex-seven-suas,CZ,W,lig_sc,wholesale_revenues_mn_EUR,51.11766573108758
2854,2028-ex-seven-suas,CZ,W,bio,wholesale_revenues_mn_EUR,0.0
2855,2028-ex-seven-suas,CZ,W,gas_eng_chp,wholesale_revenues_mn_EUR,98.62385990062933
2856,2028-ex-seven-suas,CZ,W,lig,wholesale_revenues_mn_EUR,34.277760983283336
2857,2028-ex-seven-suas,CZ,W,lig_ex,wholesale_revenues_mn_EUR,127.287198630045
2858,2028-ex-seven-suas,CZ,W,coal,wholesale_revenues_mn_EUR,0.0
2859,2028-ex-seven-suas,CZ,W,coal_ex,wholesale_revenues_mn_EUR,14.844470386555196
2860,2028-ex-seven-suas,CZ,W,gas_peak,wholesale_revenues_mn_EUR,2.9384714401483034
2861,2028-ex-seven-suas,CZ,W,lig_old,wholesale_revenues_mn_EUR,0.0
2862,2028-ex-seven-suas,CZ,W,b_CHP,wholesale_revenues_mn_EUR,0.4087287014098463
2863,2028-ex-seven-suas,CZ,W,lig_bp,wholesale_revenues_mn_EUR,129.33292975603365
2864,2028-ex-seven-suas,CZ,W,coal_bp,wholesale_revenues_mn_EUR,0.0
2865,2028-ex-seven-suas,CZ,W,dsr,wholesale_revenues_mn_EUR,0.0
2866,2028-ex-seven-suas,CZ,W,h_ror,wholesale_revenues_mn_EUR,61.17622092955538
2867,2028-ex-seven-suas,CZ,W,h_dams,wholesale_revenues_mn_EUR,55.06505147880056
2868,2028-ex-seven-suas,CZ,W,li,wholesale_revenues_mn_EUR,5.307837543957644
2869,2028-ex-seven-suas,CZ,W,pump_open,wholesale_revenues_mn_EUR,14.350622502810875
2870,2028-ex-seven-suas,CZ,W,pump,wholesale_revenues_mn_EUR,16.422952354664638
2871,2028-ex-seven-suas,CZ,W,IMPORT_EXPORT,wholesale_revenues_mn_EUR,9.923284989194125
2872,2028-ex-seven-suas,CZ,Y,TOTAL,avg_consumer_price_EUR_per_MWh,91.49851223411234
2873,2028-ex-seven-suas,CZ,S,TOTAL,avg_consumer_price_EUR_per_MWh,83.88724769622328
2874,2028-ex-seven-suas,CZ,W,TOTAL,avg_consumer_price_EUR_per_MWh,97.90992009549204
2875,2028-ex-seven-suas,CZ,Y,TOTAL,avg_producer_price_EUR_per_MWh,89.48967907455686
2876,2028-ex-seven-suas,CZ,S,TOTAL,avg_producer_price_EUR_per_MWh,80.97406660811657
2877,2028-ex-seven-suas,CZ,W,TOTAL,avg_producer_price_EUR_per_MWh,96.96434249585649
2878,2028-ex-seven-suas,CZ,Y,nuclear,capacity_factor,0.7964817503918005
2879,2028-ex-seven-suas,CZ,Y,solar,capacity_factor,0.114850177567914
2880,2028-ex-seven-suas,CZ,Y,onshore,capacity_factor,0.2589700074999634
2881,2028-ex-seven-suas,CZ,Y,waste,capacity_factor,0.6666666666665868
2882,2028-ex-seven-suas,CZ,Y,gas_ccgt,capacity_factor,0.8853933147652365
2883,2028-ex-seven-suas,CZ,Y,gas_chp,capacity_factor,0.5333333333333152
2884,2028-ex-seven-suas,CZ,Y,biogas,capacity_factor,0.3120398229033245
2885,2028-ex-seven-suas,CZ,Y,lig_sc,capacity_factor,0.1198239496376277
2886,2028-ex-seven-suas,CZ,Y,gas_eng_chp,capacity_factor,0.5333333333333677
2887,2028-ex-seven-suas,CZ,Y,lig,capacity_factor,0.0376334936161418
2888,2028-ex-seven-suas,CZ,Y,lig_ex,capacity_factor,0.5333333333333403
2889,2028-ex-seven-suas,CZ,Y,coal_ex,capacity_factor,0.5333333333333258
2890,2028-ex-seven-suas,CZ,Y,gas_peak,capacity_factor,0.0267321315388412
2891,2028-ex-seven-suas,CZ,Y,b_CHP,capacity_factor,0.0040296803652967
2892,2028-ex-seven-suas,CZ,Y,lig_bp,capacity_factor,0.5333333333333475
2893,2028-ex-seven-suas,CZ,Y,h_ror,capacity_factor,0.3276611515724214
2894,2028-ex-seven-suas,CZ,Y,h_dams,capacity_factor,0.1729785442755278
2895,2028-ex-seven-suas,CZ,Y,li,capacity_factor,0.0939455214911314
2896,2028-ex-seven-suas,CZ,Y,pump_open,capacity_factor,0.0840007056837416
2897,2028-ex-seven-suas,CZ,Y,pump,capacity_factor,0.0742527843420562
2898,2028-ex-seven-suas,CZ,Y,TOTAL,capacity_factor,0.3265061118668061
2899,2028-ex-seven-suas,CZ,S,nuclear,capacity_factor,0.7758452989642761
2900,2028-ex-seven-suas,CZ,S,solar,capacity_factor,0.1556490726695699
2901,2028-ex-seven-suas,CZ,S,onshore,capacity_factor,0.1689376796211942
2902,2028-ex-seven-suas,CZ,S,waste,capacity_factor,0.5703244821399619
2903,2028-ex-seven-suas,CZ,S,gas_ccgt,capacity_factor,0.8139386894213501
2904,2028-ex-seven-suas,CZ,S,gas_chp,capacity_factor,0.3222140181037378
2905,2028-ex-seven-suas,CZ,S,biogas,capacity_factor,0.1269377464071473
2906,2028-ex-seven-suas,CZ,S,lig_sc,capacity_factor,0.0
2907,2028-ex-seven-suas,CZ,S,gas_eng_chp,capacity_factor,0.426458527309798
2908,2028-ex-seven-suas,CZ,S,lig,capacity_factor,0.0
2909,2028-ex-seven-suas,CZ,S,lig_ex,capacity_factor,0.4304184249801038
2910,2028-ex-seven-suas,CZ,S,coal_ex,capacity_factor,0.3278117617614004
2911,2028-ex-seven-suas,CZ,S,gas_peak,capacity_factor,0.0
2912,2028-ex-seven-suas,CZ,S,b_CHP,capacity_factor,-1.0732551620691673e-17
2913,2028-ex-seven-suas,CZ,S,lig_bp,capacity_factor,0.2153161069542481
2914,2028-ex-seven-suas,CZ,S,h_ror,capacity_factor,0.3083269609804211
2915,2028-ex-seven-suas,CZ,S,h_dams,capacity_factor,0.1558183818639221
2916,2028-ex-seven-suas,CZ,S,li,capacity_factor,0.0794591025940203
2917,2028-ex-seven-suas,CZ,S,pump_open,capacity_factor,0.1090388421960651
2918,2028-ex-seven-suas,CZ,S,pump,capacity_factor,0.101095481891373
2919,2028-ex-seven-suas,CZ,S,TOTAL,capacity_factor,1.3096124267185083
2920,2028-ex-seven-suas,CZ,W,nuclear,capacity_factor,0.8170054343251856
2921,2028-ex-seven-suas,CZ,W,solar,capacity_factor,0.0742742272482344
2922,2028-ex-seven-suas,CZ,W,onshore,capacity_factor,0.3485103554449688
2923,2028-ex-seven-suas,CZ,W,waste,capacity_factor,0.7624823911684756
2924,2028-ex-seven-suas,CZ,W,gas_ccgt,capacity_factor,0.9564574776755496
2925,2028-ex-seven-suas,CZ,W,gas_chp,capacity_factor,0.7432989911026218
2926,2028-ex-seven-suas,CZ,W,biogas,capacity_factor,0.496130412642692
2927,2028-ex-seven-suas,CZ,W,lig_sc,capacity_factor,0.2389931235941755
2928,2028-ex-seven-suas,CZ,W,gas_eng_chp,capacity_factor,0.6396241240234752
2929,2028-ex-seven-suas,CZ,W,lig,capacity_factor,0.0750613397261844
2930,2028-ex-seven-suas,CZ,W,lig_ex,capacity_factor,0.6356858651381988
2931,2028-ex-seven-suas,CZ,W,coal_ex,capacity_factor,0.7377318362081369
2932,2028-ex-seven-suas,CZ,W,gas_peak,capacity_factor,0.0533181858561588
2933,2028-ex-seven-suas,CZ,W,b_CHP,capacity_factor,0.0080373406193078
2934,2028-ex-seven-suas,CZ,W,lig_bp,capacity_factor,0.8496127606611947
2935,2028-ex-seven-suas,CZ,W,h_ror,capacity_factor,0.3468896908497111
2936,2028-ex-seven-suas,CZ,W,h_dams,capacity_factor,0.1900449353078352
2937,2028-ex-seven-suas,CZ,W,li,capacity_factor,0.1083527796292419
2938,2028-ex-seven-suas,CZ,W,pump_open,capacity_factor,0.0590993895895183
2939,2028-ex-seven-suas,CZ,W,pump,capacity_factor,0.0475567682001126
2940,2028-ex-seven-suas,CZ,W,TOTAL,capacity_factor,1.3024560746599372
2941,2028-ex-seven-suas,CZ,Y,li,capacity_factor_charging,0.0112982996307425
2942,2028-ex-seven-suas,CZ,Y,pump_open,capacity_factor_charging,0.112911050434615
2943,2028-ex-seven-suas,CZ,Y,pump,capacity_factor_charging,0.1053032709670225
2944,2028-ex-seven-suas,CZ,S,li,capacity_factor_charging,0.0116932043550274
2945,2028-ex-seven-suas,CZ,S,pump_open,capacity_factor_charging,0.1485201563850323
2946,2028-ex-seven-suas,CZ,S,pump,capacity_factor_charging,0.1421459719616216
2947,2028-ex-seven-suas,CZ,W,li,capacity_factor_charging,0.0109055528557706
2948,2028-ex-seven-suas,CZ,W,pump_open,capacity_factor_charging,0.0774965297626152
2949,2028-ex-seven-suas,CZ,W,pump,capacity_factor_charging,0.0686618962073665
2950,2028-ex-seven-suas,CZ,Y,nuclear,emissions_MtCO2,0.0
2951,2028-ex-seven-suas,CZ,Y,solar,emissions_MtCO2,0.0
2952,2028-ex-seven-suas,CZ,Y,onshore,emissions_MtCO2,0.0
2953,2028-ex-seven-suas,CZ,Y,waste,emissions_MtCO2,0.0
2954,2028-ex-seven-suas,CZ,Y,gas_ccgt,emissions_MtCO2,1.881228820827659
2955,2028-ex-seven-suas,CZ,Y,gas_chp,emissions_MtCO2,1.4030015999999523
2956,2028-ex-seven-suas,CZ,Y,biogas,emissions_MtCO2,0.0
2957,2028-ex-seven-suas,CZ,Y,lig_sc,emissions_MtCO2,0.4253311043427344
2958,2028-ex-seven-suas,CZ,Y,bio,emissions_MtCO2,0.0
2959,2028-ex-seven-suas,CZ,Y,gas_eng_chp,emissions_MtCO2,0.7567472000000487
2960,2028-ex-seven-suas,CZ,Y,lig,emissions_MtCO2,0.2845970031519398
2961,2028-ex-seven-suas,CZ,Y,lig_ex,emissions_MtCO2,5.389992960000072
2962,2028-ex-seven-suas,CZ,Y,coal,emissions_MtCO2,0.0
2963,2028-ex-seven-suas,CZ,Y,coal_ex,emissions_MtCO2,0.4539064780799935
2964,2028-ex-seven-suas,CZ,Y,gas_peak,emissions_MtCO2,0.0123972021658844
2965,2028-ex-seven-suas,CZ,Y,lig_old,emissions_MtCO2,0.0
2966,2028-ex-seven-suas,CZ,Y,b_CHP,emissions_MtCO2,0.0
2967,2028-ex-seven-suas,CZ,Y,lig_bp,emissions_MtCO2,3.268531200000086
2968,2028-ex-seven-suas,CZ,Y,coal_bp,emissions_MtCO2,0.0
2969,2028-ex-seven-suas,CZ,Y,dsr,emissions_MtCO2,0.0
2970,2028-ex-seven-suas,CZ,Y,eens,emissions_MtCO2,0.0
2971,2028-ex-seven-suas,CZ,Y,h_ror,emissions_MtCO2,0.0
2972,2028-ex-seven-suas,CZ,Y,h_dams,emissions_MtCO2,0.0
2973,2028-ex-seven-suas,CZ,Y,li,emissions_MtCO2,0.0
2974,2028-ex-seven-suas,CZ,Y,pump_open,emissions_MtCO2,0.0
2975,2028-ex-seven-suas,CZ,Y,pump,emissions_MtCO2,0.0
2976,2028-ex-seven-suas,CZ,Y,TOTAL,emissions_MtCO2,13.875733568568368
2977,2028-ex-seven-suas,CZ,S,nuclear,emissions_MtCO2,0.0
2978,2028-ex-seven-suas,CZ,S,solar,emissions_MtCO2,0.0
2979,2028-ex-seven-suas,CZ,S,onshore,emissions_MtCO2,0.0
2980,2028-ex-seven-suas,CZ,S,waste,emissions_MtCO2,0.0
2981,2028-ex-seven-suas,CZ,S,gas_ccgt,emissions_MtCO2,0.8623341815924404
2982,2028-ex-seven-suas,CZ,S,gas_chp,emissions_MtCO2,0.4226514785724611
2983,2028-ex-seven-suas,CZ,S,biogas,emissions_MtCO2,0.0
2984,2028-ex-seven-suas,CZ,S,lig_sc,emissions_MtCO2,0.0
2985,2028-ex-seven-suas,CZ,S,bio,emissions_MtCO2,0.0
2986,2028-ex-seven-suas,CZ,S,gas_eng_chp,emissions_MtCO2,0.3017223079896677
2987,2028-ex-seven-suas,CZ,S,lig,emissions_MtCO2,0.0
2988,2028-ex-seven-suas,CZ,S,lig_ex,emissions_MtCO2,2.16899648142361
2989,2028-ex-seven-suas,CZ,S,coal,emissions_MtCO2,0.0
2990,2028-ex-seven-suas,CZ,S,coal_ex,emissions_MtCO2,0.1391139584090021
2991,2028-ex-seven-suas,CZ,S,gas_peak,emissions_MtCO2,0.0
2992,2028-ex-seven-suas,CZ,S,lig_old,emissions_MtCO2,0.0
2993,2028-ex-seven-suas,CZ,S,b_CHP,emissions_MtCO2,-0.0
2994,2028-ex-seven-suas,CZ,S,lig_bp,emissions_MtCO2,0.6579743283212385
2995,2028-ex-seven-suas,CZ,S,coal_bp,emissions_MtCO2,0.0
2996,2028-ex-seven-suas,CZ,S,dsr,emissions_MtCO2,0.0
2997,2028-ex-seven-suas,CZ,S,eens,emissions_MtCO2,0.0
2998,2028-ex-seven-suas,CZ,S,h_ror,emissions_MtCO2,0.0
2999,2028-ex-seven-suas,CZ,S,h_dams,emissions_MtCO2,0.0
3000,2028-ex-seven-suas,CZ,S,li,emissions_MtCO2,0.0
3001,2028-ex-seven-suas,CZ,S,pump_open,emissions_MtCO2,0.0
3002,2028-ex-seven-suas,CZ,S,pump,emissions_MtCO2,0.0
3003,2028-ex-seven-suas,CZ,S,TOTAL,emissions_MtCO2,27.751467137136736
3004,2028-ex-seven-suas,CZ,W,nuclear,emissions_MtCO2,0.0
3005,2028-ex-seven-suas,CZ,W,solar,emissions_MtCO2,0.0
3006,2028-ex-seven-suas,CZ,W,onshore,emissions_MtCO2,0.0
3007,2028-ex-seven-suas,CZ,W,waste,emissions_MtCO2,0.0
3008,2028-ex-seven-suas,CZ,W,gas_ccgt,emissions_MtCO2,1.0188946392352185
3009,2028-ex-seven-suas,CZ,W,gas_chp,emissions_MtCO2,0.9803501214274912
3010,2028-ex-seven-suas,CZ,W,biogas,emissions_MtCO2,0.0
3011,2028-ex-seven-suas,CZ,W,lig_sc,emissions_MtCO2,0.4253311043427344
3012,2028-ex-seven-suas,CZ,W,bio,emissions_MtCO2,0.0
3013,2028-ex-seven-suas,CZ,W,gas_eng_chp,emissions_MtCO2,0.4550248920103809
3014,2028-ex-seven-suas,CZ,W,lig,emissions_MtCO2,0.2845970031519398
3015,2028-ex-seven-suas,CZ,W,lig_ex,emissions_MtCO2,3.220996478576463
3016,2028-ex-seven-suas,CZ,W,coal,emissions_MtCO2,0.0
3017,2028-ex-seven-suas,CZ,W,coal_ex,emissions_MtCO2,0.3147925196709915
3018,2028-ex-seven-suas,CZ,W,gas_peak,emissions_MtCO2,0.0123972021658844
3019,2028-ex-seven-suas,CZ,W,lig_old,emissions_MtCO2,0.0
3020,2028-ex-seven-suas,CZ,W,b_CHP,emissions_MtCO2,0.0
3021,2028-ex-seven-suas,CZ,W,lig_bp,emissions_MtCO2,2.610556871678847
3022,2028-ex-seven-suas,CZ,W,coal_bp,emissions_MtCO2,0.0
3023,2028-ex-seven-suas,CZ,W,dsr,emissions_MtCO2,0.0
3024,2028-ex-seven-suas,CZ,W,eens,emissions_MtCO2,0.0
3025,2028-ex-seven-suas,CZ,W,h_ror,emissions_MtCO2,0.0
3026,2028-ex-seven-suas,CZ,W,h_dams,emissions_MtCO2,0.0
3027,2028-ex-seven-suas,CZ,W,li,emissions_MtCO2,0.0
3028,2028-ex-seven-suas,CZ,W,pump_open,emissions_MtCO2,0.0
3029,2028-ex-seven-suas,CZ,W,pump,emissions_MtCO2,0.0
3030,2028-ex-seven-suas,CZ,W,TOTAL,emissions_MtCO2,27.751467137136736
3031,2028-ex-seven-suas,CZ,Y,nuclear,power_share_high_value,0.9665923164817584
3032,2028-ex-seven-suas,CZ,Y,solar,power_share_high_value,0.8179902499473216
3033,2028-ex-seven-suas,CZ,Y,onshore,power_share_high_value,0.978629936053942
3034,2028-ex-seven-suas,CZ,S,nuclear,power_share_high_value,0.9458895895812764
3035,2028-ex-seven-suas,CZ,S,solar,power_share_high_value,0.7917218762733811
3036,2028-ex-seven-suas,CZ,S,onshore,power_share_high_value,0.9501246261109524
3037,2028-ex-seven-suas,CZ,W,nuclear,power_share_high_value,0.9861446248987984
3038,2028-ex-seven-suas,CZ,W,solar,power_share_high_value,0.8727374457745211
3039,2028-ex-seven-suas,CZ,W,onshore,power_share_high_value,0.9923721562646696
3040,2028-ex-seven-suas,CZ,Y,nuclear,power_share_low_value,0.0319904827230201
3041,2028-ex-seven-suas,CZ,Y,solar,power_share_low_value,0.1737155101233035
3042,2028-ex-seven-suas,CZ,Y,onshore,power_share_low_value,0.0207643814857649
3043,2028-ex-seven-suas,CZ,S,nuclear,power_share_low_value,0.0522087486648593
3044,2028-ex-seven-suas,CZ,S,solar,power_share_low_value,0.2008352904816132
3045,2028-ex-seven-suas,CZ,S,onshore,power_share_low_value,0.0481820013769626
3046,2028-ex-seven-suas,CZ,W,nuclear,power_share_low_value,0.0128957145191564
3047,2028-ex-seven-suas,CZ,W,solar,power_share_low_value,0.11719385619465
3048,2028-ex-seven-suas,CZ,W,onshore,power_share_low_value,0.0075465294100493
3049,2028-ex-seven-suas,CZ,Y,nuclear,power_share_zero_value,0.0014172007952218
3050,2028-ex-seven-suas,CZ,Y,solar,power_share_zero_value,0.0082942399293747
3051,2028-ex-seven-suas,CZ,Y,onshore,power_share_zero_value,0.0006056824602929
3052,2028-ex-seven-suas,CZ,S,nuclear,power_share_zero_value,0.0019016617538642
3053,2028-ex-seven-suas,CZ,S,solar,power_share_zero_value,0.0074428332450056
3054,2028-ex-seven-suas,CZ,S,onshore,power_share_zero_value,0.0016933725120848
3055,2028-ex-seven-suas,CZ,W,nuclear,power_share_zero_value,0.0009596605820448
3056,2028-ex-seven-suas,CZ,W,solar,power_share_zero_value,0.0100686980308287
3057,2028-ex-seven-suas,CZ,W,onshore,power_share_zero_value,8.131432528109285e-05
3058,2028-stress,CZ,Y,nuclear,capacity_GW,4.099
3059,2028-stress,CZ,Y,solar,capacity_GW,7.0
3060,2028-stress,CZ,Y,onshore,capacity_GW,0.5
3061,2028-stress,CZ,Y,waste,capacity_GW,0.19575
3062,2028-stress,CZ,Y,gas_ccgt,capacity_GW,0.6174
3063,2028-stress,CZ,Y,gas_chp,capacity_GW,0.7644
3064,2028-stress,CZ,Y,biogas,capacity_GW,0.279
3065,2028-stress,CZ,Y,lig_sc,capacity_GW,0.4356
3066,2028-stress,CZ,Y,bio,capacity_GW,0.0
3067,2028-stress,CZ,Y,gas_eng_chp,capacity_GW,0.33131249999999995
3068,2028-stress,CZ,Y,lig,capacity_GW,0.8632799999999999
3069,2028-stress,CZ,Y,lig_ex,capacity_GW,1.15368
3070,2028-stress,CZ,Y,coal,capacity_GW,0.0
3071,2028-stress,CZ,Y,coal_ex,capacity_GW,0.11484
3072,2028-stress,CZ,Y,gas_peak,capacity_GW,0.096255
3073,2028-stress,CZ,Y,lig_old,capacity_GW,0.0
3074,2028-stress,CZ,Y,b_CHP,capacity_GW,0.20925
3075,2028-stress,CZ,Y,lig_bp,capacity_GW,0.34979999999999994
3076,2028-stress,CZ,Y,coal_bp,capacity_GW,0.0
3077,2028-stress,CZ,Y,dsr,capacity_GW,0.0
3078,2028-stress,CZ,Y,h_ror,capacity_GW,0.415
3079,2028-stress,CZ,Y,h_dams,capacity_GW,0.609
3080,2028-stress,CZ,Y,li,capacity_GW,0.1
3081,2028-stress,CZ,Y,pump_open,capacity_GW,0.47
3082,2028-stress,CZ,Y,pump,capacity_GW,0.678
3083,2028-stress,CZ,Y,TOTAL,capacity_GW,19.281567499999998
3084,2028-stress,CZ,Y,h_ror,capacity_charging_GW,0.0
3085,2028-stress,CZ,Y,h_dams,capacity_charging_GW,0.0
3086,2028-stress,CZ,Y,li,capacity_charging_GW,1.25599
3087,2028-stress,CZ,Y,pump_open,capacity_charging_GW,0.44
3088,2028-stress,CZ,Y,pump,capacity_charging_GW,0.664
3089,2028-stress,CZ,Y,nuclear,capacity_paid_off_GW,0.0
3090,2028-stress,CZ,Y,solar,capacity_paid_off_GW,0.0
3091,2028-stress,CZ,Y,onshore,capacity_paid_off_GW,0.0
3092,2028-stress,CZ,Y,waste,capacity_paid_off_GW,0.0
3093,2028-stress,CZ,Y,gas_ccgt,capacity_paid_off_GW,0.0
3094,2028-stress,CZ,Y,gas_chp,capacity_paid_off_GW,0.0
3095,2028-stress,CZ,Y,biogas,capacity_paid_off_GW,0.0
3096,2028-stress,CZ,Y,lig_sc,capacity_paid_off_GW,0.0
3097,2028-stress,CZ,Y,bio,capacity_paid_off_GW,0.0
3098,2028-stress,CZ,Y,gas_eng_chp,capacity_paid_off_GW,0.0
3099,2028-stress,CZ,Y,lig,capacity_paid_off_GW,0.0
3100,2028-stress,CZ,Y,lig_ex,capacity_paid_off_GW,0.0
3101,2028-stress,CZ,Y,coal,capacity_paid_off_GW,0.0
3102,2028-stress,CZ,Y,coal_ex,capacity_paid_off_GW,0.0
3103,2028-stress,CZ,Y,gas_peak,capacity_paid_off_GW,0.0
3104,2028-stress,CZ,Y,lig_old,capacity_paid_off_GW,0.0
3105,2028-stress,CZ,Y,b_CHP,capacity_paid_off_GW,0.0
3106,2028-stress,CZ,Y,lig_bp,capacity_paid_off_GW,0.0
3107,2028-stress,CZ,Y,coal_bp,capacity_paid_off_GW,0.0
3108,2028-stress,CZ,Y,dsr,capacity_paid_off_GW,0.0
3109,2028-stress,CZ,Y,h_ror,capacity_paid_off_GW,0.0
3110,2028-stress,CZ,Y,h_dams,capacity_paid_off_GW,0.0
3111,2028-stress,CZ,Y,li,capacity_paid_off_GW,0.0
3112,2028-stress,CZ,Y,pump_open,capacity_paid_off_GW,0.0
3113,2028-stress,CZ,Y,pump,capacity_paid_off_GW,0.0
3114,2028-stress,CZ,Y,h_ror,capacity_charging_paid_off_GW,0.0
3115,2028-stress,CZ,Y,h_dams,capacity_charging_paid_off_GW,0.0
3116,2028-stress,CZ,Y,li,capacity_charging_paid_off_GW,0.0
3117,2028-stress,CZ,Y,pump_open,capacity_charging_paid_off_GW,0.0
3118,2028-stress,CZ,Y,pump,capacity_charging_paid_off_GW,0.0
3119,2028-stress,CZ,Y,TOTAL,load_TWh,66.606490439
3120,2028-stress,CZ,S,TOTAL,load_TWh,30.4536371
3121,2028-stress,CZ,W,TOTAL,load_TWh,36.152853339
3122,2028-stress,CZ,Y,TOTAL,import_TWh,18.54611913459057
3123,2028-stress,CZ,S,TOTAL,import_TWh,8.77444021566117
3124,2028-stress,CZ,W,TOTAL,import_TWh,9.771678918929398
3125,2028-stress,CZ,Y,TOTAL,export_TWh,2.716963034862658
3126,2028-stress,CZ,S,TOTAL,export_TWh,1.522167285021971
3127,2028-stress,CZ,W,TOTAL,export_TWh,1.194795749840687
3128,2028-stress,CZ,Y,TOTAL,net_import_TWh,15.82915609972791
3129,2028-stress,CZ,S,TOTAL,net_import_TWh,7.252272930639198
3130,2028-stress,CZ,W,TOTAL,net_import_TWh,8.576883169088712
3131,2028-stress,CZ,Y,TOTAL,curtailment_TWh,0.0024958722761785493
3132,2028-stress,CZ,S,TOTAL,curtailment_TWh,0.0013903016250247284
3133,2028-stress,CZ,W,TOTAL,curtailment_TWh,0.001105570651153821
3134,2028-stress,CZ,Y,nuclear,production_TWh,24.13186136693848
3135,2028-stress,CZ,Y,solar,production_TWh,7.042612888464491
3136,2028-stress,CZ,Y,onshore,production_TWh,1.1342886328498398
3137,2028-stress,CZ,Y,waste,production_TWh,1.1431799999998593
3138,2028-stress,CZ,Y,gas_ccgt,production_TWh,4.905547856775218
3139,2028-stress,CZ,Y,gas_chp,production_TWh,2.36633586222645
3140,2028-stress,CZ,Y,biogas,production_TWh,1.1587378933416725
3141,2028-stress,CZ,Y,lig_sc,production_TWh,0.8129405441910627
3142,2028-stress,CZ,Y,bio,production_TWh,0.0
3143,2028-stress,CZ,Y,gas_eng_chp,production_TWh,1.5478920000001037
3144,2028-stress,CZ,Y,lig,production_TWh,0.6376981325941398
3145,2028-stress,CZ,Y,lig_ex,production_TWh,2.174085003809117
3146,2028-stress,CZ,Y,coal,production_TWh,0.0
3147,2028-stress,CZ,Y,coal_ex,production_TWh,0.21647670910088737
3148,2028-stress,CZ,Y,gas_peak,production_TWh,0.0519904022382013
3149,2028-stress,CZ,Y,lig_old,production_TWh,0.0
3150,2028-stress,CZ,Y,b_CHP,production_TWh,0.009768464133333335
3151,2028-stress,CZ,Y,lig_bp,production_TWh,1.6342656000000924
3152,2028-stress,CZ,Y,coal_bp,production_TWh,0.0
3153,2028-stress,CZ,Y,dsr,production_TWh,0.0
3154,2028-stress,CZ,Y,eens,production_TWh,3.9051428757371054e-19
3155,2028-stress,CZ,Y,h_ror,production_TWh,1.194561127276159
3156,2028-stress,CZ,Y,h_dams,production_TWh,0.922812857142857
3157,2028-stress,CZ,Y,li,production_TWh,0.08641111635022321
3158,2028-stress,CZ,Y,pump_open,production_TWh,0.3744433976669308
3159,2028-stress,CZ,Y,pump,production_TWh,0.4721104852759062
3160,2028-stress,CZ,Y,TOTAL,production_TWh,52.018020340375024
3161,2028-stress,CZ,S,nuclear,production_TWh,11.663389397825554
3162,2028-stress,CZ,S,solar,production_TWh,4.759126045944772
3163,2028-stress,CZ,S,onshore,production_TWh,0.3689598922926883
3164,2028-stress,CZ,S,waste,production_TWh,0.47571622816080633
3165,2028-stress,CZ,S,gas_ccgt,production_TWh,2.288895492000037
3166,2028-stress,CZ,S,gas_chp,production_TWh,0.6139437720220107
3167,2028-stress,CZ,S,biogas,production_TWh,0.4110003004264119
3168,2028-stress,CZ,S,lig_sc,production_TWh,0.0
3169,2028-stress,CZ,S,bio,production_TWh,0.0
3170,2028-stress,CZ,S,gas_eng_chp,production_TWh,0.5802086091902455
3171,2028-stress,CZ,S,lig,production_TWh,0.0
3172,2028-stress,CZ,S,lig_ex,production_TWh,0.8635977068879968
3173,2028-stress,CZ,S,coal,production_TWh,0.0
3174,2028-stress,CZ,S,coal_ex,production_TWh,0.07717956856383724
3175,2028-stress,CZ,S,gas_peak,production_TWh,8.100468123265586e-05
3176,2028-stress,CZ,S,lig_old,production_TWh,0.0
3177,2028-stress,CZ,S,b_CHP,production_TWh,-3.0543863734543334e-19
3178,2028-stress,CZ,S,lig_bp,production_TWh,0.3233018021599945
3179,2028-stress,CZ,S,coal_bp,production_TWh,0.0
3180,2028-stress,CZ,S,dsr,production_TWh,0.0
3181,2028-stress,CZ,S,eens,production_TWh,3.9051428757371054e-19
3182,2028-stress,CZ,S,h_ror,production_TWh,0.5611132910367
3183,2028-stress,CZ,S,h_dams,production_TWh,0.4143349785714286
3184,2028-stress,CZ,S,li,production_TWh,0.03621001421300656
3185,2028-stress,CZ,S,pump_open,production_TWh,0.2351619426088964
3186,2028-stress,CZ,S,pump,production_TWh,0.3088609815421449
3187,2028-stress,CZ,S,TOTAL,production_TWh,104.03604068075005
3188,2028-stress,CZ,W,nuclear,production_TWh,12.468471969112926
3189,2028-stress,CZ,W,solar,production_TWh,2.2834868425197192
3190,2028-stress,CZ,W,onshore,production_TWh,0.7653287405571514
3191,2028-stress,CZ,W,waste,production_TWh,0.6674637718390531
3192,2028-stress,CZ,W,gas_ccgt,production_TWh,2.616652364775182
3193,2028-stress,CZ,W,gas_chp,production_TWh,1.7523920902044392
3194,2028-stress,CZ,W,biogas,production_TWh,0.7477375929152605
3195,2028-stress,CZ,W,lig_sc,production_TWh,0.8129405441910628
3196,2028-stress,CZ,W,bio,production_TWh,0.0
3197,2028-stress,CZ,W,gas_eng_chp,production_TWh,0.9676833908098582
3198,2028-stress,CZ,W,lig,production_TWh,0.6376981325941398
3199,2028-stress,CZ,W,lig_ex,production_TWh,1.3104872969211199
3200,2028-stress,CZ,W,coal,production_TWh,0.0
3201,2028-stress,CZ,W,coal_ex,production_TWh,0.13929714053705014
3202,2028-stress,CZ,W,gas_peak,production_TWh,0.05190939755696865
3203,2028-stress,CZ,W,lig_old,production_TWh,0.0
3204,2028-stress,CZ,W,b_CHP,production_TWh,0.009768464133333335
3205,2028-stress,CZ,W,lig_bp,production_TWh,1.3109637978400979
3206,2028-stress,CZ,W,coal_bp,production_TWh,0.0
3207,2028-stress,CZ,W,dsr,production_TWh,0.0
3208,2028-stress,CZ,W,eens,production_TWh,0.0
3209,2028-stress,CZ,W,h_ror,production_TWh,0.6334478362394588
3210,2028-stress,CZ,W,h_dams,production_TWh,0.5084778785714286
3211,2028-stress,CZ,W,li,production_TWh,0.050201102137216645
3212,2028-stress,CZ,W,pump_open,production_TWh,0.13928145505803446
3213,2028-stress,CZ,W,pump,production_TWh,0.16324950373376138
3214,2028-stress,CZ,W,TOTAL,production_TWh,104.03604068075005
3215,2028-stress,CZ,Y,gas_chp,production_el_eq_TWh,3.5712767999998047
3216,2028-stress,CZ,Y,gas_eng_chp,production_el_eq_TWh,1.5478920000001037
3217,2028-stress,CZ,Y,lig_ex,production_el_eq_TWh,5.38999296000033
3218,2028-stress,CZ,Y,coal_ex,production_el_eq_TWh,0.5365324799999991
3219,2028-stress,CZ,Y,b_CHP,production_el_eq_TWh,0.024421160333333334
3220,2028-stress,CZ,Y,lig_bp,production_el_eq_TWh,1.6342656000000924
3221,2028-stress,CZ,Y,coal_bp,production_el_eq_TWh,0.0
3222,2028-stress,CZ,Y,eens,production_el_eq_TWh,0.0
3223,2028-stress,CZ,S,gas_chp,production_el_eq_TWh,1.0523942357380447
3224,2028-stress,CZ,S,gas_eng_chp,production_el_eq_TWh,0.5802086091902455
3225,2028-stress,CZ,S,lig_ex,production_el_eq_TWh,2.158942392219992
3226,2028-stress,CZ,S,coal_ex,production_el_eq_TWh,0.1929450821238788
3227,2028-stress,CZ,S,b_CHP,production_el_eq_TWh,-7.635965933635827e-19
3228,2028-stress,CZ,S,lig_bp,production_el_eq_TWh,0.3233018021599945
3229,2028-stress,CZ,S,coal_bp,production_el_eq_TWh,0.0
3230,2028-stress,CZ,S,eens,production_el_eq_TWh,0.0
3231,2028-stress,CZ,W,gas_chp,production_el_eq_TWh,2.5188825642617596
3232,2028-stress,CZ,W,gas_eng_chp,production_el_eq_TWh,0.9676833908098582
3233,2028-stress,CZ,W,lig_ex,production_el_eq_TWh,3.231050567780338
3234,2028-stress,CZ,W,coal_ex,production_el_eq_TWh,0.3435873978761202
3235,2028-stress,CZ,W,b_CHP,production_el_eq_TWh,0.024421160333333334
3236,2028-stress,CZ,W,lig_bp,production_el_eq_TWh,1.3109637978400979
3237,2028-stress,CZ,W,coal_bp,production_el_eq_TWh,0.0
3238,2028-stress,CZ,W,eens,production_el_eq_TWh,0.0
3239,2028-stress,CZ,Y,solar,production_used_TWh,7.041619921343717
3240,2028-stress,CZ,Y,onshore,production_used_TWh,1.1342777548001763
3241,2028-stress,CZ,S,solar,production_used_TWh,4.7586487478065065
3242,2028-stress,CZ,S,onshore,production_used_TWh,0.36894969872519573
3243,2028-stress,CZ,W,solar,production_used_TWh,2.28297117353721
3244,2028-stress,CZ,W,onshore,production_used_TWh,0.7653280560749804
3245,2028-stress,CZ,Y,solar,production_excess_TWh,0.0009929671207744176
3246,2028-stress,CZ,Y,onshore,production_excess_TWh,1.087804966356374e-05
3247,2028-stress,CZ,S,solar,production_excess_TWh,0.00047729813826521684
3248,2028-stress,CZ,S,onshore,production_excess_TWh,1.0193567492596359e-05
3249,2028-stress,CZ,W,solar,production_excess_TWh,0.0005156689825092008
3250,2028-stress,CZ,W,onshore,production_excess_TWh,6.844821709673824e-07
3251,2028-stress,CZ,Y,h_ror,discharged_TWh,1.194561127276159
3252,2028-stress,CZ,Y,h_dams,discharged_TWh,0.922812857142857
3253,2028-stress,CZ,Y,li,discharged_TWh,0.08641111635022321
3254,2028-stress,CZ,Y,pump_open,discharged_TWh,0.3744433976669308
3255,2028-stress,CZ,Y,pump,discharged_TWh,0.4721104852759062
3256,2028-stress,CZ,Y,TOTAL,discharged_TWh,3.0503389837120762
3257,2028-stress,CZ,S,h_ror,discharged_TWh,0.5611132910367
3258,2028-stress,CZ,S,h_dams,discharged_TWh,0.4143349785714286
3259,2028-stress,CZ,S,li,discharged_TWh,0.03621001421300656
3260,2028-stress,CZ,S,pump_open,discharged_TWh,0.2351619426088964
3261,2028-stress,CZ,S,pump,discharged_TWh,0.3088609815421449
3262,2028-stress,CZ,S,TOTAL,discharged_TWh,6.1006779674241525
3263,2028-stress,CZ,W,h_ror,discharged_TWh,0.6334478362394588
3264,2028-stress,CZ,W,h_dams,discharged_TWh,0.5084778785714286
3265,2028-stress,CZ,W,li,discharged_TWh,0.050201102137216645
3266,2028-stress,CZ,W,pump_open,discharged_TWh,0.13928145505803446
3267,2028-stress,CZ,W,pump,discharged_TWh,0.16324950373376138
3268,2028-stress,CZ,W,TOTAL,discharged_TWh,6.1006779674241525
3269,2028-stress,CZ,Y,h_ror,charged_TWh,0.0
3270,2028-stress,CZ,Y,h_dams,charged_TWh,0.0
3271,2028-stress,CZ,Y,li,charged_TWh,0.10756052950138897
3272,2028-stress,CZ,Y,pump_open,charged_TWh,0.47492059199772135
3273,2028-stress,CZ,Y,pump,charged_TWh,0.6557090073276477
3274,2028-stress,CZ,Y,TOTAL,charged_TWh,1.238190128826758
3275,2028-stress,CZ,S,h_ror,charged_TWh,0.0
3276,2028-stress,CZ,S,h_dams,charged_TWh,0.0
3277,2028-stress,CZ,S,li,charged_TWh,0.05033840530414209
3278,2028-stress,CZ,S,pump_open,charged_TWh,0.301182459311085
3279,2028-stress,CZ,S,pump,charged_TWh,0.4268056925267105
3280,2028-stress,CZ,S,TOTAL,charged_TWh,2.476380257653516
3281,2028-stress,CZ,W,h_ror,charged_TWh,0.0
3282,2028-stress,CZ,W,h_dams,charged_TWh,0.0
3283,2028-stress,CZ,W,li,charged_TWh,0.05722212419724688
3284,2028-stress,CZ,W,pump_open,charged_TWh,0.17373813268663632
3285,2028-stress,CZ,W,pump,charged_TWh,0.2289033148009371
3286,2028-stress,CZ,W,TOTAL,charged_TWh,2.476380257653516
3287,2028-stress,CZ,Y,h_ror,inflow_TWh,1.19912
3288,2028-stress,CZ,Y,h_dams,inflow_TWh,0.922812857142857
3289,2028-stress,CZ,Y,pump_open,inflow_TWh,0.03250057142857143
3290,2028-stress,CZ,S,h_ror,inflow_TWh,0.564377
3291,2028-stress,CZ,S,h_dams,inflow_TWh,0.41548
3292,2028-stress,CZ,S,pump_open,inflow_TWh,0.015631
3293,2028-stress,CZ,W,h_ror,inflow_TWh,0.634743
3294,2028-stress,CZ,W,h_dams,inflow_TWh,0.507332857142857
3295,2028-stress,CZ,W,pump_open,inflow_TWh,0.016869571428571428
3296,2028-stress,CZ,Y,gas_chp,heat_production_PJ,8.675574751968153
3297,2028-stress,CZ,Y,gas_eng_chp,heat_production_PJ,5.572411200000373
3298,2028-stress,CZ,Y,lig_ex,heat_production_PJ,32.41635219840743
3299,2028-stress,CZ,Y,coal_ex,heat_production_PJ,3.226162170663044
3300,2028-stress,CZ,Y,b_CHP,heat_production_PJ,0.15824911896000002
3301,2028-stress,CZ,Y,lig_bp,heat_production_PJ,17.650068480000996
3302,2028-stress,CZ,Y,coal_bp,heat_production_PJ,0.0
3303,2028-stress,CZ,Y,eens,heat_production_PJ,-1.405851435265358e-18
3304,2028-stress,CZ,S,gas_chp,heat_production_PJ,3.1568433387554444
3305,2028-stress,CZ,S,gas_eng_chp,heat_production_PJ,2.0887509930848838
3306,2028-stress,CZ,S,lig_ex,heat_production_PJ,13.057074428146512
3307,2028-stress,CZ,S,coal_ex,heat_production_PJ,1.1669163766852189
3308,2028-stress,CZ,S,b_CHP,heat_production_PJ,-4.948105924996015e-18
3309,2028-stress,CZ,S,lig_bp,heat_production_PJ,3.4916594633279407
3310,2028-stress,CZ,S,coal_bp,heat_production_PJ,0.0
3311,2028-stress,CZ,S,eens,heat_production_PJ,-1.405851435265358e-18
3312,2028-stress,CZ,W,gas_chp,heat_production_PJ,5.518731413212707
3313,2028-stress,CZ,W,gas_eng_chp,heat_production_PJ,3.4836602069154896
3314,2028-stress,CZ,W,lig_ex,heat_production_PJ,19.359277770260924
3315,2028-stress,CZ,W,coal_ex,heat_production_PJ,2.0592457939778255
3316,2028-stress,CZ,W,b_CHP,heat_production_PJ,0.15824911896000002
3317,2028-stress,CZ,W,lig_bp,heat_production_PJ,14.158409016673057
3318,2028-stress,CZ,W,coal_bp,heat_production_PJ,0.0
3319,2028-stress,CZ,W,eens,heat_production_PJ,0.0
3320,2028-stress,CZ,Y,waste,production_hours,6694.0
3321,2028-stress,CZ,Y,gas_ccgt,production_hours,8130.0
3322,2028-stress,CZ,Y,gas_chp,production_hours,8197.0
3323,2028-stress,CZ,Y,biogas,production_hours,4571.0
3324,2028-stress,CZ,Y,lig_sc,production_hours,2160.0
3325,2028-stress,CZ,Y,bio,production_hours,0.0
3326,2028-stress,CZ,Y,gas_eng_chp,production_hours,5644.0
3327,2028-stress,CZ,Y,lig,production_hours,967.0
3328,2028-stress,CZ,Y,lig_ex,production_hours,8346.0
3329,2028-stress,CZ,Y,coal,production_hours,0.0
3330,2028-stress,CZ,Y,coal_ex,production_hours,8346.0
3331,2028-stress,CZ,Y,gas_peak,production_hours,621.0
3332,2028-stress,CZ,Y,lig_old,production_hours,0.0
3333,2028-stress,CZ,Y,b_CHP,production_hours,167.0
3334,2028-stress,CZ,Y,lig_bp,production_hours,6507.0
3335,2028-stress,CZ,Y,coal_bp,production_hours,0.0
3336,2028-stress,CZ,Y,dsr,production_hours,0.0
3337,2028-stress,CZ,Y,eens,production_hours,0.0
3338,2028-stress,CZ,Y,h_ror,production_hours,8760.0
3339,2028-stress,CZ,Y,h_dams,production_hours,8760.0
3340,2028-stress,CZ,Y,li,production_hours,994.0
3341,2028-stress,CZ,Y,pump_open,production_hours,1290.0
3342,2028-stress,CZ,Y,pump,production_hours,1041.0
3343,2028-stress,CZ,S,waste,production_hours,3019.0
3344,2028-stress,CZ,S,gas_ccgt,production_hours,3867.0
3345,2028-stress,CZ,S,gas_chp,production_hours,3821.0
3346,2028-stress,CZ,S,biogas,production_hours,1679.0
3347,2028-stress,CZ,S,lig_sc,production_hours,0.0
3348,2028-stress,CZ,S,bio,production_hours,0.0
3349,2028-stress,CZ,S,gas_eng_chp,production_hours,2177.0
3350,2028-stress,CZ,S,lig,production_hours,0.0
3351,2028-stress,CZ,S,lig_ex,production_hours,3954.0
3352,2028-stress,CZ,S,coal,production_hours,0.0
3353,2028-stress,CZ,S,coal_ex,production_hours,3954.0
3354,2028-stress,CZ,S,gas_peak,production_hours,3.0
3355,2028-stress,CZ,S,lig_old,production_hours,0.0
3356,2028-stress,CZ,S,b_CHP,production_hours,0.0
3357,2028-stress,CZ,S,lig_bp,production_hours,2152.0
3358,2028-stress,CZ,S,coal_bp,production_hours,0.0
3359,2028-stress,CZ,S,dsr,production_hours,0.0
3360,2028-stress,CZ,S,eens,production_hours,0.0
3361,2028-stress,CZ,S,h_ror,production_hours,4368.0
3362,2028-stress,CZ,S,h_dams,production_hours,4368.0
3363,2028-stress,CZ,S,li,production_hours,425.0
3364,2028-stress,CZ,S,pump_open,production_hours,791.0
3365,2028-stress,CZ,S,pump,production_hours,690.0
3366,2028-stress,CZ,W,waste,production_hours,3675.0
3367,2028-stress,CZ,W,gas_ccgt,production_hours,4263.0
3368,2028-stress,CZ,W,gas_chp,production_hours,4376.0
3369,2028-stress,CZ,W,biogas,production_hours,2892.0
3370,2028-stress,CZ,W,lig_sc,production_hours,2160.0
3371,2028-stress,CZ,W,bio,production_hours,0.0
3372,2028-stress,CZ,W,gas_eng_chp,production_hours,3467.0
3373,2028-stress,CZ,W,lig,production_hours,967.0
3374,2028-stress,CZ,W,lig_ex,production_hours,4392.0
3375,2028-stress,CZ,W,coal,production_hours,0.0
3376,2028-stress,CZ,W,coal_ex,production_hours,4392.0
3377,2028-stress,CZ,W,gas_peak,production_hours,618.0
3378,2028-stress,CZ,W,lig_old,production_hours,0.0
3379,2028-stress,CZ,W,b_CHP,production_hours,167.0
3380,2028-stress,CZ,W,lig_bp,production_hours,4355.0
3381,2028-stress,CZ,W,coal_bp,production_hours,0.0
3382,2028-stress,CZ,W,dsr,production_hours,0.0
3383,2028-stress,CZ,W,eens,production_hours,0.0
3384,2028-stress,CZ,W,h_ror,production_hours,4392.0
3385,2028-stress,CZ,W,h_dams,production_hours,4392.0
3386,2028-stress,CZ,W,li,production_hours,569.0
3387,2028-stress,CZ,W,pump_open,production_hours,499.0
3388,2028-stress,CZ,W,pump,production_hours,351.0
3389,2028-stress,CZ,Y,nuclear,capex_mn_EUR_per_yr,2738.4690791124917
3390,2028-stress,CZ,Y,solar,capex_mn_EUR_per_yr,362.97951645653444
3391,2028-stress,CZ,Y,onshore,capex_mn_EUR_per_yr,68.82996852045387
3392,2028-stress,CZ,Y,waste,capex_mn_EUR_per_yr,228.2938717209026
3393,2028-stress,CZ,Y,gas_ccgt,capex_mn_EUR_per_yr,76.18061222457844
3394,2028-stress,CZ,Y,gas_chp,capex_mn_EUR_per_yr,138.841538451773
3395,2028-stress,CZ,Y,biogas,capex_mn_EUR_per_yr,16.217086196531145
3396,2028-stress,CZ,Y,lig_sc,capex_mn_EUR_per_yr,144.15255774515765
3397,2028-stress,CZ,Y,bio,capex_mn_EUR_per_yr,0.0
3398,2028-stress,CZ,Y,gas_eng_chp,capex_mn_EUR_per_yr,22.59441391073202
3399,2028-stress,CZ,Y,lig,capex_mn_EUR_per_yr,285.68415989494883
3400,2028-stress,CZ,Y,lig_ex,capex_mn_EUR_per_yr,381.78586505838734
3401,2028-stress,CZ,Y,coal,capex_mn_EUR_per_yr,0.0
3402,2028-stress,CZ,Y,coal_ex,capex_mn_EUR_per_yr,26.048184884115727
3403,2028-stress,CZ,Y,gas_peak,capex_mn_EUR_per_yr,7.893982066856129
3404,2028-stress,CZ,Y,lig_old,capex_mn_EUR_per_yr,0.0
3405,2028-stress,CZ,Y,b_CHP,capex_mn_EUR_per_yr,109.81713302115291
3406,2028-stress,CZ,Y,lig_bp,capex_mn_EUR_per_yr,115.75887212868723
3407,2028-stress,CZ,Y,coal_bp,capex_mn_EUR_per_yr,0.0
3408,2028-stress,CZ,Y,dsr,capex_mn_EUR_per_yr,0.0
3409,2028-stress,CZ,Y,h_ror,capex_mn_EUR_per_yr,84.30517292657983
3410,2028-stress,CZ,Y,h_dams,capex_mn_EUR_per_yr,123.71530195731836
3411,2028-stress,CZ,Y,li,capex_mn_EUR_per_yr,4.011568788183623
3412,2028-stress,CZ,Y,pump_open,capex_mn_EUR_per_yr,95.47814765178921
3413,2028-stress,CZ,Y,pump,capex_mn_EUR_per_yr,137.73230661258106
3414,2028-stress,CZ,S,nuclear,capex_mn_EUR_per_yr,2738.4690791124917
3415,2028-stress,CZ,S,solar,capex_mn_EUR_per_yr,362.97951645653444
3416,2028-stress,CZ,S,onshore,capex_mn_EUR_per_yr,68.82996852045387
3417,2028-stress,CZ,S,waste,capex_mn_EUR_per_yr,228.2938717209026
3418,2028-stress,CZ,S,gas_ccgt,capex_mn_EUR_per_yr,76.18061222457844
3419,2028-stress,CZ,S,gas_chp,capex_mn_EUR_per_yr,138.841538451773
3420,2028-stress,CZ,S,biogas,capex_mn_EUR_per_yr,16.217086196531145
3421,2028-stress,CZ,S,lig_sc,capex_mn_EUR_per_yr,144.15255774515765
3422,2028-stress,CZ,S,bio,capex_mn_EUR_per_yr,0.0
3423,2028-stress,CZ,S,gas_eng_chp,capex_mn_EUR_per_yr,22.59441391073202
3424,2028-stress,CZ,S,lig,capex_mn_EUR_per_yr,285.68415989494883
3425,2028-stress,CZ,S,lig_ex,capex_mn_EUR_per_yr,381.78586505838734
3426,2028-stress,CZ,S,coal,capex_mn_EUR_per_yr,0.0
3427,2028-stress,CZ,S,coal_ex,capex_mn_EUR_per_yr,26.048184884115727
3428,2028-stress,CZ,S,gas_peak,capex_mn_EUR_per_yr,7.893982066856129
3429,2028-stress,CZ,S,lig_old,capex_mn_EUR_per_yr,0.0
3430,2028-stress,CZ,S,b_CHP,capex_mn_EUR_per_yr,109.81713302115291
3431,2028-stress,CZ,S,lig_bp,capex_mn_EUR_per_yr,115.75887212868723
3432,2028-stress,CZ,S,coal_bp,capex_mn_EUR_per_yr,0.0
3433,2028-stress,CZ,S,dsr,capex_mn_EUR_per_yr,0.0
3434,2028-stress,CZ,S,h_ror,capex_mn_EUR_per_yr,84.30517292657983
3435,2028-stress,CZ,S,h_dams,capex_mn_EUR_per_yr,123.71530195731836
3436,2028-stress,CZ,S,li,capex_mn_EUR_per_yr,4.011568788183623
3437,2028-stress,CZ,S,pump_open,capex_mn_EUR_per_yr,95.47814765178921
3438,2028-stress,CZ,S,pump,capex_mn_EUR_per_yr,137.73230661258106
3439,2028-stress,CZ,W,nuclear,capex_mn_EUR_per_yr,2738.4690791124917
3440,2028-stress,CZ,W,solar,capex_mn_EUR_per_yr,362.97951645653444
3441,2028-stress,CZ,W,onshore,capex_mn_EUR_per_yr,68.82996852045387
3442,2028-stress,CZ,W,waste,capex_mn_EUR_per_yr,228.2938717209026
3443,2028-stress,CZ,W,gas_ccgt,capex_mn_EUR_per_yr,76.18061222457844
3444,2028-stress,CZ,W,gas_chp,capex_mn_EUR_per_yr,138.841538451773
3445,2028-stress,CZ,W,biogas,capex_mn_EUR_per_yr,16.217086196531145
3446,2028-stress,CZ,W,lig_sc,capex_mn_EUR_per_yr,144.15255774515765
3447,2028-stress,CZ,W,bio,capex_mn_EUR_per_yr,0.0
3448,2028-stress,CZ,W,gas_eng_chp,capex_mn_EUR_per_yr,22.59441391073202
3449,2028-stress,CZ,W,lig,capex_mn_EUR_per_yr,285.68415989494883
3450,2028-stress,CZ,W,lig_ex,capex_mn_EUR_per_yr,381.78586505838734
3451,2028-stress,CZ,W,coal,capex_mn_EUR_per_yr,0.0
3452,2028-stress,CZ,W,coal_ex,capex_mn_EUR_per_yr,26.048184884115727
3453,2028-stress,CZ,W,gas_peak,capex_mn_EUR_per_yr,7.893982066856129
3454,2028-stress,CZ,W,lig_old,capex_mn_EUR_per_yr,0.0
3455,2028-stress,CZ,W,b_CHP,capex_mn_EUR_per_yr,109.81713302115291
3456,2028-stress,CZ,W,lig_bp,capex_mn_EUR_per_yr,115.75887212868723
3457,2028-stress,CZ,W,coal_bp,capex_mn_EUR_per_yr,0.0
3458,2028-stress,CZ,W,dsr,capex_mn_EUR_per_yr,0.0
3459,2028-stress,CZ,W,h_ror,capex_mn_EUR_per_yr,84.30517292657983
3460,2028-stress,CZ,W,h_dams,capex_mn_EUR_per_yr,123.71530195731836
3461,2028-stress,CZ,W,li,capex_mn_EUR_per_yr,4.011568788183623
3462,2028-stress,CZ,W,pump_open,capex_mn_EUR_per_yr,95.47814765178921
3463,2028-stress,CZ,W,pump,capex_mn_EUR_per_yr,137.73230661258106
3464,2028-stress,CZ,Y,nuclear,opex_mn_EUR,494.9444766359082
3465,2028-stress,CZ,Y,solar,opex_mn_EUR,0.0
3466,2028-stress,CZ,Y,onshore,opex_mn_EUR,0.0
3467,2028-stress,CZ,Y,waste,opex_mn_EUR,45.732586764155414
3468,2028-stress,CZ,Y,gas_ccgt,opex_mn_EUR,417.76019848891997
3469,2028-stress,CZ,Y,gas_chp,opex_mn_EUR,205.6460756898162
3470,2028-stress,CZ,Y,biogas,opex_mn_EUR,114.44717452624707
3471,2028-stress,CZ,Y,lig_sc,opex_mn_EUR,85.1986602276522
3472,2028-stress,CZ,Y,bio,opex_mn_EUR,0.0
3473,2028-stress,CZ,Y,gas_eng_chp,opex_mn_EUR,167.56790840001122
3474,2028-stress,CZ,Y,lig,opex_mn_EUR,72.04746158125936
3475,2028-stress,CZ,Y,lig_ex,opex_mn_EUR,242.58127510106607
3476,2028-stress,CZ,Y,coal,opex_mn_EUR,0.0
3477,2028-stress,CZ,Y,coal_ex,opex_mn_EUR,24.40542757655735
3478,2028-stress,CZ,Y,gas_peak,opex_mn_EUR,6.29447030290538
3479,2028-stress,CZ,Y,lig_old,opex_mn_EUR,0.0
3480,2028-stress,CZ,Y,b_CHP,opex_mn_EUR,1.5884025704528397
3481,2028-stress,CZ,Y,lig_bp,opex_mn_EUR,358.0439348894561
3482,2028-stress,CZ,Y,coal_bp,opex_mn_EUR,0.0
3483,2028-stress,CZ,Y,dsr,opex_mn_EUR,0.0
3484,2028-stress,CZ,Y,h_ror,opex_mn_EUR,2.389122254552318
3485,2028-stress,CZ,Y,h_dams,opex_mn_EUR,2.768438571428571
3486,2028-stress,CZ,Y,li,opex_mn_EUR,0.432055581751116
3487,2028-stress,CZ,Y,pump_open,opex_mn_EUR,1.4977735906677232
3488,2028-stress,CZ,Y,pump,opex_mn_EUR,1.8884419411036248
3489,2028-stress,CZ,S,nuclear,opex_mn_EUR,239.2161165494021
3490,2028-stress,CZ,S,solar,opex_mn_EUR,0.0
3491,2028-stress,CZ,S,onshore,opex_mn_EUR,0.0
3492,2028-stress,CZ,S,waste,opex_mn_EUR,19.497474391027588
3493,2028-stress,CZ,S,gas_ccgt,opex_mn_EUR,196.7159809379996
3494,2028-stress,CZ,S,gas_chp,opex_mn_EUR,53.49046844770175
3495,2028-stress,CZ,S,biogas,opex_mn_EUR,40.6810740884127
3496,2028-stress,CZ,S,lig_sc,opex_mn_EUR,0.0
3497,2028-stress,CZ,S,bio,opex_mn_EUR,0.0
3498,2028-stress,CZ,S,gas_eng_chp,opex_mn_EUR,62.81080532600624
3499,2028-stress,CZ,S,lig,opex_mn_EUR,0.0
3500,2028-stress,CZ,S,lig_ex,opex_mn_EUR,96.07619835466434
3501,2028-stress,CZ,S,coal,opex_mn_EUR,0.0
3502,2028-stress,CZ,S,coal_ex,opex_mn_EUR,8.6878994432995
3503,2028-stress,CZ,S,gas_peak,opex_mn_EUR,0.010968348158593065
3504,2028-stress,CZ,S,lig_old,opex_mn_EUR,0.0
3505,2028-stress,CZ,S,b_CHP,opex_mn_EUR,-4.636106013218722e-17
3506,2028-stress,CZ,S,lig_bp,opex_mn_EUR,71.43446640163123
3507,2028-stress,CZ,S,coal_bp,opex_mn_EUR,0.0
3508,2028-stress,CZ,S,dsr,opex_mn_EUR,0.0
3509,2028-stress,CZ,S,h_ror,opex_mn_EUR,
3510,2028-stress,CZ,S,h_dams,opex_mn_EUR,1.2430049357142858
3511,2028-stress,CZ,S,li,opex_mn_EUR,0.18105007106503282
3512,2028-stress,CZ,S,pump_open,opex_mn_EUR,0.9406477704355856
3513,2028-stress,CZ,S,pump,opex_mn_EUR,1.2354439261685797
3514,2028-stress,CZ,W,nuclear,opex_mn_EUR,255.72836008650606
3515,2028-stress,CZ,W,solar,opex_mn_EUR,0.0
3516,2028-stress,CZ,W,onshore,opex_mn_EUR,0.0
3517,2028-stress,CZ,W,waste,opex_mn_EUR,26.23511237312784
3518,2028-stress,CZ,W,gas_ccgt,opex_mn_EUR,221.04421755092034
3519,2028-stress,CZ,W,gas_chp,opex_mn_EUR,152.15560724211446
3520,2028-stress,CZ,W,biogas,opex_mn_EUR,73.76610043783435
3521,2028-stress,CZ,W,lig_sc,opex_mn_EUR,85.19866022765221
3522,2028-stress,CZ,W,bio,opex_mn_EUR,0.0
3523,2028-stress,CZ,W,gas_eng_chp,opex_mn_EUR,104.75710307400497
3524,2028-stress,CZ,W,lig,opex_mn_EUR,72.04746158125936
3525,2028-stress,CZ,W,lig_ex,opex_mn_EUR,146.50507674640173
3526,2028-stress,CZ,W,coal,opex_mn_EUR,0.0
3527,2028-stress,CZ,W,coal_ex,opex_mn_EUR,15.71752813325785
3528,2028-stress,CZ,W,gas_peak,opex_mn_EUR,6.283501954746788
3529,2028-stress,CZ,W,lig_old,opex_mn_EUR,0.0
3530,2028-stress,CZ,W,b_CHP,opex_mn_EUR,1.5884025704528397
3531,2028-stress,CZ,W,lig_bp,opex_mn_EUR,286.6094684878249
3532,2028-stress,CZ,W,coal_bp,opex_mn_EUR,0.0
3533,2028-stress,CZ,W,dsr,opex_mn_EUR,0.0
3534,2028-stress,CZ,W,h_ror,opex_mn_EUR,1.2668956724789175
3535,2028-stress,CZ,W,h_dams,opex_mn_EUR,1.5254336357142857
3536,2028-stress,CZ,W,li,opex_mn_EUR,0.25100551068608323
3537,2028-stress,CZ,W,pump_open,opex_mn_EUR,0.5571258202321379
3538,2028-stress,CZ,W,pump,opex_mn_EUR,0.6529980149350455
3539,2028-stress,CZ,Y,h_ror,wholesale_expenses_mn_EUR,0.0
3540,2028-stress,CZ,Y,h_dams,wholesale_expenses_mn_EUR,0.0
3541,2028-stress,CZ,Y,li,wholesale_expenses_mn_EUR,9.813253767091494
3542,2028-stress,CZ,Y,pump_open,wholesale_expenses_mn_EUR,24.772593642074444
3543,2028-stress,CZ,Y,pump,wholesale_expenses_mn_EUR,32.942334162262256
3544,2028-stress,CZ,Y,IMPORT_EXPORT,wholesale_expenses_mn_EUR,1895.7149383990852
3545,2028-stress,CZ,S,h_ror,wholesale_expenses_mn_EUR,0.0
3546,2028-stress,CZ,S,h_dams,wholesale_expenses_mn_EUR,0.0
3547,2028-stress,CZ,S,li,wholesale_expenses_mn_EUR,2.380723383265483
3548,2028-stress,CZ,S,pump_open,wholesale_expenses_mn_EUR,13.37595111624084
3549,2028-stress,CZ,S,pump,wholesale_expenses_mn_EUR,18.4243372274999
3550,2028-stress,CZ,S,IMPORT_EXPORT,wholesale_expenses_mn_EUR,653.5180374823434
3551,2028-stress,CZ,W,h_ror,wholesale_expenses_mn_EUR,0.0
3552,2028-stress,CZ,W,h_dams,wholesale_expenses_mn_EUR,0.0
3553,2028-stress,CZ,W,li,wholesale_expenses_mn_EUR,7.43253038382601
3554,2028-stress,CZ,W,pump_open,wholesale_expenses_mn_EUR,11.3966425258336
3555,2028-stress,CZ,W,pump,wholesale_expenses_mn_EUR,14.517996934762348
3556,2028-stress,CZ,W,IMPORT_EXPORT,wholesale_expenses_mn_EUR,1242.196900916742
3557,2028-stress,CZ,Y,nuclear,wholesale_revenues_mn_EUR,3135.640453722411
3558,2028-stress,CZ,Y,solar,wholesale_revenues_mn_EUR,544.737337024087
3559,2028-stress,CZ,Y,onshore,wholesale_revenues_mn_EUR,111.28624594804019
3560,2028-stress,CZ,Y,waste,wholesale_revenues_mn_EUR,179.18668930628957
3561,2028-stress,CZ,Y,gas_ccgt,wholesale_revenues_mn_EUR,675.4614035438225
3562,2028-stress,CZ,Y,gas_chp,wholesale_revenues_mn_EUR,469.21479796798377
3563,2028-stress,CZ,Y,biogas,wholesale_revenues_mn_EUR,211.67220935243947
3564,2028-stress,CZ,Y,lig_sc,wholesale_revenues_mn_EUR,224.63867920920478
3565,2028-stress,CZ,Y,bio,wholesale_revenues_mn_EUR,0.0
3566,2028-stress,CZ,Y,gas_eng_chp,wholesale_revenues_mn_EUR,267.3031974217788
3567,2028-stress,CZ,Y,lig,wholesale_revenues_mn_EUR,340.66785821906075
3568,2028-stress,CZ,Y,lig_ex,wholesale_revenues_mn_EUR,385.08290745598066
3569,2028-stress,CZ,Y,coal,wholesale_revenues_mn_EUR,0.0
3570,2028-stress,CZ,Y,coal_ex,wholesale_revenues_mn_EUR,35.951445989139025
3571,2028-stress,CZ,Y,gas_peak,wholesale_revenues_mn_EUR,36.22394197480985
3572,2028-stress,CZ,Y,lig_old,wholesale_revenues_mn_EUR,0.0
3573,2028-stress,CZ,Y,b_CHP,wholesale_revenues_mn_EUR,26.908210409222782
3574,2028-stress,CZ,Y,lig_bp,wholesale_revenues_mn_EUR,272.9865419010308
3575,2028-stress,CZ,Y,coal_bp,wholesale_revenues_mn_EUR,0.0
3576,2028-stress,CZ,Y,dsr,wholesale_revenues_mn_EUR,0.0
3577,2028-stress,CZ,Y,h_ror,wholesale_revenues_mn_EUR,152.89586893598684
3578,2028-stress,CZ,Y,h_dams,wholesale_revenues_mn_EUR,161.2188667299282
3579,2028-stress,CZ,Y,li,wholesale_revenues_mn_EUR,13.957019248830218
3580,2028-stress,CZ,Y,pump_open,wholesale_revenues_mn_EUR,72.71487876724913
3581,2028-stress,CZ,Y,pump,wholesale_revenues_mn_EUR,82.01633550370154
3582,2028-stress,CZ,Y,IMPORT_EXPORT,wholesale_revenues_mn_EUR,25.528446118143723
3583,2028-stress,CZ,S,nuclear,wholesale_revenues_mn_EUR,1017.247882953467
3584,2028-stress,CZ,S,solar,wholesale_revenues_mn_EUR,294.4912197816899
3585,2028-stress,CZ,S,onshore,wholesale_revenues_mn_EUR,31.53447343685811
3586,2028-stress,CZ,S,waste,wholesale_revenues_mn_EUR,47.54562952720353
3587,2028-stress,CZ,S,gas_ccgt,wholesale_revenues_mn_EUR,216.59977759083216
3588,2028-stress,CZ,S,gas_chp,wholesale_revenues_mn_EUR,59.06311222566667
3589,2028-stress,CZ,S,biogas,wholesale_revenues_mn_EUR,42.468195647085665
3590,2028-stress,CZ,S,lig_sc,wholesale_revenues_mn_EUR,0.0
3591,2028-stress,CZ,S,bio,wholesale_revenues_mn_EUR,0.0
3592,2028-stress,CZ,S,gas_eng_chp,wholesale_revenues_mn_EUR,59.257691971854165
3593,2028-stress,CZ,S,lig,wholesale_revenues_mn_EUR,0.0
3594,2028-stress,CZ,S,lig_ex,wholesale_revenues_mn_EUR,73.35256753746134
3595,2028-stress,CZ,S,coal,wholesale_revenues_mn_EUR,0.0
3596,2028-stress,CZ,S,coal_ex,wholesale_revenues_mn_EUR,6.63710196242173
3597,2028-stress,CZ,S,gas_peak,wholesale_revenues_mn_EUR,0.012030255780162126
3598,2028-stress,CZ,S,lig_old,wholesale_revenues_mn_EUR,0.0
3599,2028-stress,CZ,S,b_CHP,wholesale_revenues_mn_EUR,-2.212958506373075e-17
3600,2028-stress,CZ,S,lig_bp,wholesale_revenues_mn_EUR,30.512206966535715
3601,2028-stress,CZ,S,coal_bp,wholesale_revenues_mn_EUR,0.0
3602,2028-stress,CZ,S,dsr,wholesale_revenues_mn_EUR,0.0
3603,2028-stress,CZ,S,h_ror,wholesale_revenues_mn_EUR,49.48464664219479
3604,2028-stress,CZ,S,h_dams,wholesale_revenues_mn_EUR,41.24815073078622
3605,2028-stress,CZ,S,li,wholesale_revenues_mn_EUR,3.7569607462528296
3606,2028-stress,CZ,S,pump_open,wholesale_revenues_mn_EUR,24.399318442425145
3607,2028-stress,CZ,S,pump,wholesale_revenues_mn_EUR,31.80939094731931
3608,2028-stress,CZ,S,IMPORT_EXPORT,wholesale_revenues_mn_EUR,0.28472179902267214
3609,2028-stress,CZ,W,nuclear,wholesale_revenues_mn_EUR,2118.3925707689436
3610,2028-stress,CZ,W,solar,wholesale_revenues_mn_EUR,250.24611724239713
3611,2028-stress,CZ,W,onshore,wholesale_revenues_mn_EUR,79.75177251118208
3612,2028-stress,CZ,W,waste,wholesale_revenues_mn_EUR,131.64105977908605
3613,2028-stress,CZ,W,gas_ccgt,wholesale_revenues_mn_EUR,458.8616259529904
3614,2028-stress,CZ,W,gas_chp,wholesale_revenues_mn_EUR,410.15168574231706
3615,2028-stress,CZ,W,biogas,wholesale_revenues_mn_EUR,169.2040137053538
3616,2028-stress,CZ,W,lig_sc,wholesale_revenues_mn_EUR,224.63867920920475
3617,2028-stress,CZ,W,bio,wholesale_revenues_mn_EUR,0.0
3618,2028-stress,CZ,W,gas_eng_chp,wholesale_revenues_mn_EUR,208.04550544992466
3619,2028-stress,CZ,W,lig,wholesale_revenues_mn_EUR,340.66785821906075
3620,2028-stress,CZ,W,lig_ex,wholesale_revenues_mn_EUR,311.7303399185193
3621,2028-stress,CZ,W,coal,wholesale_revenues_mn_EUR,0.0
3622,2028-stress,CZ,W,coal_ex,wholesale_revenues_mn_EUR,29.314344026717297
3623,2028-stress,CZ,W,gas_peak,wholesale_revenues_mn_EUR,36.211911719029686
3624,2028-stress,CZ,W,lig_old,wholesale_revenues_mn_EUR,0.0
3625,2028-stress,CZ,W,b_CHP,wholesale_revenues_mn_EUR,26.908210409222782
3626,2028-stress,CZ,W,lig_bp,wholesale_revenues_mn_EUR,242.47433493449512
3627,2028-stress,CZ,W,coal_bp,wholesale_revenues_mn_EUR,0.0
3628,2028-stress,CZ,W,dsr,wholesale_revenues_mn_EUR,0.0
3629,2028-stress,CZ,W,h_ror,wholesale_revenues_mn_EUR,103.41122229379205
3630,2028-stress,CZ,W,h_dams,wholesale_revenues_mn_EUR,119.97071599914196
3631,2028-stress,CZ,W,li,wholesale_revenues_mn_EUR,10.200058502577386
3632,2028-stress,CZ,W,pump_open,wholesale_revenues_mn_EUR,48.31556032482399
3633,2028-stress,CZ,W,pump,wholesale_revenues_mn_EUR,50.206944556382226
3634,2028-stress,CZ,W,IMPORT_EXPORT,wholesale_revenues_mn_EUR,25.24372431912105
3635,2028-stress,CZ,Y,TOTAL,avg_consumer_price_EUR_per_MWh,138.15764974113125
3636,2028-stress,CZ,S,TOTAL,avg_consumer_price_EUR_per_MWh,86.9662061053471
3637,2028-stress,CZ,W,TOTAL,avg_consumer_price_EUR_per_MWh,181.27916030327367
3638,2028-stress,CZ,Y,TOTAL,avg_producer_price_EUR_per_MWh,141.2556553181402
3639,2028-stress,CZ,S,TOTAL,avg_producer_price_EUR_per_MWh,83.77651702638948
3640,2028-stress,CZ,W,TOTAL,avg_producer_price_EUR_per_MWh,189.81940277660902
3641,2028-stress,CZ,Y,nuclear,capacity_factor,0.672061160003901
3642,2028-stress,CZ,Y,solar,capacity_factor,0.11485017756791407
3643,2028-stress,CZ,Y,onshore,capacity_factor,0.2589700074999634
3644,2028-stress,CZ,Y,waste,capacity_factor,0.6666666666665846
3645,2028-stress,CZ,Y,gas_ccgt,capacity_factor,0.9070198373454481
3646,2028-stress,CZ,Y,gas_chp,capacity_factor,0.5333333333333042
3647,2028-stress,CZ,Y,biogas,capacity_factor,0.47410758143961323
3648,2028-stress,CZ,Y,lig_sc,capacity_factor,0.21304277315261966
3649,2028-stress,CZ,Y,gas_eng_chp,capacity_factor,0.5333333333333692
3650,2028-stress,CZ,Y,lig,capacity_factor,0.08432558437445914
3651,2028-stress,CZ,Y,lig_ex,capacity_factor,0.533333333333366
3652,2028-stress,CZ,Y,coal_ex,capacity_factor,0.5333333333333324
3653,2028-stress,CZ,Y,gas_peak,capacity_factor,0.06165890005144879
3654,2028-stress,CZ,Y,b_CHP,capacity_factor,0.013322837233069472
3655,2028-stress,CZ,Y,lig_bp,capacity_factor,0.5333333333333635
3656,2028-stress,CZ,Y,h_ror,capacity_factor,0.32859138671842414
3657,2028-stress,CZ,Y,h_dams,capacity_factor,0.17297854427552783
3658,2028-stress,CZ,Y,li,capacity_factor,0.09864282688381645
3659,2028-stress,CZ,Y,pump_open,capacity_factor,0.09094612787013767
3660,2028-stress,CZ,Y,pump,capacity_factor,0.07948951476877773
3661,2028-stress,CZ,Y,TOTAL,capacity_factor,0.3079692652499284
3662,2028-stress,CZ,S,nuclear,capacity_factor,0.6514247085763767
3663,2028-stress,CZ,S,solar,capacity_factor,0.15564907266956998
3664,2028-stress,CZ,S,onshore,capacity_factor,0.16893767962119427
3665,2028-stress,CZ,S,waste,capacity_factor,0.556369823213065
3666,2028-stress,CZ,S,gas_ccgt,capacity_factor,0.8487439839881669
3667,2028-stress,CZ,S,gas_chp,capacity_factor,0.3151919757679551
3668,2028-stress,CZ,S,biogas,capacity_factor,0.33725259990088546
3669,2028-stress,CZ,S,lig_sc,capacity_factor,0.0
3670,2028-stress,CZ,S,gas_eng_chp,capacity_factor,0.400925534950034
3671,2028-stress,CZ,S,lig,capacity_factor,0.0
3672,2028-stress,CZ,S,lig_ex,capacity_factor,0.42842327871006924
3673,2028-stress,CZ,S,coal_ex,capacity_factor,0.3846430591357055
3674,2028-stress,CZ,S,gas_peak,capacity_factor,0.0001926656044333168
3675,2028-stress,CZ,S,b_CHP,capacity_factor,-8.354411943094151e-19
3676,2028-stress,CZ,S,lig_bp,capacity_factor,0.2115951410748545
3677,2028-stress,CZ,S,h_ror,capacity_factor,0.30954217476317364
3678,2028-stress,CZ,S,h_dams,capacity_factor,0.15575847128670844
3679,2028-stress,CZ,S,li,capacity_factor,0.08289838418728608
3680,2028-stress,CZ,S,pump_open,capacity_factor,0.11454774696481977
3681,2028-stress,CZ,S,pump,capacity_factor,0.10429193461908035
3682,2028-stress,CZ,S,TOTAL,capacity_factor,1.2352613386398226
3683,2028-stress,CZ,W,nuclear,capacity_factor,0.6925848439372861
3684,2028-stress,CZ,W,solar,capacity_factor,0.07427422724823443
3685,2028-stress,CZ,W,onshore,capacity_factor,0.3485103554449688
3686,2028-stress,CZ,W,waste,capacity_factor,0.776360795128555
3687,2028-stress,CZ,W,gas_ccgt,capacity_factor,0.9649772434166246
3688,2028-stress,CZ,W,gas_chp,capacity_factor,0.7502826616223397
3689,2028-stress,CZ,W,biogas,capacity_factor,0.6102147215491676
3690,2028-stress,CZ,W,lig_sc,capacity_factor,0.42492137814593545
3691,2028-stress,CZ,W,gas_eng_chp,capacity_factor,0.6650175918348281
3692,2028-stress,CZ,W,lig,capacity_factor,0.16819037320588845
3693,2028-stress,CZ,W,lig_ex,capacity_factor,0.6376701089696503
3694,2028-stress,CZ,W,coal_ex,capacity_factor,0.6812110923714093
3695,2028-stress,CZ,W,gas_peak,capacity_factor,0.12278925343591228
3696,2028-stress,CZ,W,b_CHP,capacity_factor,0.0265728720768872
3697,2028-stress,CZ,W,lig_bp,capacity_factor,0.8533133933937387
3698,2028-stress,CZ,W,h_ror,capacity_factor,0.34753650461927427
3699,2028-stress,CZ,W,h_dams,capacity_factor,0.19010451850484555
3700,2028-stress,CZ,W,li,capacity_factor,0.11430123437435483
3701,2028-stress,CZ,W,pump_open,capacity_factor,0.06747347937160139
3702,2028-stress,CZ,W,pump,capacity_factor,0.0548226272673839
3703,2028-stress,CZ,W,TOTAL,capacity_factor,1.2285112766800421
3704,2028-stress,CZ,Y,li,capacity_factor_charging,0.009776032658022299
3705,2028-stress,CZ,Y,pump_open,capacity_factor_charging,0.12321518057226062
3706,2028-stress,CZ,Y,pump,capacity_factor_charging,0.11272985904708692
3707,2028-stress,CZ,S,li,capacity_factor_charging,0.009175519063589056
3708,2028-stress,CZ,S,pump_open,capacity_factor_charging,0.15670915506945396
3709,2028-stress,CZ,S,pump,capacity_factor_charging,0.14715651497704776
3710,2028-stress,CZ,W,li,capacity_factor_charging,0.010373264757403992
3711,2028-stress,CZ,W,pump_open,capacity_factor_charging,0.08990423325811203
3712,2028-stress,CZ,W,pump,capacity_factor_charging,0.07849132692002199
3713,2028-stress,CZ,Y,nuclear,emissions_MtCO2,0.0
3714,2028-stress,CZ,Y,solar,emissions_MtCO2,0.0
3715,2028-stress,CZ,Y,onshore,emissions_MtCO2,0.0
3716,2028-stress,CZ,Y,waste,emissions_MtCO2,0.0
3717,2028-stress,CZ,Y,gas_ccgt,emissions_MtCO2,1.9271795151616928
3718,2028-stress,CZ,Y,gas_chp,emissions_MtCO2,1.4030015999999232
3719,2028-stress,CZ,Y,biogas,emissions_MtCO2,0.0
3720,2028-stress,CZ,Y,lig_sc,emissions_MtCO2,0.7562237620381979
3721,2028-stress,CZ,Y,bio,emissions_MtCO2,0.0
3722,2028-stress,CZ,Y,gas_eng_chp,emissions_MtCO2,0.7567472000000507
3723,2028-stress,CZ,Y,lig,emissions_MtCO2,0.6376981325941398
3724,2028-stress,CZ,Y,lig_ex,emissions_MtCO2,5.38999296000033
3725,2028-stress,CZ,Y,coal,emissions_MtCO2,0.0
3726,2028-stress,CZ,Y,coal_ex,emissions_MtCO2,0.4539064780799993
3727,2028-stress,CZ,Y,gas_peak,emissions_MtCO2,0.02859472123101071
3728,2028-stress,CZ,Y,lig_old,emissions_MtCO2,0.0
3729,2028-stress,CZ,Y,b_CHP,emissions_MtCO2,0.0
3730,2028-stress,CZ,Y,lig_bp,emissions_MtCO2,3.2685312000001847
3731,2028-stress,CZ,Y,coal_bp,emissions_MtCO2,0.0
3732,2028-stress,CZ,Y,dsr,emissions_MtCO2,0.0
3733,2028-stress,CZ,Y,eens,emissions_MtCO2,0.0
3734,2028-stress,CZ,Y,h_ror,emissions_MtCO2,0.0
3735,2028-stress,CZ,Y,h_dams,emissions_MtCO2,0.0
3736,2028-stress,CZ,Y,li,emissions_MtCO2,0.0
3737,2028-stress,CZ,Y,pump_open,emissions_MtCO2,0.0
3738,2028-stress,CZ,Y,pump,emissions_MtCO2,0.0
3739,2028-stress,CZ,Y,TOTAL,emissions_MtCO2,14.621875569105528
3740,2028-stress,CZ,S,nuclear,emissions_MtCO2,0.0
3741,2028-stress,CZ,S,solar,emissions_MtCO2,0.0
3742,2028-stress,CZ,S,onshore,emissions_MtCO2,0.0
3743,2028-stress,CZ,S,waste,emissions_MtCO2,0.0
3744,2028-stress,CZ,S,gas_ccgt,emissions_MtCO2,0.8992089432857288
3745,2028-stress,CZ,S,gas_chp,emissions_MtCO2,0.41344059261137467
3746,2028-stress,CZ,S,biogas,emissions_MtCO2,0.0
3747,2028-stress,CZ,S,lig_sc,emissions_MtCO2,0.0
3748,2028-stress,CZ,S,bio,emissions_MtCO2,0.0
3749,2028-stress,CZ,S,gas_eng_chp,emissions_MtCO2,0.2836575422707867
3750,2028-stress,CZ,S,lig,emissions_MtCO2,0.0
3751,2028-stress,CZ,S,lig_ex,emissions_MtCO2,2.158942392219992
3752,2028-stress,CZ,S,coal,emissions_MtCO2,0.0
3753,2028-stress,CZ,S,coal_ex,emissions_MtCO2,0.1632315394768015
3754,2028-stress,CZ,S,gas_peak,emissions_MtCO2,4.455257467796072e-05
3755,2028-stress,CZ,S,lig_old,emissions_MtCO2,0.0
3756,2028-stress,CZ,S,b_CHP,emissions_MtCO2,-0.0
3757,2028-stress,CZ,S,lig_bp,emissions_MtCO2,0.646603604319989
3758,2028-stress,CZ,S,coal_bp,emissions_MtCO2,0.0
3759,2028-stress,CZ,S,dsr,emissions_MtCO2,0.0
3760,2028-stress,CZ,S,eens,emissions_MtCO2,0.0
3761,2028-stress,CZ,S,h_ror,emissions_MtCO2,0.0
3762,2028-stress,CZ,S,h_dams,emissions_MtCO2,0.0
3763,2028-stress,CZ,S,li,emissions_MtCO2,0.0
3764,2028-stress,CZ,S,pump_open,emissions_MtCO2,0.0
3765,2028-stress,CZ,S,pump,emissions_MtCO2,0.0
3766,2028-stress,CZ,S,TOTAL,emissions_MtCO2,29.243751138211056
3767,2028-stress,CZ,W,nuclear,emissions_MtCO2,0.0
3768,2028-stress,CZ,W,solar,emissions_MtCO2,0.0
3769,2028-stress,CZ,W,onshore,emissions_MtCO2,0.0
3770,2028-stress,CZ,W,waste,emissions_MtCO2,0.0
3771,2028-stress,CZ,W,gas_ccgt,emissions_MtCO2,1.0279705718759642
3772,2028-stress,CZ,W,gas_chp,emissions_MtCO2,0.9895610073885484
3773,2028-stress,CZ,W,biogas,emissions_MtCO2,0.0
3774,2028-stress,CZ,W,lig_sc,emissions_MtCO2,0.756223762038198
3775,2028-stress,CZ,W,bio,emissions_MtCO2,0.0
3776,2028-stress,CZ,W,gas_eng_chp,emissions_MtCO2,0.473089657729264
3777,2028-stress,CZ,W,lig,emissions_MtCO2,0.6376981325941398
3778,2028-stress,CZ,W,lig_ex,emissions_MtCO2,3.231050567780338
3779,2028-stress,CZ,W,coal,emissions_MtCO2,0.0
3780,2028-stress,CZ,W,coal_ex,emissions_MtCO2,0.2906749386031977
3781,2028-stress,CZ,W,gas_peak,emissions_MtCO2,0.028550168656332753
3782,2028-stress,CZ,W,lig_old,emissions_MtCO2,0.0
3783,2028-stress,CZ,W,b_CHP,emissions_MtCO2,0.0
3784,2028-stress,CZ,W,lig_bp,emissions_MtCO2,2.6219275956801957
3785,2028-stress,CZ,W,coal_bp,emissions_MtCO2,0.0
3786,2028-stress,CZ,W,dsr,emissions_MtCO2,0.0
3787,2028-stress,CZ,W,eens,emissions_MtCO2,0.0
3788,2028-stress,CZ,W,h_ror,emissions_MtCO2,0.0
3789,2028-stress,CZ,W,h_dams,emissions_MtCO2,0.0
3790,2028-stress,CZ,W,li,emissions_MtCO2,0.0
3791,2028-stress,CZ,W,pump_open,emissions_MtCO2,0.0
3792,2028-stress,CZ,W,pump,emissions_MtCO2,0.0
3793,2028-stress,CZ,W,TOTAL,emissions_MtCO2,29.243751138211056
3794,2028-stress,CZ,Y,nuclear,power_share_high_value,0.9790348722885367
3795,2028-stress,CZ,Y,solar,power_share_high_value,0.8843108611631104
3796,2028-stress,CZ,Y,onshore,power_share_high_value,0.9863569342557289
3797,2028-stress,CZ,S,nuclear,power_share_high_value,0.9661349987899055
3798,2028-stress,CZ,S,solar,power_share_high_value,0.8689195375871437
3799,2028-stress,CZ,S,onshore,power_share_high_value,0.9675395650957483
3800,2028-stress,CZ,W,nuclear,power_share_high_value,0.9911018078496815
3801,2028-stress,CZ,W,solar,power_share_high_value,0.9163886675896721
3802,2028-stress,CZ,W,onshore,power_share_high_value,0.9954286626915952
3803,2028-stress,CZ,Y,nuclear,power_share_low_value,0.020106547756575367
3804,2028-stress,CZ,Y,solar,power_share_low_value,0.11086439851708417
3805,2028-stress,CZ,Y,onshore,power_share_low_value,0.013226050780454003
3806,2028-stress,CZ,S,nuclear,power_share_low_value,0.03260570367333749
3807,2028-stress,CZ,S,solar,power_share_low_value,0.126203052869758
3808,2028-stress,CZ,S,onshore,power_share_low_value,0.03126092948185041
3809,2028-stress,CZ,W,nuclear,power_share_low_value,0.008414455657201328
3810,2028-stress,CZ,W,solar,power_share_low_value,0.07889636258174078
3811,2028-stress,CZ,W,onshore,power_share_low_value,0.004531555786923824
3812,2028-stress,CZ,Y,nuclear,power_share_zero_value,0.000858579954887835
3813,2028-stress,CZ,Y,solar,power_share_zero_value,0.004824740319805199
3814,2028-stress,CZ,Y,onshore,power_share_zero_value,0.00041701496381706013
3815,2028-stress,CZ,S,nuclear,power_share_zero_value,0.0012592975367568535
3816,2028-stress,CZ,S,solar,power_share_zero_value,0.004877409543098202
3817,2028-stress,CZ,S,onshore,power_share_zero_value,0.0011995054224010209
3818,2028-stress,CZ,W,nuclear,power_share_zero_value,0.0004837364931171205
3819,2028-stress,CZ,W,solar,power_share_zero_value,0.004714969828587118
3820,2028-stress,CZ,W,onshore,power_share_zero_value,3.9781521480871096e-05
