,name,region,season,source,stat,val
0,2028-base,CZ,Y,nuclear,capacity_GW,4.099
1,2028-base,CZ,Y,solar,capacity_GW,7.0
2,2028-base,CZ,Y,onshore,capacity_GW,0.5
3,2028-base,CZ,Y,waste,capacity_GW,0.19575
4,2028-base,CZ,Y,gas_ccgt,capacity_GW,0.6174
5,2028-base,CZ,Y,gas_chp,capacity_GW,0.7644
6,2028-base,CZ,Y,biogas,capacity_GW,0.279
7,2028-base,CZ,Y,lig_sc,capacity_GW,0.4356
8,2028-base,CZ,Y,bio,capacity_GW,0.0
9,2028-base,CZ,Y,gas_eng_chp,capacity_GW,0.3313124999999999
10,2028-base,CZ,Y,lig,capacity_GW,0.9702
11,2028-base,CZ,Y,lig_ex,capacity_GW,1.6533000000000002
12,2028-base,CZ,Y,coal,capacity_GW,0.0
13,2028-base,CZ,Y,coal_ex,capacity_GW,0.11484
14,2028-base,CZ,Y,gas_peak,capacity_GW,0.096255
15,2028-base,CZ,Y,lig_old,capacity_GW,1.2011999999999998
16,2028-base,CZ,Y,b_CHP,capacity_GW,0.20925
17,2028-base,CZ,Y,lig_bp,capacity_GW,0.35838
18,2028-base,CZ,Y,coal_bp,capacity_GW,0.0
19,2028-base,CZ,Y,dsr,capacity_GW,0.0
20,2028-base,CZ,Y,h_ror,capacity_GW,0.415
21,2028-base,CZ,Y,h_dams,capacity_GW,0.609
22,2028-base,CZ,Y,li,capacity_GW,0.1
23,2028-base,CZ,Y,pump_open,capacity_GW,0.47
24,2028-base,CZ,Y,pump,capacity_GW,0.678
25,2028-base,CZ,Y,TOTAL,capacity_GW,21.0978875
26,2028-base,CZ,Y,h_ror,capacity_charging_GW,0.0
27,2028-base,CZ,Y,h_dams,capacity_charging_GW,0.0
28,2028-base,CZ,Y,li,capacity_charging_GW,1.25599
29,2028-base,CZ,Y,pump_open,capacity_charging_GW,0.44
30,2028-base,CZ,Y,pump,capacity_charging_GW,0.664
31,2028-base,CZ,Y,nuclear,capacity_paid_off_GW,0.0
32,2028-base,CZ,Y,solar,capacity_paid_off_GW,0.0
33,2028-base,CZ,Y,onshore,capacity_paid_off_GW,0.0
34,2028-base,CZ,Y,waste,capacity_paid_off_GW,0.0
35,2028-base,CZ,Y,gas_ccgt,capacity_paid_off_GW,0.0
36,2028-base,CZ,Y,gas_chp,capacity_paid_off_GW,0.0
37,2028-base,CZ,Y,biogas,capacity_paid_off_GW,0.0
38,2028-base,CZ,Y,lig_sc,capacity_paid_off_GW,0.0
39,2028-base,CZ,Y,bio,capacity_paid_off_GW,0.0
40,2028-base,CZ,Y,gas_eng_chp,capacity_paid_off_GW,0.0
41,2028-base,CZ,Y,lig,capacity_paid_off_GW,0.0
42,2028-base,CZ,Y,lig_ex,capacity_paid_off_GW,0.0
43,2028-base,CZ,Y,coal,capacity_paid_off_GW,0.0
44,2028-base,CZ,Y,coal_ex,capacity_paid_off_GW,0.0
45,2028-base,CZ,Y,gas_peak,capacity_paid_off_GW,0.0
46,2028-base,CZ,Y,lig_old,capacity_paid_off_GW,0.0
47,2028-base,CZ,Y,b_CHP,capacity_paid_off_GW,0.0
48,2028-base,CZ,Y,lig_bp,capacity_paid_off_GW,0.0
49,2028-base,CZ,Y,coal_bp,capacity_paid_off_GW,0.0
50,2028-base,CZ,Y,dsr,capacity_paid_off_GW,0.0
51,2028-base,CZ,Y,h_ror,capacity_paid_off_GW,0.0
52,2028-base,CZ,Y,h_dams,capacity_paid_off_GW,0.0
53,2028-base,CZ,Y,li,capacity_paid_off_GW,0.0
54,2028-base,CZ,Y,pump_open,capacity_paid_off_GW,0.0
55,2028-base,CZ,Y,pump,capacity_paid_off_GW,0.0
56,2028-base,CZ,Y,h_ror,capacity_charging_paid_off_GW,0.0
57,2028-base,CZ,Y,h_dams,capacity_charging_paid_off_GW,0.0
58,2028-base,CZ,Y,li,capacity_charging_paid_off_GW,0.0
59,2028-base,CZ,Y,pump_open,capacity_charging_paid_off_GW,0.0
60,2028-base,CZ,Y,pump,capacity_charging_paid_off_GW,0.0
61,2028-base,CZ,Y,TOTAL,load_TWh,66.534165713
62,2028-base,CZ,S,TOTAL,load_TWh,30.649466236
63,2028-base,CZ,W,TOTAL,load_TWh,35.884699477
64,2028-base,CZ,Y,TOTAL,import_TWh,14.948746187535653
65,2028-base,CZ,S,TOTAL,import_TWh,6.78755761104365
66,2028-base,CZ,W,TOTAL,import_TWh,8.161188576492004
67,2028-base,CZ,Y,TOTAL,export_TWh,3.686686669788041
68,2028-base,CZ,S,TOTAL,export_TWh,2.073181612104608
69,2028-base,CZ,W,TOTAL,export_TWh,1.613505057683433
70,2028-base,CZ,Y,TOTAL,net_import_TWh,11.262059517747613
71,2028-base,CZ,S,TOTAL,net_import_TWh,4.714375998939042
72,2028-base,CZ,W,TOTAL,net_import_TWh,6.5476835188085705
73,2028-base,CZ,Y,TOTAL,curtailment_TWh,0.0001525674666198
74,2028-base,CZ,S,TOTAL,curtailment_TWh,0.000152567466618
75,2028-base,CZ,W,TOTAL,curtailment_TWh,1.7589627532288432e-15
76,2028-base,CZ,Y,nuclear,production_TWh,28.59946136693848
77,2028-base,CZ,Y,solar,production_TWh,7.412320652888106
78,2028-base,CZ,Y,onshore,production_TWh,1.1438183681505116
79,2028-base,CZ,Y,waste,production_TWh,1.1431799999998529
80,2028-base,CZ,Y,gas_ccgt,production_TWh,4.57765101645307
81,2028-base,CZ,Y,gas_chp,production_TWh,3.1555181068159923
82,2028-base,CZ,Y,biogas,production_TWh,0.7379876886446569
83,2028-base,CZ,Y,lig_sc,production_TWh,0.4620582080421205
84,2028-base,CZ,Y,bio,production_TWh,0.0
85,2028-base,CZ,Y,gas_eng_chp,production_TWh,1.547892000000102
86,2028-base,CZ,Y,lig,production_TWh,0.3233956656257534
87,2028-base,CZ,Y,lig_ex,production_TWh,3.0586178070818097
88,2028-base,CZ,Y,coal,production_TWh,0.0
89,2028-base,CZ,Y,coal_ex,production_TWh,0.0131294062761904
90,2028-base,CZ,Y,gas_peak,production_TWh,0.0274038135437641
91,2028-base,CZ,Y,lig_old,production_TWh,0.0
92,2028-base,CZ,Y,b_CHP,production_TWh,-1.7368822429688246e-21
93,2028-base,CZ,Y,lig_bp,production_TWh,1.6743513600000048
94,2028-base,CZ,Y,coal_bp,production_TWh,0.0
95,2028-base,CZ,Y,dsr,production_TWh,0.0
96,2028-base,CZ,Y,eens,production_TWh,-1.5692336319261805e-19
97,2028-base,CZ,Y,h_ror,production_TWh,1.0756565325373413
98,2028-base,CZ,Y,h_dams,production_TWh,0.6639277142857144
99,2028-base,CZ,Y,li,production_TWh,0.0898920705820396
100,2028-base,CZ,Y,pump_open,production_TWh,0.4224163772301214
101,2028-base,CZ,Y,pump,production_TWh,0.5463908999109474
102,2028-base,CZ,Y,TOTAL,production_TWh,56.675069055006574
103,2028-base,CZ,S,nuclear,production_TWh,13.891069397825554
104,2028-base,CZ,S,solar,production_TWh,5.220616275883509
105,2028-base,CZ,S,onshore,production_TWh,0.4065246763747783
106,2028-base,CZ,S,waste,production_TWh,0.4812925480305537
107,2028-base,CZ,S,gas_ccgt,production_TWh,2.0202690137926465
108,2028-base,CZ,S,gas_chp,production_TWh,0.922054255333256
109,2028-base,CZ,S,biogas,production_TWh,0.1941937908891343
110,2028-base,CZ,S,lig_sc,production_TWh,0.0
111,2028-base,CZ,S,bio,production_TWh,0.0
112,2028-base,CZ,S,gas_eng_chp,production_TWh,0.7015755262511779
113,2028-base,CZ,S,lig,production_TWh,0.0
114,2028-base,CZ,S,lig_ex,production_TWh,1.0993574552609753
115,2028-base,CZ,S,coal,production_TWh,0.0
116,2028-base,CZ,S,coal_ex,production_TWh,2.2031054229613418e-19
117,2028-base,CZ,S,gas_peak,production_TWh,0.0
118,2028-base,CZ,S,lig_old,production_TWh,0.0
119,2028-base,CZ,S,b_CHP,production_TWh,7.89491928622823e-22
120,2028-base,CZ,S,lig_bp,production_TWh,0.382379200054024
121,2028-base,CZ,S,coal_bp,production_TWh,0.0
122,2028-base,CZ,S,dsr,production_TWh,0.0
123,2028-base,CZ,S,eens,production_TWh,-1.5692336319261805e-19
124,2028-base,CZ,S,h_ror,production_TWh,0.5212225325373415
125,2028-base,CZ,S,h_dams,production_TWh,0.3419390703462944
126,2028-base,CZ,S,li,production_TWh,0.0365726195541762
127,2028-base,CZ,S,pump_open,production_TWh,0.2828623531256197
128,2028-base,CZ,S,pump,production_TWh,0.3893506402065777
129,2028-base,CZ,S,TOTAL,production_TWh,113.35013811001316
130,2028-base,CZ,W,nuclear,production_TWh,14.708391969112927
131,2028-base,CZ,W,solar,production_TWh,2.1917043770045965
132,2028-base,CZ,W,onshore,production_TWh,0.7372936917757331
133,2028-base,CZ,W,waste,production_TWh,0.6618874519692991
134,2028-base,CZ,W,gas_ccgt,production_TWh,2.5573820026604235
135,2028-base,CZ,W,gas_chp,production_TWh,2.233463851482736
136,2028-base,CZ,W,biogas,production_TWh,0.5437938977555226
137,2028-base,CZ,W,lig_sc,production_TWh,0.4620582080421205
138,2028-base,CZ,W,bio,production_TWh,0.0
139,2028-base,CZ,W,gas_eng_chp,production_TWh,0.8463164737489242
140,2028-base,CZ,W,lig,production_TWh,0.3233956656257534
141,2028-base,CZ,W,lig_ex,production_TWh,1.9592603518208345
142,2028-base,CZ,W,coal,production_TWh,0.0
143,2028-base,CZ,W,coal_ex,production_TWh,0.0131294062761904
144,2028-base,CZ,W,gas_peak,production_TWh,0.0274038135437641
145,2028-base,CZ,W,lig_old,production_TWh,0.0
146,2028-base,CZ,W,b_CHP,production_TWh,-2.5263741715916458e-21
147,2028-base,CZ,W,lig_bp,production_TWh,1.2919721599459806
148,2028-base,CZ,W,coal_bp,production_TWh,0.0
149,2028-base,CZ,W,dsr,production_TWh,0.0
150,2028-base,CZ,W,eens,production_TWh,0.0
151,2028-base,CZ,W,h_ror,production_TWh,0.554434
152,2028-base,CZ,W,h_dams,production_TWh,0.32198864393942
153,2028-base,CZ,W,li,production_TWh,0.0533194510278633
154,2028-base,CZ,W,pump_open,production_TWh,0.1395540241045017
155,2028-base,CZ,W,pump,production_TWh,0.1570402597043696
156,2028-base,CZ,W,TOTAL,production_TWh,113.35013811001316
157,2028-base,CZ,Y,gas_chp,production_el_eq_TWh,3.571276799999849
158,2028-base,CZ,Y,gas_eng_chp,production_el_eq_TWh,1.547892000000102
159,2028-base,CZ,Y,lig_ex,production_el_eq_TWh,7.147219390929013
160,2028-base,CZ,Y,coal_ex,production_el_eq_TWh,0.0278486558690476
161,2028-base,CZ,Y,b_CHP,production_el_eq_TWh,-4.342205607422101e-21
162,2028-base,CZ,Y,lig_bp,production_el_eq_TWh,1.6743513600000048
163,2028-base,CZ,Y,coal_bp,production_el_eq_TWh,0.0
164,2028-base,CZ,Y,eens,production_el_eq_TWh,0.0
165,2028-base,CZ,S,gas_chp,production_el_eq_TWh,1.118996799536249
166,2028-base,CZ,S,gas_eng_chp,production_el_eq_TWh,0.7015755262511779
167,2028-base,CZ,S,lig_ex,production_el_eq_TWh,2.7358316642541056
168,2028-base,CZ,S,coal_ex,production_el_eq_TWh,-4.1892415462419443e-20
169,2028-base,CZ,S,b_CHP,production_el_eq_TWh,1.9737298215570258e-21
170,2028-base,CZ,S,lig_bp,production_el_eq_TWh,0.382379200054024
171,2028-base,CZ,S,coal_bp,production_el_eq_TWh,0.0
172,2028-base,CZ,S,eens,production_el_eq_TWh,0.0
173,2028-base,CZ,W,gas_chp,production_el_eq_TWh,2.4522800004636003
174,2028-base,CZ,W,gas_eng_chp,production_el_eq_TWh,0.8463164737489242
175,2028-base,CZ,W,lig_ex,production_el_eq_TWh,4.411387726674908
176,2028-base,CZ,W,coal_ex,production_el_eq_TWh,0.0278486558690476
177,2028-base,CZ,W,b_CHP,production_el_eq_TWh,-6.315935428979116e-21
178,2028-base,CZ,W,lig_bp,production_el_eq_TWh,1.2919721599459806
179,2028-base,CZ,W,coal_bp,production_el_eq_TWh,0.0
180,2028-base,CZ,W,eens,production_el_eq_TWh,0.0
181,2028-base,CZ,Y,solar,production_used_TWh,7.412320652888106
182,2028-base,CZ,Y,onshore,production_used_TWh,1.1438183681505116
183,2028-base,CZ,S,solar,production_used_TWh,5.220616275883509
184,2028-base,CZ,S,onshore,production_used_TWh,0.4065246763747783
185,2028-base,CZ,W,solar,production_used_TWh,2.1917043770045965
186,2028-base,CZ,W,onshore,production_used_TWh,0.7372936917757331
187,2028-base,CZ,Y,solar,production_excess_TWh,0.0
188,2028-base,CZ,Y,onshore,production_excess_TWh,0.0
189,2028-base,CZ,S,solar,production_excess_TWh,0.0
190,2028-base,CZ,S,onshore,production_excess_TWh,0.0
191,2028-base,CZ,W,solar,production_excess_TWh,0.0
192,2028-base,CZ,W,onshore,production_excess_TWh,0.0
193,2028-base,CZ,Y,h_ror,discharged_TWh,1.0756565325373413
194,2028-base,CZ,Y,h_dams,discharged_TWh,0.6639277142857144
195,2028-base,CZ,Y,li,discharged_TWh,0.0898920705820396
196,2028-base,CZ,Y,pump_open,discharged_TWh,0.4224163772301214
197,2028-base,CZ,Y,pump,discharged_TWh,0.5463908999109474
198,2028-base,CZ,Y,TOTAL,discharged_TWh,2.798283594546164
199,2028-base,CZ,S,h_ror,discharged_TWh,0.5212225325373415
200,2028-base,CZ,S,h_dams,discharged_TWh,0.3419390703462944
201,2028-base,CZ,S,li,discharged_TWh,0.0365726195541762
202,2028-base,CZ,S,pump_open,discharged_TWh,0.2828623531256197
203,2028-base,CZ,S,pump,discharged_TWh,0.3893506402065777
204,2028-base,CZ,S,TOTAL,discharged_TWh,5.596567189092328
205,2028-base,CZ,W,h_ror,discharged_TWh,0.554434
206,2028-base,CZ,W,h_dams,discharged_TWh,0.32198864393942
207,2028-base,CZ,W,li,discharged_TWh,0.0533194510278633
208,2028-base,CZ,W,pump_open,discharged_TWh,0.1395540241045017
209,2028-base,CZ,W,pump,discharged_TWh,0.1570402597043696
210,2028-base,CZ,W,TOTAL,discharged_TWh,5.596567189092328
211,2028-base,CZ,Y,h_ror,charged_TWh,0.0
212,2028-base,CZ,Y,h_dams,charged_TWh,0.0
213,2028-base,CZ,Y,li,charged_TWh,0.1028462168932305
214,2028-base,CZ,Y,pump_open,charged_TWh,0.541087825518026
215,2028-base,CZ,Y,pump,charged_TWh,0.7588762498763157
216,2028-base,CZ,Y,TOTAL,charged_TWh,1.4028102922875725
217,2028-base,CZ,S,h_ror,charged_TWh,0.0
218,2028-base,CZ,S,h_dams,charged_TWh,0.0
219,2028-base,CZ,S,li,charged_TWh,0.043766492762634
220,2028-base,CZ,S,pump_open,charged_TWh,0.373171280110717
221,2028-base,CZ,S,pump,charged_TWh,0.5390987780646912
222,2028-base,CZ,S,TOTAL,charged_TWh,2.805620584575145
223,2028-base,CZ,W,h_ror,charged_TWh,0.0
224,2028-base,CZ,W,h_dams,charged_TWh,0.0
225,2028-base,CZ,W,li,charged_TWh,0.0590797241305965
226,2028-base,CZ,W,pump_open,charged_TWh,0.1679165454073088
227,2028-base,CZ,W,pump,charged_TWh,0.2197774718116245
228,2028-base,CZ,W,TOTAL,charged_TWh,2.805620584575145
229,2028-base,CZ,Y,h_ror,inflow_TWh,1.077883
230,2028-base,CZ,Y,h_dams,inflow_TWh,0.6639277142857143
231,2028-base,CZ,Y,pump_open,inflow_TWh,0.0328331428571428
232,2028-base,CZ,S,h_ror,inflow_TWh,0.523449
233,2028-base,CZ,S,h_dams,inflow_TWh,0.340147
234,2028-base,CZ,S,pump_open,inflow_TWh,0.013224
235,2028-base,CZ,W,h_ror,inflow_TWh,0.554434
236,2028-base,CZ,W,h_dams,inflow_TWh,0.3237807142857143
237,2028-base,CZ,W,pump_open,inflow_TWh,0.0196091428571428
238,2028-base,CZ,Y,gas_chp,heat_production_PJ,2.9934625909237687
239,2028-base,CZ,Y,gas_eng_chp,heat_production_PJ,5.572411200000367
240,2028-base,CZ,Y,lig_ex,heat_production_PJ,41.21310396517982
241,2028-base,CZ,Y,coal_ex,heat_production_PJ,0.148370035896
242,2028-base,CZ,Y,b_CHP,heat_production_PJ,-2.8137492336095094e-20
243,2028-base,CZ,Y,lig_bp,heat_production_PJ,18.08299468800005
244,2028-base,CZ,Y,coal_bp,heat_production_PJ,0.0
245,2028-base,CZ,Y,eens,heat_production_PJ,5.649241074934249e-19
246,2028-base,CZ,S,gas_chp,heat_production_PJ,1.4179863182615482
247,2028-base,CZ,S,gas_eng_chp,heat_production_PJ,2.5256718945042405
248,2028-base,CZ,S,lig_ex,heat_production_PJ,16.495660026650757
249,2028-base,CZ,S,coal_ex,heat_production_PJ,-2.643005814206221e-18
250,2028-base,CZ,S,b_CHP,heat_production_PJ,1.2789769243689436e-20
251,2028-base,CZ,S,lig_bp,heat_production_PJ,4.129695360583458
252,2028-base,CZ,S,coal_bp,heat_production_PJ,0.0
253,2028-base,CZ,S,eens,heat_production_PJ,5.649241074934249e-19
254,2028-base,CZ,W,gas_chp,heat_production_PJ,1.5754762726622211
255,2028-base,CZ,W,gas_eng_chp,heat_production_PJ,3.046739305496127
256,2028-base,CZ,W,lig_ex,heat_production_PJ,24.717443938529065
257,2028-base,CZ,W,coal_ex,heat_production_PJ,0.148370035896
258,2028-base,CZ,W,b_CHP,heat_production_PJ,-4.092726157978467e-20
259,2028-base,CZ,W,lig_bp,heat_production_PJ,13.953299327416588
260,2028-base,CZ,W,coal_bp,heat_production_PJ,0.0
261,2028-base,CZ,W,eens,heat_production_PJ,0.0
262,2028-base,CZ,Y,waste,production_hours,6756.0
263,2028-base,CZ,Y,gas_ccgt,production_hours,7681.0
264,2028-base,CZ,Y,gas_chp,production_hours,8078.0
265,2028-base,CZ,Y,biogas,production_hours,2953.0
266,2028-base,CZ,Y,lig_sc,production_hours,1248.0
267,2028-base,CZ,Y,bio,production_hours,0.0
268,2028-base,CZ,Y,gas_eng_chp,production_hours,5475.0
269,2028-base,CZ,Y,lig,production_hours,494.0
270,2028-base,CZ,Y,lig_ex,production_hours,8760.0
271,2028-base,CZ,Y,coal,production_hours,0.0
272,2028-base,CZ,Y,coal_ex,production_hours,340.0
273,2028-base,CZ,Y,gas_peak,production_hours,339.0
274,2028-base,CZ,Y,lig_old,production_hours,0.0
275,2028-base,CZ,Y,b_CHP,production_hours,0.0
276,2028-base,CZ,Y,lig_bp,production_hours,7135.0
277,2028-base,CZ,Y,coal_bp,production_hours,0.0
278,2028-base,CZ,Y,dsr,production_hours,0.0
279,2028-base,CZ,Y,eens,production_hours,0.0
280,2028-base,CZ,Y,h_ror,production_hours,8760.0
281,2028-base,CZ,Y,h_dams,production_hours,8760.0
282,2028-base,CZ,Y,li,production_hours,1022.0
283,2028-base,CZ,Y,pump_open,production_hours,1429.0
284,2028-base,CZ,Y,pump,production_hours,1181.0
285,2028-base,CZ,S,waste,production_hours,2983.0
286,2028-base,CZ,S,gas_ccgt,production_hours,3455.0
287,2028-base,CZ,S,gas_chp,production_hours,3764.0
288,2028-base,CZ,S,biogas,production_hours,818.0
289,2028-base,CZ,S,lig_sc,production_hours,0.0
290,2028-base,CZ,S,bio,production_hours,0.0
291,2028-base,CZ,S,gas_eng_chp,production_hours,2490.0
292,2028-base,CZ,S,lig,production_hours,0.0
293,2028-base,CZ,S,lig_ex,production_hours,4368.0
294,2028-base,CZ,S,coal,production_hours,0.0
295,2028-base,CZ,S,coal_ex,production_hours,0.0
296,2028-base,CZ,S,gas_peak,production_hours,0.0
297,2028-base,CZ,S,lig_old,production_hours,0.0
298,2028-base,CZ,S,b_CHP,production_hours,0.0
299,2028-base,CZ,S,lig_bp,production_hours,2768.0
300,2028-base,CZ,S,coal_bp,production_hours,0.0
301,2028-base,CZ,S,dsr,production_hours,0.0
302,2028-base,CZ,S,eens,production_hours,0.0
303,2028-base,CZ,S,h_ror,production_hours,4368.0
304,2028-base,CZ,S,h_dams,production_hours,4368.0
305,2028-base,CZ,S,li,production_hours,412.0
306,2028-base,CZ,S,pump_open,production_hours,936.0
307,2028-base,CZ,S,pump,production_hours,830.0
308,2028-base,CZ,W,waste,production_hours,3773.0
309,2028-base,CZ,W,gas_ccgt,production_hours,4226.0
310,2028-base,CZ,W,gas_chp,production_hours,4314.0
311,2028-base,CZ,W,biogas,production_hours,2135.0
312,2028-base,CZ,W,lig_sc,production_hours,1248.0
313,2028-base,CZ,W,bio,production_hours,0.0
314,2028-base,CZ,W,gas_eng_chp,production_hours,2985.0
315,2028-base,CZ,W,lig,production_hours,494.0
316,2028-base,CZ,W,lig_ex,production_hours,4392.0
317,2028-base,CZ,W,coal,production_hours,0.0
318,2028-base,CZ,W,coal_ex,production_hours,340.0
319,2028-base,CZ,W,gas_peak,production_hours,339.0
320,2028-base,CZ,W,lig_old,production_hours,0.0
321,2028-base,CZ,W,b_CHP,production_hours,0.0
322,2028-base,CZ,W,lig_bp,production_hours,4367.0
323,2028-base,CZ,W,coal_bp,production_hours,0.0
324,2028-base,CZ,W,dsr,production_hours,0.0
325,2028-base,CZ,W,eens,production_hours,0.0
326,2028-base,CZ,W,h_ror,production_hours,4392.0
327,2028-base,CZ,W,h_dams,production_hours,4392.0
328,2028-base,CZ,W,li,production_hours,610.0
329,2028-base,CZ,W,pump_open,production_hours,493.0
330,2028-base,CZ,W,pump,production_hours,351.0
331,2028-base,CZ,Y,nuclear,capex_mn_EUR_per_yr,2738.469079112492
332,2028-base,CZ,Y,solar,capex_mn_EUR_per_yr,362.9795164565344
333,2028-base,CZ,Y,onshore,capex_mn_EUR_per_yr,68.82996852045387
334,2028-base,CZ,Y,waste,capex_mn_EUR_per_yr,228.2938717209026
335,2028-base,CZ,Y,gas_ccgt,capex_mn_EUR_per_yr,76.18061222457844
336,2028-base,CZ,Y,gas_chp,capex_mn_EUR_per_yr,138.841538451773
337,2028-base,CZ,Y,biogas,capex_mn_EUR_per_yr,16.217086196531145
338,2028-base,CZ,Y,lig_sc,capex_mn_EUR_per_yr,144.15255774515765
339,2028-base,CZ,Y,bio,capex_mn_EUR_per_yr,0.0
340,2028-base,CZ,Y,gas_eng_chp,capex_mn_EUR_per_yr,22.59441391073202
341,2028-base,CZ,Y,lig,capex_mn_EUR_per_yr,321.06706043239666
342,2028-base,CZ,Y,lig_ex,capex_mn_EUR_per_yr,547.1244805327576
343,2028-base,CZ,Y,coal,capex_mn_EUR_per_yr,0.0
344,2028-base,CZ,Y,coal_ex,capex_mn_EUR_per_yr,26.048184884115727
345,2028-base,CZ,Y,gas_peak,capex_mn_EUR_per_yr,7.893982066856129
346,2028-base,CZ,Y,lig_old,capex_mn_EUR_per_yr,397.5115986305863
347,2028-base,CZ,Y,b_CHP,capex_mn_EUR_per_yr,109.81713302115293
348,2028-base,CZ,Y,lig_bp,capex_mn_EUR_per_yr,118.59824069033428
349,2028-base,CZ,Y,coal_bp,capex_mn_EUR_per_yr,0.0
350,2028-base,CZ,Y,dsr,capex_mn_EUR_per_yr,0.0
351,2028-base,CZ,Y,h_ror,capex_mn_EUR_per_yr,84.30517292657983
352,2028-base,CZ,Y,h_dams,capex_mn_EUR_per_yr,123.71530195731836
353,2028-base,CZ,Y,li,capex_mn_EUR_per_yr,4.011568788183623
354,2028-base,CZ,Y,pump_open,capex_mn_EUR_per_yr,95.4781476517892
355,2028-base,CZ,Y,pump,capex_mn_EUR_per_yr,137.73230661258106
356,2028-base,CZ,S,nuclear,capex_mn_EUR_per_yr,2738.469079112492
357,2028-base,CZ,S,solar,capex_mn_EUR_per_yr,362.9795164565344
358,2028-base,CZ,S,onshore,capex_mn_EUR_per_yr,68.82996852045387
359,2028-base,CZ,S,waste,capex_mn_EUR_per_yr,228.2938717209026
360,2028-base,CZ,S,gas_ccgt,capex_mn_EUR_per_yr,76.18061222457844
361,2028-base,CZ,S,gas_chp,capex_mn_EUR_per_yr,138.841538451773
362,2028-base,CZ,S,biogas,capex_mn_EUR_per_yr,16.217086196531145
363,2028-base,CZ,S,lig_sc,capex_mn_EUR_per_yr,144.15255774515765
364,2028-base,CZ,S,bio,capex_mn_EUR_per_yr,0.0
365,2028-base,CZ,S,gas_eng_chp,capex_mn_EUR_per_yr,22.59441391073202
366,2028-base,CZ,S,lig,capex_mn_EUR_per_yr,321.06706043239666
367,2028-base,CZ,S,lig_ex,capex_mn_EUR_per_yr,547.1244805327576
368,2028-base,CZ,S,coal,capex_mn_EUR_per_yr,0.0
369,2028-base,CZ,S,coal_ex,capex_mn_EUR_per_yr,26.048184884115727
370,2028-base,CZ,S,gas_peak,capex_mn_EUR_per_yr,7.893982066856129
371,2028-base,CZ,S,lig_old,capex_mn_EUR_per_yr,397.5115986305863
372,2028-base,CZ,S,b_CHP,capex_mn_EUR_per_yr,109.81713302115293
373,2028-base,CZ,S,lig_bp,capex_mn_EUR_per_yr,118.59824069033428
374,2028-base,CZ,S,coal_bp,capex_mn_EUR_per_yr,0.0
375,2028-base,CZ,S,dsr,capex_mn_EUR_per_yr,0.0
376,2028-base,CZ,S,h_ror,capex_mn_EUR_per_yr,84.30517292657983
377,2028-base,CZ,S,h_dams,capex_mn_EUR_per_yr,123.71530195731836
378,2028-base,CZ,S,li,capex_mn_EUR_per_yr,4.011568788183623
379,2028-base,CZ,S,pump_open,capex_mn_EUR_per_yr,95.4781476517892
380,2028-base,CZ,S,pump,capex_mn_EUR_per_yr,137.73230661258106
381,2028-base,CZ,W,nuclear,capex_mn_EUR_per_yr,2738.469079112492
382,2028-base,CZ,W,solar,capex_mn_EUR_per_yr,362.9795164565344
383,2028-base,CZ,W,onshore,capex_mn_EUR_per_yr,68.82996852045387
384,2028-base,CZ,W,waste,capex_mn_EUR_per_yr,228.2938717209026
385,2028-base,CZ,W,gas_ccgt,capex_mn_EUR_per_yr,76.18061222457844
386,2028-base,CZ,W,gas_chp,capex_mn_EUR_per_yr,138.841538451773
387,2028-base,CZ,W,biogas,capex_mn_EUR_per_yr,16.217086196531145
388,2028-base,CZ,W,lig_sc,capex_mn_EUR_per_yr,144.15255774515765
389,2028-base,CZ,W,bio,capex_mn_EUR_per_yr,0.0
390,2028-base,CZ,W,gas_eng_chp,capex_mn_EUR_per_yr,22.59441391073202
391,2028-base,CZ,W,lig,capex_mn_EUR_per_yr,321.06706043239666
392,2028-base,CZ,W,lig_ex,capex_mn_EUR_per_yr,547.1244805327576
393,2028-base,CZ,W,coal,capex_mn_EUR_per_yr,0.0
394,2028-base,CZ,W,coal_ex,capex_mn_EUR_per_yr,26.048184884115727
395,2028-base,CZ,W,gas_peak,capex_mn_EUR_per_yr,7.893982066856129
396,2028-base,CZ,W,lig_old,capex_mn_EUR_per_yr,397.5115986305863
397,2028-base,CZ,W,b_CHP,capex_mn_EUR_per_yr,109.81713302115293
398,2028-base,CZ,W,lig_bp,capex_mn_EUR_per_yr,118.59824069033428
399,2028-base,CZ,W,coal_bp,capex_mn_EUR_per_yr,0.0
400,2028-base,CZ,W,dsr,capex_mn_EUR_per_yr,0.0
401,2028-base,CZ,W,h_ror,capex_mn_EUR_per_yr,84.30517292657983
402,2028-base,CZ,W,h_dams,capex_mn_EUR_per_yr,123.71530195731836
403,2028-base,CZ,W,li,capex_mn_EUR_per_yr,4.011568788183623
404,2028-base,CZ,W,pump_open,capex_mn_EUR_per_yr,95.4781476517892
405,2028-base,CZ,W,pump,capex_mn_EUR_per_yr,137.73230661258106
406,2028-base,CZ,Y,nuclear,opex_mn_EUR,586.5749526359082
407,2028-base,CZ,Y,solar,opex_mn_EUR,0.0
408,2028-base,CZ,Y,onshore,opex_mn_EUR,0.0
409,2028-base,CZ,Y,waste,opex_mn_EUR,46.04005047525175
410,2028-base,CZ,Y,gas_ccgt,opex_mn_EUR,391.2570295811451
411,2028-base,CZ,Y,gas_chp,opex_mn_EUR,275.7402114417883
412,2028-base,CZ,Y,biogas,opex_mn_EUR,73.09560334791087
413,2028-base,CZ,Y,lig_sc,opex_mn_EUR,48.88552694651291
414,2028-base,CZ,Y,bio,opex_mn_EUR,0.0
415,2028-base,CZ,Y,gas_eng_chp,opex_mn_EUR,167.56790840001102
416,2028-base,CZ,Y,lig,opex_mn_EUR,36.74180983212925
417,2028-base,CZ,Y,lig_ex,opex_mn_EUR,340.7632183203658
418,2028-base,CZ,Y,coal,opex_mn_EUR,0.0
419,2028-base,CZ,Y,coal_ex,opex_mn_EUR,1.5414044855112934
420,2028-base,CZ,Y,gas_peak,opex_mn_EUR,3.34378172468624
421,2028-base,CZ,Y,lig_old,opex_mn_EUR,0.0
422,2028-base,CZ,Y,b_CHP,opex_mn_EUR,-2.636329928938828e-19
423,2028-base,CZ,Y,lig_bp,opex_mn_EUR,367.0571119768954
424,2028-base,CZ,Y,coal_bp,opex_mn_EUR,0.0
425,2028-base,CZ,Y,dsr,opex_mn_EUR,0.0
426,2028-base,CZ,Y,h_ror,opex_mn_EUR,2.1513130650746826
427,2028-base,CZ,Y,h_dams,opex_mn_EUR,1.991783142857143
428,2028-base,CZ,Y,li,opex_mn_EUR,0.4494603529101981
429,2028-base,CZ,Y,pump_open,opex_mn_EUR,1.6896655089204855
430,2028-base,CZ,Y,pump,opex_mn_EUR,2.185563599643789
431,2028-base,CZ,S,nuclear,opex_mn_EUR,284.9058333494021
432,2028-base,CZ,S,solar,opex_mn_EUR,0.0
433,2028-base,CZ,S,onshore,opex_mn_EUR,0.0
434,2028-base,CZ,S,waste,opex_mn_EUR,19.971128931620505
435,2028-base,CZ,S,gas_ccgt,opex_mn_EUR,175.53074015549632
436,2028-base,CZ,S,gas_chp,opex_mn_EUR,81.61888367484438
437,2028-base,CZ,S,biogas,opex_mn_EUR,19.29735479561562
438,2028-base,CZ,S,lig_sc,opex_mn_EUR,0.0
439,2028-base,CZ,S,bio,opex_mn_EUR,0.0
440,2028-base,CZ,S,gas_eng_chp,opex_mn_EUR,75.94944835850251
441,2028-base,CZ,S,lig,opex_mn_EUR,0.0
442,2028-base,CZ,S,lig_ex,opex_mn_EUR,122.43559906903776
443,2028-base,CZ,S,coal,opex_mn_EUR,0.0
444,2028-base,CZ,S,coal_ex,opex_mn_EUR,2.4759423176125545e-17
445,2028-base,CZ,S,gas_peak,opex_mn_EUR,0.0
446,2028-base,CZ,S,lig_old,opex_mn_EUR,0.0
447,2028-base,CZ,S,b_CHP,opex_mn_EUR,1.198331785882242e-19
448,2028-base,CZ,S,lig_bp,opex_mn_EUR,84.68639151597961
449,2028-base,CZ,S,coal_bp,opex_mn_EUR,0.0
450,2028-base,CZ,S,dsr,opex_mn_EUR,0.0
451,2028-base,CZ,S,h_ror,opex_mn_EUR,
452,2028-base,CZ,S,h_dams,opex_mn_EUR,1.025817211038883
453,2028-base,CZ,S,li,opex_mn_EUR,0.1828630977708811
454,2028-base,CZ,S,pump_open,opex_mn_EUR,1.1314494125024788
455,2028-base,CZ,S,pump,opex_mn_EUR,1.557402560826311
456,2028-base,CZ,W,nuclear,opex_mn_EUR,301.6691192865061
457,2028-base,CZ,W,solar,opex_mn_EUR,0.0
458,2028-base,CZ,W,onshore,opex_mn_EUR,0.0
459,2028-base,CZ,W,waste,opex_mn_EUR,26.06892154363124
460,2028-base,CZ,W,gas_ccgt,opex_mn_EUR,215.7262894256488
461,2028-base,CZ,W,gas_chp,opex_mn_EUR,194.12132776694384
462,2028-base,CZ,W,biogas,opex_mn_EUR,53.79824855229524
463,2028-base,CZ,W,lig_sc,opex_mn_EUR,48.88552694651291
464,2028-base,CZ,W,bio,opex_mn_EUR,0.0
465,2028-base,CZ,W,gas_eng_chp,opex_mn_EUR,91.61846004150853
466,2028-base,CZ,W,lig,opex_mn_EUR,36.74180983212925
467,2028-base,CZ,W,lig_ex,opex_mn_EUR,218.3276192513281
468,2028-base,CZ,W,coal,opex_mn_EUR,0.0
469,2028-base,CZ,W,coal_ex,opex_mn_EUR,1.5414044855112934
470,2028-base,CZ,W,gas_peak,opex_mn_EUR,3.34378172468624
471,2028-base,CZ,W,lig_old,opex_mn_EUR,0.0
472,2028-base,CZ,W,b_CHP,opex_mn_EUR,-3.834661714821068e-19
473,2028-base,CZ,W,lig_bp,opex_mn_EUR,282.3707204609158
474,2028-base,CZ,W,coal_bp,opex_mn_EUR,0.0
475,2028-base,CZ,W,dsr,opex_mn_EUR,0.0
476,2028-base,CZ,W,h_ror,opex_mn_EUR,1.108868
477,2028-base,CZ,W,h_dams,opex_mn_EUR,0.96596593181826
478,2028-base,CZ,W,li,opex_mn_EUR,0.266597255139317
479,2028-base,CZ,W,pump_open,opex_mn_EUR,0.5582160964180068
480,2028-base,CZ,W,pump,opex_mn_EUR,0.6281610388174785
481,2028-base,CZ,Y,h_ror,wholesale_expenses_mn_EUR,0.0
482,2028-base,CZ,Y,h_dams,wholesale_expenses_mn_EUR,0.0
483,2028-base,CZ,Y,li,wholesale_expenses_mn_EUR,6.870112806211006
484,2028-base,CZ,Y,pump_open,wholesale_expenses_mn_EUR,26.975514079704976
485,2028-base,CZ,Y,pump,wholesale_expenses_mn_EUR,37.03097623309918
486,2028-base,CZ,Y,IMPORT_EXPORT,wholesale_expenses_mn_EUR,1032.9735036957663
487,2028-base,CZ,S,h_ror,wholesale_expenses_mn_EUR,0.0
488,2028-base,CZ,S,h_dams,wholesale_expenses_mn_EUR,0.0
489,2028-base,CZ,S,li,wholesale_expenses_mn_EUR,2.0860247286187894
490,2028-base,CZ,S,pump_open,wholesale_expenses_mn_EUR,16.15911732135814
491,2028-base,CZ,S,pump,wholesale_expenses_mn_EUR,23.269212781673343
492,2028-base,CZ,S,IMPORT_EXPORT,wholesale_expenses_mn_EUR,388.45150153093033
493,2028-base,CZ,W,h_ror,wholesale_expenses_mn_EUR,0.0
494,2028-base,CZ,W,h_dams,wholesale_expenses_mn_EUR,0.0
495,2028-base,CZ,W,li,wholesale_expenses_mn_EUR,4.784088077592218
496,2028-base,CZ,W,pump_open,wholesale_expenses_mn_EUR,10.816396758346835
497,2028-base,CZ,W,pump,wholesale_expenses_mn_EUR,13.761763451425844
498,2028-base,CZ,W,IMPORT_EXPORT,wholesale_expenses_mn_EUR,644.522002164836
499,2028-base,CZ,Y,nuclear,wholesale_revenues_mn_EUR,2565.184886981099
500,2028-base,CZ,Y,solar,wholesale_revenues_mn_EUR,485.0449903469894
501,2028-base,CZ,Y,onshore,wholesale_revenues_mn_EUR,99.18159638381098
502,2028-base,CZ,Y,waste,wholesale_revenues_mn_EUR,113.82204552451914
503,2028-base,CZ,Y,gas_ccgt,wholesale_revenues_mn_EUR,437.57338151966337
504,2028-base,CZ,Y,gas_chp,wholesale_revenues_mn_EUR,317.0847641781762
505,2028-base,CZ,Y,biogas,wholesale_revenues_mn_EUR,79.65351305961283
506,2028-base,CZ,Y,lig_sc,wholesale_revenues_mn_EUR,51.51573504603641
507,2028-base,CZ,Y,bio,wholesale_revenues_mn_EUR,0.0
508,2028-base,CZ,Y,gas_eng_chp,wholesale_revenues_mn_EUR,159.1357504386108
509,2028-base,CZ,Y,lig,wholesale_revenues_mn_EUR,37.36906766998971
510,2028-base,CZ,Y,lig_ex,wholesale_revenues_mn_EUR,284.49704579105327
511,2028-base,CZ,Y,coal,wholesale_revenues_mn_EUR,0.0
512,2028-base,CZ,Y,coal_ex,wholesale_revenues_mn_EUR,1.503405288812801
513,2028-base,CZ,Y,gas_peak,wholesale_revenues_mn_EUR,3.431563226236254
514,2028-base,CZ,Y,lig_old,wholesale_revenues_mn_EUR,0.0
515,2028-base,CZ,Y,b_CHP,wholesale_revenues_mn_EUR,9.051679128616016e-20
516,2028-base,CZ,Y,lig_bp,wholesale_revenues_mn_EUR,161.5429748885747
517,2028-base,CZ,Y,coal_bp,wholesale_revenues_mn_EUR,0.0
518,2028-base,CZ,Y,dsr,wholesale_revenues_mn_EUR,0.0
519,2028-base,CZ,Y,h_ror,wholesale_revenues_mn_EUR,96.5067989301088
520,2028-base,CZ,Y,h_dams,wholesale_revenues_mn_EUR,66.53137464930033
521,2028-base,CZ,Y,li,wholesale_revenues_mn_EUR,9.47579917254436
522,2028-base,CZ,Y,pump_open,wholesale_revenues_mn_EUR,44.2872680271442
523,2028-base,CZ,Y,pump,wholesale_revenues_mn_EUR,56.5597902377066
524,2028-base,CZ,Y,IMPORT_EXPORT,wholesale_revenues_mn_EUR,30.97458141191558
525,2028-base,CZ,S,nuclear,wholesale_revenues_mn_EUR,1148.278039584758
526,2028-base,CZ,S,solar,wholesale_revenues_mn_EUR,313.476507258949
527,2028-base,CZ,S,onshore,wholesale_revenues_mn_EUR,31.95752268314037
528,2028-base,CZ,S,waste,wholesale_revenues_mn_EUR,46.44057459376198
529,2028-base,CZ,S,gas_ccgt,wholesale_revenues_mn_EUR,186.42741376630187
530,2028-base,CZ,S,gas_chp,wholesale_revenues_mn_EUR,87.52020105763603
531,2028-base,CZ,S,biogas,wholesale_revenues_mn_EUR,19.72564430217232
532,2028-base,CZ,S,lig_sc,wholesale_revenues_mn_EUR,0.0
533,2028-base,CZ,S,bio,wholesale_revenues_mn_EUR,0.0
534,2028-base,CZ,S,gas_eng_chp,wholesale_revenues_mn_EUR,68.6661964833848
535,2028-base,CZ,S,lig,wholesale_revenues_mn_EUR,0.0
536,2028-base,CZ,S,lig_ex,wholesale_revenues_mn_EUR,89.08690742085501
537,2028-base,CZ,S,coal,wholesale_revenues_mn_EUR,0.0
538,2028-base,CZ,S,coal_ex,wholesale_revenues_mn_EUR,5.119234059429751e-17
539,2028-base,CZ,S,gas_peak,wholesale_revenues_mn_EUR,0.0
540,2028-base,CZ,S,lig_old,wholesale_revenues_mn_EUR,0.0
541,2028-base,CZ,S,b_CHP,wholesale_revenues_mn_EUR,1.0628209859865434e-19
542,2028-base,CZ,S,lig_bp,wholesale_revenues_mn_EUR,34.066762253248186
543,2028-base,CZ,S,coal_bp,wholesale_revenues_mn_EUR,0.0
544,2028-base,CZ,S,dsr,wholesale_revenues_mn_EUR,0.0
545,2028-base,CZ,S,h_ror,wholesale_revenues_mn_EUR,43.06957532911811
546,2028-base,CZ,S,h_dams,wholesale_revenues_mn_EUR,31.75010424130809
547,2028-base,CZ,S,li,wholesale_revenues_mn_EUR,3.626127038984564
548,2028-base,CZ,S,pump_open,wholesale_revenues_mn_EUR,28.12991688418375
549,2028-base,CZ,S,pump,wholesale_revenues_mn_EUR,38.54917451272188
550,2028-base,CZ,S,IMPORT_EXPORT,wholesale_revenues_mn_EUR,4.210851123660492
551,2028-base,CZ,W,nuclear,wholesale_revenues_mn_EUR,1416.906847396341
552,2028-base,CZ,W,solar,wholesale_revenues_mn_EUR,171.56848308804032
553,2028-base,CZ,W,onshore,wholesale_revenues_mn_EUR,67.22407370067063
554,2028-base,CZ,W,waste,wholesale_revenues_mn_EUR,67.38147093075716
555,2028-base,CZ,W,gas_ccgt,wholesale_revenues_mn_EUR,251.14596775336148
556,2028-base,CZ,W,gas_chp,wholesale_revenues_mn_EUR,229.56456312054013
557,2028-base,CZ,W,biogas,wholesale_revenues_mn_EUR,59.92786875744052
558,2028-base,CZ,W,lig_sc,wholesale_revenues_mn_EUR,51.51573504603641
559,2028-base,CZ,W,bio,wholesale_revenues_mn_EUR,0.0
560,2028-base,CZ,W,gas_eng_chp,wholesale_revenues_mn_EUR,90.46955395522602
561,2028-base,CZ,W,lig,wholesale_revenues_mn_EUR,37.36906766998971
562,2028-base,CZ,W,lig_ex,wholesale_revenues_mn_EUR,195.41013837019824
563,2028-base,CZ,W,coal,wholesale_revenues_mn_EUR,0.0
564,2028-base,CZ,W,coal_ex,wholesale_revenues_mn_EUR,1.503405288812801
565,2028-base,CZ,W,gas_peak,wholesale_revenues_mn_EUR,3.431563226236254
566,2028-base,CZ,W,lig_old,wholesale_revenues_mn_EUR,0.0
567,2028-base,CZ,W,b_CHP,wholesale_revenues_mn_EUR,-1.5765307312494152e-20
568,2028-base,CZ,W,lig_bp,wholesale_revenues_mn_EUR,127.4762126353265
569,2028-base,CZ,W,coal_bp,wholesale_revenues_mn_EUR,0.0
570,2028-base,CZ,W,dsr,wholesale_revenues_mn_EUR,0.0
571,2028-base,CZ,W,h_ror,wholesale_revenues_mn_EUR,53.43722360099069
572,2028-base,CZ,W,h_dams,wholesale_revenues_mn_EUR,34.78127040799224
573,2028-base,CZ,W,li,wholesale_revenues_mn_EUR,5.849672133559797
574,2028-base,CZ,W,pump_open,wholesale_revenues_mn_EUR,16.157351142960454
575,2028-base,CZ,W,pump,wholesale_revenues_mn_EUR,18.010615724984724
576,2028-base,CZ,W,IMPORT_EXPORT,wholesale_revenues_mn_EUR,26.763730288255083
577,2028-base,CZ,Y,TOTAL,avg_consumer_price_EUR_per_MWh,90.18533158294106
578,2028-base,CZ,S,TOTAL,avg_consumer_price_EUR_per_MWh,82.00417876767278
579,2028-base,CZ,W,TOTAL,avg_consumer_price_EUR_per_MWh,97.17293272319404
580,2028-base,CZ,Y,TOTAL,avg_producer_price_EUR_per_MWh,89.02796778518486
581,2028-base,CZ,S,TOTAL,avg_producer_price_EUR_per_MWh,80.0039178848799
582,2028-base,CZ,W,TOTAL,avg_producer_price_EUR_per_MWh,97.02878333777028
583,2028-base,CZ,Y,nuclear,capacity_factor,0.7964817503918005
584,2028-base,CZ,Y,solar,capacity_factor,0.1208793322388797
585,2028-base,CZ,Y,onshore,capacity_factor,0.2611457461530848
586,2028-base,CZ,Y,waste,capacity_factor,0.6666666666665809
587,2028-base,CZ,Y,gas_ccgt,capacity_factor,0.8463927784606144
588,2028-base,CZ,Y,gas_chp,capacity_factor,0.5333333333333109
589,2028-base,CZ,Y,biogas,capacity_factor,0.3019540141096941
590,2028-base,CZ,Y,lig_sc,capacity_factor,0.1210890054661707
591,2028-base,CZ,Y,gas_eng_chp,capacity_factor,0.5333333333333685
592,2028-base,CZ,Y,lig,capacity_factor,0.0380512403912568
593,2028-base,CZ,Y,lig_ex,capacity_factor,0.493493391722782
594,2028-base,CZ,Y,coal_ex,capacity_factor,0.0276826045340108
595,2028-base,CZ,Y,gas_peak,capacity_factor,0.0325000178414074
596,2028-base,CZ,Y,lig_old,capacity_factor,0.0
597,2028-base,CZ,Y,b_CHP,capacity_factor,-2.3688677257994146e-21
598,2028-base,CZ,Y,lig_bp,capacity_factor,0.533333333333335
599,2028-base,CZ,Y,h_ror,capacity_factor,0.2958839556960283
600,2028-base,CZ,Y,h_dams,capacity_factor,0.124451288939446
601,2028-base,CZ,Y,li,capacity_factor,0.1026165189292689
602,2028-base,CZ,Y,pump_open,capacity_factor,0.1025979736787432
603,2028-base,CZ,Y,pump,capacity_factor,0.0919961510336181
604,2028-base,CZ,Y,TOTAL,capacity_factor,0.3066542440061407
605,2028-base,CZ,S,nuclear,capacity_factor,0.7758452989642761
606,2028-base,CZ,S,solar,capacity_factor,0.1707422905508735
607,2028-base,CZ,S,onshore,capacity_factor,0.1861376723327739
608,2028-base,CZ,S,waste,capacity_factor,0.5628915601571789
609,2028-base,CZ,S,gas_ccgt,capacity_factor,0.7491347584401585
610,2028-base,CZ,S,gas_chp,capacity_factor,0.3351394374338252
611,2028-base,CZ,S,biogas,capacity_factor,0.1593486934048983
612,2028-base,CZ,S,lig_sc,capacity_factor,0.0
613,2028-base,CZ,S,gas_eng_chp,capacity_factor,0.4847903645598543
614,2028-base,CZ,S,lig,capacity_factor,0.0
615,2028-base,CZ,S,lig_ex,capacity_factor,0.3788393443236328
616,2028-base,CZ,S,coal_ex,capacity_factor,-8.35140583044419e-20
617,2028-base,CZ,S,gas_peak,capacity_factor,0.0
618,2028-base,CZ,S,lig_old,capacity_factor,0.0
619,2028-base,CZ,S,b_CHP,capacity_factor,2.1594323674262106e-21
620,2028-base,CZ,S,lig_bp,capacity_factor,0.2442687249662195
621,2028-base,CZ,S,h_ror,capacity_factor,0.2875361514946277
622,2028-base,CZ,S,h_dams,capacity_factor,0.1285431103450886
623,2028-base,CZ,S,li,capacity_factor,0.0837285246203668
624,2028-base,CZ,S,pump_open,capacity_factor,0.1377826909075772
625,2028-base,CZ,S,pump,capacity_factor,0.1314705771819243
626,2028-base,CZ,S,TOTAL,capacity_factor,1.229986802881773
627,2028-base,CZ,W,nuclear,capacity_factor,0.8170054343251856
628,2028-base,CZ,W,solar,capacity_factor,0.0712888491089187
629,2028-base,CZ,W,onshore,capacity_factor,0.3357439397885852
630,2028-base,CZ,W,waste,capacity_factor,0.7698746960912318
631,2028-base,CZ,W,gas_ccgt,capacity_factor,0.9431193338907948
632,2028-base,CZ,W,gas_chp,capacity_factor,0.7304442024792474
633,2028-base,CZ,W,biogas,capacity_factor,0.4437800707669227
634,2028-base,CZ,W,lig_sc,capacity_factor,0.2415163223778816
635,2028-base,CZ,W,gas_eng_chp,capacity_factor,0.5816110399824375
636,2028-base,CZ,W,lig,capacity_factor,0.0758945505071517
637,2028-base,CZ,W,lig_ex,capacity_factor,0.6075209142727553
638,2028-base,CZ,W,coal_ex,capacity_factor,0.0552139380049942
639,2028-base,CZ,W,gas_peak,capacity_factor,0.0648224399569054
640,2028-base,CZ,W,lig_old,capacity_factor,0.0
641,2028-base,CZ,W,b_CHP,capacity_factor,-6.87242300977243e-21
642,2028-base,CZ,W,lig_bp,capacity_factor,0.820818353676586
643,2028-base,CZ,W,h_ror,capacity_factor,0.3041861434810279
644,2028-base,CZ,W,h_dams,capacity_factor,0.1203818272136157
645,2028-base,CZ,W,li,capacity_factor,0.1214013001545159
646,2028-base,CZ,W,pump_open,capacity_factor,0.0676055226642743
647,2028-base,CZ,W,pump,capacity_factor,0.0527374321320239
648,2028-base,CZ,W,TOTAL,capacity_factor,1.2232655635217635
649,2028-base,CZ,Y,li,capacity_factor_charging,0.0093475550907294
650,2028-base,CZ,Y,pump_open,capacity_factor_charging,0.1403818559355609
651,2028-base,CZ,Y,pump,capacity_factor_charging,0.1304664290511903
652,2028-base,CZ,S,li,capacity_factor_charging,0.007977612446474
653,2028-base,CZ,S,pump_open,capacity_factor_charging,0.1941658758484833
654,2028-base,CZ,S,pump,capacity_factor_charging,0.1858735691614987
655,2028-base,CZ,W,li,capacity_factor_charging,0.0107100117096064
656,2028-base,CZ,W,pump_open,capacity_factor_charging,0.0868917377707965
657,2028-base,CZ,W,pump,capacity_factor_charging,0.0753620601983153
658,2028-base,CZ,Y,nuclear,emissions_MtCO2,0.0
659,2028-base,CZ,Y,solar,emissions_MtCO2,0.0
660,2028-base,CZ,Y,onshore,emissions_MtCO2,0.0
661,2028-base,CZ,Y,waste,emissions_MtCO2,0.0
662,2028-base,CZ,Y,gas_ccgt,emissions_MtCO2,1.7983628993208491
663,2028-base,CZ,Y,gas_chp,emissions_MtCO2,1.4030015999999408
664,2028-base,CZ,Y,biogas,emissions_MtCO2,0.0
665,2028-base,CZ,Y,lig_sc,emissions_MtCO2,0.4298215888763912
666,2028-base,CZ,Y,bio,emissions_MtCO2,0.0
667,2028-base,CZ,Y,gas_eng_chp,emissions_MtCO2,0.7567472000000498
668,2028-base,CZ,Y,lig,emissions_MtCO2,0.3233956656257534
669,2028-base,CZ,Y,lig_ex,emissions_MtCO2,7.147219390929013
670,2028-base,CZ,Y,coal,emissions_MtCO2,0.0
671,2028-base,CZ,Y,coal_ex,emissions_MtCO2,0.0235599628652142
672,2028-base,CZ,Y,gas_peak,emissions_MtCO2,0.0150720974490702
673,2028-base,CZ,Y,lig_old,emissions_MtCO2,0.0
674,2028-base,CZ,Y,b_CHP,emissions_MtCO2,-0.0
675,2028-base,CZ,Y,lig_bp,emissions_MtCO2,3.3487027200000097
676,2028-base,CZ,Y,coal_bp,emissions_MtCO2,0.0
677,2028-base,CZ,Y,dsr,emissions_MtCO2,0.0
678,2028-base,CZ,Y,eens,emissions_MtCO2,0.0
679,2028-base,CZ,Y,h_ror,emissions_MtCO2,0.0
680,2028-base,CZ,Y,h_dams,emissions_MtCO2,0.0
681,2028-base,CZ,Y,li,emissions_MtCO2,0.0
682,2028-base,CZ,Y,pump_open,emissions_MtCO2,0.0
683,2028-base,CZ,Y,pump,emissions_MtCO2,0.0
684,2028-base,CZ,Y,TOTAL,emissions_MtCO2,15.245883125066293
685,2028-base,CZ,S,nuclear,emissions_MtCO2,0.0
686,2028-base,CZ,S,solar,emissions_MtCO2,0.0
687,2028-base,CZ,S,onshore,emissions_MtCO2,0.0
688,2028-base,CZ,S,waste,emissions_MtCO2,0.0
689,2028-base,CZ,S,gas_ccgt,emissions_MtCO2,0.7936771125613968
690,2028-base,CZ,S,gas_chp,emissions_MtCO2,0.4396058855320978
691,2028-base,CZ,S,biogas,emissions_MtCO2,0.0
692,2028-base,CZ,S,lig_sc,emissions_MtCO2,0.0
693,2028-base,CZ,S,bio,emissions_MtCO2,0.0
694,2028-base,CZ,S,gas_eng_chp,emissions_MtCO2,0.3429924795005759
695,2028-base,CZ,S,lig,emissions_MtCO2,0.0
696,2028-base,CZ,S,lig_ex,emissions_MtCO2,2.7358316642541056
697,2028-base,CZ,S,coal,emissions_MtCO2,0.0
698,2028-base,CZ,S,coal_ex,emissions_MtCO2,-3.5440983481206853e-20
699,2028-base,CZ,S,gas_peak,emissions_MtCO2,0.0
700,2028-base,CZ,S,lig_old,emissions_MtCO2,0.0
701,2028-base,CZ,S,b_CHP,emissions_MtCO2,0.0
702,2028-base,CZ,S,lig_bp,emissions_MtCO2,0.764758400108048
703,2028-base,CZ,S,coal_bp,emissions_MtCO2,0.0
704,2028-base,CZ,S,dsr,emissions_MtCO2,0.0
705,2028-base,CZ,S,eens,emissions_MtCO2,0.0
706,2028-base,CZ,S,h_ror,emissions_MtCO2,0.0
707,2028-base,CZ,S,h_dams,emissions_MtCO2,0.0
708,2028-base,CZ,S,li,emissions_MtCO2,0.0
709,2028-base,CZ,S,pump_open,emissions_MtCO2,0.0
710,2028-base,CZ,S,pump,emissions_MtCO2,0.0
711,2028-base,CZ,S,TOTAL,emissions_MtCO2,30.491766250132585
712,2028-base,CZ,W,nuclear,emissions_MtCO2,0.0
713,2028-base,CZ,W,solar,emissions_MtCO2,0.0
714,2028-base,CZ,W,onshore,emissions_MtCO2,0.0
715,2028-base,CZ,W,waste,emissions_MtCO2,0.0
716,2028-base,CZ,W,gas_ccgt,emissions_MtCO2,1.004685786759452
717,2028-base,CZ,W,gas_chp,emissions_MtCO2,0.963395714467843
718,2028-base,CZ,W,biogas,emissions_MtCO2,0.0
719,2028-base,CZ,W,lig_sc,emissions_MtCO2,0.4298215888763912
720,2028-base,CZ,W,bio,emissions_MtCO2,0.0
721,2028-base,CZ,W,gas_eng_chp,emissions_MtCO2,0.413754720499474
722,2028-base,CZ,W,lig,emissions_MtCO2,0.3233956656257534
723,2028-base,CZ,W,lig_ex,emissions_MtCO2,4.411387726674908
724,2028-base,CZ,W,coal,emissions_MtCO2,0.0
725,2028-base,CZ,W,coal_ex,emissions_MtCO2,0.0235599628652142
726,2028-base,CZ,W,gas_peak,emissions_MtCO2,0.0150720974490702
727,2028-base,CZ,W,lig_old,emissions_MtCO2,0.0
728,2028-base,CZ,W,b_CHP,emissions_MtCO2,-0.0
729,2028-base,CZ,W,lig_bp,emissions_MtCO2,2.583944319891961
730,2028-base,CZ,W,coal_bp,emissions_MtCO2,0.0
731,2028-base,CZ,W,dsr,emissions_MtCO2,0.0
732,2028-base,CZ,W,eens,emissions_MtCO2,0.0
733,2028-base,CZ,W,h_ror,emissions_MtCO2,0.0
734,2028-base,CZ,W,h_dams,emissions_MtCO2,0.0
735,2028-base,CZ,W,li,emissions_MtCO2,0.0
736,2028-base,CZ,W,pump_open,emissions_MtCO2,0.0
737,2028-base,CZ,W,pump,emissions_MtCO2,0.0
738,2028-base,CZ,W,TOTAL,emissions_MtCO2,30.491766250132585
739,2028-base,CZ,Y,nuclear,power_share_high_value,0.978648209235034
740,2028-base,CZ,Y,solar,power_share_high_value,0.8937878642512295
741,2028-base,CZ,Y,onshore,power_share_high_value,0.9839118156473646
742,2028-base,CZ,S,nuclear,power_share_high_value,0.9603398419245944
743,2028-base,CZ,S,solar,power_share_high_value,0.8644864718333534
744,2028-base,CZ,S,onshore,power_share_high_value,0.9634090958151562
745,2028-base,CZ,W,nuclear,power_share_high_value,0.9959392089176816
746,2028-base,CZ,W,solar,power_share_high_value,0.9635834661434338
747,2028-base,CZ,W,onshore,power_share_high_value,0.9952164851943364
748,2028-base,CZ,Y,nuclear,power_share_low_value,0.0211137313465819
749,2028-base,CZ,Y,solar,power_share_low_value,0.1051977841188965
750,2028-base,CZ,Y,onshore,power_share_low_value,0.0158261103118881
751,2028-base,CZ,S,nuclear,power_share_low_value,0.0391700323014904
752,2028-base,CZ,S,solar,power_share_low_value,0.1340733343010034
753,2028-base,CZ,S,onshore,power_share_low_value,0.0358535194231236
754,2028-base,CZ,W,nuclear,power_share_low_value,0.0040607910823182
755,2028-base,CZ,W,solar,power_share_low_value,0.036416533856566
756,2028-base,CZ,W,onshore,power_share_low_value,0.0047835148056638
757,2028-base,CZ,Y,nuclear,power_share_zero_value,0.0002380594183842
758,2028-base,CZ,Y,solar,power_share_zero_value,0.0010143516298736
759,2028-base,CZ,Y,onshore,power_share_zero_value,0.0002620740407471
760,2028-base,CZ,S,nuclear,power_share_zero_value,0.0004901257739149
761,2028-base,CZ,S,solar,power_share_zero_value,0.001440193865643
762,2028-base,CZ,S,onshore,power_share_zero_value,0.0007373847617202
763,2028-base,CZ,W,nuclear,power_share_zero_value,0.0
764,2028-base,CZ,W,solar,power_share_zero_value,0.0
765,2028-base,CZ,W,onshore,power_share_zero_value,0.0
766,2028-base-plus,CZ,Y,nuclear,capacity_GW,4.099
767,2028-base-plus,CZ,Y,solar,capacity_GW,7.0
768,2028-base-plus,CZ,Y,onshore,capacity_GW,0.5
769,2028-base-plus,CZ,Y,waste,capacity_GW,0.19575
770,2028-base-plus,CZ,Y,gas_ccgt,capacity_GW,0.6174
771,2028-base-plus,CZ,Y,gas_chp,capacity_GW,0.7644
772,2028-base-plus,CZ,Y,biogas,capacity_GW,0.279
773,2028-base-plus,CZ,Y,lig_sc,capacity_GW,0.4356
774,2028-base-plus,CZ,Y,bio,capacity_GW,0.0
775,2028-base-plus,CZ,Y,gas_eng_chp,capacity_GW,0.3313124999999999
776,2028-base-plus,CZ,Y,lig,capacity_GW,0.9702
777,2028-base-plus,CZ,Y,lig_ex,capacity_GW,1.6533000000000002
778,2028-base-plus,CZ,Y,coal,capacity_GW,0.0
779,2028-base-plus,CZ,Y,coal_ex,capacity_GW,0.11484
780,2028-base-plus,CZ,Y,gas_peak,capacity_GW,0.096255
781,2028-base-plus,CZ,Y,lig_old,capacity_GW,1.2011999999999998
782,2028-base-plus,CZ,Y,b_CHP,capacity_GW,0.20925
783,2028-base-plus,CZ,Y,lig_bp,capacity_GW,0.35838
784,2028-base-plus,CZ,Y,coal_bp,capacity_GW,0.0
785,2028-base-plus,CZ,Y,dsr,capacity_GW,0.0
786,2028-base-plus,CZ,Y,h_ror,capacity_GW,0.415
787,2028-base-plus,CZ,Y,h_dams,capacity_GW,0.609
788,2028-base-plus,CZ,Y,li,capacity_GW,0.1
789,2028-base-plus,CZ,Y,pump_open,capacity_GW,0.47
790,2028-base-plus,CZ,Y,pump,capacity_GW,0.678
791,2028-base-plus,CZ,Y,TOTAL,capacity_GW,21.0978875
792,2028-base-plus,CZ,Y,h_ror,capacity_charging_GW,0.0
793,2028-base-plus,CZ,Y,h_dams,capacity_charging_GW,0.0
794,2028-base-plus,CZ,Y,li,capacity_charging_GW,1.25599
795,2028-base-plus,CZ,Y,pump_open,capacity_charging_GW,0.44
796,2028-base-plus,CZ,Y,pump,capacity_charging_GW,0.664
797,2028-base-plus,CZ,Y,nuclear,capacity_paid_off_GW,0.0
798,2028-base-plus,CZ,Y,solar,capacity_paid_off_GW,0.0
799,2028-base-plus,CZ,Y,onshore,capacity_paid_off_GW,0.0
800,2028-base-plus,CZ,Y,waste,capacity_paid_off_GW,0.0
801,2028-base-plus,CZ,Y,gas_ccgt,capacity_paid_off_GW,0.0
802,2028-base-plus,CZ,Y,gas_chp,capacity_paid_off_GW,0.0
803,2028-base-plus,CZ,Y,biogas,capacity_paid_off_GW,0.0
804,2028-base-plus,CZ,Y,lig_sc,capacity_paid_off_GW,0.0
805,2028-base-plus,CZ,Y,bio,capacity_paid_off_GW,0.0
806,2028-base-plus,CZ,Y,gas_eng_chp,capacity_paid_off_GW,0.0
807,2028-base-plus,CZ,Y,lig,capacity_paid_off_GW,0.0
808,2028-base-plus,CZ,Y,lig_ex,capacity_paid_off_GW,0.0
809,2028-base-plus,CZ,Y,coal,capacity_paid_off_GW,0.0
810,2028-base-plus,CZ,Y,coal_ex,capacity_paid_off_GW,0.0
811,2028-base-plus,CZ,Y,gas_peak,capacity_paid_off_GW,0.0
812,2028-base-plus,CZ,Y,lig_old,capacity_paid_off_GW,0.0
813,2028-base-plus,CZ,Y,b_CHP,capacity_paid_off_GW,0.0
814,2028-base-plus,CZ,Y,lig_bp,capacity_paid_off_GW,0.0
815,2028-base-plus,CZ,Y,coal_bp,capacity_paid_off_GW,0.0
816,2028-base-plus,CZ,Y,dsr,capacity_paid_off_GW,0.0
817,2028-base-plus,CZ,Y,h_ror,capacity_paid_off_GW,0.0
818,2028-base-plus,CZ,Y,h_dams,capacity_paid_off_GW,0.0
819,2028-base-plus,CZ,Y,li,capacity_paid_off_GW,0.0
820,2028-base-plus,CZ,Y,pump_open,capacity_paid_off_GW,0.0
821,2028-base-plus,CZ,Y,pump,capacity_paid_off_GW,0.0
822,2028-base-plus,CZ,Y,h_ror,capacity_charging_paid_off_GW,0.0
823,2028-base-plus,CZ,Y,h_dams,capacity_charging_paid_off_GW,0.0
824,2028-base-plus,CZ,Y,li,capacity_charging_paid_off_GW,0.0
825,2028-base-plus,CZ,Y,pump_open,capacity_charging_paid_off_GW,0.0
826,2028-base-plus,CZ,Y,pump,capacity_charging_paid_off_GW,0.0
827,2028-base-plus,CZ,Y,TOTAL,load_TWh,66.534165713
828,2028-base-plus,CZ,S,TOTAL,load_TWh,30.649466236
829,2028-base-plus,CZ,W,TOTAL,load_TWh,35.884699477
830,2028-base-plus,CZ,Y,TOTAL,import_TWh,17.195766067736418
831,2028-base-plus,CZ,S,TOTAL,import_TWh,7.720955876823831
832,2028-base-plus,CZ,W,TOTAL,import_TWh,9.474810190912583
833,2028-base-plus,CZ,Y,TOTAL,export_TWh,5.269613023337476
834,2028-base-plus,CZ,S,TOTAL,export_TWh,2.862901497786826
835,2028-base-plus,CZ,W,TOTAL,export_TWh,2.4067115255506497
836,2028-base-plus,CZ,Y,TOTAL,net_import_TWh,11.926153044398944
837,2028-base-plus,CZ,S,TOTAL,net_import_TWh,4.858054379037005
838,2028-base-plus,CZ,W,TOTAL,net_import_TWh,7.068098665361935
839,2028-base-plus,CZ,Y,TOTAL,curtailment_TWh,0.0001525674666201
840,2028-base-plus,CZ,S,TOTAL,curtailment_TWh,0.0001525674666181
841,2028-base-plus,CZ,W,TOTAL,curtailment_TWh,2.044544089585543e-15
842,2028-base-plus,CZ,Y,nuclear,production_TWh,28.59946136693848
843,2028-base-plus,CZ,Y,solar,production_TWh,7.412320652888106
844,2028-base-plus,CZ,Y,onshore,production_TWh,1.1438183681505116
845,2028-base-plus,CZ,Y,waste,production_TWh,1.1431799999998538
846,2028-base-plus,CZ,Y,gas_ccgt,production_TWh,4.290696110634862
847,2028-base-plus,CZ,Y,gas_chp,production_TWh,3.047882378921226
848,2028-base-plus,CZ,Y,biogas,production_TWh,0.5919230831194285
849,2028-base-plus,CZ,Y,lig_sc,production_TWh,0.4278210380031409
850,2028-base-plus,CZ,Y,bio,production_TWh,0.0
851,2028-base-plus,CZ,Y,gas_eng_chp,production_TWh,1.5478920000001084
852,2028-base-plus,CZ,Y,lig,production_TWh,0.3428850486258721
853,2028-base-plus,CZ,Y,lig_ex,production_TWh,2.948885238163161
854,2028-base-plus,CZ,Y,coal,production_TWh,0.0
855,2028-base-plus,CZ,Y,coal_ex,production_TWh,0.0194125318880952
856,2028-base-plus,CZ,Y,gas_peak,production_TWh,0.0274284262416936
857,2028-base-plus,CZ,Y,lig_old,production_TWh,0.0
858,2028-base-plus,CZ,Y,b_CHP,production_TWh,5.052748343185234e-20
859,2028-base-plus,CZ,Y,lig_bp,production_TWh,1.6743513600000342
860,2028-base-plus,CZ,Y,coal_bp,production_TWh,0.0
861,2028-base-plus,CZ,Y,dsr,production_TWh,0.0
862,2028-base-plus,CZ,Y,eens,production_TWh,-9.777068044061069e-19
863,2028-base-plus,CZ,Y,h_ror,production_TWh,1.0756565325373413
864,2028-base-plus,CZ,Y,h_dams,production_TWh,0.6639277142857143
865,2028-base-plus,CZ,Y,li,production_TWh,0.0854013554996467
866,2028-base-plus,CZ,Y,pump_open,production_TWh,0.4251723826419848
867,2028-base-plus,CZ,Y,pump,production_TWh,0.5584227077653948
868,2028-base-plus,CZ,Y,TOTAL,production_TWh,56.02653829630464
869,2028-base-plus,CZ,S,nuclear,production_TWh,13.891069397825554
870,2028-base-plus,CZ,S,solar,production_TWh,5.220616275883509
871,2028-base-plus,CZ,S,onshore,production_TWh,0.4065246763747783
872,2028-base-plus,CZ,S,waste,production_TWh,0.4888820743330288
873,2028-base-plus,CZ,S,gas_ccgt,production_TWh,1.857964876786224
874,2028-base-plus,CZ,S,gas_chp,production_TWh,1.0029344227673056
875,2028-base-plus,CZ,S,biogas,production_TWh,0.1372034735008147
876,2028-base-plus,CZ,S,lig_sc,production_TWh,0.0
877,2028-base-plus,CZ,S,bio,production_TWh,0.0
878,2028-base-plus,CZ,S,gas_eng_chp,production_TWh,0.7266604802747364
879,2028-base-plus,CZ,S,lig,production_TWh,0.0
880,2028-base-plus,CZ,S,lig_ex,production_TWh,1.0580698688275068
881,2028-base-plus,CZ,S,coal,production_TWh,0.0
882,2028-base-plus,CZ,S,coal_ex,production_TWh,-5.515165044227926e-21
883,2028-base-plus,CZ,S,gas_peak,production_TWh,0.0
884,2028-base-plus,CZ,S,lig_old,production_TWh,0.0
885,2028-base-plus,CZ,S,b_CHP,production_TWh,5.052748343185234e-20
886,2028-base-plus,CZ,S,lig_bp,production_TWh,0.3993232230264203
887,2028-base-plus,CZ,S,coal_bp,production_TWh,0.0
888,2028-base-plus,CZ,S,dsr,production_TWh,0.0
889,2028-base-plus,CZ,S,eens,production_TWh,-9.777068044061069e-19
890,2028-base-plus,CZ,S,h_ror,production_TWh,0.5212225325373415
891,2028-base-plus,CZ,S,h_dams,production_TWh,0.3432394002167577
892,2028-base-plus,CZ,S,li,production_TWh,0.036589910394984
893,2028-base-plus,CZ,S,pump_open,production_TWh,0.2999037879679114
894,2028-base-plus,CZ,S,pump,production_TWh,0.4151161381695169
895,2028-base-plus,CZ,S,TOTAL,production_TWh,112.05307659260929
896,2028-base-plus,CZ,W,nuclear,production_TWh,14.708391969112927
897,2028-base-plus,CZ,W,solar,production_TWh,2.1917043770045965
898,2028-base-plus,CZ,W,onshore,production_TWh,0.7372936917757331
899,2028-base-plus,CZ,W,waste,production_TWh,0.654297925666825
900,2028-base-plus,CZ,W,gas_ccgt,production_TWh,2.4327312338486373
901,2028-base-plus,CZ,W,gas_chp,production_TWh,2.044947956153921
902,2028-base-plus,CZ,W,biogas,production_TWh,0.4547196096186137
903,2028-base-plus,CZ,W,lig_sc,production_TWh,0.4278210380031409
904,2028-base-plus,CZ,W,bio,production_TWh,0.0
905,2028-base-plus,CZ,W,gas_eng_chp,production_TWh,0.8212315197253722
906,2028-base-plus,CZ,W,lig,production_TWh,0.3428850486258721
907,2028-base-plus,CZ,W,lig_ex,production_TWh,1.8908153693356544
908,2028-base-plus,CZ,W,coal,production_TWh,0.0
909,2028-base-plus,CZ,W,coal_ex,production_TWh,0.0194125318880952
910,2028-base-plus,CZ,W,gas_peak,production_TWh,0.0274284262416936
911,2028-base-plus,CZ,W,lig_old,production_TWh,0.0
912,2028-base-plus,CZ,W,b_CHP,production_TWh,0.0
913,2028-base-plus,CZ,W,lig_bp,production_TWh,1.2750281369736136
914,2028-base-plus,CZ,W,coal_bp,production_TWh,0.0
915,2028-base-plus,CZ,W,dsr,production_TWh,0.0
916,2028-base-plus,CZ,W,eens,production_TWh,0.0
917,2028-base-plus,CZ,W,h_ror,production_TWh,0.554434
918,2028-base-plus,CZ,W,h_dams,production_TWh,0.3206883140689567
919,2028-base-plus,CZ,W,li,production_TWh,0.0488114451046626
920,2028-base-plus,CZ,W,pump_open,production_TWh,0.1252685946740734
921,2028-base-plus,CZ,W,pump,production_TWh,0.1433065695958779
922,2028-base-plus,CZ,W,TOTAL,production_TWh,112.05307659260929
923,2028-base-plus,CZ,Y,gas_chp,production_el_eq_TWh,3.5712767999998767
924,2028-base-plus,CZ,Y,gas_eng_chp,production_el_eq_TWh,1.5478920000001084
925,2028-base-plus,CZ,Y,lig_ex,production_el_eq_TWh,6.955354681221194
926,2028-base-plus,CZ,Y,coal_ex,production_el_eq_TWh,0.0393812594880952
927,2028-base-plus,CZ,Y,b_CHP,production_el_eq_TWh,1.2631870857963082e-19
928,2028-base-plus,CZ,Y,lig_bp,production_el_eq_TWh,1.6743513600000342
929,2028-base-plus,CZ,Y,coal_bp,production_el_eq_TWh,0.0
930,2028-base-plus,CZ,Y,eens,production_el_eq_TWh,0.0
931,2028-base-plus,CZ,S,gas_chp,production_el_eq_TWh,1.2454207085525426
932,2028-base-plus,CZ,S,gas_eng_chp,production_el_eq_TWh,0.7266604802747364
933,2028-base-plus,CZ,S,lig_ex,production_el_eq_TWh,2.6348996113544816
934,2028-base-plus,CZ,S,coal_ex,production_el_eq_TWh,-4.5242116931096665e-19
935,2028-base-plus,CZ,S,b_CHP,production_el_eq_TWh,1.2631870857963082e-19
936,2028-base-plus,CZ,S,lig_bp,production_el_eq_TWh,0.3993232230264203
937,2028-base-plus,CZ,S,coal_bp,production_el_eq_TWh,0.0
938,2028-base-plus,CZ,S,eens,production_el_eq_TWh,0.0
939,2028-base-plus,CZ,W,gas_chp,production_el_eq_TWh,2.325856091447334
940,2028-base-plus,CZ,W,gas_eng_chp,production_el_eq_TWh,0.8212315197253722
941,2028-base-plus,CZ,W,lig_ex,production_el_eq_TWh,4.320455069866712
942,2028-base-plus,CZ,W,coal_ex,production_el_eq_TWh,0.0393812594880952
943,2028-base-plus,CZ,W,b_CHP,production_el_eq_TWh,0.0
944,2028-base-plus,CZ,W,lig_bp,production_el_eq_TWh,1.2750281369736136
945,2028-base-plus,CZ,W,coal_bp,production_el_eq_TWh,0.0
946,2028-base-plus,CZ,W,eens,production_el_eq_TWh,0.0
947,2028-base-plus,CZ,Y,solar,production_used_TWh,7.412320652888106
948,2028-base-plus,CZ,Y,onshore,production_used_TWh,1.1438183681505116
949,2028-base-plus,CZ,S,solar,production_used_TWh,5.220616275883509
950,2028-base-plus,CZ,S,onshore,production_used_TWh,0.4065246763747783
951,2028-base-plus,CZ,W,solar,production_used_TWh,2.1917043770045965
952,2028-base-plus,CZ,W,onshore,production_used_TWh,0.7372936917757331
953,2028-base-plus,CZ,Y,solar,production_excess_TWh,0.0
954,2028-base-plus,CZ,Y,onshore,production_excess_TWh,0.0
955,2028-base-plus,CZ,S,solar,production_excess_TWh,0.0
956,2028-base-plus,CZ,S,onshore,production_excess_TWh,0.0
957,2028-base-plus,CZ,W,solar,production_excess_TWh,0.0
958,2028-base-plus,CZ,W,onshore,production_excess_TWh,0.0
959,2028-base-plus,CZ,Y,h_ror,discharged_TWh,1.0756565325373413
960,2028-base-plus,CZ,Y,h_dams,discharged_TWh,0.6639277142857143
961,2028-base-plus,CZ,Y,li,discharged_TWh,0.0854013554996467
962,2028-base-plus,CZ,Y,pump_open,discharged_TWh,0.4251723826419848
963,2028-base-plus,CZ,Y,pump,discharged_TWh,0.5584227077653948
964,2028-base-plus,CZ,Y,TOTAL,discharged_TWh,2.8085806927300823
965,2028-base-plus,CZ,S,h_ror,discharged_TWh,0.5212225325373415
966,2028-base-plus,CZ,S,h_dams,discharged_TWh,0.3432394002167577
967,2028-base-plus,CZ,S,li,discharged_TWh,0.036589910394984
968,2028-base-plus,CZ,S,pump_open,discharged_TWh,0.2999037879679114
969,2028-base-plus,CZ,S,pump,discharged_TWh,0.4151161381695169
970,2028-base-plus,CZ,S,TOTAL,discharged_TWh,5.6171613854601645
971,2028-base-plus,CZ,W,h_ror,discharged_TWh,0.554434
972,2028-base-plus,CZ,W,h_dams,discharged_TWh,0.3206883140689567
973,2028-base-plus,CZ,W,li,discharged_TWh,0.0488114451046626
974,2028-base-plus,CZ,W,pump_open,discharged_TWh,0.1252685946740734
975,2028-base-plus,CZ,W,pump,discharged_TWh,0.1433065695958779
976,2028-base-plus,CZ,W,TOTAL,discharged_TWh,5.6171613854601645
977,2028-base-plus,CZ,Y,h_ror,charged_TWh,0.0
978,2028-base-plus,CZ,Y,h_dams,charged_TWh,0.0
979,2028-base-plus,CZ,Y,li,charged_TWh,0.0978703553060916
980,2028-base-plus,CZ,Y,pump_open,charged_TWh,0.5449156108122806
981,2028-base-plus,CZ,Y,pump,charged_TWh,0.7755870941186039
982,2028-base-plus,CZ,Y,TOTAL,charged_TWh,1.4183730602369762
983,2028-base-plus,CZ,S,h_ror,charged_TWh,0.0
984,2028-base-plus,CZ,S,h_dams,charged_TWh,0.0
985,2028-base-plus,CZ,S,li,charged_TWh,0.0437856515890138
986,2028-base-plus,CZ,S,pump_open,charged_TWh,0.3958250101838461
987,2028-base-plus,CZ,S,pump,charged_TWh,0.5741454526839156
988,2028-base-plus,CZ,S,TOTAL,charged_TWh,2.8367461204739524
989,2028-base-plus,CZ,W,h_ror,charged_TWh,0.0
990,2028-base-plus,CZ,W,h_dams,charged_TWh,0.0
991,2028-base-plus,CZ,W,li,charged_TWh,0.0540847037170777
992,2028-base-plus,CZ,W,pump_open,charged_TWh,0.1490906006284345
993,2028-base-plus,CZ,W,pump,charged_TWh,0.2014416414346883
994,2028-base-plus,CZ,W,TOTAL,charged_TWh,2.8367461204739524
995,2028-base-plus,CZ,Y,h_ror,inflow_TWh,1.077883
996,2028-base-plus,CZ,Y,h_dams,inflow_TWh,0.6639277142857143
997,2028-base-plus,CZ,Y,pump_open,inflow_TWh,0.0328331428571428
998,2028-base-plus,CZ,S,h_ror,inflow_TWh,0.523449
999,2028-base-plus,CZ,S,h_dams,inflow_TWh,0.340147
1000,2028-base-plus,CZ,S,pump_open,inflow_TWh,0.013224
1001,2028-base-plus,CZ,W,h_ror,inflow_TWh,0.554434
1002,2028-base-plus,CZ,W,h_dams,inflow_TWh,0.3237807142857143
1003,2028-base-plus,CZ,W,pump_open,inflow_TWh,0.0196091428571428
1004,2028-base-plus,CZ,Y,gas_chp,heat_production_PJ,3.7684398317662846
1005,2028-base-plus,CZ,Y,gas_eng_chp,heat_production_PJ,5.57241120000039
1006,2028-base-plus,CZ,Y,lig_ex,heat_production_PJ,40.38521198602496
1007,2028-base-plus,CZ,Y,coal_ex,heat_production_PJ,0.201284774208
1008,2028-base-plus,CZ,Y,b_CHP,heat_production_PJ,8.185452315960079e-19
1009,2028-base-plus,CZ,Y,lig_bp,heat_production_PJ,18.082994688000365
1010,2028-base-plus,CZ,Y,coal_bp,heat_production_PJ,0.0
1011,2028-base-plus,CZ,Y,eens,heat_production_PJ,3.519744495861984e-18
1012,2028-base-plus,CZ,S,gas_chp,heat_production_PJ,1.7459012576537054
1013,2028-base-plus,CZ,S,gas_eng_chp,heat_production_PJ,2.615977728989051
1014,2028-base-plus,CZ,S,lig_ex,heat_production_PJ,15.894443804671903
1015,2028-base-plus,CZ,S,coal_ex,heat_production_PJ,-4.504812523008727e-18
1016,2028-base-plus,CZ,S,b_CHP,heat_production_PJ,8.185452315960079e-19
1017,2028-base-plus,CZ,S,lig_bp,heat_production_PJ,4.31269080868534
1018,2028-base-plus,CZ,S,coal_bp,heat_production_PJ,0.0
1019,2028-base-plus,CZ,S,eens,heat_production_PJ,3.519744495861984e-18
1020,2028-base-plus,CZ,W,gas_chp,heat_production_PJ,2.022538574112579
1021,2028-base-plus,CZ,W,gas_eng_chp,heat_production_PJ,2.95643347101134
1022,2028-base-plus,CZ,W,lig_ex,heat_production_PJ,24.49076818135305
1023,2028-base-plus,CZ,W,coal_ex,heat_production_PJ,0.201284774208
1024,2028-base-plus,CZ,W,b_CHP,heat_production_PJ,0.0
1025,2028-base-plus,CZ,W,lig_bp,heat_production_PJ,13.770303879315025
1026,2028-base-plus,CZ,W,coal_bp,heat_production_PJ,0.0
1027,2028-base-plus,CZ,W,eens,heat_production_PJ,0.0
1028,2028-base-plus,CZ,Y,waste,production_hours,6717.0
1029,2028-base-plus,CZ,Y,gas_ccgt,production_hours,7206.0
1030,2028-base-plus,CZ,Y,gas_chp,production_hours,8188.0
1031,2028-base-plus,CZ,Y,biogas,production_hours,2382.0
1032,2028-base-plus,CZ,Y,lig_sc,production_hours,1123.0
1033,2028-base-plus,CZ,Y,bio,production_hours,0.0
1034,2028-base-plus,CZ,Y,gas_eng_chp,production_hours,5337.0
1035,2028-base-plus,CZ,Y,lig,production_hours,422.0
1036,2028-base-plus,CZ,Y,lig_ex,production_hours,8457.0
1037,2028-base-plus,CZ,Y,coal,production_hours,0.0
1038,2028-base-plus,CZ,Y,coal_ex,production_hours,435.0
1039,2028-base-plus,CZ,Y,gas_peak,production_hours,332.0
1040,2028-base-plus,CZ,Y,lig_old,production_hours,0.0
1041,2028-base-plus,CZ,Y,b_CHP,production_hours,0.0
1042,2028-base-plus,CZ,Y,lig_bp,production_hours,7104.0
1043,2028-base-plus,CZ,Y,coal_bp,production_hours,0.0
1044,2028-base-plus,CZ,Y,dsr,production_hours,0.0
1045,2028-base-plus,CZ,Y,eens,production_hours,0.0
1046,2028-base-plus,CZ,Y,h_ror,production_hours,8760.0
1047,2028-base-plus,CZ,Y,h_dams,production_hours,8760.0
1048,2028-base-plus,CZ,Y,li,production_hours,967.0
1049,2028-base-plus,CZ,Y,pump_open,production_hours,1366.0
1050,2028-base-plus,CZ,Y,pump,production_hours,1088.0
1051,2028-base-plus,CZ,S,waste,production_hours,3030.0
1052,2028-base-plus,CZ,S,gas_ccgt,production_hours,3195.0
1053,2028-base-plus,CZ,S,gas_chp,production_hours,3827.0
1054,2028-base-plus,CZ,S,biogas,production_hours,579.0
1055,2028-base-plus,CZ,S,lig_sc,production_hours,0.0
1056,2028-base-plus,CZ,S,bio,production_hours,0.0
1057,2028-base-plus,CZ,S,gas_eng_chp,production_hours,2423.0
1058,2028-base-plus,CZ,S,lig,production_hours,0.0
1059,2028-base-plus,CZ,S,lig_ex,production_hours,4065.0
1060,2028-base-plus,CZ,S,coal,production_hours,0.0
1061,2028-base-plus,CZ,S,coal_ex,production_hours,0.0
1062,2028-base-plus,CZ,S,gas_peak,production_hours,0.0
1063,2028-base-plus,CZ,S,lig_old,production_hours,0.0
1064,2028-base-plus,CZ,S,b_CHP,production_hours,0.0
1065,2028-base-plus,CZ,S,lig_bp,production_hours,2776.0
1066,2028-base-plus,CZ,S,coal_bp,production_hours,0.0
1067,2028-base-plus,CZ,S,dsr,production_hours,0.0
1068,2028-base-plus,CZ,S,eens,production_hours,0.0
1069,2028-base-plus,CZ,S,h_ror,production_hours,4368.0
1070,2028-base-plus,CZ,S,h_dams,production_hours,4368.0
1071,2028-base-plus,CZ,S,li,production_hours,414.0
1072,2028-base-plus,CZ,S,pump_open,production_hours,919.0
1073,2028-base-plus,CZ,S,pump,production_hours,805.0
1074,2028-base-plus,CZ,W,waste,production_hours,3687.0
1075,2028-base-plus,CZ,W,gas_ccgt,production_hours,4011.0
1076,2028-base-plus,CZ,W,gas_chp,production_hours,4361.0
1077,2028-base-plus,CZ,W,biogas,production_hours,1803.0
1078,2028-base-plus,CZ,W,lig_sc,production_hours,1123.0
1079,2028-base-plus,CZ,W,bio,production_hours,0.0
1080,2028-base-plus,CZ,W,gas_eng_chp,production_hours,2914.0
1081,2028-base-plus,CZ,W,lig,production_hours,422.0
1082,2028-base-plus,CZ,W,lig_ex,production_hours,4392.0
1083,2028-base-plus,CZ,W,coal,production_hours,0.0
1084,2028-base-plus,CZ,W,coal_ex,production_hours,435.0
1085,2028-base-plus,CZ,W,gas_peak,production_hours,332.0
1086,2028-base-plus,CZ,W,lig_old,production_hours,0.0
1087,2028-base-plus,CZ,W,b_CHP,production_hours,0.0
1088,2028-base-plus,CZ,W,lig_bp,production_hours,4328.0
1089,2028-base-plus,CZ,W,coal_bp,production_hours,0.0
1090,2028-base-plus,CZ,W,dsr,production_hours,0.0
1091,2028-base-plus,CZ,W,eens,production_hours,0.0
1092,2028-base-plus,CZ,W,h_ror,production_hours,4392.0
1093,2028-base-plus,CZ,W,h_dams,production_hours,4392.0
1094,2028-base-plus,CZ,W,li,production_hours,553.0
1095,2028-base-plus,CZ,W,pump_open,production_hours,447.0
1096,2028-base-plus,CZ,W,pump,production_hours,283.0
1097,2028-base-plus,CZ,Y,nuclear,capex_mn_EUR_per_yr,2738.469079112492
1098,2028-base-plus,CZ,Y,solar,capex_mn_EUR_per_yr,362.9795164565344
1099,2028-base-plus,CZ,Y,onshore,capex_mn_EUR_per_yr,68.82996852045387
1100,2028-base-plus,CZ,Y,waste,capex_mn_EUR_per_yr,228.2938717209026
1101,2028-base-plus,CZ,Y,gas_ccgt,capex_mn_EUR_per_yr,76.18061222457844
1102,2028-base-plus,CZ,Y,gas_chp,capex_mn_EUR_per_yr,138.841538451773
1103,2028-base-plus,CZ,Y,biogas,capex_mn_EUR_per_yr,16.217086196531145
1104,2028-base-plus,CZ,Y,lig_sc,capex_mn_EUR_per_yr,144.15255774515765
1105,2028-base-plus,CZ,Y,bio,capex_mn_EUR_per_yr,0.0
1106,2028-base-plus,CZ,Y,gas_eng_chp,capex_mn_EUR_per_yr,22.59441391073202
1107,2028-base-plus,CZ,Y,lig,capex_mn_EUR_per_yr,321.06706043239666
1108,2028-base-plus,CZ,Y,lig_ex,capex_mn_EUR_per_yr,547.1244805327576
1109,2028-base-plus,CZ,Y,coal,capex_mn_EUR_per_yr,0.0
1110,2028-base-plus,CZ,Y,coal_ex,capex_mn_EUR_per_yr,26.048184884115727
1111,2028-base-plus,CZ,Y,gas_peak,capex_mn_EUR_per_yr,7.893982066856129
1112,2028-base-plus,CZ,Y,lig_old,capex_mn_EUR_per_yr,397.5115986305863
1113,2028-base-plus,CZ,Y,b_CHP,capex_mn_EUR_per_yr,109.81713302115293
1114,2028-base-plus,CZ,Y,lig_bp,capex_mn_EUR_per_yr,118.59824069033428
1115,2028-base-plus,CZ,Y,coal_bp,capex_mn_EUR_per_yr,0.0
1116,2028-base-plus,CZ,Y,dsr,capex_mn_EUR_per_yr,0.0
1117,2028-base-plus,CZ,Y,h_ror,capex_mn_EUR_per_yr,84.30517292657983
1118,2028-base-plus,CZ,Y,h_dams,capex_mn_EUR_per_yr,123.71530195731836
1119,2028-base-plus,CZ,Y,li,capex_mn_EUR_per_yr,4.011568788183623
1120,2028-base-plus,CZ,Y,pump_open,capex_mn_EUR_per_yr,95.4781476517892
1121,2028-base-plus,CZ,Y,pump,capex_mn_EUR_per_yr,137.73230661258106
1122,2028-base-plus,CZ,S,nuclear,capex_mn_EUR_per_yr,2738.469079112492
1123,2028-base-plus,CZ,S,solar,capex_mn_EUR_per_yr,362.9795164565344
1124,2028-base-plus,CZ,S,onshore,capex_mn_EUR_per_yr,68.82996852045387
1125,2028-base-plus,CZ,S,waste,capex_mn_EUR_per_yr,228.2938717209026
1126,2028-base-plus,CZ,S,gas_ccgt,capex_mn_EUR_per_yr,76.18061222457844
1127,2028-base-plus,CZ,S,gas_chp,capex_mn_EUR_per_yr,138.841538451773
1128,2028-base-plus,CZ,S,biogas,capex_mn_EUR_per_yr,16.217086196531145
1129,2028-base-plus,CZ,S,lig_sc,capex_mn_EUR_per_yr,144.15255774515765
1130,2028-base-plus,CZ,S,bio,capex_mn_EUR_per_yr,0.0
1131,2028-base-plus,CZ,S,gas_eng_chp,capex_mn_EUR_per_yr,22.59441391073202
1132,2028-base-plus,CZ,S,lig,capex_mn_EUR_per_yr,321.06706043239666
1133,2028-base-plus,CZ,S,lig_ex,capex_mn_EUR_per_yr,547.1244805327576
1134,2028-base-plus,CZ,S,coal,capex_mn_EUR_per_yr,0.0
1135,2028-base-plus,CZ,S,coal_ex,capex_mn_EUR_per_yr,26.048184884115727
1136,2028-base-plus,CZ,S,gas_peak,capex_mn_EUR_per_yr,7.893982066856129
1137,2028-base-plus,CZ,S,lig_old,capex_mn_EUR_per_yr,397.5115986305863
1138,2028-base-plus,CZ,S,b_CHP,capex_mn_EUR_per_yr,109.81713302115293
1139,2028-base-plus,CZ,S,lig_bp,capex_mn_EUR_per_yr,118.59824069033428
1140,2028-base-plus,CZ,S,coal_bp,capex_mn_EUR_per_yr,0.0
1141,2028-base-plus,CZ,S,dsr,capex_mn_EUR_per_yr,0.0
1142,2028-base-plus,CZ,S,h_ror,capex_mn_EUR_per_yr,84.30517292657983
1143,2028-base-plus,CZ,S,h_dams,capex_mn_EUR_per_yr,123.71530195731836
1144,2028-base-plus,CZ,S,li,capex_mn_EUR_per_yr,4.011568788183623
1145,2028-base-plus,CZ,S,pump_open,capex_mn_EUR_per_yr,95.4781476517892
1146,2028-base-plus,CZ,S,pump,capex_mn_EUR_per_yr,137.73230661258106
1147,2028-base-plus,CZ,W,nuclear,capex_mn_EUR_per_yr,2738.469079112492
1148,2028-base-plus,CZ,W,solar,capex_mn_EUR_per_yr,362.9795164565344
1149,2028-base-plus,CZ,W,onshore,capex_mn_EUR_per_yr,68.82996852045387
1150,2028-base-plus,CZ,W,waste,capex_mn_EUR_per_yr,228.2938717209026
1151,2028-base-plus,CZ,W,gas_ccgt,capex_mn_EUR_per_yr,76.18061222457844
1152,2028-base-plus,CZ,W,gas_chp,capex_mn_EUR_per_yr,138.841538451773
1153,2028-base-plus,CZ,W,biogas,capex_mn_EUR_per_yr,16.217086196531145
1154,2028-base-plus,CZ,W,lig_sc,capex_mn_EUR_per_yr,144.15255774515765
1155,2028-base-plus,CZ,W,bio,capex_mn_EUR_per_yr,0.0
1156,2028-base-plus,CZ,W,gas_eng_chp,capex_mn_EUR_per_yr,22.59441391073202
1157,2028-base-plus,CZ,W,lig,capex_mn_EUR_per_yr,321.06706043239666
1158,2028-base-plus,CZ,W,lig_ex,capex_mn_EUR_per_yr,547.1244805327576
1159,2028-base-plus,CZ,W,coal,capex_mn_EUR_per_yr,0.0
1160,2028-base-plus,CZ,W,coal_ex,capex_mn_EUR_per_yr,26.048184884115727
1161,2028-base-plus,CZ,W,gas_peak,capex_mn_EUR_per_yr,7.893982066856129
1162,2028-base-plus,CZ,W,lig_old,capex_mn_EUR_per_yr,397.5115986305863
1163,2028-base-plus,CZ,W,b_CHP,capex_mn_EUR_per_yr,109.81713302115293
1164,2028-base-plus,CZ,W,lig_bp,capex_mn_EUR_per_yr,118.59824069033428
1165,2028-base-plus,CZ,W,coal_bp,capex_mn_EUR_per_yr,0.0
1166,2028-base-plus,CZ,W,dsr,capex_mn_EUR_per_yr,0.0
1167,2028-base-plus,CZ,W,h_ror,capex_mn_EUR_per_yr,84.30517292657983
1168,2028-base-plus,CZ,W,h_dams,capex_mn_EUR_per_yr,123.71530195731836
1169,2028-base-plus,CZ,W,li,capex_mn_EUR_per_yr,4.011568788183623
1170,2028-base-plus,CZ,W,pump_open,capex_mn_EUR_per_yr,95.4781476517892
1171,2028-base-plus,CZ,W,pump,capex_mn_EUR_per_yr,137.73230661258106
1172,2028-base-plus,CZ,Y,nuclear,opex_mn_EUR,586.5749526359082
1173,2028-base-plus,CZ,Y,solar,opex_mn_EUR,0.0
1174,2028-base-plus,CZ,Y,onshore,opex_mn_EUR,0.0
1175,2028-base-plus,CZ,Y,waste,opex_mn_EUR,46.13073742831913
1176,2028-base-plus,CZ,Y,gas_ccgt,opex_mn_EUR,368.0658337937633
1177,2028-base-plus,CZ,Y,gas_chp,opex_mn_EUR,266.94366821733234
1178,2028-base-plus,CZ,Y,biogas,opex_mn_EUR,58.52103300582526
1179,2028-base-plus,CZ,Y,lig_sc,opex_mn_EUR,45.40118344481817
1180,2028-base-plus,CZ,Y,bio,opex_mn_EUR,0.0
1181,2028-base-plus,CZ,Y,gas_eng_chp,opex_mn_EUR,167.56790840001173
1182,2028-base-plus,CZ,Y,lig,opex_mn_EUR,38.924450561705655
1183,2028-base-plus,CZ,Y,lig_ex,opex_mn_EUR,328.9038528847586
1184,2028-base-plus,CZ,Y,coal,opex_mn_EUR,0.0
1185,2028-base-plus,CZ,Y,coal_ex,opex_mn_EUR,2.287354892844963
1186,2028-base-plus,CZ,Y,gas_peak,opex_mn_EUR,3.332687044298176
1187,2028-base-plus,CZ,Y,lig_old,opex_mn_EUR,0.0
1188,2028-base-plus,CZ,Y,b_CHP,opex_mn_EUR,7.669323429645084e-18
1189,2028-base-plus,CZ,Y,lig_bp,opex_mn_EUR,367.1021074957909
1190,2028-base-plus,CZ,Y,coal_bp,opex_mn_EUR,0.0
1191,2028-base-plus,CZ,Y,dsr,opex_mn_EUR,0.0
1192,2028-base-plus,CZ,Y,h_ror,opex_mn_EUR,2.1513130650746826
1193,2028-base-plus,CZ,Y,h_dams,opex_mn_EUR,1.9917831428571429
1194,2028-base-plus,CZ,Y,li,opex_mn_EUR,0.4270067774982336
1195,2028-base-plus,CZ,Y,pump_open,opex_mn_EUR,1.7006895305679397
1196,2028-base-plus,CZ,Y,pump,opex_mn_EUR,2.23369083106158
1197,2028-base-plus,CZ,S,nuclear,opex_mn_EUR,284.9058333494021
1198,2028-base-plus,CZ,S,solar,opex_mn_EUR,0.0
1199,2028-base-plus,CZ,S,onshore,opex_mn_EUR,0.0
1200,2028-base-plus,CZ,S,waste,opex_mn_EUR,20.331480571057234
1201,2028-base-plus,CZ,S,gas_ccgt,opex_mn_EUR,162.50746250581938
1202,2028-base-plus,CZ,S,gas_chp,opex_mn_EUR,89.00398688355294
1203,2028-base-plus,CZ,S,biogas,opex_mn_EUR,13.612047338531871
1204,2028-base-plus,CZ,S,lig_sc,opex_mn_EUR,0.0
1205,2028-base-plus,CZ,S,bio,opex_mn_EUR,0.0
1206,2028-base-plus,CZ,S,gas_eng_chp,opex_mn_EUR,78.66503399240841
1207,2028-base-plus,CZ,S,lig,opex_mn_EUR,0.0
1208,2028-base-plus,CZ,S,lig_ex,opex_mn_EUR,118.17700519913072
1209,2028-base-plus,CZ,S,coal,opex_mn_EUR,0.0
1210,2028-base-plus,CZ,S,coal_ex,opex_mn_EUR,-6.198173895494536e-19
1211,2028-base-plus,CZ,S,gas_peak,opex_mn_EUR,0.0
1212,2028-base-plus,CZ,S,lig_old,opex_mn_EUR,0.0
1213,2028-base-plus,CZ,S,b_CHP,opex_mn_EUR,7.669323429645084e-18
1214,2028-base-plus,CZ,S,lig_bp,opex_mn_EUR,88.42354599055535
1215,2028-base-plus,CZ,S,coal_bp,opex_mn_EUR,0.0
1216,2028-base-plus,CZ,S,dsr,opex_mn_EUR,0.0
1217,2028-base-plus,CZ,S,h_ror,opex_mn_EUR,
1218,2028-base-plus,CZ,S,h_dams,opex_mn_EUR,1.029718200650273
1219,2028-base-plus,CZ,S,li,opex_mn_EUR,0.1829495519749202
1220,2028-base-plus,CZ,S,pump_open,opex_mn_EUR,1.1996151518716458
1221,2028-base-plus,CZ,S,pump,opex_mn_EUR,1.6604645526780677
1222,2028-base-plus,CZ,W,nuclear,opex_mn_EUR,301.6691192865061
1223,2028-base-plus,CZ,W,solar,opex_mn_EUR,0.0
1224,2028-base-plus,CZ,W,onshore,opex_mn_EUR,0.0
1225,2028-base-plus,CZ,W,waste,opex_mn_EUR,25.799256857261906
1226,2028-base-plus,CZ,W,gas_ccgt,opex_mn_EUR,205.55837128794383
1227,2028-base-plus,CZ,W,gas_chp,opex_mn_EUR,177.93968133377942
1228,2028-base-plus,CZ,W,biogas,opex_mn_EUR,44.90898566729338
1229,2028-base-plus,CZ,W,lig_sc,opex_mn_EUR,45.40118344481817
1230,2028-base-plus,CZ,W,bio,opex_mn_EUR,0.0
1231,2028-base-plus,CZ,W,gas_eng_chp,opex_mn_EUR,88.90287440760333
1232,2028-base-plus,CZ,W,lig,opex_mn_EUR,38.924450561705655
1233,2028-base-plus,CZ,W,lig_ex,opex_mn_EUR,210.7268476856278
1234,2028-base-plus,CZ,W,coal,opex_mn_EUR,0.0
1235,2028-base-plus,CZ,W,coal_ex,opex_mn_EUR,2.287354892844963
1236,2028-base-plus,CZ,W,gas_peak,opex_mn_EUR,3.332687044298176
1237,2028-base-plus,CZ,W,lig_old,opex_mn_EUR,0.0
1238,2028-base-plus,CZ,W,b_CHP,opex_mn_EUR,0.0
1239,2028-base-plus,CZ,W,lig_bp,opex_mn_EUR,278.6785615052356
1240,2028-base-plus,CZ,W,coal_bp,opex_mn_EUR,0.0
1241,2028-base-plus,CZ,W,dsr,opex_mn_EUR,0.0
1242,2028-base-plus,CZ,W,h_ror,opex_mn_EUR,1.108868
1243,2028-base-plus,CZ,W,h_dams,opex_mn_EUR,0.96206494220687
1244,2028-base-plus,CZ,W,li,opex_mn_EUR,0.2440572255233133
1245,2028-base-plus,CZ,W,pump_open,opex_mn_EUR,0.5010743786962936
1246,2028-base-plus,CZ,W,pump,opex_mn_EUR,0.5732262783835118
1247,2028-base-plus,CZ,Y,h_ror,wholesale_expenses_mn_EUR,0.0
1248,2028-base-plus,CZ,Y,h_dams,wholesale_expenses_mn_EUR,0.0
1249,2028-base-plus,CZ,Y,li,wholesale_expenses_mn_EUR,6.22825122412613
1250,2028-base-plus,CZ,Y,pump_open,wholesale_expenses_mn_EUR,24.09159024783749
1251,2028-base-plus,CZ,Y,pump,wholesale_expenses_mn_EUR,33.87613246504121
1252,2028-base-plus,CZ,Y,IMPORT_EXPORT,wholesale_expenses_mn_EUR,1056.9686435552824
1253,2028-base-plus,CZ,S,h_ror,wholesale_expenses_mn_EUR,0.0
1254,2028-base-plus,CZ,S,h_dams,wholesale_expenses_mn_EUR,0.0
1255,2028-base-plus,CZ,S,li,wholesale_expenses_mn_EUR,1.9547664290773603
1256,2028-base-plus,CZ,S,pump_open,wholesale_expenses_mn_EUR,15.37398820913085
1257,2028-base-plus,CZ,S,pump,wholesale_expenses_mn_EUR,22.434533161522754
1258,2028-base-plus,CZ,S,IMPORT_EXPORT,wholesale_expenses_mn_EUR,382.8719661779015
1259,2028-base-plus,CZ,W,h_ror,wholesale_expenses_mn_EUR,0.0
1260,2028-base-plus,CZ,W,h_dams,wholesale_expenses_mn_EUR,0.0
1261,2028-base-plus,CZ,W,li,wholesale_expenses_mn_EUR,4.27348479504877
1262,2028-base-plus,CZ,W,pump_open,wholesale_expenses_mn_EUR,8.71760203870665
1263,2028-base-plus,CZ,W,pump,wholesale_expenses_mn_EUR,11.441599303518458
1264,2028-base-plus,CZ,W,IMPORT_EXPORT,wholesale_expenses_mn_EUR,674.0966773773808
1265,2028-base-plus,CZ,Y,nuclear,wholesale_revenues_mn_EUR,2498.8459362471067
1266,2028-base-plus,CZ,Y,solar,wholesale_revenues_mn_EUR,459.4199498180404
1267,2028-base-plus,CZ,Y,onshore,wholesale_revenues_mn_EUR,95.60047469598572
1268,2028-base-plus,CZ,Y,waste,wholesale_revenues_mn_EUR,112.15404718832892
1269,2028-base-plus,CZ,Y,gas_ccgt,wholesale_revenues_mn_EUR,407.3643141041376
1270,2028-base-plus,CZ,Y,gas_chp,wholesale_revenues_mn_EUR,302.2599928803618
1271,2028-base-plus,CZ,Y,biogas,wholesale_revenues_mn_EUR,64.11492565939778
1272,2028-base-plus,CZ,Y,lig_sc,wholesale_revenues_mn_EUR,48.03146488344952
1273,2028-base-plus,CZ,Y,bio,wholesale_revenues_mn_EUR,0.0
1274,2028-base-plus,CZ,Y,gas_eng_chp,wholesale_revenues_mn_EUR,157.17339004173255
1275,2028-base-plus,CZ,Y,lig,wholesale_revenues_mn_EUR,39.85403139952858
1276,2028-base-plus,CZ,Y,lig_ex,wholesale_revenues_mn_EUR,267.082806270538
1277,2028-base-plus,CZ,Y,coal,wholesale_revenues_mn_EUR,0.0
1278,2028-base-plus,CZ,Y,coal_ex,wholesale_revenues_mn_EUR,2.2392593181988425
1279,2028-base-plus,CZ,Y,gas_peak,wholesale_revenues_mn_EUR,3.44406589180853
1280,2028-base-plus,CZ,Y,lig_old,wholesale_revenues_mn_EUR,0.0
1281,2028-base-plus,CZ,Y,b_CHP,wholesale_revenues_mn_EUR,2.1595247211784352e-19
1282,2028-base-plus,CZ,Y,lig_bp,wholesale_revenues_mn_EUR,158.2697518788815
1283,2028-base-plus,CZ,Y,coal_bp,wholesale_revenues_mn_EUR,0.0
1284,2028-base-plus,CZ,Y,dsr,wholesale_revenues_mn_EUR,0.0
1285,2028-base-plus,CZ,Y,h_ror,wholesale_revenues_mn_EUR,93.96310796175996
1286,2028-base-plus,CZ,Y,h_dams,wholesale_revenues_mn_EUR,65.37435030109441
1287,2028-base-plus,CZ,Y,li,wholesale_revenues_mn_EUR,8.804040423731397
1288,2028-base-plus,CZ,Y,pump_open,wholesale_revenues_mn_EUR,43.72491706657375
1289,2028-base-plus,CZ,Y,pump,wholesale_revenues_mn_EUR,56.55548220141761
1290,2028-base-plus,CZ,Y,IMPORT_EXPORT,wholesale_revenues_mn_EUR,37.27537286155853
1291,2028-base-plus,CZ,S,nuclear,wholesale_revenues_mn_EUR,1113.956202727046
1292,2028-base-plus,CZ,S,solar,wholesale_revenues_mn_EUR,293.6729542726361
1293,2028-base-plus,CZ,S,onshore,wholesale_revenues_mn_EUR,30.42519263611981
1294,2028-base-plus,CZ,S,waste,wholesale_revenues_mn_EUR,46.71843159451338
1295,2028-base-plus,CZ,S,gas_ccgt,wholesale_revenues_mn_EUR,171.310106989145
1296,2028-base-plus,CZ,S,gas_chp,wholesale_revenues_mn_EUR,94.0670394936775
1297,2028-base-plus,CZ,S,biogas,wholesale_revenues_mn_EUR,13.94364667962556
1298,2028-base-plus,CZ,S,lig_sc,wholesale_revenues_mn_EUR,0.0
1299,2028-base-plus,CZ,S,bio,wholesale_revenues_mn_EUR,0.0
1300,2028-base-plus,CZ,S,gas_eng_chp,wholesale_revenues_mn_EUR,70.73436156036438
1301,2028-base-plus,CZ,S,lig,wholesale_revenues_mn_EUR,0.0
1302,2028-base-plus,CZ,S,lig_ex,wholesale_revenues_mn_EUR,82.37057200196098
1303,2028-base-plus,CZ,S,coal,wholesale_revenues_mn_EUR,0.0
1304,2028-base-plus,CZ,S,coal_ex,wholesale_revenues_mn_EUR,-1.6992441725245734e-17
1305,2028-base-plus,CZ,S,gas_peak,wholesale_revenues_mn_EUR,0.0
1306,2028-base-plus,CZ,S,lig_old,wholesale_revenues_mn_EUR,0.0
1307,2028-base-plus,CZ,S,b_CHP,wholesale_revenues_mn_EUR,2.1595247211784352e-19
1308,2028-base-plus,CZ,S,lig_bp,wholesale_revenues_mn_EUR,34.85662987250206
1309,2028-base-plus,CZ,S,coal_bp,wholesale_revenues_mn_EUR,0.0
1310,2028-base-plus,CZ,S,dsr,wholesale_revenues_mn_EUR,0.0
1311,2028-base-plus,CZ,S,h_ror,wholesale_revenues_mn_EUR,41.703882827783794
1312,2028-base-plus,CZ,S,h_dams,wholesale_revenues_mn_EUR,31.37251750537867
1313,2028-base-plus,CZ,S,li,wholesale_revenues_mn_EUR,3.57186346730119
1314,2028-base-plus,CZ,S,pump_open,wholesale_revenues_mn_EUR,29.42259224155305
1315,2028-base-plus,CZ,S,pump,wholesale_revenues_mn_EUR,40.42231829012992
1316,2028-base-plus,CZ,S,IMPORT_EXPORT,wholesale_revenues_mn_EUR,6.539206470707052
1317,2028-base-plus,CZ,W,nuclear,wholesale_revenues_mn_EUR,1384.889733520061
1318,2028-base-plus,CZ,W,solar,wholesale_revenues_mn_EUR,165.74699554540422
1319,2028-base-plus,CZ,W,onshore,wholesale_revenues_mn_EUR,65.1752820598659
1320,2028-base-plus,CZ,W,waste,wholesale_revenues_mn_EUR,65.43561559381556
1321,2028-base-plus,CZ,W,gas_ccgt,wholesale_revenues_mn_EUR,236.0542071149926
1322,2028-base-plus,CZ,W,gas_chp,wholesale_revenues_mn_EUR,208.1929533866844
1323,2028-base-plus,CZ,W,biogas,wholesale_revenues_mn_EUR,50.17127897977223
1324,2028-base-plus,CZ,W,lig_sc,wholesale_revenues_mn_EUR,48.03146488344953
1325,2028-base-plus,CZ,W,bio,wholesale_revenues_mn_EUR,0.0
1326,2028-base-plus,CZ,W,gas_eng_chp,wholesale_revenues_mn_EUR,86.4390284813682
1327,2028-base-plus,CZ,W,lig,wholesale_revenues_mn_EUR,39.85403139952858
1328,2028-base-plus,CZ,W,lig_ex,wholesale_revenues_mn_EUR,184.712234268577
1329,2028-base-plus,CZ,W,coal,wholesale_revenues_mn_EUR,0.0
1330,2028-base-plus,CZ,W,coal_ex,wholesale_revenues_mn_EUR,2.2392593181988425
1331,2028-base-plus,CZ,W,gas_peak,wholesale_revenues_mn_EUR,3.4440658918085303
1332,2028-base-plus,CZ,W,lig_old,wholesale_revenues_mn_EUR,0.0
1333,2028-base-plus,CZ,W,b_CHP,wholesale_revenues_mn_EUR,0.0
1334,2028-base-plus,CZ,W,lig_bp,wholesale_revenues_mn_EUR,123.41312200637942
1335,2028-base-plus,CZ,W,coal_bp,wholesale_revenues_mn_EUR,0.0
1336,2028-base-plus,CZ,W,dsr,wholesale_revenues_mn_EUR,0.0
1337,2028-base-plus,CZ,W,h_ror,wholesale_revenues_mn_EUR,52.25922513397615
1338,2028-base-plus,CZ,W,h_dams,wholesale_revenues_mn_EUR,34.001832795715735
1339,2028-base-plus,CZ,W,li,wholesale_revenues_mn_EUR,5.232176956430206
1340,2028-base-plus,CZ,W,pump_open,wholesale_revenues_mn_EUR,14.302324825020708
1341,2028-base-plus,CZ,W,pump,wholesale_revenues_mn_EUR,16.133163911287696
1342,2028-base-plus,CZ,W,IMPORT_EXPORT,wholesale_revenues_mn_EUR,30.73616639085148
1343,2028-base-plus,CZ,Y,TOTAL,avg_consumer_price_EUR_per_MWh,87.76001930058159
1344,2028-base-plus,CZ,S,TOTAL,avg_consumer_price_EUR_per_MWh,79.44524348964852
1345,2028-base-plus,CZ,W,TOTAL,avg_consumer_price_EUR_per_MWh,94.8617491239132
1346,2028-base-plus,CZ,Y,TOTAL,avg_producer_price_EUR_per_MWh,86.7349033696749
1347,2028-base-plus,CZ,S,TOTAL,avg_producer_price_EUR_per_MWh,77.49556787828723
1348,2028-base-plus,CZ,W,TOTAL,avg_producer_price_EUR_per_MWh,95.0382441170822
1349,2028-base-plus,CZ,Y,nuclear,capacity_factor,0.7964817503918005
1350,2028-base-plus,CZ,Y,solar,capacity_factor,0.1208793322388797
1351,2028-base-plus,CZ,Y,onshore,capacity_factor,0.2611457461530848
1352,2028-base-plus,CZ,Y,waste,capacity_factor,0.6666666666665815
1353,2028-base-plus,CZ,Y,gas_ccgt,capacity_factor,0.7933357500511908
1354,2028-base-plus,CZ,Y,gas_chp,capacity_factor,0.533333333333315
1355,2028-base-plus,CZ,Y,biogas,capacity_factor,0.242190423691686
1356,2028-base-plus,CZ,Y,lig_sc,capacity_factor,0.1121166621599821
1357,2028-base-plus,CZ,Y,gas_eng_chp,capacity_factor,0.5333333333333707
1358,2028-base-plus,CZ,Y,lig,capacity_factor,0.0403443917115748
1359,2028-base-plus,CZ,Y,lig_ex,capacity_factor,0.4802457269783937
1360,2028-base-plus,CZ,Y,coal_ex,capacity_factor,0.0391464434616349
1361,2028-base-plus,CZ,Y,gas_peak,capacity_factor,0.032529207688308
1362,2028-base-plus,CZ,Y,lig_old,capacity_factor,0.0
1363,2028-base-plus,CZ,Y,b_CHP,capacity_factor,6.891251565966233e-20
1364,2028-base-plus,CZ,Y,lig_bp,capacity_factor,0.5333333333333443
1365,2028-base-plus,CZ,Y,h_ror,capacity_factor,0.2958839556960283
1366,2028-base-plus,CZ,Y,h_dams,capacity_factor,0.124451288939446
1367,2028-base-plus,CZ,Y,li,capacity_factor,0.0974901318489117
1368,2028-base-plus,CZ,Y,pump_open,capacity_factor,0.1032673619552086
1369,2028-base-plus,CZ,Y,pump,capacity_factor,0.0940219534632808
1370,2028-base-plus,CZ,Y,TOTAL,capacity_factor,0.303145210619142
1371,2028-base-plus,CZ,S,nuclear,capacity_factor,0.7758452989642761
1372,2028-base-plus,CZ,S,solar,capacity_factor,0.1707422905508735
1373,2028-base-plus,CZ,S,onshore,capacity_factor,0.1861376723327739
1374,2028-base-plus,CZ,S,waste,capacity_factor,0.5717678253699596
1375,2028-base-plus,CZ,S,gas_ccgt,capacity_factor,0.688950857365574
1376,2028-base-plus,CZ,S,gas_chp,capacity_factor,0.3730033864312354
1377,2028-base-plus,CZ,S,biogas,capacity_factor,0.1125844144288329
1378,2028-base-plus,CZ,S,lig_sc,capacity_factor,0.0
1379,2028-base-plus,CZ,S,gas_eng_chp,capacity_factor,0.5021241277129525
1380,2028-base-plus,CZ,S,lig,capacity_factor,0.0
1381,2028-base-plus,CZ,S,lig_ex,capacity_factor,0.3648629607466276
1382,2028-base-plus,CZ,S,coal_ex,capacity_factor,-9.019181036694921e-19
1383,2028-base-plus,CZ,S,gas_peak,capacity_factor,0.0
1384,2028-base-plus,CZ,S,lig_old,capacity_factor,0.0
1385,2028-base-plus,CZ,S,b_CHP,capacity_factor,1.3820367151525685e-19
1386,2028-base-plus,CZ,S,lig_bp,capacity_factor,0.2550927836144955
1387,2028-base-plus,CZ,S,h_ror,capacity_factor,0.2875361514946277
1388,2028-base-plus,CZ,S,h_dams,capacity_factor,0.1290319355789371
1389,2028-base-plus,CZ,S,li,capacity_factor,0.0837681098786264
1390,2028-base-plus,CZ,S,pump_open,capacity_factor,0.1460836002493528
1391,2028-base-plus,CZ,S,pump,capacity_factor,0.1401707166931116
1392,2028-base-plus,CZ,S,TOTAL,capacity_factor,1.215912108527328
1393,2028-base-plus,CZ,W,nuclear,capacity_factor,0.8170054343251856
1394,2028-base-plus,CZ,W,solar,capacity_factor,0.0712888491089187
1395,2028-base-plus,CZ,W,onshore,capacity_factor,0.3357439397885852
1396,2028-base-plus,CZ,W,waste,capacity_factor,0.7610469350599429
1397,2028-base-plus,CZ,W,gas_ccgt,capacity_factor,0.8971502334871593
1398,2028-base-plus,CZ,W,gas_chp,capacity_factor,0.6927871603069679
1399,2028-base-plus,CZ,W,biogas,capacity_factor,0.3710882033957257
1400,2028-base-plus,CZ,W,lig_sc,capacity_factor,0.2236206649638988
1401,2028-base-plus,CZ,W,gas_eng_chp,capacity_factor,0.5643719968465738
1402,2028-base-plus,CZ,W,lig,capacity_factor,0.0804683222662557
1403,2028-base-plus,CZ,W,lig_ex,capacity_factor,0.5949979862908602
1404,2028-base-plus,CZ,W,coal_ex,capacity_factor,0.0780789719316763
1405,2028-base-plus,CZ,W,gas_peak,capacity_factor,0.0648806601433465
1406,2028-base-plus,CZ,W,lig_old,capacity_factor,0.0
1407,2028-base-plus,CZ,W,b_CHP,capacity_factor,0.0
1408,2028-base-plus,CZ,W,lig_bp,capacity_factor,0.8100534428897946
1409,2028-base-plus,CZ,W,h_ror,capacity_factor,0.3041861434810279
1410,2028-base-plus,CZ,W,h_dams,capacity_factor,0.1198956731559084
1411,2028-base-plus,CZ,W,li,capacity_factor,0.1111371700925834
1412,2028-base-plus,CZ,W,pump_open,capacity_factor,0.0606850921763328
1413,2028-base-plus,CZ,W,pump,capacity_factor,0.0481253692674929
1414,2028-base-plus,CZ,W,TOTAL,capacity_factor,1.20926778006543
1415,2028-base-plus,CZ,Y,li,capacity_factor_charging,0.0088953056865738
1416,2028-base-plus,CZ,Y,pump_open,capacity_factor_charging,0.1413749509164281
1417,2028-base-plus,CZ,Y,pump,capacity_factor_charging,0.1333393667338195
1418,2028-base-plus,CZ,S,li,capacity_factor_charging,0.0079811046543742
1419,2028-base-plus,CZ,S,pump_open,capacity_factor_charging,0.205952906564189
1420,2028-base-plus,CZ,S,pump,capacity_factor_charging,0.197957162676777
1421,2028-base-plus,CZ,W,li,capacity_factor_charging,0.0098045110847176
1422,2028-base-plus,CZ,W,pump_open,capacity_factor_charging,0.077149880272207
1423,2028-base-plus,CZ,W,pump,capacity_factor_charging,0.0690746735009327
1424,2028-base-plus,CZ,Y,nuclear,emissions_MtCO2,0.0
1425,2028-base-plus,CZ,Y,solar,emissions_MtCO2,0.0
1426,2028-base-plus,CZ,Y,onshore,emissions_MtCO2,0.0
1427,2028-base-plus,CZ,Y,waste,emissions_MtCO2,0.0
1428,2028-base-plus,CZ,Y,gas_ccgt,emissions_MtCO2,1.685630614892267
1429,2028-base-plus,CZ,Y,gas_chp,emissions_MtCO2,1.4030015999999514
1430,2028-base-plus,CZ,Y,biogas,emissions_MtCO2,0.0
1431,2028-base-plus,CZ,Y,lig_sc,emissions_MtCO2,0.397973058607573
1432,2028-base-plus,CZ,Y,bio,emissions_MtCO2,0.0
1433,2028-base-plus,CZ,Y,gas_eng_chp,emissions_MtCO2,0.756747200000053
1434,2028-base-plus,CZ,Y,lig,emissions_MtCO2,0.3428850486258721
1435,2028-base-plus,CZ,Y,lig_ex,emissions_MtCO2,6.955354681221194
1436,2028-base-plus,CZ,Y,coal,emissions_MtCO2,0.0
1437,2028-base-plus,CZ,Y,coal_ex,emissions_MtCO2,0.0333165455269285
1438,2028-base-plus,CZ,Y,gas_peak,emissions_MtCO2,0.0150856344329314
1439,2028-base-plus,CZ,Y,lig_old,emissions_MtCO2,0.0
1440,2028-base-plus,CZ,Y,b_CHP,emissions_MtCO2,0.0
1441,2028-base-plus,CZ,Y,lig_bp,emissions_MtCO2,3.3487027200000683
1442,2028-base-plus,CZ,Y,coal_bp,emissions_MtCO2,0.0
1443,2028-base-plus,CZ,Y,dsr,emissions_MtCO2,0.0
1444,2028-base-plus,CZ,Y,eens,emissions_MtCO2,0.0
1445,2028-base-plus,CZ,Y,h_ror,emissions_MtCO2,0.0
1446,2028-base-plus,CZ,Y,h_dams,emissions_MtCO2,0.0
1447,2028-base-plus,CZ,Y,li,emissions_MtCO2,0.0
1448,2028-base-plus,CZ,Y,pump_open,emissions_MtCO2,0.0
1449,2028-base-plus,CZ,Y,pump,emissions_MtCO2,0.0
1450,2028-base-plus,CZ,Y,TOTAL,emissions_MtCO2,14.938697103306838
1451,2028-base-plus,CZ,S,nuclear,emissions_MtCO2,0.0
1452,2028-base-plus,CZ,S,solar,emissions_MtCO2,0.0
1453,2028-base-plus,CZ,S,onshore,emissions_MtCO2,0.0
1454,2028-base-plus,CZ,S,waste,emissions_MtCO2,0.0
1455,2028-base-plus,CZ,S,gas_ccgt,emissions_MtCO2,0.7299147730231592
1456,2028-base-plus,CZ,S,gas_chp,emissions_MtCO2,0.4892724212170703
1457,2028-base-plus,CZ,S,biogas,emissions_MtCO2,0.0
1458,2028-base-plus,CZ,S,lig_sc,emissions_MtCO2,0.0
1459,2028-base-plus,CZ,S,bio,emissions_MtCO2,0.0
1460,2028-base-plus,CZ,S,gas_eng_chp,emissions_MtCO2,0.3552562348009822
1461,2028-base-plus,CZ,S,lig,emissions_MtCO2,0.0
1462,2028-base-plus,CZ,S,lig_ex,emissions_MtCO2,2.6348996113544816
1463,2028-base-plus,CZ,S,coal,emissions_MtCO2,0.0
1464,2028-base-plus,CZ,S,coal_ex,emissions_MtCO2,-3.827483092370778e-19
1465,2028-base-plus,CZ,S,gas_peak,emissions_MtCO2,0.0
1466,2028-base-plus,CZ,S,lig_old,emissions_MtCO2,0.0
1467,2028-base-plus,CZ,S,b_CHP,emissions_MtCO2,0.0
1468,2028-base-plus,CZ,S,lig_bp,emissions_MtCO2,0.7986464460528406
1469,2028-base-plus,CZ,S,coal_bp,emissions_MtCO2,0.0
1470,2028-base-plus,CZ,S,dsr,emissions_MtCO2,0.0
1471,2028-base-plus,CZ,S,eens,emissions_MtCO2,0.0
1472,2028-base-plus,CZ,S,h_ror,emissions_MtCO2,0.0
1473,2028-base-plus,CZ,S,h_dams,emissions_MtCO2,0.0
1474,2028-base-plus,CZ,S,li,emissions_MtCO2,0.0
1475,2028-base-plus,CZ,S,pump_open,emissions_MtCO2,0.0
1476,2028-base-plus,CZ,S,pump,emissions_MtCO2,0.0
1477,2028-base-plus,CZ,S,TOTAL,emissions_MtCO2,29.87739420661368
1478,2028-base-plus,CZ,W,nuclear,emissions_MtCO2,0.0
1479,2028-base-plus,CZ,W,solar,emissions_MtCO2,0.0
1480,2028-base-plus,CZ,W,onshore,emissions_MtCO2,0.0
1481,2028-base-plus,CZ,W,waste,emissions_MtCO2,0.0
1482,2028-base-plus,CZ,W,gas_ccgt,emissions_MtCO2,0.9557158418691076
1483,2028-base-plus,CZ,W,gas_chp,emissions_MtCO2,0.9137291787828812
1484,2028-base-plus,CZ,W,biogas,emissions_MtCO2,0.0
1485,2028-base-plus,CZ,W,lig_sc,emissions_MtCO2,0.397973058607573
1486,2028-base-plus,CZ,W,bio,emissions_MtCO2,0.0
1487,2028-base-plus,CZ,W,gas_eng_chp,emissions_MtCO2,0.4014909651990708
1488,2028-base-plus,CZ,W,lig,emissions_MtCO2,0.3428850486258721
1489,2028-base-plus,CZ,W,lig_ex,emissions_MtCO2,4.320455069866712
1490,2028-base-plus,CZ,W,coal,emissions_MtCO2,0.0
1491,2028-base-plus,CZ,W,coal_ex,emissions_MtCO2,0.0333165455269285
1492,2028-base-plus,CZ,W,gas_peak,emissions_MtCO2,0.0150856344329314
1493,2028-base-plus,CZ,W,lig_old,emissions_MtCO2,0.0
1494,2028-base-plus,CZ,W,b_CHP,emissions_MtCO2,0.0
1495,2028-base-plus,CZ,W,lig_bp,emissions_MtCO2,2.5500562739472272
1496,2028-base-plus,CZ,W,coal_bp,emissions_MtCO2,0.0
1497,2028-base-plus,CZ,W,dsr,emissions_MtCO2,0.0
1498,2028-base-plus,CZ,W,eens,emissions_MtCO2,0.0
1499,2028-base-plus,CZ,W,h_ror,emissions_MtCO2,0.0
1500,2028-base-plus,CZ,W,h_dams,emissions_MtCO2,0.0
1501,2028-base-plus,CZ,W,li,emissions_MtCO2,0.0
1502,2028-base-plus,CZ,W,pump_open,emissions_MtCO2,0.0
1503,2028-base-plus,CZ,W,pump,emissions_MtCO2,0.0
1504,2028-base-plus,CZ,W,TOTAL,emissions_MtCO2,29.87739420661368
1505,2028-base-plus,CZ,Y,nuclear,power_share_high_value,0.978648209235034
1506,2028-base-plus,CZ,Y,solar,power_share_high_value,0.8937878642512295
1507,2028-base-plus,CZ,Y,onshore,power_share_high_value,0.9839118156473646
1508,2028-base-plus,CZ,S,nuclear,power_share_high_value,0.9603398419245944
1509,2028-base-plus,CZ,S,solar,power_share_high_value,0.8644864718333534
1510,2028-base-plus,CZ,S,onshore,power_share_high_value,0.9634090958151562
1511,2028-base-plus,CZ,W,nuclear,power_share_high_value,0.9959392089176816
1512,2028-base-plus,CZ,W,solar,power_share_high_value,0.9635834661434338
1513,2028-base-plus,CZ,W,onshore,power_share_high_value,0.9952164851943364
1514,2028-base-plus,CZ,Y,nuclear,power_share_low_value,0.0211137313465819
1515,2028-base-plus,CZ,Y,solar,power_share_low_value,0.1051977841188965
1516,2028-base-plus,CZ,Y,onshore,power_share_low_value,0.0158261103118881
1517,2028-base-plus,CZ,S,nuclear,power_share_low_value,0.0391700323014904
1518,2028-base-plus,CZ,S,solar,power_share_low_value,0.1340733343010034
1519,2028-base-plus,CZ,S,onshore,power_share_low_value,0.0358535194231236
1520,2028-base-plus,CZ,W,nuclear,power_share_low_value,0.0040607910823182
1521,2028-base-plus,CZ,W,solar,power_share_low_value,0.036416533856566
1522,2028-base-plus,CZ,W,onshore,power_share_low_value,0.0047835148056638
1523,2028-base-plus,CZ,Y,nuclear,power_share_zero_value,0.0002380594183842
1524,2028-base-plus,CZ,Y,solar,power_share_zero_value,0.0010143516298736
1525,2028-base-plus,CZ,Y,onshore,power_share_zero_value,0.0002620740407471
1526,2028-base-plus,CZ,S,nuclear,power_share_zero_value,0.0004901257739149
1527,2028-base-plus,CZ,S,solar,power_share_zero_value,0.001440193865643
1528,2028-base-plus,CZ,S,onshore,power_share_zero_value,0.0007373847617202
1529,2028-base-plus,CZ,W,nuclear,power_share_zero_value,0.0
1530,2028-base-plus,CZ,W,solar,power_share_zero_value,0.0
1531,2028-base-plus,CZ,W,onshore,power_share_zero_value,0.0
1532,2028-ex-seven,CZ,Y,nuclear,capacity_GW,4.099
1533,2028-ex-seven,CZ,Y,solar,capacity_GW,7.0
1534,2028-ex-seven,CZ,Y,onshore,capacity_GW,0.5
1535,2028-ex-seven,CZ,Y,waste,capacity_GW,0.19575
1536,2028-ex-seven,CZ,Y,gas_ccgt,capacity_GW,0.6174
1537,2028-ex-seven,CZ,Y,gas_chp,capacity_GW,0.7644
1538,2028-ex-seven,CZ,Y,biogas,capacity_GW,0.279
1539,2028-ex-seven,CZ,Y,lig_sc,capacity_GW,0.4356
1540,2028-ex-seven,CZ,Y,bio,capacity_GW,0.0
1541,2028-ex-seven,CZ,Y,gas_eng_chp,capacity_GW,0.3313124999999999
1542,2028-ex-seven,CZ,Y,lig,capacity_GW,0.9702
1543,2028-ex-seven,CZ,Y,lig_ex,capacity_GW,1.38666
1544,2028-ex-seven,CZ,Y,coal,capacity_GW,0.0
1545,2028-ex-seven,CZ,Y,coal_ex,capacity_GW,0.11484
1546,2028-ex-seven,CZ,Y,gas_peak,capacity_GW,0.096255
1547,2028-ex-seven,CZ,Y,lig_old,capacity_GW,0.0
1548,2028-ex-seven,CZ,Y,b_CHP,capacity_GW,0.20925
1549,2028-ex-seven,CZ,Y,lig_bp,capacity_GW,0.35838
1550,2028-ex-seven,CZ,Y,coal_bp,capacity_GW,0.0
1551,2028-ex-seven,CZ,Y,dsr,capacity_GW,0.0
1552,2028-ex-seven,CZ,Y,h_ror,capacity_GW,0.415
1553,2028-ex-seven,CZ,Y,h_dams,capacity_GW,0.609
1554,2028-ex-seven,CZ,Y,li,capacity_GW,0.1
1555,2028-ex-seven,CZ,Y,pump_open,capacity_GW,0.47
1556,2028-ex-seven,CZ,Y,pump,capacity_GW,0.678
1557,2028-ex-seven,CZ,Y,TOTAL,capacity_GW,19.6300475
1558,2028-ex-seven,CZ,Y,h_ror,capacity_charging_GW,0.0
1559,2028-ex-seven,CZ,Y,h_dams,capacity_charging_GW,0.0
1560,2028-ex-seven,CZ,Y,li,capacity_charging_GW,1.25599
1561,2028-ex-seven,CZ,Y,pump_open,capacity_charging_GW,0.44
1562,2028-ex-seven,CZ,Y,pump,capacity_charging_GW,0.664
1563,2028-ex-seven,CZ,Y,nuclear,capacity_paid_off_GW,0.0
1564,2028-ex-seven,CZ,Y,solar,capacity_paid_off_GW,0.0
1565,2028-ex-seven,CZ,Y,onshore,capacity_paid_off_GW,0.0
1566,2028-ex-seven,CZ,Y,waste,capacity_paid_off_GW,0.0
1567,2028-ex-seven,CZ,Y,gas_ccgt,capacity_paid_off_GW,0.0
1568,2028-ex-seven,CZ,Y,gas_chp,capacity_paid_off_GW,0.0
1569,2028-ex-seven,CZ,Y,biogas,capacity_paid_off_GW,0.0
1570,2028-ex-seven,CZ,Y,lig_sc,capacity_paid_off_GW,0.0
1571,2028-ex-seven,CZ,Y,bio,capacity_paid_off_GW,0.0
1572,2028-ex-seven,CZ,Y,gas_eng_chp,capacity_paid_off_GW,0.0
1573,2028-ex-seven,CZ,Y,lig,capacity_paid_off_GW,0.0
1574,2028-ex-seven,CZ,Y,lig_ex,capacity_paid_off_GW,0.0
1575,2028-ex-seven,CZ,Y,coal,capacity_paid_off_GW,0.0
1576,2028-ex-seven,CZ,Y,coal_ex,capacity_paid_off_GW,0.0
1577,2028-ex-seven,CZ,Y,gas_peak,capacity_paid_off_GW,0.0
1578,2028-ex-seven,CZ,Y,lig_old,capacity_paid_off_GW,0.0
1579,2028-ex-seven,CZ,Y,b_CHP,capacity_paid_off_GW,0.0
1580,2028-ex-seven,CZ,Y,lig_bp,capacity_paid_off_GW,0.0
1581,2028-ex-seven,CZ,Y,coal_bp,capacity_paid_off_GW,0.0
1582,2028-ex-seven,CZ,Y,dsr,capacity_paid_off_GW,0.0
1583,2028-ex-seven,CZ,Y,h_ror,capacity_paid_off_GW,0.0
1584,2028-ex-seven,CZ,Y,h_dams,capacity_paid_off_GW,0.0
1585,2028-ex-seven,CZ,Y,li,capacity_paid_off_GW,0.0
1586,2028-ex-seven,CZ,Y,pump_open,capacity_paid_off_GW,0.0
1587,2028-ex-seven,CZ,Y,pump,capacity_paid_off_GW,0.0
1588,2028-ex-seven,CZ,Y,h_ror,capacity_charging_paid_off_GW,0.0
1589,2028-ex-seven,CZ,Y,h_dams,capacity_charging_paid_off_GW,0.0
1590,2028-ex-seven,CZ,Y,li,capacity_charging_paid_off_GW,0.0
1591,2028-ex-seven,CZ,Y,pump_open,capacity_charging_paid_off_GW,0.0
1592,2028-ex-seven,CZ,Y,pump,capacity_charging_paid_off_GW,0.0
1593,2028-ex-seven,CZ,Y,TOTAL,load_TWh,66.534165713
1594,2028-ex-seven,CZ,S,TOTAL,load_TWh,30.649466236
1595,2028-ex-seven,CZ,W,TOTAL,load_TWh,35.884699477
1596,2028-ex-seven,CZ,Y,TOTAL,import_TWh,15.092030236041156
1597,2028-ex-seven,CZ,S,TOTAL,import_TWh,6.82998784860747
1598,2028-ex-seven,CZ,W,TOTAL,import_TWh,8.262042387433686
1599,2028-ex-seven,CZ,Y,TOTAL,export_TWh,3.625574550425578
1600,2028-ex-seven,CZ,S,TOTAL,export_TWh,2.0657609523165563
1601,2028-ex-seven,CZ,W,TOTAL,export_TWh,1.5598135981090222
1602,2028-ex-seven,CZ,Y,TOTAL,net_import_TWh,11.466455685615578
1603,2028-ex-seven,CZ,S,TOTAL,net_import_TWh,4.764226896290913
1604,2028-ex-seven,CZ,W,TOTAL,net_import_TWh,6.702228789324664
1605,2028-ex-seven,CZ,Y,TOTAL,curtailment_TWh,0.00015256746662
1606,2028-ex-seven,CZ,S,TOTAL,curtailment_TWh,0.0001525674666182
1607,2028-ex-seven,CZ,W,TOTAL,curtailment_TWh,1.7907950677908955e-15
1608,2028-ex-seven,CZ,Y,nuclear,production_TWh,28.59946136693848
1609,2028-ex-seven,CZ,Y,solar,production_TWh,7.412320652888106
1610,2028-ex-seven,CZ,Y,onshore,production_TWh,1.1438183681505116
1611,2028-ex-seven,CZ,Y,waste,production_TWh,1.143179999999852
1612,2028-ex-seven,CZ,Y,gas_ccgt,production_TWh,4.578406236305493
1613,2028-ex-seven,CZ,Y,gas_chp,production_TWh,3.0677786853940625
1614,2028-ex-seven,CZ,Y,biogas,production_TWh,0.7495621994668078
1615,2028-ex-seven,CZ,Y,lig_sc,production_TWh,0.4650373451803247
1616,2028-ex-seven,CZ,Y,bio,production_TWh,0.0
1617,2028-ex-seven,CZ,Y,gas_eng_chp,production_TWh,1.5478920000001128
1618,2028-ex-seven,CZ,Y,lig,production_TWh,0.3684049686493389
1619,2028-ex-seven,CZ,Y,lig_ex,production_TWh,2.699069792525993
1620,2028-ex-seven,CZ,Y,coal,production_TWh,0.0
1621,2028-ex-seven,CZ,Y,coal_ex,production_TWh,0.1931004729798352
1622,2028-ex-seven,CZ,Y,gas_peak,production_TWh,0.0294312896895826
1623,2028-ex-seven,CZ,Y,lig_old,production_TWh,0.0
1624,2028-ex-seven,CZ,Y,b_CHP,production_TWh,0.0008552755555555
1625,2028-ex-seven,CZ,Y,lig_bp,production_TWh,1.6743513599999726
1626,2028-ex-seven,CZ,Y,coal_bp,production_TWh,0.0
1627,2028-ex-seven,CZ,Y,dsr,production_TWh,0.0
1628,2028-ex-seven,CZ,Y,eens,production_TWh,1.7749357539295006e-18
1629,2028-ex-seven,CZ,Y,h_ror,production_TWh,1.0756565325373413
1630,2028-ex-seven,CZ,Y,h_dams,production_TWh,0.6639277142857143
1631,2028-ex-seven,CZ,Y,li,production_TWh,0.0894190801189094
1632,2028-ex-seven,CZ,Y,pump_open,production_TWh,0.4234524639432223
1633,2028-ex-seven,CZ,Y,pump,production_TWh,0.5462080641745464
1634,2028-ex-seven,CZ,Y,TOTAL,production_TWh,56.47133386878375
1635,2028-ex-seven,CZ,S,nuclear,production_TWh,13.891069397825554
1636,2028-ex-seven,CZ,S,solar,production_TWh,5.220616275883509
1637,2028-ex-seven,CZ,S,onshore,production_TWh,0.4065246763747783
1638,2028-ex-seven,CZ,S,waste,production_TWh,0.4822871840133086
1639,2028-ex-seven,CZ,S,gas_ccgt,production_TWh,2.021436819908205
1640,2028-ex-seven,CZ,S,gas_chp,production_TWh,0.8851193644002564
1641,2028-ex-seven,CZ,S,biogas,production_TWh,0.2019870215427873
1642,2028-ex-seven,CZ,S,lig_sc,production_TWh,0.0
1643,2028-ex-seven,CZ,S,bio,production_TWh,0.0
1644,2028-ex-seven,CZ,S,gas_eng_chp,production_TWh,0.6969505076889411
1645,2028-ex-seven,CZ,S,lig,production_TWh,0.0
1646,2028-ex-seven,CZ,S,lig_ex,production_TWh,1.0625271864671963
1647,2028-ex-seven,CZ,S,coal,production_TWh,0.0
1648,2028-ex-seven,CZ,S,coal_ex,production_TWh,0.0375616274581101
1649,2028-ex-seven,CZ,S,gas_peak,production_TWh,0.0
1650,2028-ex-seven,CZ,S,lig_old,production_TWh,0.0
1651,2028-ex-seven,CZ,S,b_CHP,production_TWh,-3.007016857735747e-19
1652,2028-ex-seven,CZ,S,lig_bp,production_TWh,0.3636515192460279
1653,2028-ex-seven,CZ,S,coal_bp,production_TWh,0.0
1654,2028-ex-seven,CZ,S,dsr,production_TWh,0.0
1655,2028-ex-seven,CZ,S,eens,production_TWh,1.7749357539295006e-18
1656,2028-ex-seven,CZ,S,h_ror,production_TWh,0.5212225325373415
1657,2028-ex-seven,CZ,S,h_dams,production_TWh,0.3421667148964403
1658,2028-ex-seven,CZ,S,li,production_TWh,0.0365485193684836
1659,2028-ex-seven,CZ,S,pump_open,production_TWh,0.2842081043467236
1660,2028-ex-seven,CZ,S,pump,production_TWh,0.3892167746856576
1661,2028-ex-seven,CZ,S,TOTAL,production_TWh,112.9426677375675
1662,2028-ex-seven,CZ,W,nuclear,production_TWh,14.708391969112927
1663,2028-ex-seven,CZ,W,solar,production_TWh,2.1917043770045965
1664,2028-ex-seven,CZ,W,onshore,production_TWh,0.7372936917757331
1665,2028-ex-seven,CZ,W,waste,production_TWh,0.6608928159865431
1666,2028-ex-seven,CZ,W,gas_ccgt,production_TWh,2.5569694163972883
1667,2028-ex-seven,CZ,W,gas_chp,production_TWh,2.1826593209938063
1668,2028-ex-seven,CZ,W,biogas,production_TWh,0.5475751779240204
1669,2028-ex-seven,CZ,W,lig_sc,production_TWh,0.4650373451803247
1670,2028-ex-seven,CZ,W,bio,production_TWh,0.0
1671,2028-ex-seven,CZ,W,gas_eng_chp,production_TWh,0.850941492311172
1672,2028-ex-seven,CZ,W,lig,production_TWh,0.3684049686493389
1673,2028-ex-seven,CZ,W,lig_ex,production_TWh,1.6365426060587964
1674,2028-ex-seven,CZ,W,coal,production_TWh,0.0
1675,2028-ex-seven,CZ,W,coal_ex,production_TWh,0.1555388455217251
1676,2028-ex-seven,CZ,W,gas_peak,production_TWh,0.0294312896895826
1677,2028-ex-seven,CZ,W,lig_old,production_TWh,0.0
1678,2028-ex-seven,CZ,W,b_CHP,production_TWh,0.0008552755555555
1679,2028-ex-seven,CZ,W,lig_bp,production_TWh,1.3106998407539443
1680,2028-ex-seven,CZ,W,coal_bp,production_TWh,0.0
1681,2028-ex-seven,CZ,W,dsr,production_TWh,0.0
1682,2028-ex-seven,CZ,W,eens,production_TWh,0.0
1683,2028-ex-seven,CZ,W,h_ror,production_TWh,0.554434
1684,2028-ex-seven,CZ,W,h_dams,production_TWh,0.321760999389274
1685,2028-ex-seven,CZ,W,li,production_TWh,0.0528705607504258
1686,2028-ex-seven,CZ,W,pump_open,production_TWh,0.1392443595964987
1687,2028-ex-seven,CZ,W,pump,production_TWh,0.1569912894888887
1688,2028-ex-seven,CZ,W,TOTAL,production_TWh,112.9426677375675
1689,2028-ex-seven,CZ,Y,gas_chp,production_el_eq_TWh,3.571276799999916
1690,2028-ex-seven,CZ,Y,gas_eng_chp,production_el_eq_TWh,1.5478920000001128
1691,2028-ex-seven,CZ,Y,lig_ex,production_el_eq_TWh,6.478475520000089
1692,2028-ex-seven,CZ,Y,coal_ex,production_el_eq_TWh,0.4529700136444044
1693,2028-ex-seven,CZ,Y,b_CHP,production_el_eq_TWh,0.0021381888888888
1694,2028-ex-seven,CZ,Y,lig_bp,production_el_eq_TWh,1.6743513599999726
1695,2028-ex-seven,CZ,Y,coal_bp,production_el_eq_TWh,0.0
1696,2028-ex-seven,CZ,Y,eens,production_el_eq_TWh,0.0
1697,2028-ex-seven,CZ,S,gas_chp,production_el_eq_TWh,1.1028057282230717
1698,2028-ex-seven,CZ,S,gas_eng_chp,production_el_eq_TWh,0.6969505076889411
1699,2028-ex-seven,CZ,S,lig_ex,production_el_eq_TWh,2.649784289104313
1700,2028-ex-seven,CZ,S,coal_ex,production_el_eq_TWh,0.0936788844379029
1701,2028-ex-seven,CZ,S,b_CHP,production_el_eq_TWh,-7.517542144339369e-19
1702,2028-ex-seven,CZ,S,lig_bp,production_el_eq_TWh,0.3636515192460279
1703,2028-ex-seven,CZ,S,coal_bp,production_el_eq_TWh,0.0
1704,2028-ex-seven,CZ,S,eens,production_el_eq_TWh,0.0
1705,2028-ex-seven,CZ,W,gas_chp,production_el_eq_TWh,2.4684710717768445
1706,2028-ex-seven,CZ,W,gas_eng_chp,production_el_eq_TWh,0.850941492311172
1707,2028-ex-seven,CZ,W,lig_ex,production_el_eq_TWh,3.828691230895777
1708,2028-ex-seven,CZ,W,coal_ex,production_el_eq_TWh,0.3592911292065014
1709,2028-ex-seven,CZ,W,b_CHP,production_el_eq_TWh,0.0021381888888888
1710,2028-ex-seven,CZ,W,lig_bp,production_el_eq_TWh,1.3106998407539443
1711,2028-ex-seven,CZ,W,coal_bp,production_el_eq_TWh,0.0
1712,2028-ex-seven,CZ,W,eens,production_el_eq_TWh,0.0
1713,2028-ex-seven,CZ,Y,solar,production_used_TWh,7.412320652888106
1714,2028-ex-seven,CZ,Y,onshore,production_used_TWh,1.1438183681505116
1715,2028-ex-seven,CZ,S,solar,production_used_TWh,5.220616275883509
1716,2028-ex-seven,CZ,S,onshore,production_used_TWh,0.4065246763747783
1717,2028-ex-seven,CZ,W,solar,production_used_TWh,2.1917043770045965
1718,2028-ex-seven,CZ,W,onshore,production_used_TWh,0.7372936917757331
1719,2028-ex-seven,CZ,Y,solar,production_excess_TWh,0.0
1720,2028-ex-seven,CZ,Y,onshore,production_excess_TWh,0.0
1721,2028-ex-seven,CZ,S,solar,production_excess_TWh,0.0
1722,2028-ex-seven,CZ,S,onshore,production_excess_TWh,0.0
1723,2028-ex-seven,CZ,W,solar,production_excess_TWh,0.0
1724,2028-ex-seven,CZ,W,onshore,production_excess_TWh,0.0
1725,2028-ex-seven,CZ,Y,h_ror,discharged_TWh,1.0756565325373413
1726,2028-ex-seven,CZ,Y,h_dams,discharged_TWh,0.6639277142857143
1727,2028-ex-seven,CZ,Y,li,discharged_TWh,0.0894190801189094
1728,2028-ex-seven,CZ,Y,pump_open,discharged_TWh,0.4234524639432223
1729,2028-ex-seven,CZ,Y,pump,discharged_TWh,0.5462080641745464
1730,2028-ex-seven,CZ,Y,TOTAL,discharged_TWh,2.7986638550597336
1731,2028-ex-seven,CZ,S,h_ror,discharged_TWh,0.5212225325373415
1732,2028-ex-seven,CZ,S,h_dams,discharged_TWh,0.3421667148964403
1733,2028-ex-seven,CZ,S,li,discharged_TWh,0.0365485193684836
1734,2028-ex-seven,CZ,S,pump_open,discharged_TWh,0.2842081043467236
1735,2028-ex-seven,CZ,S,pump,discharged_TWh,0.3892167746856576
1736,2028-ex-seven,CZ,S,TOTAL,discharged_TWh,5.597327710119467
1737,2028-ex-seven,CZ,W,h_ror,discharged_TWh,0.554434
1738,2028-ex-seven,CZ,W,h_dams,discharged_TWh,0.321760999389274
1739,2028-ex-seven,CZ,W,li,discharged_TWh,0.0528705607504258
1740,2028-ex-seven,CZ,W,pump_open,discharged_TWh,0.1392443595964987
1741,2028-ex-seven,CZ,W,pump,discharged_TWh,0.1569912894888887
1742,2028-ex-seven,CZ,W,TOTAL,discharged_TWh,5.597327710119467
1743,2028-ex-seven,CZ,Y,h_ror,charged_TWh,0.0
1744,2028-ex-seven,CZ,Y,h_dams,charged_TWh,0.0
1745,2028-ex-seven,CZ,Y,li,charged_TWh,0.1023221277374076
1746,2028-ex-seven,CZ,Y,pump_open,charged_TWh,0.5425268348417772
1747,2028-ex-seven,CZ,Y,pump,charged_TWh,0.7586223113535366
1748,2028-ex-seven,CZ,Y,TOTAL,charged_TWh,1.4034712739327215
1749,2028-ex-seven,CZ,S,h_ror,charged_TWh,0.0
1750,2028-ex-seven,CZ,S,h_dams,charged_TWh,0.0
1751,2028-ex-seven,CZ,S,li,charged_TWh,0.0437397889557723
1752,2028-ex-seven,CZ,S,pump_open,charged_TWh,0.375525118554864
1753,2028-ex-seven,CZ,S,pump,charged_TWh,0.5384374119569794
1754,2028-ex-seven,CZ,S,TOTAL,charged_TWh,2.806942547865443
1755,2028-ex-seven,CZ,W,h_ror,charged_TWh,0.0
1756,2028-ex-seven,CZ,W,h_dams,charged_TWh,0.0
1757,2028-ex-seven,CZ,W,li,charged_TWh,0.0585823387816352
1758,2028-ex-seven,CZ,W,pump_open,charged_TWh,0.1670017162869132
1759,2028-ex-seven,CZ,W,pump,charged_TWh,0.2201848993965573
1760,2028-ex-seven,CZ,W,TOTAL,charged_TWh,2.806942547865443
1761,2028-ex-seven,CZ,Y,h_ror,inflow_TWh,1.077883
1762,2028-ex-seven,CZ,Y,h_dams,inflow_TWh,0.6639277142857143
1763,2028-ex-seven,CZ,Y,pump_open,inflow_TWh,0.0328331428571428
1764,2028-ex-seven,CZ,S,h_ror,inflow_TWh,0.523449
1765,2028-ex-seven,CZ,S,h_dams,inflow_TWh,0.340147
1766,2028-ex-seven,CZ,S,pump_open,inflow_TWh,0.013224
1767,2028-ex-seven,CZ,W,h_ror,inflow_TWh,0.554434
1768,2028-ex-seven,CZ,W,h_dams,inflow_TWh,0.3237807142857143
1769,2028-ex-seven,CZ,W,pump_open,inflow_TWh,0.0196091428571428
1770,2028-ex-seven,CZ,Y,gas_chp,heat_production_PJ,3.625186425162144
1771,2028-ex-seven,CZ,Y,gas_eng_chp,heat_production_PJ,5.572411200000406
1772,2028-ex-seven,CZ,Y,lig_ex,heat_production_PJ,38.09640973293889
1773,2028-ex-seven,CZ,Y,coal_ex,heat_production_PJ,2.6194849698988567
1774,2028-ex-seven,CZ,Y,b_CHP,heat_production_PJ,0.0138554639999999
1775,2028-ex-seven,CZ,Y,lig_bp,heat_production_PJ,18.082994687999697
1776,2028-ex-seven,CZ,Y,coal_bp,heat_production_PJ,0.0
1777,2028-ex-seven,CZ,Y,eens,heat_production_PJ,-6.3897687141462025e-18
1778,2028-ex-seven,CZ,S,gas_chp,heat_production_PJ,1.5673418195242683
1779,2028-ex-seven,CZ,S,gas_eng_chp,heat_production_PJ,2.509021827680188
1780,2028-ex-seven,CZ,S,lig_ex,heat_production_PJ,15.99955159458213
1781,2028-ex-seven,CZ,S,coal_ex,heat_production_PJ,0.5656619503563116
1782,2028-ex-seven,CZ,S,b_CHP,heat_production_PJ,-4.87136730953191e-18
1783,2028-ex-seven,CZ,S,lig_bp,heat_production_PJ,3.9274364078571016
1784,2028-ex-seven,CZ,S,coal_bp,heat_production_PJ,0.0
1785,2028-ex-seven,CZ,S,eens,heat_production_PJ,-6.3897687141462025e-18
1786,2028-ex-seven,CZ,W,gas_chp,heat_production_PJ,2.057844605637876
1787,2028-ex-seven,CZ,W,gas_eng_chp,heat_production_PJ,3.0633893723202195
1788,2028-ex-seven,CZ,W,lig_ex,heat_production_PJ,22.09685813835676
1789,2028-ex-seven,CZ,W,coal_ex,heat_production_PJ,2.053823019542545
1790,2028-ex-seven,CZ,W,b_CHP,heat_production_PJ,0.0138554639999999
1791,2028-ex-seven,CZ,W,lig_bp,heat_production_PJ,14.155558280142598
1792,2028-ex-seven,CZ,W,coal_bp,heat_production_PJ,0.0
1793,2028-ex-seven,CZ,W,eens,heat_production_PJ,0.0
1794,2028-ex-seven,CZ,Y,waste,production_hours,6756.0
1795,2028-ex-seven,CZ,Y,gas_ccgt,production_hours,7682.0
1796,2028-ex-seven,CZ,Y,gas_chp,production_hours,8189.0
1797,2028-ex-seven,CZ,Y,biogas,production_hours,2997.0
1798,2028-ex-seven,CZ,Y,lig_sc,production_hours,1249.0
1799,2028-ex-seven,CZ,Y,bio,production_hours,0.0
1800,2028-ex-seven,CZ,Y,gas_eng_chp,production_hours,5478.0
1801,2028-ex-seven,CZ,Y,lig,production_hours,586.0
1802,2028-ex-seven,CZ,Y,lig_ex,production_hours,8760.0
1803,2028-ex-seven,CZ,Y,coal,production_hours,0.0
1804,2028-ex-seven,CZ,Y,coal_ex,production_hours,8760.0
1805,2028-ex-seven,CZ,Y,gas_peak,production_hours,365.0
1806,2028-ex-seven,CZ,Y,lig_old,production_hours,0.0
1807,2028-ex-seven,CZ,Y,b_CHP,production_hours,57.0
1808,2028-ex-seven,CZ,Y,lig_bp,production_hours,7097.0
1809,2028-ex-seven,CZ,Y,coal_bp,production_hours,0.0
1810,2028-ex-seven,CZ,Y,dsr,production_hours,0.0
1811,2028-ex-seven,CZ,Y,eens,production_hours,0.0
1812,2028-ex-seven,CZ,Y,h_ror,production_hours,8760.0
1813,2028-ex-seven,CZ,Y,h_dams,production_hours,8760.0
1814,2028-ex-seven,CZ,Y,li,production_hours,1025.0
1815,2028-ex-seven,CZ,Y,pump_open,production_hours,1434.0
1816,2028-ex-seven,CZ,Y,pump,production_hours,1169.0
1817,2028-ex-seven,CZ,S,waste,production_hours,2982.0
1818,2028-ex-seven,CZ,S,gas_ccgt,production_hours,3456.0
1819,2028-ex-seven,CZ,S,gas_chp,production_hours,3817.0
1820,2028-ex-seven,CZ,S,biogas,production_hours,845.0
1821,2028-ex-seven,CZ,S,lig_sc,production_hours,0.0
1822,2028-ex-seven,CZ,S,bio,production_hours,0.0
1823,2028-ex-seven,CZ,S,gas_eng_chp,production_hours,2477.0
1824,2028-ex-seven,CZ,S,lig,production_hours,0.0
1825,2028-ex-seven,CZ,S,lig_ex,production_hours,4368.0
1826,2028-ex-seven,CZ,S,coal,production_hours,0.0
1827,2028-ex-seven,CZ,S,coal_ex,production_hours,4368.0
1828,2028-ex-seven,CZ,S,gas_peak,production_hours,0.0
1829,2028-ex-seven,CZ,S,lig_old,production_hours,0.0
1830,2028-ex-seven,CZ,S,b_CHP,production_hours,0.0
1831,2028-ex-seven,CZ,S,lig_bp,production_hours,2730.0
1832,2028-ex-seven,CZ,S,coal_bp,production_hours,0.0
1833,2028-ex-seven,CZ,S,dsr,production_hours,0.0
1834,2028-ex-seven,CZ,S,eens,production_hours,0.0
1835,2028-ex-seven,CZ,S,h_ror,production_hours,4368.0
1836,2028-ex-seven,CZ,S,h_dams,production_hours,4368.0
1837,2028-ex-seven,CZ,S,li,production_hours,415.0
1838,2028-ex-seven,CZ,S,pump_open,production_hours,935.0
1839,2028-ex-seven,CZ,S,pump,production_hours,831.0
1840,2028-ex-seven,CZ,W,waste,production_hours,3774.0
1841,2028-ex-seven,CZ,W,gas_ccgt,production_hours,4226.0
1842,2028-ex-seven,CZ,W,gas_chp,production_hours,4372.0
1843,2028-ex-seven,CZ,W,biogas,production_hours,2152.0
1844,2028-ex-seven,CZ,W,lig_sc,production_hours,1249.0
1845,2028-ex-seven,CZ,W,bio,production_hours,0.0
1846,2028-ex-seven,CZ,W,gas_eng_chp,production_hours,3001.0
1847,2028-ex-seven,CZ,W,lig,production_hours,586.0
1848,2028-ex-seven,CZ,W,lig_ex,production_hours,4392.0
1849,2028-ex-seven,CZ,W,coal,production_hours,0.0
1850,2028-ex-seven,CZ,W,coal_ex,production_hours,4392.0
1851,2028-ex-seven,CZ,W,gas_peak,production_hours,365.0
1852,2028-ex-seven,CZ,W,lig_old,production_hours,0.0
1853,2028-ex-seven,CZ,W,b_CHP,production_hours,57.0
1854,2028-ex-seven,CZ,W,lig_bp,production_hours,4367.0
1855,2028-ex-seven,CZ,W,coal_bp,production_hours,0.0
1856,2028-ex-seven,CZ,W,dsr,production_hours,0.0
1857,2028-ex-seven,CZ,W,eens,production_hours,0.0
1858,2028-ex-seven,CZ,W,h_ror,production_hours,4392.0
1859,2028-ex-seven,CZ,W,h_dams,production_hours,4392.0
1860,2028-ex-seven,CZ,W,li,production_hours,610.0
1861,2028-ex-seven,CZ,W,pump_open,production_hours,499.0
1862,2028-ex-seven,CZ,W,pump,production_hours,338.0
1863,2028-ex-seven,CZ,Y,nuclear,capex_mn_EUR_per_yr,2738.469079112492
1864,2028-ex-seven,CZ,Y,solar,capex_mn_EUR_per_yr,362.9795164565344
1865,2028-ex-seven,CZ,Y,onshore,capex_mn_EUR_per_yr,68.82996852045387
1866,2028-ex-seven,CZ,Y,waste,capex_mn_EUR_per_yr,228.2938717209026
1867,2028-ex-seven,CZ,Y,gas_ccgt,capex_mn_EUR_per_yr,76.18061222457844
1868,2028-ex-seven,CZ,Y,gas_chp,capex_mn_EUR_per_yr,138.841538451773
1869,2028-ex-seven,CZ,Y,biogas,capex_mn_EUR_per_yr,16.217086196531145
1870,2028-ex-seven,CZ,Y,lig_sc,capex_mn_EUR_per_yr,144.15255774515765
1871,2028-ex-seven,CZ,Y,bio,capex_mn_EUR_per_yr,0.0
1872,2028-ex-seven,CZ,Y,gas_eng_chp,capex_mn_EUR_per_yr,22.59441391073202
1873,2028-ex-seven,CZ,Y,lig,capex_mn_EUR_per_yr,321.06706043239666
1874,2028-ex-seven,CZ,Y,lig_ex,capex_mn_EUR_per_yr,458.8856421554186
1875,2028-ex-seven,CZ,Y,coal,capex_mn_EUR_per_yr,0.0
1876,2028-ex-seven,CZ,Y,coal_ex,capex_mn_EUR_per_yr,26.048184884115727
1877,2028-ex-seven,CZ,Y,gas_peak,capex_mn_EUR_per_yr,7.893982066856129
1878,2028-ex-seven,CZ,Y,lig_old,capex_mn_EUR_per_yr,0.0
1879,2028-ex-seven,CZ,Y,b_CHP,capex_mn_EUR_per_yr,109.81713302115293
1880,2028-ex-seven,CZ,Y,lig_bp,capex_mn_EUR_per_yr,118.59824069033428
1881,2028-ex-seven,CZ,Y,coal_bp,capex_mn_EUR_per_yr,0.0
1882,2028-ex-seven,CZ,Y,dsr,capex_mn_EUR_per_yr,0.0
1883,2028-ex-seven,CZ,Y,h_ror,capex_mn_EUR_per_yr,84.30517292657983
1884,2028-ex-seven,CZ,Y,h_dams,capex_mn_EUR_per_yr,123.71530195731836
1885,2028-ex-seven,CZ,Y,li,capex_mn_EUR_per_yr,4.011568788183623
1886,2028-ex-seven,CZ,Y,pump_open,capex_mn_EUR_per_yr,95.4781476517892
1887,2028-ex-seven,CZ,Y,pump,capex_mn_EUR_per_yr,137.73230661258106
1888,2028-ex-seven,CZ,S,nuclear,capex_mn_EUR_per_yr,2738.469079112492
1889,2028-ex-seven,CZ,S,solar,capex_mn_EUR_per_yr,362.9795164565344
1890,2028-ex-seven,CZ,S,onshore,capex_mn_EUR_per_yr,68.82996852045387
1891,2028-ex-seven,CZ,S,waste,capex_mn_EUR_per_yr,228.2938717209026
1892,2028-ex-seven,CZ,S,gas_ccgt,capex_mn_EUR_per_yr,76.18061222457844
1893,2028-ex-seven,CZ,S,gas_chp,capex_mn_EUR_per_yr,138.841538451773
1894,2028-ex-seven,CZ,S,biogas,capex_mn_EUR_per_yr,16.217086196531145
1895,2028-ex-seven,CZ,S,lig_sc,capex_mn_EUR_per_yr,144.15255774515765
1896,2028-ex-seven,CZ,S,bio,capex_mn_EUR_per_yr,0.0
1897,2028-ex-seven,CZ,S,gas_eng_chp,capex_mn_EUR_per_yr,22.59441391073202
1898,2028-ex-seven,CZ,S,lig,capex_mn_EUR_per_yr,321.06706043239666
1899,2028-ex-seven,CZ,S,lig_ex,capex_mn_EUR_per_yr,458.8856421554186
1900,2028-ex-seven,CZ,S,coal,capex_mn_EUR_per_yr,0.0
1901,2028-ex-seven,CZ,S,coal_ex,capex_mn_EUR_per_yr,26.048184884115727
1902,2028-ex-seven,CZ,S,gas_peak,capex_mn_EUR_per_yr,7.893982066856129
1903,2028-ex-seven,CZ,S,lig_old,capex_mn_EUR_per_yr,0.0
1904,2028-ex-seven,CZ,S,b_CHP,capex_mn_EUR_per_yr,109.81713302115293
1905,2028-ex-seven,CZ,S,lig_bp,capex_mn_EUR_per_yr,118.59824069033428
1906,2028-ex-seven,CZ,S,coal_bp,capex_mn_EUR_per_yr,0.0
1907,2028-ex-seven,CZ,S,dsr,capex_mn_EUR_per_yr,0.0
1908,2028-ex-seven,CZ,S,h_ror,capex_mn_EUR_per_yr,84.30517292657983
1909,2028-ex-seven,CZ,S,h_dams,capex_mn_EUR_per_yr,123.71530195731836
1910,2028-ex-seven,CZ,S,li,capex_mn_EUR_per_yr,4.011568788183623
1911,2028-ex-seven,CZ,S,pump_open,capex_mn_EUR_per_yr,95.4781476517892
1912,2028-ex-seven,CZ,S,pump,capex_mn_EUR_per_yr,137.73230661258106
1913,2028-ex-seven,CZ,W,nuclear,capex_mn_EUR_per_yr,2738.469079112492
1914,2028-ex-seven,CZ,W,solar,capex_mn_EUR_per_yr,362.9795164565344
1915,2028-ex-seven,CZ,W,onshore,capex_mn_EUR_per_yr,68.82996852045387
1916,2028-ex-seven,CZ,W,waste,capex_mn_EUR_per_yr,228.2938717209026
1917,2028-ex-seven,CZ,W,gas_ccgt,capex_mn_EUR_per_yr,76.18061222457844
1918,2028-ex-seven,CZ,W,gas_chp,capex_mn_EUR_per_yr,138.841538451773
1919,2028-ex-seven,CZ,W,biogas,capex_mn_EUR_per_yr,16.217086196531145
1920,2028-ex-seven,CZ,W,lig_sc,capex_mn_EUR_per_yr,144.15255774515765
1921,2028-ex-seven,CZ,W,bio,capex_mn_EUR_per_yr,0.0
1922,2028-ex-seven,CZ,W,gas_eng_chp,capex_mn_EUR_per_yr,22.59441391073202
1923,2028-ex-seven,CZ,W,lig,capex_mn_EUR_per_yr,321.06706043239666
1924,2028-ex-seven,CZ,W,lig_ex,capex_mn_EUR_per_yr,458.8856421554186
1925,2028-ex-seven,CZ,W,coal,capex_mn_EUR_per_yr,0.0
1926,2028-ex-seven,CZ,W,coal_ex,capex_mn_EUR_per_yr,26.048184884115727
1927,2028-ex-seven,CZ,W,gas_peak,capex_mn_EUR_per_yr,7.893982066856129
1928,2028-ex-seven,CZ,W,lig_old,capex_mn_EUR_per_yr,0.0
1929,2028-ex-seven,CZ,W,b_CHP,capex_mn_EUR_per_yr,109.81713302115293
1930,2028-ex-seven,CZ,W,lig_bp,capex_mn_EUR_per_yr,118.59824069033428
1931,2028-ex-seven,CZ,W,coal_bp,capex_mn_EUR_per_yr,0.0
1932,2028-ex-seven,CZ,W,dsr,capex_mn_EUR_per_yr,0.0
1933,2028-ex-seven,CZ,W,h_ror,capex_mn_EUR_per_yr,84.30517292657983
1934,2028-ex-seven,CZ,W,h_dams,capex_mn_EUR_per_yr,123.71530195731836
1935,2028-ex-seven,CZ,W,li,capex_mn_EUR_per_yr,4.011568788183623
1936,2028-ex-seven,CZ,W,pump_open,capex_mn_EUR_per_yr,95.4781476517892
1937,2028-ex-seven,CZ,W,pump,capex_mn_EUR_per_yr,137.73230661258106
1938,2028-ex-seven,CZ,Y,nuclear,opex_mn_EUR,586.5749526359082
1939,2028-ex-seven,CZ,Y,solar,opex_mn_EUR,0.0
1940,2028-ex-seven,CZ,Y,onshore,opex_mn_EUR,0.0
1941,2028-ex-seven,CZ,Y,waste,opex_mn_EUR,46.03075990764003
1942,2028-ex-seven,CZ,Y,gas_ccgt,opex_mn_EUR,391.3220894875506
1943,2028-ex-seven,CZ,Y,gas_chp,opex_mn_EUR,267.922765100504
1944,2028-ex-seven,CZ,Y,biogas,opex_mn_EUR,74.23821233389772
1945,2028-ex-seven,CZ,Y,lig_sc,opex_mn_EUR,49.20694400364869
1946,2028-ex-seven,CZ,Y,bio,opex_mn_EUR,0.0
1947,2028-ex-seven,CZ,Y,gas_eng_chp,opex_mn_EUR,167.5679084000122
1948,2028-ex-seven,CZ,Y,lig,opex_mn_EUR,41.854097622778255
1949,2028-ex-seven,CZ,Y,lig_ex,opex_mn_EUR,300.7729065877685
1950,2028-ex-seven,CZ,Y,coal,opex_mn_EUR,0.0
1951,2028-ex-seven,CZ,Y,coal_ex,opex_mn_EUR,21.753412451568057
1952,2028-ex-seven,CZ,Y,gas_peak,opex_mn_EUR,3.5878278590603383
1953,2028-ex-seven,CZ,Y,lig_old,opex_mn_EUR,0.0
1954,2028-ex-seven,CZ,Y,b_CHP,opex_mn_EUR,0.1392109169176953
1955,2028-ex-seven,CZ,Y,lig_bp,opex_mn_EUR,366.957789969608
1956,2028-ex-seven,CZ,Y,coal_bp,opex_mn_EUR,0.0
1957,2028-ex-seven,CZ,Y,dsr,opex_mn_EUR,0.0
1958,2028-ex-seven,CZ,Y,h_ror,opex_mn_EUR,2.1513130650746826
1959,2028-ex-seven,CZ,Y,h_dams,opex_mn_EUR,1.9917831428571429
1960,2028-ex-seven,CZ,Y,li,opex_mn_EUR,0.4470954005945473
1961,2028-ex-seven,CZ,Y,pump_open,opex_mn_EUR,1.6938098557728891
1962,2028-ex-seven,CZ,Y,pump,opex_mn_EUR,2.184832256698185
1963,2028-ex-seven,CZ,S,nuclear,opex_mn_EUR,284.9058333494021
1964,2028-ex-seven,CZ,S,solar,opex_mn_EUR,0.0
1965,2028-ex-seven,CZ,S,onshore,opex_mn_EUR,0.0
1966,2028-ex-seven,CZ,S,waste,opex_mn_EUR,19.99862882567988
1967,2028-ex-seven,CZ,S,gas_ccgt,opex_mn_EUR,175.62987752440753
1968,2028-ex-seven,CZ,S,gas_chp,opex_mn_EUR,78.20075051558491
1969,2028-ex-seven,CZ,S,biogas,opex_mn_EUR,20.062245935103785
1970,2028-ex-seven,CZ,S,lig_sc,opex_mn_EUR,0.0
1971,2028-ex-seven,CZ,S,bio,opex_mn_EUR,0.0
1972,2028-ex-seven,CZ,S,gas_eng_chp,opex_mn_EUR,75.4487644045928
1973,2028-ex-seven,CZ,S,lig,opex_mn_EUR,0.0
1974,2028-ex-seven,CZ,S,lig_ex,opex_mn_EUR,118.3453495476794
1975,2028-ex-seven,CZ,S,coal,opex_mn_EUR,0.0
1976,2028-ex-seven,CZ,S,coal_ex,opex_mn_EUR,4.221333304010684
1977,2028-ex-seven,CZ,S,gas_peak,opex_mn_EUR,0.0
1978,2028-ex-seven,CZ,S,lig_old,opex_mn_EUR,0.0
1979,2028-ex-seven,CZ,S,b_CHP,opex_mn_EUR,-4.56420610606394e-17
1980,2028-ex-seven,CZ,S,lig_bp,opex_mn_EUR,80.63638394772558
1981,2028-ex-seven,CZ,S,coal_bp,opex_mn_EUR,0.0
1982,2028-ex-seven,CZ,S,dsr,opex_mn_EUR,0.0
1983,2028-ex-seven,CZ,S,h_ror,opex_mn_EUR,
1984,2028-ex-seven,CZ,S,h_dams,opex_mn_EUR,1.0265001446893207
1985,2028-ex-seven,CZ,S,li,opex_mn_EUR,0.1827425968424181
1986,2028-ex-seven,CZ,S,pump_open,opex_mn_EUR,1.1368324173868949
1987,2028-ex-seven,CZ,S,pump,opex_mn_EUR,1.5568670987426303
1988,2028-ex-seven,CZ,W,nuclear,opex_mn_EUR,301.6691192865061
1989,2028-ex-seven,CZ,W,solar,opex_mn_EUR,0.0
1990,2028-ex-seven,CZ,W,onshore,opex_mn_EUR,0.0
1991,2028-ex-seven,CZ,W,waste,opex_mn_EUR,26.03213108196014
1992,2028-ex-seven,CZ,W,gas_ccgt,opex_mn_EUR,215.6922119631432
1993,2028-ex-seven,CZ,W,gas_chp,opex_mn_EUR,189.722014584919
1994,2028-ex-seven,CZ,W,biogas,opex_mn_EUR,54.175966398793946
1995,2028-ex-seven,CZ,W,lig_sc,opex_mn_EUR,49.20694400364869
1996,2028-ex-seven,CZ,W,bio,opex_mn_EUR,0.0
1997,2028-ex-seven,CZ,W,gas_eng_chp,opex_mn_EUR,92.1191439954194
1998,2028-ex-seven,CZ,W,lig,opex_mn_EUR,41.854097622778255
1999,2028-ex-seven,CZ,W,lig_ex,opex_mn_EUR,182.4275570400891
2000,2028-ex-seven,CZ,W,coal,opex_mn_EUR,0.0
2001,2028-ex-seven,CZ,W,coal_ex,opex_mn_EUR,17.532079147557376
2002,2028-ex-seven,CZ,W,gas_peak,opex_mn_EUR,3.587827859060338
2003,2028-ex-seven,CZ,W,lig_old,opex_mn_EUR,0.0
2004,2028-ex-seven,CZ,W,b_CHP,opex_mn_EUR,0.1392109169176954
2005,2028-ex-seven,CZ,W,lig_bp,opex_mn_EUR,286.32140602188235
2006,2028-ex-seven,CZ,W,coal_bp,opex_mn_EUR,0.0
2007,2028-ex-seven,CZ,W,dsr,opex_mn_EUR,0.0
2008,2028-ex-seven,CZ,W,h_ror,opex_mn_EUR,1.108868
2009,2028-ex-seven,CZ,W,h_dams,opex_mn_EUR,0.965282998167822
2010,2028-ex-seven,CZ,W,li,opex_mn_EUR,0.2643528037521293
2011,2028-ex-seven,CZ,W,pump_open,opex_mn_EUR,0.5569774383859949
2012,2028-ex-seven,CZ,W,pump,opex_mn_EUR,0.6279651579555551
2013,2028-ex-seven,CZ,Y,h_ror,wholesale_expenses_mn_EUR,0.0
2014,2028-ex-seven,CZ,Y,h_dams,wholesale_expenses_mn_EUR,0.0
2015,2028-ex-seven,CZ,Y,li,wholesale_expenses_mn_EUR,6.8325792240175005
2016,2028-ex-seven,CZ,Y,pump_open,wholesale_expenses_mn_EUR,27.066769543407005
2017,2028-ex-seven,CZ,Y,pump,wholesale_expenses_mn_EUR,37.03563513040663
2018,2028-ex-seven,CZ,Y,IMPORT_EXPORT,wholesale_expenses_mn_EUR,1051.107275306676
2019,2028-ex-seven,CZ,S,h_ror,wholesale_expenses_mn_EUR,0.0
2020,2028-ex-seven,CZ,S,h_dams,wholesale_expenses_mn_EUR,0.0
2021,2028-ex-seven,CZ,S,li,wholesale_expenses_mn_EUR,2.0848244594668794
2022,2028-ex-seven,CZ,S,pump_open,wholesale_expenses_mn_EUR,16.321697282133936
2023,2028-ex-seven,CZ,S,pump,wholesale_expenses_mn_EUR,23.216729416384258
2024,2028-ex-seven,CZ,S,IMPORT_EXPORT,wholesale_expenses_mn_EUR,393.1088862465317
2025,2028-ex-seven,CZ,W,h_ror,wholesale_expenses_mn_EUR,0.0
2026,2028-ex-seven,CZ,W,h_dams,wholesale_expenses_mn_EUR,0.0
2027,2028-ex-seven,CZ,W,li,wholesale_expenses_mn_EUR,4.747754764550621
2028,2028-ex-seven,CZ,W,pump_open,wholesale_expenses_mn_EUR,10.745072261273071
2029,2028-ex-seven,CZ,W,pump,wholesale_expenses_mn_EUR,13.818905714022373
2030,2028-ex-seven,CZ,W,IMPORT_EXPORT,wholesale_expenses_mn_EUR,657.9983890601442
2031,2028-ex-seven,CZ,Y,nuclear,wholesale_revenues_mn_EUR,2568.225372134987
2032,2028-ex-seven,CZ,Y,solar,wholesale_revenues_mn_EUR,485.3230375864169
2033,2028-ex-seven,CZ,Y,onshore,wholesale_revenues_mn_EUR,99.281348214981
2034,2028-ex-seven,CZ,Y,waste,wholesale_revenues_mn_EUR,113.9827933129382
2035,2028-ex-seven,CZ,Y,gas_ccgt,wholesale_revenues_mn_EUR,438.20695921608905
2036,2028-ex-seven,CZ,Y,gas_chp,wholesale_revenues_mn_EUR,308.8734932680979
2037,2028-ex-seven,CZ,Y,biogas,wholesale_revenues_mn_EUR,80.97050247885048
2038,2028-ex-seven,CZ,Y,lig_sc,wholesale_revenues_mn_EUR,52.03134785748301
2039,2028-ex-seven,CZ,Y,bio,wholesale_revenues_mn_EUR,0.0
2040,2028-ex-seven,CZ,Y,gas_eng_chp,wholesale_revenues_mn_EUR,159.39791671123982
2041,2028-ex-seven,CZ,Y,lig,wholesale_revenues_mn_EUR,42.730068425411964
2042,2028-ex-seven,CZ,Y,lig_ex,wholesale_revenues_mn_EUR,248.37857611207093
2043,2028-ex-seven,CZ,Y,coal,wholesale_revenues_mn_EUR,0.0
2044,2028-ex-seven,CZ,Y,coal_ex,wholesale_revenues_mn_EUR,18.46286027809913
2045,2028-ex-seven,CZ,Y,gas_peak,wholesale_revenues_mn_EUR,3.698191340649698
2046,2028-ex-seven,CZ,Y,lig_old,wholesale_revenues_mn_EUR,0.0
2047,2028-ex-seven,CZ,Y,b_CHP,wholesale_revenues_mn_EUR,0.1031426020082039
2048,2028-ex-seven,CZ,Y,lig_bp,wholesale_revenues_mn_EUR,161.86529822945263
2049,2028-ex-seven,CZ,Y,coal_bp,wholesale_revenues_mn_EUR,0.0
2050,2028-ex-seven,CZ,Y,dsr,wholesale_revenues_mn_EUR,0.0
2051,2028-ex-seven,CZ,Y,h_ror,wholesale_revenues_mn_EUR,96.61724768119171
2052,2028-ex-seven,CZ,Y,h_dams,wholesale_revenues_mn_EUR,66.64739905916906
2053,2028-ex-seven,CZ,Y,li,wholesale_revenues_mn_EUR,9.439832388483891
2054,2028-ex-seven,CZ,Y,pump_open,wholesale_revenues_mn_EUR,44.437236830251294
2055,2028-ex-seven,CZ,Y,pump,wholesale_revenues_mn_EUR,56.61249497591525
2056,2028-ex-seven,CZ,Y,IMPORT_EXPORT,wholesale_revenues_mn_EUR,26.94397172379326
2057,2028-ex-seven,CZ,S,nuclear,wholesale_revenues_mn_EUR,1148.824784507765
2058,2028-ex-seven,CZ,S,solar,wholesale_revenues_mn_EUR,313.56066196895074
2059,2028-ex-seven,CZ,S,onshore,wholesale_revenues_mn_EUR,31.967009334207788
2060,2028-ex-seven,CZ,S,waste,wholesale_revenues_mn_EUR,46.54776109991428
2061,2028-ex-seven,CZ,S,gas_ccgt,wholesale_revenues_mn_EUR,186.6372392607319
2062,2028-ex-seven,CZ,S,gas_chp,wholesale_revenues_mn_EUR,83.91141100609619
2063,2028-ex-seven,CZ,S,biogas,wholesale_revenues_mn_EUR,20.51750353343087
2064,2028-ex-seven,CZ,S,lig_sc,wholesale_revenues_mn_EUR,0.0
2065,2028-ex-seven,CZ,S,bio,wholesale_revenues_mn_EUR,0.0
2066,2028-ex-seven,CZ,S,gas_eng_chp,wholesale_revenues_mn_EUR,68.30884384383091
2067,2028-ex-seven,CZ,S,lig,wholesale_revenues_mn_EUR,0.0
2068,2028-ex-seven,CZ,S,lig_ex,wholesale_revenues_mn_EUR,86.11557146424155
2069,2028-ex-seven,CZ,S,coal,wholesale_revenues_mn_EUR,0.0
2070,2028-ex-seven,CZ,S,coal_ex,wholesale_revenues_mn_EUR,3.0593130821401093
2071,2028-ex-seven,CZ,S,gas_peak,wholesale_revenues_mn_EUR,0.0
2072,2028-ex-seven,CZ,S,lig_old,wholesale_revenues_mn_EUR,0.0
2073,2028-ex-seven,CZ,S,b_CHP,wholesale_revenues_mn_EUR,-3.1500129294049042e-18
2074,2028-ex-seven,CZ,S,lig_bp,wholesale_revenues_mn_EUR,32.4066453515094
2075,2028-ex-seven,CZ,S,coal_bp,wholesale_revenues_mn_EUR,0.0
2076,2028-ex-seven,CZ,S,dsr,wholesale_revenues_mn_EUR,0.0
2077,2028-ex-seven,CZ,S,h_ror,wholesale_revenues_mn_EUR,43.08740566493775
2078,2028-ex-seven,CZ,S,h_dams,wholesale_revenues_mn_EUR,31.794210274201387
2079,2028-ex-seven,CZ,S,li,wholesale_revenues_mn_EUR,3.6257185007298616
2080,2028-ex-seven,CZ,S,pump_open,wholesale_revenues_mn_EUR,28.28269970590253
2081,2028-ex-seven,CZ,S,pump,wholesale_revenues_mn_EUR,38.55040231888705
2082,2028-ex-seven,CZ,S,IMPORT_EXPORT,wholesale_revenues_mn_EUR,3.955732799764771
2083,2028-ex-seven,CZ,W,nuclear,wholesale_revenues_mn_EUR,1419.4005876272226
2084,2028-ex-seven,CZ,W,solar,wholesale_revenues_mn_EUR,171.7623756174661
2085,2028-ex-seven,CZ,W,onshore,wholesale_revenues_mn_EUR,67.3143388807732
2086,2028-ex-seven,CZ,W,waste,wholesale_revenues_mn_EUR,67.43503221302393
2087,2028-ex-seven,CZ,W,gas_ccgt,wholesale_revenues_mn_EUR,251.5697199553572
2088,2028-ex-seven,CZ,W,gas_chp,wholesale_revenues_mn_EUR,224.9620822620017
2089,2028-ex-seven,CZ,W,biogas,wholesale_revenues_mn_EUR,60.452998945419615
2090,2028-ex-seven,CZ,W,lig_sc,wholesale_revenues_mn_EUR,52.03134785748301
2091,2028-ex-seven,CZ,W,bio,wholesale_revenues_mn_EUR,0.0
2092,2028-ex-seven,CZ,W,gas_eng_chp,wholesale_revenues_mn_EUR,91.08907286740887
2093,2028-ex-seven,CZ,W,lig,wholesale_revenues_mn_EUR,42.730068425411964
2094,2028-ex-seven,CZ,W,lig_ex,wholesale_revenues_mn_EUR,162.26300464782935
2095,2028-ex-seven,CZ,W,coal,wholesale_revenues_mn_EUR,0.0
2096,2028-ex-seven,CZ,W,coal_ex,wholesale_revenues_mn_EUR,15.403547195959025
2097,2028-ex-seven,CZ,W,gas_peak,wholesale_revenues_mn_EUR,3.698191340649698
2098,2028-ex-seven,CZ,W,lig_old,wholesale_revenues_mn_EUR,0.0
2099,2028-ex-seven,CZ,W,b_CHP,wholesale_revenues_mn_EUR,0.1031426020082039
2100,2028-ex-seven,CZ,W,lig_bp,wholesale_revenues_mn_EUR,129.45865287794322
2101,2028-ex-seven,CZ,W,coal_bp,wholesale_revenues_mn_EUR,0.0
2102,2028-ex-seven,CZ,W,dsr,wholesale_revenues_mn_EUR,0.0
2103,2028-ex-seven,CZ,W,h_ror,wholesale_revenues_mn_EUR,53.52984201625398
2104,2028-ex-seven,CZ,W,h_dams,wholesale_revenues_mn_EUR,34.85318878496768
2105,2028-ex-seven,CZ,W,li,wholesale_revenues_mn_EUR,5.81411388775403
2106,2028-ex-seven,CZ,W,pump_open,wholesale_revenues_mn_EUR,16.154537124348757
2107,2028-ex-seven,CZ,W,pump,wholesale_revenues_mn_EUR,18.0620926570282
2108,2028-ex-seven,CZ,W,IMPORT_EXPORT,wholesale_revenues_mn_EUR,22.98823892402849
2109,2028-ex-seven,CZ,Y,TOTAL,avg_consumer_price_EUR_per_MWh,90.29901374824594
2110,2028-ex-seven,CZ,S,TOTAL,avg_consumer_price_EUR_per_MWh,82.04447634259522
2111,2028-ex-seven,CZ,W,TOTAL,avg_consumer_price_EUR_per_MWh,97.3492933714722
2112,2028-ex-seven,CZ,Y,TOTAL,avg_producer_price_EUR_per_MWh,89.08688363269695
2113,2028-ex-seven,CZ,S,TOTAL,avg_producer_price_EUR_per_MWh,80.01100993048681
2114,2028-ex-seven,CZ,W,TOTAL,avg_producer_price_EUR_per_MWh,97.16157255468504
2115,2028-ex-seven,CZ,Y,nuclear,capacity_factor,0.7964817503918005
2116,2028-ex-seven,CZ,Y,solar,capacity_factor,0.1208793322388797
2117,2028-ex-seven,CZ,Y,onshore,capacity_factor,0.2611457461530848
2118,2028-ex-seven,CZ,Y,waste,capacity_factor,0.6666666666665804
2119,2028-ex-seven,CZ,Y,gas_ccgt,capacity_factor,0.8465324161540391
2120,2028-ex-seven,CZ,Y,gas_chp,capacity_factor,0.5333333333333209
2121,2028-ex-seven,CZ,Y,biogas,capacity_factor,0.3066898248256197
2122,2028-ex-seven,CZ,Y,lig_sc,capacity_factor,0.1218697312425638
2123,2028-ex-seven,CZ,Y,gas_eng_chp,capacity_factor,0.5333333333333723
2124,2028-ex-seven,CZ,Y,lig,capacity_factor,0.0433471054606896
2125,2028-ex-seven,CZ,Y,lig_ex,capacity_factor,0.5333333333333407
2126,2028-ex-seven,CZ,Y,coal_ex,capacity_factor,0.4502691193588424
2127,2028-ex-seven,CZ,Y,gas_peak,capacity_factor,0.0349045375921676
2128,2028-ex-seven,CZ,Y,b_CHP,capacity_factor,0.0011664778475468
2129,2028-ex-seven,CZ,Y,lig_bp,capacity_factor,0.5333333333333247
2130,2028-ex-seven,CZ,Y,h_ror,capacity_factor,0.2958839556960283
2131,2028-ex-seven,CZ,Y,h_dams,capacity_factor,0.124451288939446
2132,2028-ex-seven,CZ,Y,li,capacity_factor,0.1020765754782071
2133,2028-ex-seven,CZ,Y,pump_open,capacity_factor,0.1028496220594633
2134,2028-ex-seven,CZ,Y,pump,capacity_factor,0.0919653668752014
2135,2028-ex-seven,CZ,Y,TOTAL,capacity_factor,0.3283995772343123
2136,2028-ex-seven,CZ,S,nuclear,capacity_factor,0.7758452989642761
2137,2028-ex-seven,CZ,S,solar,capacity_factor,0.1707422905508735
2138,2028-ex-seven,CZ,S,onshore,capacity_factor,0.1861376723327739
2139,2028-ex-seven,CZ,S,waste,capacity_factor,0.5640548281163701
2140,2028-ex-seven,CZ,S,gas_ccgt,capacity_factor,0.749567791935357
2141,2028-ex-seven,CZ,S,gas_chp,capacity_factor,0.3302902130807278
2142,2028-ex-seven,CZ,S,biogas,capacity_factor,0.16574354834015
2143,2028-ex-seven,CZ,S,lig_sc,capacity_factor,0.0
2144,2028-ex-seven,CZ,S,gas_eng_chp,capacity_factor,0.4815944656851262
2145,2028-ex-seven,CZ,S,lig,capacity_factor,0.0
2146,2028-ex-seven,CZ,S,lig_ex,capacity_factor,0.4374796974906725
2147,2028-ex-seven,CZ,S,coal_ex,capacity_factor,0.1867522731855926
2148,2028-ex-seven,CZ,S,gas_peak,capacity_factor,0.0
2149,2028-ex-seven,CZ,S,b_CHP,capacity_factor,-8.224846001045256e-19
2150,2028-ex-seven,CZ,S,lig_bp,capacity_factor,0.23230524287332
2151,2028-ex-seven,CZ,S,h_ror,capacity_factor,0.2875361514946277
2152,2028-ex-seven,CZ,S,h_dams,capacity_factor,0.1286286873997938
2153,2028-ex-seven,CZ,S,li,capacity_factor,0.0836733502025723
2154,2028-ex-seven,CZ,S,pump_open,capacity_factor,0.1384382084145446
2155,2028-ex-seven,CZ,S,pump,capacity_factor,0.1314253753112126
2156,2028-ex-seven,CZ,S,TOTAL,capacity_factor,1.3172070955002635
2157,2028-ex-seven,CZ,W,nuclear,capacity_factor,0.8170054343251856
2158,2028-ex-seven,CZ,W,solar,capacity_factor,0.0712888491089187
2159,2028-ex-seven,CZ,W,onshore,capacity_factor,0.3357439397885852
2160,2028-ex-seven,CZ,W,waste,capacity_factor,0.7687177847875543
2161,2028-ex-seven,CZ,W,gas_ccgt,capacity_factor,0.942967179038193
2162,2028-ex-seven,CZ,W,gas_chp,capacity_factor,0.7352669283386318
2163,2028-ex-seven,CZ,W,biogas,capacity_factor,0.4468659030789284
2164,2028-ex-seven,CZ,W,lig_sc,capacity_factor,0.2430735076695945
2165,2028-ex-seven,CZ,W,gas_eng_chp,capacity_factor,0.5847894749288958
2166,2028-ex-seven,CZ,W,lig,capacity_factor,0.0864573414926323
2167,2028-ex-seven,CZ,W,lig_ex,capacity_factor,0.6286631788162129
2168,2028-ex-seven,CZ,W,coal_ex,capacity_factor,0.712345982766118
2169,2028-ex-seven,CZ,W,gas_peak,capacity_factor,0.0696183400062359
2170,2028-ex-seven,CZ,W,b_CHP,capacity_factor,0.0023265814992055
2171,2028-ex-seven,CZ,W,lig_bp,capacity_factor,0.8327164615503782
2172,2028-ex-seven,CZ,W,h_ror,capacity_factor,0.3041861434810279
2173,2028-ex-seven,CZ,W,h_dams,capacity_factor,0.1202967177930892
2174,2028-ex-seven,CZ,W,li,capacity_factor,0.1203792366812974
2175,2028-ex-seven,CZ,W,pump_open,capacity_factor,0.0674555088538632
2176,2028-ex-seven,CZ,W,pump,capacity_factor,0.0527209869005891
2177,2028-ex-seven,CZ,W,TOTAL,capacity_factor,1.310009242519388
2178,2028-ex-seven,CZ,Y,li,capacity_factor_charging,0.0092999213283559
2179,2028-ex-seven,CZ,Y,pump_open,capacity_factor_charging,0.1407551979145333
2180,2028-ex-seven,CZ,Y,pump,capacity_factor_charging,0.1304227717984157
2181,2028-ex-seven,CZ,S,li,capacity_factor_charging,0.0079727449643309
2182,2028-ex-seven,CZ,S,pump_open,capacity_factor_charging,0.1953906086386863
2183,2028-ex-seven,CZ,S,pump,capacity_factor_charging,0.185645539561053
2184,2028-ex-seven,CZ,W,li,capacity_factor_charging,0.0106198453625228
2185,2028-ex-seven,CZ,W,pump_open,capacity_factor_charging,0.0864183413473429
2186,2028-ex-seven,CZ,W,pump,capacity_factor_charging,0.0755017677940441
2187,2028-ex-seven,CZ,Y,nuclear,emissions_MtCO2,0.0
2188,2028-ex-seven,CZ,Y,solar,emissions_MtCO2,0.0
2189,2028-ex-seven,CZ,Y,onshore,emissions_MtCO2,0.0
2190,2028-ex-seven,CZ,Y,waste,emissions_MtCO2,0.0
2191,2028-ex-seven,CZ,Y,gas_ccgt,emissions_MtCO2,1.7986595928343008
2192,2028-ex-seven,CZ,Y,gas_chp,emissions_MtCO2,1.403001599999967
2193,2028-ex-seven,CZ,Y,biogas,emissions_MtCO2,0.0
2194,2028-ex-seven,CZ,Y,lig_sc,emissions_MtCO2,0.4325928792375114
2195,2028-ex-seven,CZ,Y,bio,emissions_MtCO2,0.0
2196,2028-ex-seven,CZ,Y,gas_eng_chp,emissions_MtCO2,0.7567472000000551
2197,2028-ex-seven,CZ,Y,lig,emissions_MtCO2,0.3684049686493389
2198,2028-ex-seven,CZ,Y,lig_ex,emissions_MtCO2,6.478475520000089
2199,2028-ex-seven,CZ,Y,coal,emissions_MtCO2,0.0
2200,2028-ex-seven,CZ,Y,coal_ex,emissions_MtCO2,0.3832126315431662
2201,2028-ex-seven,CZ,Y,gas_peak,emissions_MtCO2,0.0161872093292704
2202,2028-ex-seven,CZ,Y,lig_old,emissions_MtCO2,0.0
2203,2028-ex-seven,CZ,Y,b_CHP,emissions_MtCO2,0.0
2204,2028-ex-seven,CZ,Y,lig_bp,emissions_MtCO2,3.3487027199999453
2205,2028-ex-seven,CZ,Y,coal_bp,emissions_MtCO2,0.0
2206,2028-ex-seven,CZ,Y,dsr,emissions_MtCO2,0.0
2207,2028-ex-seven,CZ,Y,eens,emissions_MtCO2,0.0
2208,2028-ex-seven,CZ,Y,h_ror,emissions_MtCO2,0.0
2209,2028-ex-seven,CZ,Y,h_dams,emissions_MtCO2,0.0
2210,2028-ex-seven,CZ,Y,li,emissions_MtCO2,0.0
2211,2028-ex-seven,CZ,Y,pump_open,emissions_MtCO2,0.0
2212,2028-ex-seven,CZ,Y,pump,emissions_MtCO2,0.0
2213,2028-ex-seven,CZ,Y,TOTAL,emissions_MtCO2,14.985984321593644
2214,2028-ex-seven,CZ,S,nuclear,emissions_MtCO2,0.0
2215,2028-ex-seven,CZ,S,solar,emissions_MtCO2,0.0
2216,2028-ex-seven,CZ,S,onshore,emissions_MtCO2,0.0
2217,2028-ex-seven,CZ,S,waste,emissions_MtCO2,0.0
2218,2028-ex-seven,CZ,S,gas_ccgt,emissions_MtCO2,0.7941358935353662
2219,2028-ex-seven,CZ,S,gas_chp,emissions_MtCO2,0.4332451075162067
2220,2028-ex-seven,CZ,S,biogas,emissions_MtCO2,0.0
2221,2028-ex-seven,CZ,S,lig_sc,emissions_MtCO2,0.0
2222,2028-ex-seven,CZ,S,bio,emissions_MtCO2,0.0
2223,2028-ex-seven,CZ,S,gas_eng_chp,emissions_MtCO2,0.3407313593145934
2224,2028-ex-seven,CZ,S,lig,emissions_MtCO2,0.0
2225,2028-ex-seven,CZ,S,lig_ex,emissions_MtCO2,2.649784289104313
2226,2028-ex-seven,CZ,S,coal,emissions_MtCO2,0.0
2227,2028-ex-seven,CZ,S,coal_ex,emissions_MtCO2,0.0792523362344659
2228,2028-ex-seven,CZ,S,gas_peak,emissions_MtCO2,0.0
2229,2028-ex-seven,CZ,S,lig_old,emissions_MtCO2,0.0
2230,2028-ex-seven,CZ,S,b_CHP,emissions_MtCO2,-0.0
2231,2028-ex-seven,CZ,S,lig_bp,emissions_MtCO2,0.7273030384920558
2232,2028-ex-seven,CZ,S,coal_bp,emissions_MtCO2,0.0
2233,2028-ex-seven,CZ,S,dsr,emissions_MtCO2,0.0
2234,2028-ex-seven,CZ,S,eens,emissions_MtCO2,0.0
2235,2028-ex-seven,CZ,S,h_ror,emissions_MtCO2,0.0
2236,2028-ex-seven,CZ,S,h_dams,emissions_MtCO2,0.0
2237,2028-ex-seven,CZ,S,li,emissions_MtCO2,0.0
2238,2028-ex-seven,CZ,S,pump_open,emissions_MtCO2,0.0
2239,2028-ex-seven,CZ,S,pump,emissions_MtCO2,0.0
2240,2028-ex-seven,CZ,S,TOTAL,emissions_MtCO2,29.97196864318729
2241,2028-ex-seven,CZ,W,nuclear,emissions_MtCO2,0.0
2242,2028-ex-seven,CZ,W,solar,emissions_MtCO2,0.0
2243,2028-ex-seven,CZ,W,onshore,emissions_MtCO2,0.0
2244,2028-ex-seven,CZ,W,waste,emissions_MtCO2,0.0
2245,2028-ex-seven,CZ,W,gas_ccgt,emissions_MtCO2,1.0045236992989346
2246,2028-ex-seven,CZ,W,gas_chp,emissions_MtCO2,0.9697564924837604
2247,2028-ex-seven,CZ,W,biogas,emissions_MtCO2,0.0
2248,2028-ex-seven,CZ,W,lig_sc,emissions_MtCO2,0.4325928792375114
2249,2028-ex-seven,CZ,W,bio,emissions_MtCO2,0.0
2250,2028-ex-seven,CZ,W,gas_eng_chp,emissions_MtCO2,0.4160158406854619
2251,2028-ex-seven,CZ,W,lig,emissions_MtCO2,0.3684049686493389
2252,2028-ex-seven,CZ,W,lig_ex,emissions_MtCO2,3.828691230895777
2253,2028-ex-seven,CZ,W,coal,emissions_MtCO2,0.0
2254,2028-ex-seven,CZ,W,coal_ex,emissions_MtCO2,0.3039602953087003
2255,2028-ex-seven,CZ,W,gas_peak,emissions_MtCO2,0.0161872093292704
2256,2028-ex-seven,CZ,W,lig_old,emissions_MtCO2,0.0
2257,2028-ex-seven,CZ,W,b_CHP,emissions_MtCO2,0.0
2258,2028-ex-seven,CZ,W,lig_bp,emissions_MtCO2,2.621399681507889
2259,2028-ex-seven,CZ,W,coal_bp,emissions_MtCO2,0.0
2260,2028-ex-seven,CZ,W,dsr,emissions_MtCO2,0.0
2261,2028-ex-seven,CZ,W,eens,emissions_MtCO2,0.0
2262,2028-ex-seven,CZ,W,h_ror,emissions_MtCO2,0.0
2263,2028-ex-seven,CZ,W,h_dams,emissions_MtCO2,0.0
2264,2028-ex-seven,CZ,W,li,emissions_MtCO2,0.0
2265,2028-ex-seven,CZ,W,pump_open,emissions_MtCO2,0.0
2266,2028-ex-seven,CZ,W,pump,emissions_MtCO2,0.0
2267,2028-ex-seven,CZ,W,TOTAL,emissions_MtCO2,29.97196864318729
2268,2028-ex-seven,CZ,Y,nuclear,power_share_high_value,0.978648209235034
2269,2028-ex-seven,CZ,Y,solar,power_share_high_value,0.8937878642512295
2270,2028-ex-seven,CZ,Y,onshore,power_share_high_value,0.9839118156473646
2271,2028-ex-seven,CZ,S,nuclear,power_share_high_value,0.9603398419245944
2272,2028-ex-seven,CZ,S,solar,power_share_high_value,0.8644864718333534
2273,2028-ex-seven,CZ,S,onshore,power_share_high_value,0.9634090958151562
2274,2028-ex-seven,CZ,W,nuclear,power_share_high_value,0.9959392089176816
2275,2028-ex-seven,CZ,W,solar,power_share_high_value,0.9635834661434338
2276,2028-ex-seven,CZ,W,onshore,power_share_high_value,0.9952164851943364
2277,2028-ex-seven,CZ,Y,nuclear,power_share_low_value,0.0211137313465819
2278,2028-ex-seven,CZ,Y,solar,power_share_low_value,0.1051977841188965
2279,2028-ex-seven,CZ,Y,onshore,power_share_low_value,0.0158261103118881
2280,2028-ex-seven,CZ,S,nuclear,power_share_low_value,0.0391700323014904
2281,2028-ex-seven,CZ,S,solar,power_share_low_value,0.1340733343010034
2282,2028-ex-seven,CZ,S,onshore,power_share_low_value,0.0358535194231236
2283,2028-ex-seven,CZ,W,nuclear,power_share_low_value,0.0040607910823182
2284,2028-ex-seven,CZ,W,solar,power_share_low_value,0.036416533856566
2285,2028-ex-seven,CZ,W,onshore,power_share_low_value,0.0047835148056638
2286,2028-ex-seven,CZ,Y,nuclear,power_share_zero_value,0.0002380594183842
2287,2028-ex-seven,CZ,Y,solar,power_share_zero_value,0.0010143516298736
2288,2028-ex-seven,CZ,Y,onshore,power_share_zero_value,0.0002620740407471
2289,2028-ex-seven,CZ,S,nuclear,power_share_zero_value,0.0004901257739149
2290,2028-ex-seven,CZ,S,solar,power_share_zero_value,0.001440193865643
2291,2028-ex-seven,CZ,S,onshore,power_share_zero_value,0.0007373847617202
2292,2028-ex-seven,CZ,W,nuclear,power_share_zero_value,0.0
2293,2028-ex-seven,CZ,W,solar,power_share_zero_value,0.0
2294,2028-ex-seven,CZ,W,onshore,power_share_zero_value,0.0
2295,2028-ex-seven-suas,CZ,Y,nuclear,capacity_GW,4.099
2296,2028-ex-seven-suas,CZ,Y,solar,capacity_GW,7.0
2297,2028-ex-seven-suas,CZ,Y,onshore,capacity_GW,0.5
2298,2028-ex-seven-suas,CZ,Y,waste,capacity_GW,0.19575
2299,2028-ex-seven-suas,CZ,Y,gas_ccgt,capacity_GW,0.6174
2300,2028-ex-seven-suas,CZ,Y,gas_chp,capacity_GW,0.7644
2301,2028-ex-seven-suas,CZ,Y,biogas,capacity_GW,0.279
2302,2028-ex-seven-suas,CZ,Y,lig_sc,capacity_GW,0.4356
2303,2028-ex-seven-suas,CZ,Y,bio,capacity_GW,0.0
2304,2028-ex-seven-suas,CZ,Y,gas_eng_chp,capacity_GW,0.3313124999999999
2305,2028-ex-seven-suas,CZ,Y,lig,capacity_GW,0.8632799999999999
2306,2028-ex-seven-suas,CZ,Y,lig_ex,capacity_GW,1.15368
2307,2028-ex-seven-suas,CZ,Y,coal,capacity_GW,0.0
2308,2028-ex-seven-suas,CZ,Y,coal_ex,capacity_GW,0.11484
2309,2028-ex-seven-suas,CZ,Y,gas_peak,capacity_GW,0.096255
2310,2028-ex-seven-suas,CZ,Y,lig_old,capacity_GW,0.0
2311,2028-ex-seven-suas,CZ,Y,b_CHP,capacity_GW,0.20925
2312,2028-ex-seven-suas,CZ,Y,lig_bp,capacity_GW,0.3497999999999999
2313,2028-ex-seven-suas,CZ,Y,coal_bp,capacity_GW,0.0
2314,2028-ex-seven-suas,CZ,Y,dsr,capacity_GW,0.0
2315,2028-ex-seven-suas,CZ,Y,h_ror,capacity_GW,0.415
2316,2028-ex-seven-suas,CZ,Y,h_dams,capacity_GW,0.609
2317,2028-ex-seven-suas,CZ,Y,li,capacity_GW,0.1
2318,2028-ex-seven-suas,CZ,Y,pump_open,capacity_GW,0.47
2319,2028-ex-seven-suas,CZ,Y,pump,capacity_GW,0.678
2320,2028-ex-seven-suas,CZ,Y,TOTAL,capacity_GW,19.2815675
2321,2028-ex-seven-suas,CZ,Y,h_ror,capacity_charging_GW,0.0
2322,2028-ex-seven-suas,CZ,Y,h_dams,capacity_charging_GW,0.0
2323,2028-ex-seven-suas,CZ,Y,li,capacity_charging_GW,1.25599
2324,2028-ex-seven-suas,CZ,Y,pump_open,capacity_charging_GW,0.44
2325,2028-ex-seven-suas,CZ,Y,pump,capacity_charging_GW,0.664
2326,2028-ex-seven-suas,CZ,Y,nuclear,capacity_paid_off_GW,0.0
2327,2028-ex-seven-suas,CZ,Y,solar,capacity_paid_off_GW,0.0
2328,2028-ex-seven-suas,CZ,Y,onshore,capacity_paid_off_GW,0.0
2329,2028-ex-seven-suas,CZ,Y,waste,capacity_paid_off_GW,0.0
2330,2028-ex-seven-suas,CZ,Y,gas_ccgt,capacity_paid_off_GW,0.0
2331,2028-ex-seven-suas,CZ,Y,gas_chp,capacity_paid_off_GW,0.0
2332,2028-ex-seven-suas,CZ,Y,biogas,capacity_paid_off_GW,0.0
2333,2028-ex-seven-suas,CZ,Y,lig_sc,capacity_paid_off_GW,0.0
2334,2028-ex-seven-suas,CZ,Y,bio,capacity_paid_off_GW,0.0
2335,2028-ex-seven-suas,CZ,Y,gas_eng_chp,capacity_paid_off_GW,0.0
2336,2028-ex-seven-suas,CZ,Y,lig,capacity_paid_off_GW,0.0
2337,2028-ex-seven-suas,CZ,Y,lig_ex,capacity_paid_off_GW,0.0
2338,2028-ex-seven-suas,CZ,Y,coal,capacity_paid_off_GW,0.0
2339,2028-ex-seven-suas,CZ,Y,coal_ex,capacity_paid_off_GW,0.0
2340,2028-ex-seven-suas,CZ,Y,gas_peak,capacity_paid_off_GW,0.0
2341,2028-ex-seven-suas,CZ,Y,lig_old,capacity_paid_off_GW,0.0
2342,2028-ex-seven-suas,CZ,Y,b_CHP,capacity_paid_off_GW,0.0
2343,2028-ex-seven-suas,CZ,Y,lig_bp,capacity_paid_off_GW,0.0
2344,2028-ex-seven-suas,CZ,Y,coal_bp,capacity_paid_off_GW,0.0
2345,2028-ex-seven-suas,CZ,Y,dsr,capacity_paid_off_GW,0.0
2346,2028-ex-seven-suas,CZ,Y,h_ror,capacity_paid_off_GW,0.0
2347,2028-ex-seven-suas,CZ,Y,h_dams,capacity_paid_off_GW,0.0
2348,2028-ex-seven-suas,CZ,Y,li,capacity_paid_off_GW,0.0
2349,2028-ex-seven-suas,CZ,Y,pump_open,capacity_paid_off_GW,0.0
2350,2028-ex-seven-suas,CZ,Y,pump,capacity_paid_off_GW,0.0
2351,2028-ex-seven-suas,CZ,Y,h_ror,capacity_charging_paid_off_GW,0.0
2352,2028-ex-seven-suas,CZ,Y,h_dams,capacity_charging_paid_off_GW,0.0
2353,2028-ex-seven-suas,CZ,Y,li,capacity_charging_paid_off_GW,0.0
2354,2028-ex-seven-suas,CZ,Y,pump_open,capacity_charging_paid_off_GW,0.0
2355,2028-ex-seven-suas,CZ,Y,pump,capacity_charging_paid_off_GW,0.0
2356,2028-ex-seven-suas,CZ,Y,TOTAL,load_TWh,66.534165713
2357,2028-ex-seven-suas,CZ,S,TOTAL,load_TWh,30.649466236
2358,2028-ex-seven-suas,CZ,W,TOTAL,load_TWh,35.884699477
2359,2028-ex-seven-suas,CZ,Y,TOTAL,import_TWh,16.004732343766804
2360,2028-ex-seven-suas,CZ,S,TOTAL,import_TWh,7.189886061510487
2361,2028-ex-seven-suas,CZ,W,TOTAL,import_TWh,8.814846282256315
2362,2028-ex-seven-suas,CZ,Y,TOTAL,export_TWh,3.344926531427441
2363,2028-ex-seven-suas,CZ,S,TOTAL,export_TWh,1.9818154261313867
2364,2028-ex-seven-suas,CZ,W,TOTAL,export_TWh,1.3631111052960545
2365,2028-ex-seven-suas,CZ,Y,TOTAL,net_import_TWh,12.659805812339362
2366,2028-ex-seven-suas,CZ,S,TOTAL,net_import_TWh,5.2080706353791
2367,2028-ex-seven-suas,CZ,W,TOTAL,net_import_TWh,7.451735176960261
2368,2028-ex-seven-suas,CZ,Y,TOTAL,curtailment_TWh,0.00015256746662
2369,2028-ex-seven-suas,CZ,S,TOTAL,curtailment_TWh,0.0001525674666183
2370,2028-ex-seven-suas,CZ,W,TOTAL,curtailment_TWh,1.7671482055447996e-15
2371,2028-ex-seven-suas,CZ,Y,nuclear,production_TWh,28.59946136693848
2372,2028-ex-seven-suas,CZ,Y,solar,production_TWh,7.412320652888106
2373,2028-ex-seven-suas,CZ,Y,onshore,production_TWh,1.1438183681505116
2374,2028-ex-seven-suas,CZ,Y,waste,production_TWh,1.1431799999998549
2375,2028-ex-seven-suas,CZ,Y,gas_ccgt,production_TWh,4.576925888629979
2376,2028-ex-seven-suas,CZ,Y,gas_chp,production_TWh,2.333438008906375
2377,2028-ex-seven-suas,CZ,Y,biogas,production_TWh,0.8077707915731404
2378,2028-ex-seven-suas,CZ,Y,lig_sc,production_TWh,0.491359375737997
2379,2028-ex-seven-suas,CZ,Y,bio,production_TWh,0.0
2380,2028-ex-seven-suas,CZ,Y,gas_eng_chp,production_TWh,1.547892000000099
2381,2028-ex-seven-suas,CZ,Y,lig,production_TWh,0.3752645818268175
2382,2028-ex-seven-suas,CZ,Y,lig_ex,production_TWh,2.16002406036334
2383,2028-ex-seven-suas,CZ,Y,coal,production_TWh,0.0
2384,2028-ex-seven-suas,CZ,Y,coal_ex,production_TWh,0.2158381933464742
2385,2028-ex-seven-suas,CZ,Y,gas_peak,production_TWh,0.0336568854489937
2386,2028-ex-seven-suas,CZ,Y,lig_old,production_TWh,0.0
2387,2028-ex-seven-suas,CZ,Y,b_CHP,production_TWh,0.0052307769333333
2388,2028-ex-seven-suas,CZ,Y,lig_bp,production_TWh,1.6342656000000602
2389,2028-ex-seven-suas,CZ,Y,coal_bp,production_TWh,0.0
2390,2028-ex-seven-suas,CZ,Y,dsr,production_TWh,0.0
2391,2028-ex-seven-suas,CZ,Y,eens,production_TWh,-2.1316282072803006e-20
2392,2028-ex-seven-suas,CZ,Y,h_ror,production_TWh,1.0756565325373413
2393,2028-ex-seven-suas,CZ,Y,h_dams,production_TWh,0.6639277142857143
2394,2028-ex-seven-suas,CZ,Y,li,production_TWh,0.0916691664276272
2395,2028-ex-seven-suas,CZ,Y,pump_open,production_TWh,0.4261681223862279
2396,2028-ex-seven-suas,CZ,Y,pump,production_TWh,0.5457644676291817
2397,2028-ex-seven-suas,CZ,Y,TOTAL,production_TWh,55.28363255400966
2398,2028-ex-seven-suas,CZ,S,nuclear,production_TWh,13.891069397825554
2399,2028-ex-seven-suas,CZ,S,solar,production_TWh,5.220616275883509
2400,2028-ex-seven-suas,CZ,S,onshore,production_TWh,0.4065246763747783
2401,2028-ex-seven-suas,CZ,S,waste,production_TWh,0.4824096611156095
2402,2028-ex-seven-suas,CZ,S,gas_ccgt,production_TWh,2.022430800790179
2403,2028-ex-seven-suas,CZ,S,gas_chp,production_TWh,0.5600669759574598
2404,2028-ex-seven-suas,CZ,S,biogas,production_TWh,0.2185228991828304
2405,2028-ex-seven-suas,CZ,S,lig_sc,production_TWh,0.0
2406,2028-ex-seven-suas,CZ,S,bio,production_TWh,0.0
2407,2028-ex-seven-suas,CZ,S,gas_eng_chp,production_TWh,0.6181048309566551
2408,2028-ex-seven-suas,CZ,S,lig,production_TWh,0.0
2409,2028-ex-seven-suas,CZ,S,lig_ex,production_TWh,0.9949941933271308
2410,2028-ex-seven-suas,CZ,S,coal,production_TWh,0.0
2411,2028-ex-seven-suas,CZ,S,coal_ex,production_TWh,0.0656086337979353
2412,2028-ex-seven-suas,CZ,S,gas_peak,production_TWh,0.0
2413,2028-ex-seven-suas,CZ,S,lig_old,production_TWh,0.0
2414,2028-ex-seven-suas,CZ,S,b_CHP,production_TWh,-2.1632078837172662e-19
2415,2028-ex-seven-suas,CZ,S,lig_bp,production_TWh,0.3470574657421678
2416,2028-ex-seven-suas,CZ,S,coal_bp,production_TWh,0.0
2417,2028-ex-seven-suas,CZ,S,dsr,production_TWh,0.0
2418,2028-ex-seven-suas,CZ,S,eens,production_TWh,-2.1316282072803006e-20
2419,2028-ex-seven-suas,CZ,S,h_ror,production_TWh,0.5212225325373415
2420,2028-ex-seven-suas,CZ,S,h_dams,production_TWh,0.3421501276802863
2421,2028-ex-seven-suas,CZ,S,li,production_TWh,0.0376039085803164
2422,2028-ex-seven-suas,CZ,S,pump_open,production_TWh,0.286394532891628
2423,2028-ex-seven-suas,CZ,S,pump,production_TWh,0.3905597334229388
2424,2028-ex-seven-suas,CZ,S,TOTAL,production_TWh,110.56726510801931
2425,2028-ex-seven-suas,CZ,W,nuclear,production_TWh,14.708391969112927
2426,2028-ex-seven-suas,CZ,W,solar,production_TWh,2.1917043770045965
2427,2028-ex-seven-suas,CZ,W,onshore,production_TWh,0.7372936917757331
2428,2028-ex-seven-suas,CZ,W,waste,production_TWh,0.6607703388842454
2429,2028-ex-seven-suas,CZ,W,gas_ccgt,production_TWh,2.5544950878398
2430,2028-ex-seven-suas,CZ,W,gas_chp,production_TWh,1.7733710329489152
2431,2028-ex-seven-suas,CZ,W,biogas,production_TWh,0.5892478923903098
2432,2028-ex-seven-suas,CZ,W,lig_sc,production_TWh,0.491359375737997
2433,2028-ex-seven-suas,CZ,W,bio,production_TWh,0.0
2434,2028-ex-seven-suas,CZ,W,gas_eng_chp,production_TWh,0.9297871690434444
2435,2028-ex-seven-suas,CZ,W,lig,production_TWh,0.3752645818268175
2436,2028-ex-seven-suas,CZ,W,lig_ex,production_TWh,1.1650298670362094
2437,2028-ex-seven-suas,CZ,W,coal,production_TWh,0.0
2438,2028-ex-seven-suas,CZ,W,coal_ex,production_TWh,0.150229559548539
2439,2028-ex-seven-suas,CZ,W,gas_peak,production_TWh,0.0336568854489937
2440,2028-ex-seven-suas,CZ,W,lig_old,production_TWh,0.0
2441,2028-ex-seven-suas,CZ,W,b_CHP,production_TWh,0.0052307769333333
2442,2028-ex-seven-suas,CZ,W,lig_bp,production_TWh,1.2872081342578925
2443,2028-ex-seven-suas,CZ,W,coal_bp,production_TWh,0.0
2444,2028-ex-seven-suas,CZ,W,dsr,production_TWh,0.0
2445,2028-ex-seven-suas,CZ,W,eens,production_TWh,0.0
2446,2028-ex-seven-suas,CZ,W,h_ror,production_TWh,0.554434
2447,2028-ex-seven-suas,CZ,W,h_dams,production_TWh,0.321777586605428
2448,2028-ex-seven-suas,CZ,W,li,production_TWh,0.0540652578473107
2449,2028-ex-seven-suas,CZ,W,pump_open,production_TWh,0.1397735894945999
2450,2028-ex-seven-suas,CZ,W,pump,production_TWh,0.1552047342062427
2451,2028-ex-seven-suas,CZ,W,TOTAL,production_TWh,110.56726510801931
2452,2028-ex-seven-suas,CZ,Y,gas_chp,production_el_eq_TWh,3.571276799999899
2453,2028-ex-seven-suas,CZ,Y,gas_eng_chp,production_el_eq_TWh,1.547892000000099
2454,2028-ex-seven-suas,CZ,Y,lig_ex,production_el_eq_TWh,5.389992960000019
2455,2028-ex-seven-suas,CZ,Y,coal_ex,production_el_eq_TWh,0.5365324800000347
2456,2028-ex-seven-suas,CZ,Y,b_CHP,production_el_eq_TWh,0.0130769423333333
2457,2028-ex-seven-suas,CZ,Y,lig_bp,production_el_eq_TWh,1.6342656000000602
2458,2028-ex-seven-suas,CZ,Y,coal_bp,production_el_eq_TWh,0.0
2459,2028-ex-seven-suas,CZ,Y,eens,production_el_eq_TWh,0.0
2460,2028-ex-seven-suas,CZ,S,gas_chp,production_el_eq_TWh,0.9162643870804836
2461,2028-ex-seven-suas,CZ,S,gas_eng_chp,production_el_eq_TWh,0.6181048309566551
2462,2028-ex-seven-suas,CZ,S,lig_ex,production_el_eq_TWh,2.4870225891034248
2463,2028-ex-seven-suas,CZ,S,coal_ex,production_el_eq_TWh,0.1639566485826389
2464,2028-ex-seven-suas,CZ,S,b_CHP,production_el_eq_TWh,-5.408019709293165e-19
2465,2028-ex-seven-suas,CZ,S,lig_bp,production_el_eq_TWh,0.3470574657421678
2466,2028-ex-seven-suas,CZ,S,coal_bp,production_el_eq_TWh,0.0
2467,2028-ex-seven-suas,CZ,S,eens,production_el_eq_TWh,0.0
2468,2028-ex-seven-suas,CZ,W,gas_chp,production_el_eq_TWh,2.6550124129194157
2469,2028-ex-seven-suas,CZ,W,gas_eng_chp,production_el_eq_TWh,0.9297871690434444
2470,2028-ex-seven-suas,CZ,W,lig_ex,production_el_eq_TWh,2.9029703708965946
2471,2028-ex-seven-suas,CZ,W,coal_ex,production_el_eq_TWh,0.3725758314173957
2472,2028-ex-seven-suas,CZ,W,b_CHP,production_el_eq_TWh,0.0130769423333333
2473,2028-ex-seven-suas,CZ,W,lig_bp,production_el_eq_TWh,1.2872081342578925
2474,2028-ex-seven-suas,CZ,W,coal_bp,production_el_eq_TWh,0.0
2475,2028-ex-seven-suas,CZ,W,eens,production_el_eq_TWh,0.0
2476,2028-ex-seven-suas,CZ,Y,solar,production_used_TWh,7.412320652888106
2477,2028-ex-seven-suas,CZ,Y,onshore,production_used_TWh,1.1438183681505116
2478,2028-ex-seven-suas,CZ,S,solar,production_used_TWh,5.220616275883509
2479,2028-ex-seven-suas,CZ,S,onshore,production_used_TWh,0.4065246763747783
2480,2028-ex-seven-suas,CZ,W,solar,production_used_TWh,2.1917043770045965
2481,2028-ex-seven-suas,CZ,W,onshore,production_used_TWh,0.7372936917757331
2482,2028-ex-seven-suas,CZ,Y,solar,production_excess_TWh,0.0
2483,2028-ex-seven-suas,CZ,Y,onshore,production_excess_TWh,0.0
2484,2028-ex-seven-suas,CZ,S,solar,production_excess_TWh,0.0
2485,2028-ex-seven-suas,CZ,S,onshore,production_excess_TWh,0.0
2486,2028-ex-seven-suas,CZ,W,solar,production_excess_TWh,0.0
2487,2028-ex-seven-suas,CZ,W,onshore,production_excess_TWh,0.0
2488,2028-ex-seven-suas,CZ,Y,h_ror,discharged_TWh,1.0756565325373413
2489,2028-ex-seven-suas,CZ,Y,h_dams,discharged_TWh,0.6639277142857143
2490,2028-ex-seven-suas,CZ,Y,li,discharged_TWh,0.0916691664276272
2491,2028-ex-seven-suas,CZ,Y,pump_open,discharged_TWh,0.4261681223862279
2492,2028-ex-seven-suas,CZ,Y,pump,discharged_TWh,0.5457644676291817
2493,2028-ex-seven-suas,CZ,Y,TOTAL,discharged_TWh,2.8031860032660925
2494,2028-ex-seven-suas,CZ,S,h_ror,discharged_TWh,0.5212225325373415
2495,2028-ex-seven-suas,CZ,S,h_dams,discharged_TWh,0.3421501276802863
2496,2028-ex-seven-suas,CZ,S,li,discharged_TWh,0.0376039085803164
2497,2028-ex-seven-suas,CZ,S,pump_open,discharged_TWh,0.286394532891628
2498,2028-ex-seven-suas,CZ,S,pump,discharged_TWh,0.3905597334229388
2499,2028-ex-seven-suas,CZ,S,TOTAL,discharged_TWh,5.606372006532185
2500,2028-ex-seven-suas,CZ,W,h_ror,discharged_TWh,0.554434
2501,2028-ex-seven-suas,CZ,W,h_dams,discharged_TWh,0.321777586605428
2502,2028-ex-seven-suas,CZ,W,li,discharged_TWh,0.0540652578473107
2503,2028-ex-seven-suas,CZ,W,pump_open,discharged_TWh,0.1397735894945999
2504,2028-ex-seven-suas,CZ,W,pump,discharged_TWh,0.1552047342062427
2505,2028-ex-seven-suas,CZ,W,TOTAL,discharged_TWh,5.606372006532185
2506,2028-ex-seven-suas,CZ,Y,h_ror,charged_TWh,0.0
2507,2028-ex-seven-suas,CZ,Y,h_dams,charged_TWh,0.0
2508,2028-ex-seven-suas,CZ,Y,li,charged_TWh,0.1048152981625797
2509,2028-ex-seven-suas,CZ,Y,pump_open,charged_TWh,0.546298582679285
2510,2028-ex-seven-suas,CZ,Y,pump,charged_TWh,0.7580062050405301
2511,2028-ex-seven-suas,CZ,Y,TOTAL,charged_TWh,1.409120085882395
2512,2028-ex-seven-suas,CZ,S,h_ror,charged_TWh,0.0
2513,2028-ex-seven-suas,CZ,S,h_dams,charged_TWh,0.0
2514,2028-ex-seven-suas,CZ,S,li,charged_TWh,0.044909195284673
2515,2028-ex-seven-suas,CZ,S,pump_open,charged_TWh,0.378634804940305
2516,2028-ex-seven-suas,CZ,S,pump,charged_TWh,0.5402444777538227
2517,2028-ex-seven-suas,CZ,S,TOTAL,charged_TWh,2.8182401717647894
2518,2028-ex-seven-suas,CZ,W,h_ror,charged_TWh,0.0
2519,2028-ex-seven-suas,CZ,W,h_dams,charged_TWh,0.0
2520,2028-ex-seven-suas,CZ,W,li,charged_TWh,0.0599061028779066
2521,2028-ex-seven-suas,CZ,W,pump_open,charged_TWh,0.1676637777389799
2522,2028-ex-seven-suas,CZ,W,pump,charged_TWh,0.2177617272867073
2523,2028-ex-seven-suas,CZ,W,TOTAL,charged_TWh,2.8182401717647894
2524,2028-ex-seven-suas,CZ,Y,h_ror,inflow_TWh,1.077883
2525,2028-ex-seven-suas,CZ,Y,h_dams,inflow_TWh,0.6639277142857143
2526,2028-ex-seven-suas,CZ,Y,pump_open,inflow_TWh,0.0328331428571428
2527,2028-ex-seven-suas,CZ,S,h_ror,inflow_TWh,0.523449
2528,2028-ex-seven-suas,CZ,S,h_dams,inflow_TWh,0.340147
2529,2028-ex-seven-suas,CZ,S,pump_open,inflow_TWh,0.013224
2530,2028-ex-seven-suas,CZ,W,h_ror,inflow_TWh,0.554434
2531,2028-ex-seven-suas,CZ,W,h_dams,inflow_TWh,0.3237807142857143
2532,2028-ex-seven-suas,CZ,W,pump_open,inflow_TWh,0.0196091428571428
2533,2028-ex-seven-suas,CZ,Y,gas_chp,heat_production_PJ,8.912439295873375
2534,2028-ex-seven-suas,CZ,Y,gas_eng_chp,heat_production_PJ,5.5724112000003565
2535,2028-ex-seven-suas,CZ,Y,lig_ex,heat_production_PJ,32.55808650833774
2536,2028-ex-seven-suas,CZ,Y,coal_ex,heat_production_PJ,3.2325984094678883
2537,2028-ex-seven-suas,CZ,Y,b_CHP,heat_production_PJ,0.0847385863199999
2538,2028-ex-seven-suas,CZ,Y,lig_bp,heat_production_PJ,17.650068480000648
2539,2028-ex-seven-suas,CZ,Y,coal_bp,heat_production_PJ,0.0
2540,2028-ex-seven-suas,CZ,Y,eens,heat_production_PJ,7.673861546209082e-20
2541,2028-ex-seven-suas,CZ,S,gas_chp,heat_production_PJ,2.564621360085772
2542,2028-ex-seven-suas,CZ,S,gas_eng_chp,heat_production_PJ,2.2251773914439585
2543,2028-ex-seven-suas,CZ,S,lig_ex,heat_production_PJ,15.039646229425047
2544,2028-ex-seven-suas,CZ,S,coal_ex,heat_production_PJ,0.991347989029812
2545,2028-ex-seven-suas,CZ,S,b_CHP,heat_production_PJ,-3.5043967716219695e-18
2546,2028-ex-seven-suas,CZ,S,lig_bp,heat_production_PJ,3.7482206300154126
2547,2028-ex-seven-suas,CZ,S,coal_bp,heat_production_PJ,0.0
2548,2028-ex-seven-suas,CZ,S,eens,heat_production_PJ,7.673861546209082e-20
2549,2028-ex-seven-suas,CZ,W,gas_chp,heat_production_PJ,6.347817935787604
2550,2028-ex-seven-suas,CZ,W,gas_eng_chp,heat_production_PJ,3.3472338085564
2551,2028-ex-seven-suas,CZ,W,lig_ex,heat_production_PJ,17.518440278912685
2552,2028-ex-seven-suas,CZ,W,coal_ex,heat_production_PJ,2.2412504204380763
2553,2028-ex-seven-suas,CZ,W,b_CHP,heat_production_PJ,0.0847385863199999
2554,2028-ex-seven-suas,CZ,W,lig_bp,heat_production_PJ,13.901847849985238
2555,2028-ex-seven-suas,CZ,W,coal_bp,heat_production_PJ,0.0
2556,2028-ex-seven-suas,CZ,W,eens,heat_production_PJ,0.0
2557,2028-ex-seven-suas,CZ,Y,waste,production_hours,6747.0
2558,2028-ex-seven-suas,CZ,Y,gas_ccgt,production_hours,7683.0
2559,2028-ex-seven-suas,CZ,Y,gas_chp,production_hours,7883.0
2560,2028-ex-seven-suas,CZ,Y,biogas,production_hours,3208.0
2561,2028-ex-seven-suas,CZ,Y,lig_sc,production_hours,1386.0
2562,2028-ex-seven-suas,CZ,Y,bio,production_hours,0.0
2563,2028-ex-seven-suas,CZ,Y,gas_eng_chp,production_hours,5630.0
2564,2028-ex-seven-suas,CZ,Y,lig,production_hours,590.0
2565,2028-ex-seven-suas,CZ,Y,lig_ex,production_hours,8760.0
2566,2028-ex-seven-suas,CZ,Y,coal,production_hours,0.0
2567,2028-ex-seven-suas,CZ,Y,coal_ex,production_hours,8760.0
2568,2028-ex-seven-suas,CZ,Y,gas_peak,production_hours,418.0
2569,2028-ex-seven-suas,CZ,Y,lig_old,production_hours,0.0
2570,2028-ex-seven-suas,CZ,Y,b_CHP,production_hours,113.0
2571,2028-ex-seven-suas,CZ,Y,lig_bp,production_hours,6377.0
2572,2028-ex-seven-suas,CZ,Y,coal_bp,production_hours,0.0
2573,2028-ex-seven-suas,CZ,Y,dsr,production_hours,0.0
2574,2028-ex-seven-suas,CZ,Y,eens,production_hours,0.0
2575,2028-ex-seven-suas,CZ,Y,h_ror,production_hours,8760.0
2576,2028-ex-seven-suas,CZ,Y,h_dams,production_hours,8760.0
2577,2028-ex-seven-suas,CZ,Y,li,production_hours,1063.0
2578,2028-ex-seven-suas,CZ,Y,pump_open,production_hours,1467.0
2579,2028-ex-seven-suas,CZ,Y,pump,production_hours,1193.0
2580,2028-ex-seven-suas,CZ,S,waste,production_hours,2984.0
2581,2028-ex-seven-suas,CZ,S,gas_ccgt,production_hours,3457.0
2582,2028-ex-seven-suas,CZ,S,gas_chp,production_hours,3491.0
2583,2028-ex-seven-suas,CZ,S,biogas,production_hours,912.0
2584,2028-ex-seven-suas,CZ,S,lig_sc,production_hours,0.0
2585,2028-ex-seven-suas,CZ,S,bio,production_hours,0.0
2586,2028-ex-seven-suas,CZ,S,gas_eng_chp,production_hours,2247.0
2587,2028-ex-seven-suas,CZ,S,lig,production_hours,0.0
2588,2028-ex-seven-suas,CZ,S,lig_ex,production_hours,4368.0
2589,2028-ex-seven-suas,CZ,S,coal,production_hours,0.0
2590,2028-ex-seven-suas,CZ,S,coal_ex,production_hours,4368.0
2591,2028-ex-seven-suas,CZ,S,gas_peak,production_hours,0.0
2592,2028-ex-seven-suas,CZ,S,lig_old,production_hours,0.0
2593,2028-ex-seven-suas,CZ,S,b_CHP,production_hours,0.0
2594,2028-ex-seven-suas,CZ,S,lig_bp,production_hours,1998.0
2595,2028-ex-seven-suas,CZ,S,coal_bp,production_hours,0.0
2596,2028-ex-seven-suas,CZ,S,dsr,production_hours,0.0
2597,2028-ex-seven-suas,CZ,S,eens,production_hours,0.0
2598,2028-ex-seven-suas,CZ,S,h_ror,production_hours,4368.0
2599,2028-ex-seven-suas,CZ,S,h_dams,production_hours,4368.0
2600,2028-ex-seven-suas,CZ,S,li,production_hours,429.0
2601,2028-ex-seven-suas,CZ,S,pump_open,production_hours,948.0
2602,2028-ex-seven-suas,CZ,S,pump,production_hours,852.0
2603,2028-ex-seven-suas,CZ,W,waste,production_hours,3763.0
2604,2028-ex-seven-suas,CZ,W,gas_ccgt,production_hours,4226.0
2605,2028-ex-seven-suas,CZ,W,gas_chp,production_hours,4392.0
2606,2028-ex-seven-suas,CZ,W,biogas,production_hours,2296.0
2607,2028-ex-seven-suas,CZ,W,lig_sc,production_hours,1386.0
2608,2028-ex-seven-suas,CZ,W,bio,production_hours,0.0
2609,2028-ex-seven-suas,CZ,W,gas_eng_chp,production_hours,3383.0
2610,2028-ex-seven-suas,CZ,W,lig,production_hours,590.0
2611,2028-ex-seven-suas,CZ,W,lig_ex,production_hours,4392.0
2612,2028-ex-seven-suas,CZ,W,coal,production_hours,0.0
2613,2028-ex-seven-suas,CZ,W,coal_ex,production_hours,4392.0
2614,2028-ex-seven-suas,CZ,W,gas_peak,production_hours,418.0
2615,2028-ex-seven-suas,CZ,W,lig_old,production_hours,0.0
2616,2028-ex-seven-suas,CZ,W,b_CHP,production_hours,113.0
2617,2028-ex-seven-suas,CZ,W,lig_bp,production_hours,4379.0
2618,2028-ex-seven-suas,CZ,W,coal_bp,production_hours,0.0
2619,2028-ex-seven-suas,CZ,W,dsr,production_hours,0.0
2620,2028-ex-seven-suas,CZ,W,eens,production_hours,0.0
2621,2028-ex-seven-suas,CZ,W,h_ror,production_hours,4392.0
2622,2028-ex-seven-suas,CZ,W,h_dams,production_hours,4392.0
2623,2028-ex-seven-suas,CZ,W,li,production_hours,634.0
2624,2028-ex-seven-suas,CZ,W,pump_open,production_hours,519.0
2625,2028-ex-seven-suas,CZ,W,pump,production_hours,341.0
2626,2028-ex-seven-suas,CZ,Y,nuclear,capex_mn_EUR_per_yr,2738.469079112492
2627,2028-ex-seven-suas,CZ,Y,solar,capex_mn_EUR_per_yr,362.9795164565344
2628,2028-ex-seven-suas,CZ,Y,onshore,capex_mn_EUR_per_yr,68.82996852045387
2629,2028-ex-seven-suas,CZ,Y,waste,capex_mn_EUR_per_yr,228.2938717209026
2630,2028-ex-seven-suas,CZ,Y,gas_ccgt,capex_mn_EUR_per_yr,76.18061222457844
2631,2028-ex-seven-suas,CZ,Y,gas_chp,capex_mn_EUR_per_yr,138.841538451773
2632,2028-ex-seven-suas,CZ,Y,biogas,capex_mn_EUR_per_yr,16.217086196531145
2633,2028-ex-seven-suas,CZ,Y,lig_sc,capex_mn_EUR_per_yr,144.15255774515765
2634,2028-ex-seven-suas,CZ,Y,bio,capex_mn_EUR_per_yr,0.0
2635,2028-ex-seven-suas,CZ,Y,gas_eng_chp,capex_mn_EUR_per_yr,22.59441391073202
2636,2028-ex-seven-suas,CZ,Y,lig,capex_mn_EUR_per_yr,285.68415989494883
2637,2028-ex-seven-suas,CZ,Y,lig_ex,capex_mn_EUR_per_yr,381.78586505838734
2638,2028-ex-seven-suas,CZ,Y,coal,capex_mn_EUR_per_yr,0.0
2639,2028-ex-seven-suas,CZ,Y,coal_ex,capex_mn_EUR_per_yr,26.048184884115727
2640,2028-ex-seven-suas,CZ,Y,gas_peak,capex_mn_EUR_per_yr,7.893982066856129
2641,2028-ex-seven-suas,CZ,Y,lig_old,capex_mn_EUR_per_yr,0.0
2642,2028-ex-seven-suas,CZ,Y,b_CHP,capex_mn_EUR_per_yr,109.81713302115293
2643,2028-ex-seven-suas,CZ,Y,lig_bp,capex_mn_EUR_per_yr,115.75887212868724
2644,2028-ex-seven-suas,CZ,Y,coal_bp,capex_mn_EUR_per_yr,0.0
2645,2028-ex-seven-suas,CZ,Y,dsr,capex_mn_EUR_per_yr,0.0
2646,2028-ex-seven-suas,CZ,Y,h_ror,capex_mn_EUR_per_yr,84.30517292657983
2647,2028-ex-seven-suas,CZ,Y,h_dams,capex_mn_EUR_per_yr,123.71530195731836
2648,2028-ex-seven-suas,CZ,Y,li,capex_mn_EUR_per_yr,4.011568788183623
2649,2028-ex-seven-suas,CZ,Y,pump_open,capex_mn_EUR_per_yr,95.4781476517892
2650,2028-ex-seven-suas,CZ,Y,pump,capex_mn_EUR_per_yr,137.73230661258106
2651,2028-ex-seven-suas,CZ,S,nuclear,capex_mn_EUR_per_yr,2738.469079112492
2652,2028-ex-seven-suas,CZ,S,solar,capex_mn_EUR_per_yr,362.9795164565344
2653,2028-ex-seven-suas,CZ,S,onshore,capex_mn_EUR_per_yr,68.82996852045387
2654,2028-ex-seven-suas,CZ,S,waste,capex_mn_EUR_per_yr,228.2938717209026
2655,2028-ex-seven-suas,CZ,S,gas_ccgt,capex_mn_EUR_per_yr,76.18061222457844
2656,2028-ex-seven-suas,CZ,S,gas_chp,capex_mn_EUR_per_yr,138.841538451773
2657,2028-ex-seven-suas,CZ,S,biogas,capex_mn_EUR_per_yr,16.217086196531145
2658,2028-ex-seven-suas,CZ,S,lig_sc,capex_mn_EUR_per_yr,144.15255774515765
2659,2028-ex-seven-suas,CZ,S,bio,capex_mn_EUR_per_yr,0.0
2660,2028-ex-seven-suas,CZ,S,gas_eng_chp,capex_mn_EUR_per_yr,22.59441391073202
2661,2028-ex-seven-suas,CZ,S,lig,capex_mn_EUR_per_yr,285.68415989494883
2662,2028-ex-seven-suas,CZ,S,lig_ex,capex_mn_EUR_per_yr,381.78586505838734
2663,2028-ex-seven-suas,CZ,S,coal,capex_mn_EUR_per_yr,0.0
2664,2028-ex-seven-suas,CZ,S,coal_ex,capex_mn_EUR_per_yr,26.048184884115727
2665,2028-ex-seven-suas,CZ,S,gas_peak,capex_mn_EUR_per_yr,7.893982066856129
2666,2028-ex-seven-suas,CZ,S,lig_old,capex_mn_EUR_per_yr,0.0
2667,2028-ex-seven-suas,CZ,S,b_CHP,capex_mn_EUR_per_yr,109.81713302115293
2668,2028-ex-seven-suas,CZ,S,lig_bp,capex_mn_EUR_per_yr,115.75887212868724
2669,2028-ex-seven-suas,CZ,S,coal_bp,capex_mn_EUR_per_yr,0.0
2670,2028-ex-seven-suas,CZ,S,dsr,capex_mn_EUR_per_yr,0.0
2671,2028-ex-seven-suas,CZ,S,h_ror,capex_mn_EUR_per_yr,84.30517292657983
2672,2028-ex-seven-suas,CZ,S,h_dams,capex_mn_EUR_per_yr,123.71530195731836
2673,2028-ex-seven-suas,CZ,S,li,capex_mn_EUR_per_yr,4.011568788183623
2674,2028-ex-seven-suas,CZ,S,pump_open,capex_mn_EUR_per_yr,95.4781476517892
2675,2028-ex-seven-suas,CZ,S,pump,capex_mn_EUR_per_yr,137.73230661258106
2676,2028-ex-seven-suas,CZ,W,nuclear,capex_mn_EUR_per_yr,2738.469079112492
2677,2028-ex-seven-suas,CZ,W,solar,capex_mn_EUR_per_yr,362.9795164565344
2678,2028-ex-seven-suas,CZ,W,onshore,capex_mn_EUR_per_yr,68.82996852045387
2679,2028-ex-seven-suas,CZ,W,waste,capex_mn_EUR_per_yr,228.2938717209026
2680,2028-ex-seven-suas,CZ,W,gas_ccgt,capex_mn_EUR_per_yr,76.18061222457844
2681,2028-ex-seven-suas,CZ,W,gas_chp,capex_mn_EUR_per_yr,138.841538451773
2682,2028-ex-seven-suas,CZ,W,biogas,capex_mn_EUR_per_yr,16.217086196531145
2683,2028-ex-seven-suas,CZ,W,lig_sc,capex_mn_EUR_per_yr,144.15255774515765
2684,2028-ex-seven-suas,CZ,W,bio,capex_mn_EUR_per_yr,0.0
2685,2028-ex-seven-suas,CZ,W,gas_eng_chp,capex_mn_EUR_per_yr,22.59441391073202
2686,2028-ex-seven-suas,CZ,W,lig,capex_mn_EUR_per_yr,285.68415989494883
2687,2028-ex-seven-suas,CZ,W,lig_ex,capex_mn_EUR_per_yr,381.78586505838734
2688,2028-ex-seven-suas,CZ,W,coal,capex_mn_EUR_per_yr,0.0
2689,2028-ex-seven-suas,CZ,W,coal_ex,capex_mn_EUR_per_yr,26.048184884115727
2690,2028-ex-seven-suas,CZ,W,gas_peak,capex_mn_EUR_per_yr,7.893982066856129
2691,2028-ex-seven-suas,CZ,W,lig_old,capex_mn_EUR_per_yr,0.0
2692,2028-ex-seven-suas,CZ,W,b_CHP,capex_mn_EUR_per_yr,109.81713302115293
2693,2028-ex-seven-suas,CZ,W,lig_bp,capex_mn_EUR_per_yr,115.75887212868724
2694,2028-ex-seven-suas,CZ,W,coal_bp,capex_mn_EUR_per_yr,0.0
2695,2028-ex-seven-suas,CZ,W,dsr,capex_mn_EUR_per_yr,0.0
2696,2028-ex-seven-suas,CZ,W,h_ror,capex_mn_EUR_per_yr,84.30517292657983
2697,2028-ex-seven-suas,CZ,W,h_dams,capex_mn_EUR_per_yr,123.71530195731836
2698,2028-ex-seven-suas,CZ,W,li,capex_mn_EUR_per_yr,4.011568788183623
2699,2028-ex-seven-suas,CZ,W,pump_open,capex_mn_EUR_per_yr,95.4781476517892
2700,2028-ex-seven-suas,CZ,W,pump,capex_mn_EUR_per_yr,137.73230661258106
2701,2028-ex-seven-suas,CZ,Y,nuclear,opex_mn_EUR,586.5749526359082
2702,2028-ex-seven-suas,CZ,Y,solar,opex_mn_EUR,0.0
2703,2028-ex-seven-suas,CZ,Y,onshore,opex_mn_EUR,0.0
2704,2028-ex-seven-suas,CZ,Y,waste,opex_mn_EUR,45.9833037865782
2705,2028-ex-seven-suas,CZ,Y,gas_ccgt,opex_mn_EUR,391.1773469029657
2706,2028-ex-seven-suas,CZ,Y,gas_chp,opex_mn_EUR,202.5018475981196
2707,2028-ex-seven-suas,CZ,Y,biogas,opex_mn_EUR,79.96147185135759
2708,2028-ex-seven-suas,CZ,Y,lig_sc,opex_mn_EUR,51.965013756754445
2709,2028-ex-seven-suas,CZ,Y,bio,opex_mn_EUR,0.0
2710,2028-ex-seven-suas,CZ,Y,gas_eng_chp,opex_mn_EUR,167.56790840001074
2711,2028-ex-seven-suas,CZ,Y,lig,opex_mn_EUR,42.53216971827702
2712,2028-ex-seven-suas,CZ,Y,lig_ex,opex_mn_EUR,240.95272245247892
2713,2028-ex-seven-suas,CZ,Y,coal,opex_mn_EUR,0.0
2714,2028-ex-seven-suas,CZ,Y,coal_ex,opex_mn_EUR,24.32536558004786
2715,2028-ex-seven-suas,CZ,Y,gas_peak,opex_mn_EUR,4.091593784042444
2716,2028-ex-seven-suas,CZ,Y,lig_old,opex_mn_EUR,0.0
2717,2028-ex-seven-suas,CZ,Y,b_CHP,opex_mn_EUR,0.8520036121550609
2718,2028-ex-seven-suas,CZ,Y,lig_bp,opex_mn_EUR,358.8920536246159
2719,2028-ex-seven-suas,CZ,Y,coal_bp,opex_mn_EUR,0.0
2720,2028-ex-seven-suas,CZ,Y,dsr,opex_mn_EUR,0.0
2721,2028-ex-seven-suas,CZ,Y,h_ror,opex_mn_EUR,2.1513130650746826
2722,2028-ex-seven-suas,CZ,Y,h_dams,opex_mn_EUR,1.9917831428571429
2723,2028-ex-seven-suas,CZ,Y,li,opex_mn_EUR,0.4583458321381361
2724,2028-ex-seven-suas,CZ,Y,pump_open,opex_mn_EUR,1.7046724895449117
2725,2028-ex-seven-suas,CZ,Y,pump,opex_mn_EUR,2.183057870516727
2726,2028-ex-seven-suas,CZ,S,nuclear,opex_mn_EUR,284.9058333494021
2727,2028-ex-seven-suas,CZ,S,solar,opex_mn_EUR,0.0
2728,2028-ex-seven-suas,CZ,S,onshore,opex_mn_EUR,0.0
2729,2028-ex-seven-suas,CZ,S,waste,opex_mn_EUR,19.99297683134331
2730,2028-ex-seven-suas,CZ,S,gas_ccgt,opex_mn_EUR,175.70106809650122
2731,2028-ex-seven-suas,CZ,S,gas_chp,opex_mn_EUR,48.794786105929504
2732,2028-ex-seven-suas,CZ,S,biogas,opex_mn_EUR,21.693640879058727
2733,2028-ex-seven-suas,CZ,S,lig_sc,opex_mn_EUR,0.0
2734,2028-ex-seven-suas,CZ,S,bio,opex_mn_EUR,0.0
2735,2028-ex-seven-suas,CZ,S,gas_eng_chp,opex_mn_EUR,66.91328186678544
2736,2028-ex-seven-suas,CZ,S,lig,opex_mn_EUR,0.0
2737,2028-ex-seven-suas,CZ,S,lig_ex,opex_mn_EUR,110.87340456776523
2738,2028-ex-seven-suas,CZ,S,coal,opex_mn_EUR,0.0
2739,2028-ex-seven-suas,CZ,S,coal_ex,opex_mn_EUR,7.382953241339319
2740,2028-ex-seven-suas,CZ,S,gas_peak,opex_mn_EUR,0.0
2741,2028-ex-seven-suas,CZ,S,lig_old,opex_mn_EUR,0.0
2742,2028-ex-seven-suas,CZ,S,b_CHP,opex_mn_EUR,-3.283429092240778e-17
2743,2028-ex-seven-suas,CZ,S,lig_bp,opex_mn_EUR,77.24345429633226
2744,2028-ex-seven-suas,CZ,S,coal_bp,opex_mn_EUR,0.0
2745,2028-ex-seven-suas,CZ,S,dsr,opex_mn_EUR,0.0
2746,2028-ex-seven-suas,CZ,S,h_ror,opex_mn_EUR,
2747,2028-ex-seven-suas,CZ,S,h_dams,opex_mn_EUR,1.026450383040859
2748,2028-ex-seven-suas,CZ,S,li,opex_mn_EUR,0.1880195429015823
2749,2028-ex-seven-suas,CZ,S,pump_open,opex_mn_EUR,1.145578131566512
2750,2028-ex-seven-suas,CZ,S,pump,opex_mn_EUR,1.5622389336917553
2751,2028-ex-seven-suas,CZ,W,nuclear,opex_mn_EUR,301.6691192865061
2752,2028-ex-seven-suas,CZ,W,solar,opex_mn_EUR,0.0
2753,2028-ex-seven-suas,CZ,W,onshore,opex_mn_EUR,0.0
2754,2028-ex-seven-suas,CZ,W,waste,opex_mn_EUR,25.99032695523489
2755,2028-ex-seven-suas,CZ,W,gas_ccgt,opex_mn_EUR,215.47627880646448
2756,2028-ex-seven-suas,CZ,W,gas_chp,opex_mn_EUR,153.70706149219015
2757,2028-ex-seven-suas,CZ,W,biogas,opex_mn_EUR,58.26783097229886
2758,2028-ex-seven-suas,CZ,W,lig_sc,opex_mn_EUR,51.96501375675445
2759,2028-ex-seven-suas,CZ,W,bio,opex_mn_EUR,0.0
2760,2028-ex-seven-suas,CZ,W,gas_eng_chp,opex_mn_EUR,100.6546265332253
2761,2028-ex-seven-suas,CZ,W,lig,opex_mn_EUR,42.53216971827702
2762,2028-ex-seven-suas,CZ,W,lig_ex,opex_mn_EUR,130.07931788471376
2763,2028-ex-seven-suas,CZ,W,coal,opex_mn_EUR,0.0
2764,2028-ex-seven-suas,CZ,W,coal_ex,opex_mn_EUR,16.942412338708543
2765,2028-ex-seven-suas,CZ,W,gas_peak,opex_mn_EUR,4.091593784042445
2766,2028-ex-seven-suas,CZ,W,lig_old,opex_mn_EUR,0.0
2767,2028-ex-seven-suas,CZ,W,b_CHP,opex_mn_EUR,0.8520036121550609
2768,2028-ex-seven-suas,CZ,W,lig_bp,opex_mn_EUR,281.6485993282837
2769,2028-ex-seven-suas,CZ,W,coal_bp,opex_mn_EUR,0.0
2770,2028-ex-seven-suas,CZ,W,dsr,opex_mn_EUR,0.0
2771,2028-ex-seven-suas,CZ,W,h_ror,opex_mn_EUR,1.108868
2772,2028-ex-seven-suas,CZ,W,h_dams,opex_mn_EUR,0.965332759816284
2773,2028-ex-seven-suas,CZ,W,li,opex_mn_EUR,0.2703262892365538
2774,2028-ex-seven-suas,CZ,W,pump_open,opex_mn_EUR,0.5590943579783996
2775,2028-ex-seven-suas,CZ,W,pump,opex_mn_EUR,0.6208189368249711
2776,2028-ex-seven-suas,CZ,Y,h_ror,wholesale_expenses_mn_EUR,0.0
2777,2028-ex-seven-suas,CZ,Y,h_dams,wholesale_expenses_mn_EUR,0.0
2778,2028-ex-seven-suas,CZ,Y,li,wholesale_expenses_mn_EUR,7.097501584975229
2779,2028-ex-seven-suas,CZ,Y,pump_open,wholesale_expenses_mn_EUR,27.394298209810017
2780,2028-ex-seven-suas,CZ,Y,pump,wholesale_expenses_mn_EUR,37.049036103095226
2781,2028-ex-seven-suas,CZ,Y,IMPORT_EXPORT,wholesale_expenses_mn_EUR,1170.6131008203029
2782,2028-ex-seven-suas,CZ,S,h_ror,wholesale_expenses_mn_EUR,0.0
2783,2028-ex-seven-suas,CZ,S,h_dams,wholesale_expenses_mn_EUR,0.0
2784,2028-ex-seven-suas,CZ,S,li,wholesale_expenses_mn_EUR,2.198581804292504
2785,2028-ex-seven-suas,CZ,S,pump_open,wholesale_expenses_mn_EUR,16.551594859236662
2786,2028-ex-seven-suas,CZ,S,pump,wholesale_expenses_mn_EUR,23.357864456957596
2787,2028-ex-seven-suas,CZ,S,IMPORT_EXPORT,wholesale_expenses_mn_EUR,436.8308263096316
2788,2028-ex-seven-suas,CZ,W,h_ror,wholesale_expenses_mn_EUR,0.0
2789,2028-ex-seven-suas,CZ,W,h_dams,wholesale_expenses_mn_EUR,0.0
2790,2028-ex-seven-suas,CZ,W,li,wholesale_expenses_mn_EUR,4.898919780682725
2791,2028-ex-seven-suas,CZ,W,pump_open,wholesale_expenses_mn_EUR,10.84270335057336
2792,2028-ex-seven-suas,CZ,W,pump,wholesale_expenses_mn_EUR,13.691171646137638
2793,2028-ex-seven-suas,CZ,W,IMPORT_EXPORT,wholesale_expenses_mn_EUR,733.7822745106715
2794,2028-ex-seven-suas,CZ,Y,nuclear,wholesale_revenues_mn_EUR,2586.4007266663925
2795,2028-ex-seven-suas,CZ,Y,solar,wholesale_revenues_mn_EUR,487.8262851255307
2796,2028-ex-seven-suas,CZ,Y,onshore,wholesale_revenues_mn_EUR,99.93135019464827
2797,2028-ex-seven-suas,CZ,Y,waste,wholesale_revenues_mn_EUR,114.96574961152776
2798,2028-ex-seven-suas,CZ,Y,gas_ccgt,wholesale_revenues_mn_EUR,441.5077165266746
2799,2028-ex-seven-suas,CZ,Y,gas_chp,wholesale_revenues_mn_EUR,237.6504442139539
2800,2028-ex-seven-suas,CZ,Y,biogas,wholesale_revenues_mn_EUR,87.61610665852906
2801,2028-ex-seven-suas,CZ,Y,lig_sc,wholesale_revenues_mn_EUR,55.1457894138619
2802,2028-ex-seven-suas,CZ,Y,bio,wholesale_revenues_mn_EUR,0.0
2803,2028-ex-seven-suas,CZ,Y,gas_eng_chp,wholesale_revenues_mn_EUR,159.86535722058937
2804,2028-ex-seven-suas,CZ,Y,lig,wholesale_revenues_mn_EUR,43.6376883505987
2805,2028-ex-seven-suas,CZ,Y,lig_ex,wholesale_revenues_mn_EUR,195.81751633994253
2806,2028-ex-seven-suas,CZ,Y,coal,wholesale_revenues_mn_EUR,0.0
2807,2028-ex-seven-suas,CZ,Y,coal_ex,wholesale_revenues_mn_EUR,20.316772747999536
2808,2028-ex-seven-suas,CZ,Y,gas_peak,wholesale_revenues_mn_EUR,4.235781918427684
2809,2028-ex-seven-suas,CZ,Y,lig_old,wholesale_revenues_mn_EUR,0.0
2810,2028-ex-seven-suas,CZ,Y,b_CHP,wholesale_revenues_mn_EUR,0.6293495776073418
2811,2028-ex-seven-suas,CZ,Y,lig_bp,wholesale_revenues_mn_EUR,159.40498188145983
2812,2028-ex-seven-suas,CZ,Y,coal_bp,wholesale_revenues_mn_EUR,0.0
2813,2028-ex-seven-suas,CZ,Y,dsr,wholesale_revenues_mn_EUR,0.0
2814,2028-ex-seven-suas,CZ,Y,h_ror,wholesale_revenues_mn_EUR,97.2943498881264
2815,2028-ex-seven-suas,CZ,Y,h_dams,wholesale_revenues_mn_EUR,67.24767339656005
2816,2028-ex-seven-suas,CZ,Y,li,wholesale_revenues_mn_EUR,9.753921908500653
2817,2028-ex-seven-suas,CZ,Y,pump_open,wholesale_revenues_mn_EUR,45.07601103456899
2818,2028-ex-seven-suas,CZ,Y,pump,wholesale_revenues_mn_EUR,56.94517403218037
2819,2028-ex-seven-suas,CZ,Y,IMPORT_EXPORT,wholesale_revenues_mn_EUR,16.74767388959188
2820,2028-ex-seven-suas,CZ,S,nuclear,wholesale_revenues_mn_EUR,1154.6046690177782
2821,2028-ex-seven-suas,CZ,S,solar,wholesale_revenues_mn_EUR,314.5462735482958
2822,2028-ex-seven-suas,CZ,S,onshore,wholesale_revenues_mn_EUR,32.07059510198693
2823,2028-ex-seven-suas,CZ,S,waste,wholesale_revenues_mn_EUR,46.877580406738815
2824,2028-ex-seven-suas,CZ,S,gas_ccgt,wholesale_revenues_mn_EUR,187.84608290282245
2825,2028-ex-seven-suas,CZ,S,gas_chp,wholesale_revenues_mn_EUR,52.24111830547472
2826,2028-ex-seven-suas,CZ,S,biogas,wholesale_revenues_mn_EUR,22.422549643073552
2827,2028-ex-seven-suas,CZ,S,lig_sc,wholesale_revenues_mn_EUR,0.0
2828,2028-ex-seven-suas,CZ,S,bio,wholesale_revenues_mn_EUR,0.0
2829,2028-ex-seven-suas,CZ,S,gas_eng_chp,wholesale_revenues_mn_EUR,61.08598622533664
2830,2028-ex-seven-suas,CZ,S,lig,wholesale_revenues_mn_EUR,0.0
2831,2028-ex-seven-suas,CZ,S,lig_ex,wholesale_revenues_mn_EUR,80.14171877751741
2832,2028-ex-seven-suas,CZ,S,coal,wholesale_revenues_mn_EUR,0.0
2833,2028-ex-seven-suas,CZ,S,coal_ex,wholesale_revenues_mn_EUR,5.4669849785118805
2834,2028-ex-seven-suas,CZ,S,gas_peak,wholesale_revenues_mn_EUR,0.0
2835,2028-ex-seven-suas,CZ,S,lig_old,wholesale_revenues_mn_EUR,0.0
2836,2028-ex-seven-suas,CZ,S,b_CHP,wholesale_revenues_mn_EUR,-8.50783506529949e-18
2837,2028-ex-seven-suas,CZ,S,lig_bp,wholesale_revenues_mn_EUR,31.337262499936102
2838,2028-ex-seven-suas,CZ,S,coal_bp,wholesale_revenues_mn_EUR,0.0
2839,2028-ex-seven-suas,CZ,S,dsr,wholesale_revenues_mn_EUR,0.0
2840,2028-ex-seven-suas,CZ,S,h_ror,wholesale_revenues_mn_EUR,43.29437540124084
2841,2028-ex-seven-suas,CZ,S,h_dams,wholesale_revenues_mn_EUR,32.03306510410957
2842,2028-ex-seven-suas,CZ,S,li,wholesale_revenues_mn_EUR,3.7644911710072
2843,2028-ex-seven-suas,CZ,S,pump_open,wholesale_revenues_mn_EUR,28.70670821705235
2844,2028-ex-seven-suas,CZ,S,pump,wholesale_revenues_mn_EUR,38.92646268002503
2845,2028-ex-seven-suas,CZ,S,IMPORT_EXPORT,wholesale_revenues_mn_EUR,1.9998144387816488
2846,2028-ex-seven-suas,CZ,W,nuclear,wholesale_revenues_mn_EUR,1431.796057648614
2847,2028-ex-seven-suas,CZ,W,solar,wholesale_revenues_mn_EUR,173.28001157723494
2848,2028-ex-seven-suas,CZ,W,onshore,wholesale_revenues_mn_EUR,67.86075509266135
2849,2028-ex-seven-suas,CZ,W,waste,wholesale_revenues_mn_EUR,68.08816920478895
2850,2028-ex-seven-suas,CZ,W,gas_ccgt,wholesale_revenues_mn_EUR,253.66163362385225
2851,2028-ex-seven-suas,CZ,W,gas_chp,wholesale_revenues_mn_EUR,185.4093259084792
2852,2028-ex-seven-suas,CZ,W,biogas,wholesale_revenues_mn_EUR,65.1935570154555
2853,2028-ex-seven-suas,CZ,W,lig_sc,wholesale_revenues_mn_EUR,55.1457894138619
2854,2028-ex-seven-suas,CZ,W,bio,wholesale_revenues_mn_EUR,0.0
2855,2028-ex-seven-suas,CZ,W,gas_eng_chp,wholesale_revenues_mn_EUR,98.7793709952527
2856,2028-ex-seven-suas,CZ,W,lig,wholesale_revenues_mn_EUR,43.6376883505987
2857,2028-ex-seven-suas,CZ,W,lig_ex,wholesale_revenues_mn_EUR,115.67579756242512
2858,2028-ex-seven-suas,CZ,W,coal,wholesale_revenues_mn_EUR,0.0
2859,2028-ex-seven-suas,CZ,W,coal_ex,wholesale_revenues_mn_EUR,14.849787769487657
2860,2028-ex-seven-suas,CZ,W,gas_peak,wholesale_revenues_mn_EUR,4.235781918427684
2861,2028-ex-seven-suas,CZ,W,lig_old,wholesale_revenues_mn_EUR,0.0
2862,2028-ex-seven-suas,CZ,W,b_CHP,wholesale_revenues_mn_EUR,0.6293495776073418
2863,2028-ex-seven-suas,CZ,W,lig_bp,wholesale_revenues_mn_EUR,128.06771938152374
2864,2028-ex-seven-suas,CZ,W,coal_bp,wholesale_revenues_mn_EUR,0.0
2865,2028-ex-seven-suas,CZ,W,dsr,wholesale_revenues_mn_EUR,0.0
2866,2028-ex-seven-suas,CZ,W,h_ror,wholesale_revenues_mn_EUR,53.999974486885584
2867,2028-ex-seven-suas,CZ,W,h_dams,wholesale_revenues_mn_EUR,35.21460829245047
2868,2028-ex-seven-suas,CZ,W,li,wholesale_revenues_mn_EUR,5.989430737493451
2869,2028-ex-seven-suas,CZ,W,pump_open,wholesale_revenues_mn_EUR,16.369302817516655
2870,2028-ex-seven-suas,CZ,W,pump,wholesale_revenues_mn_EUR,18.018711352155336
2871,2028-ex-seven-suas,CZ,W,IMPORT_EXPORT,wholesale_revenues_mn_EUR,14.747859450810228
2872,2028-ex-seven-suas,CZ,Y,TOTAL,avg_consumer_price_EUR_per_MWh,90.9794908427201
2873,2028-ex-seven-suas,CZ,S,TOTAL,avg_consumer_price_EUR_per_MWh,82.48172089861345
2874,2028-ex-seven-suas,CZ,W,TOTAL,avg_consumer_price_EUR_per_MWh,98.23751771152884
2875,2028-ex-seven-suas,CZ,Y,TOTAL,avg_producer_price_EUR_per_MWh,89.4609692756363
2876,2028-ex-seven-suas,CZ,S,TOTAL,avg_producer_price_EUR_per_MWh,80.09861507681515
2877,2028-ex-seven-suas,CZ,W,TOTAL,avg_producer_price_EUR_per_MWh,97.86666213333208
2878,2028-ex-seven-suas,CZ,Y,nuclear,capacity_factor,0.7964817503918005
2879,2028-ex-seven-suas,CZ,Y,solar,capacity_factor,0.1208793322388797
2880,2028-ex-seven-suas,CZ,Y,onshore,capacity_factor,0.2611457461530848
2881,2028-ex-seven-suas,CZ,Y,waste,capacity_factor,0.666666666666582
2882,2028-ex-seven-suas,CZ,Y,gas_ccgt,capacity_factor,0.8462587046855015
2883,2028-ex-seven-suas,CZ,Y,gas_chp,capacity_factor,0.5333333333333182
2884,2028-ex-seven-suas,CZ,Y,biogas,capacity_factor,0.330506371243163
2885,2028-ex-seven-suas,CZ,Y,lig_sc,capacity_factor,0.1287677982968951
2886,2028-ex-seven-suas,CZ,Y,gas_eng_chp,capacity_factor,0.5333333333333675
2887,2028-ex-seven-suas,CZ,Y,lig,capacity_factor,0.0496228600025137
2888,2028-ex-seven-suas,CZ,Y,lig_ex,capacity_factor,0.5333333333333352
2889,2028-ex-seven-suas,CZ,Y,coal_ex,capacity_factor,0.5333333333333679
2890,2028-ex-seven-suas,CZ,Y,gas_peak,capacity_factor,0.0399159546109016
2891,2028-ex-seven-suas,CZ,Y,b_CHP,capacity_factor,0.007134057998687
2892,2028-ex-seven-suas,CZ,Y,lig_bp,capacity_factor,0.5333333333333531
2893,2028-ex-seven-suas,CZ,Y,h_ror,capacity_factor,0.2958839556960283
2894,2028-ex-seven-suas,CZ,Y,h_dams,capacity_factor,0.124451288939446
2895,2028-ex-seven-suas,CZ,Y,li,capacity_factor,0.1046451671548256
2896,2028-ex-seven-suas,CZ,Y,pump_open,capacity_factor,0.1035092107223909
2897,2028-ex-seven-suas,CZ,Y,pump,capacity_factor,0.0918906782689453
2898,2028-ex-seven-suas,CZ,Y,TOTAL,capacity_factor,0.3273031073962364
2899,2028-ex-seven-suas,CZ,S,nuclear,capacity_factor,0.7758452989642761
2900,2028-ex-seven-suas,CZ,S,solar,capacity_factor,0.1707422905508735
2901,2028-ex-seven-suas,CZ,S,onshore,capacity_factor,0.1861376723327739
2902,2028-ex-seven-suas,CZ,S,waste,capacity_factor,0.5641980701579928
2903,2028-ex-seven-suas,CZ,S,gas_ccgt,capacity_factor,0.7499363693984712
2904,2028-ex-seven-suas,CZ,S,gas_chp,capacity_factor,0.2744210987502958
2905,2028-ex-seven-suas,CZ,S,biogas,capacity_factor,0.1793123163433888
2906,2028-ex-seven-suas,CZ,S,lig_sc,capacity_factor,0.0
2907,2028-ex-seven-suas,CZ,S,gas_eng_chp,capacity_factor,0.427111914716938
2908,2028-ex-seven-suas,CZ,S,lig,capacity_factor,0.0
2909,2028-ex-seven-suas,CZ,S,lig_ex,capacity_factor,0.4935279309394014
2910,2028-ex-seven-suas,CZ,S,coal_ex,capacity_factor,0.3268535594805875
2911,2028-ex-seven-suas,CZ,S,gas_peak,capacity_factor,0.0
2912,2028-ex-seven-suas,CZ,S,b_CHP,capacity_factor,-5.9168446848079055e-19
2913,2028-ex-seven-suas,CZ,S,lig_bp,capacity_factor,0.2271427902169684
2914,2028-ex-seven-suas,CZ,S,h_ror,capacity_factor,0.2875361514946277
2915,2028-ex-seven-suas,CZ,S,h_dams,capacity_factor,0.1286224518667959
2916,2028-ex-seven-suas,CZ,S,li,capacity_factor,0.0860895342955962
2917,2028-ex-seven-suas,CZ,S,pump_open,capacity_factor,0.1395032211497681
2918,2028-ex-seven-suas,CZ,S,pump,capacity_factor,0.1318788471745905
2919,2028-ex-seven-suas,CZ,S,TOTAL,capacity_factor,1.3128091670288602
2920,2028-ex-seven-suas,CZ,W,nuclear,capacity_factor,0.8170054343251856
2921,2028-ex-seven-suas,CZ,W,solar,capacity_factor,0.0712888491089187
2922,2028-ex-seven-suas,CZ,W,onshore,capacity_factor,0.3357439397885852
2923,2028-ex-seven-suas,CZ,W,waste,capacity_factor,0.768575325489332
2924,2028-ex-seven-suas,CZ,W,gas_ccgt,capacity_factor,0.9420546884135864
2925,2028-ex-seven-suas,CZ,W,gas_chp,capacity_factor,0.790830746962335
2926,2028-ex-seven-suas,CZ,W,biogas,capacity_factor,0.480874229121627
2927,2028-ex-seven-suas,CZ,W,lig_sc,capacity_factor,0.256831947422769
2928,2028-ex-seven-suas,CZ,W,gas_eng_chp,capacity_factor,0.6389743070393251
2929,2028-ex-seven-suas,CZ,W,lig,capacity_factor,0.0989745568356148
2930,2028-ex-seven-suas,CZ,W,lig_ex,capacity_factor,0.5729212198671929
2931,2028-ex-seven-suas,CZ,W,coal_ex,capacity_factor,0.7386848024109963
2932,2028-ex-seven-suas,CZ,W,gas_peak,capacity_factor,0.079613789251252
2933,2028-ex-seven-suas,CZ,W,b_CHP,capacity_factor,0.014229132073884
2934,2028-ex-seven-suas,CZ,W,lig_bp,capacity_factor,0.8378507040829815
2935,2028-ex-seven-suas,CZ,W,h_ror,capacity_factor,0.3041861434810279
2936,2028-ex-seven-suas,CZ,W,h_dams,capacity_factor,0.1203029192521363
2937,2028-ex-seven-suas,CZ,W,li,capacity_factor,0.1230994031131847
2938,2028-ex-seven-suas,CZ,W,pump_open,capacity_factor,0.067711888876584
2939,2028-ex-seven-suas,CZ,W,pump,capacity_factor,0.0521210239474838
2940,2028-ex-seven-suas,CZ,W,TOTAL,capacity_factor,1.3056353464440031
2941,2028-ex-seven-suas,CZ,Y,li,capacity_factor_charging,0.0095265222535418
2942,2028-ex-seven-suas,CZ,Y,pump_open,capacity_factor_charging,0.1417337543273363
2943,2028-ex-seven-suas,CZ,Y,pump,capacity_factor_charging,0.1303168504567121
2944,2028-ex-seven-suas,CZ,S,li,capacity_factor_charging,0.008185900506289
2945,2028-ex-seven-suas,CZ,S,pump_open,capacity_factor_charging,0.1970086189541214
2946,2028-ex-seven-suas,CZ,S,pump,capacity_factor_charging,0.1862685900724542
2947,2028-ex-seven-suas,CZ,W,li,capacity_factor_charging,0.010859818198897
2948,2028-ex-seven-suas,CZ,W,pump_open,capacity_factor_charging,0.0867609381411346
2949,2028-ex-seven-suas,CZ,W,pump,capacity_factor_charging,0.074670858051985
2950,2028-ex-seven-suas,CZ,Y,nuclear,emissions_MtCO2,0.0
2951,2028-ex-seven-suas,CZ,Y,solar,emissions_MtCO2,0.0
2952,2028-ex-seven-suas,CZ,Y,onshore,emissions_MtCO2,0.0
2953,2028-ex-seven-suas,CZ,Y,waste,emissions_MtCO2,0.0
2954,2028-ex-seven-suas,CZ,Y,gas_ccgt,emissions_MtCO2,1.798078027676063
2955,2028-ex-seven-suas,CZ,Y,gas_chp,emissions_MtCO2,1.4030015999999603
2956,2028-ex-seven-suas,CZ,Y,biogas,emissions_MtCO2,0.0
2957,2028-ex-seven-suas,CZ,Y,lig_sc,emissions_MtCO2,0.4570784890586019
2958,2028-ex-seven-suas,CZ,Y,bio,emissions_MtCO2,0.0
2959,2028-ex-seven-suas,CZ,Y,gas_eng_chp,emissions_MtCO2,0.7567472000000484
2960,2028-ex-seven-suas,CZ,Y,lig,emissions_MtCO2,0.3752645818268175
2961,2028-ex-seven-suas,CZ,Y,lig_ex,emissions_MtCO2,5.389992960000019
2962,2028-ex-seven-suas,CZ,Y,coal,emissions_MtCO2,0.0
2963,2028-ex-seven-suas,CZ,Y,coal_ex,emissions_MtCO2,0.4539064780800294
2964,2028-ex-seven-suas,CZ,Y,gas_peak,emissions_MtCO2,0.0185112869969465
2965,2028-ex-seven-suas,CZ,Y,lig_old,emissions_MtCO2,0.0
2966,2028-ex-seven-suas,CZ,Y,b_CHP,emissions_MtCO2,0.0
2967,2028-ex-seven-suas,CZ,Y,lig_bp,emissions_MtCO2,3.2685312000001203
2968,2028-ex-seven-suas,CZ,Y,coal_bp,emissions_MtCO2,0.0
2969,2028-ex-seven-suas,CZ,Y,dsr,emissions_MtCO2,0.0
2970,2028-ex-seven-suas,CZ,Y,eens,emissions_MtCO2,0.0
2971,2028-ex-seven-suas,CZ,Y,h_ror,emissions_MtCO2,0.0
2972,2028-ex-seven-suas,CZ,Y,h_dams,emissions_MtCO2,0.0
2973,2028-ex-seven-suas,CZ,Y,li,emissions_MtCO2,0.0
2974,2028-ex-seven-suas,CZ,Y,pump_open,emissions_MtCO2,0.0
2975,2028-ex-seven-suas,CZ,Y,pump,emissions_MtCO2,0.0
2976,2028-ex-seven-suas,CZ,Y,TOTAL,emissions_MtCO2,13.921111823638606
2977,2028-ex-seven-suas,CZ,S,nuclear,emissions_MtCO2,0.0
2978,2028-ex-seven-suas,CZ,S,solar,emissions_MtCO2,0.0
2979,2028-ex-seven-suas,CZ,S,onshore,emissions_MtCO2,0.0
2980,2028-ex-seven-suas,CZ,S,waste,emissions_MtCO2,0.0
2981,2028-ex-seven-suas,CZ,S,gas_ccgt,emissions_MtCO2,0.7945263860247131
2982,2028-ex-seven-suas,CZ,S,gas_chp,emissions_MtCO2,0.35996100921019
2983,2028-ex-seven-suas,CZ,S,biogas,emissions_MtCO2,0.0
2984,2028-ex-seven-suas,CZ,S,lig_sc,emissions_MtCO2,0.0
2985,2028-ex-seven-suas,CZ,S,bio,emissions_MtCO2,0.0
2986,2028-ex-seven-suas,CZ,S,gas_eng_chp,emissions_MtCO2,0.3021845840232536
2987,2028-ex-seven-suas,CZ,S,lig,emissions_MtCO2,0.0
2988,2028-ex-seven-suas,CZ,S,lig_ex,emissions_MtCO2,2.4870225891034248
2989,2028-ex-seven-suas,CZ,S,coal,emissions_MtCO2,0.0
2990,2028-ex-seven-suas,CZ,S,coal_ex,emissions_MtCO2,0.1387073247009125
2991,2028-ex-seven-suas,CZ,S,gas_peak,emissions_MtCO2,0.0
2992,2028-ex-seven-suas,CZ,S,lig_old,emissions_MtCO2,0.0
2993,2028-ex-seven-suas,CZ,S,b_CHP,emissions_MtCO2,-0.0
2994,2028-ex-seven-suas,CZ,S,lig_bp,emissions_MtCO2,0.6941149314843356
2995,2028-ex-seven-suas,CZ,S,coal_bp,emissions_MtCO2,0.0
2996,2028-ex-seven-suas,CZ,S,dsr,emissions_MtCO2,0.0
2997,2028-ex-seven-suas,CZ,S,eens,emissions_MtCO2,0.0
2998,2028-ex-seven-suas,CZ,S,h_ror,emissions_MtCO2,0.0
2999,2028-ex-seven-suas,CZ,S,h_dams,emissions_MtCO2,0.0
3000,2028-ex-seven-suas,CZ,S,li,emissions_MtCO2,0.0
3001,2028-ex-seven-suas,CZ,S,pump_open,emissions_MtCO2,0.0
3002,2028-ex-seven-suas,CZ,S,pump,emissions_MtCO2,0.0
3003,2028-ex-seven-suas,CZ,S,TOTAL,emissions_MtCO2,27.84222364727721
3004,2028-ex-seven-suas,CZ,W,nuclear,emissions_MtCO2,0.0
3005,2028-ex-seven-suas,CZ,W,solar,emissions_MtCO2,0.0
3006,2028-ex-seven-suas,CZ,W,onshore,emissions_MtCO2,0.0
3007,2028-ex-seven-suas,CZ,W,waste,emissions_MtCO2,0.0
3008,2028-ex-seven-suas,CZ,W,gas_ccgt,emissions_MtCO2,1.00355164165135
3009,2028-ex-seven-suas,CZ,W,gas_chp,emissions_MtCO2,1.0430405907897702
3010,2028-ex-seven-suas,CZ,W,biogas,emissions_MtCO2,0.0
3011,2028-ex-seven-suas,CZ,W,lig_sc,emissions_MtCO2,0.4570784890586019
3012,2028-ex-seven-suas,CZ,W,bio,emissions_MtCO2,0.0
3013,2028-ex-seven-suas,CZ,W,gas_eng_chp,emissions_MtCO2,0.454562615976795
3014,2028-ex-seven-suas,CZ,W,lig,emissions_MtCO2,0.3752645818268175
3015,2028-ex-seven-suas,CZ,W,lig_ex,emissions_MtCO2,2.9029703708965946
3016,2028-ex-seven-suas,CZ,W,coal,emissions_MtCO2,0.0
3017,2028-ex-seven-suas,CZ,W,coal_ex,emissions_MtCO2,0.3151991533791168
3018,2028-ex-seven-suas,CZ,W,gas_peak,emissions_MtCO2,0.0185112869969465
3019,2028-ex-seven-suas,CZ,W,lig_old,emissions_MtCO2,0.0
3020,2028-ex-seven-suas,CZ,W,b_CHP,emissions_MtCO2,0.0
3021,2028-ex-seven-suas,CZ,W,lig_bp,emissions_MtCO2,2.574416268515785
3022,2028-ex-seven-suas,CZ,W,coal_bp,emissions_MtCO2,0.0
3023,2028-ex-seven-suas,CZ,W,dsr,emissions_MtCO2,0.0
3024,2028-ex-seven-suas,CZ,W,eens,emissions_MtCO2,0.0
3025,2028-ex-seven-suas,CZ,W,h_ror,emissions_MtCO2,0.0
3026,2028-ex-seven-suas,CZ,W,h_dams,emissions_MtCO2,0.0
3027,2028-ex-seven-suas,CZ,W,li,emissions_MtCO2,0.0
3028,2028-ex-seven-suas,CZ,W,pump_open,emissions_MtCO2,0.0
3029,2028-ex-seven-suas,CZ,W,pump,emissions_MtCO2,0.0
3030,2028-ex-seven-suas,CZ,W,TOTAL,emissions_MtCO2,27.84222364727721
3031,2028-ex-seven-suas,CZ,Y,nuclear,power_share_high_value,0.978648209235034
3032,2028-ex-seven-suas,CZ,Y,solar,power_share_high_value,0.8937878642512295
3033,2028-ex-seven-suas,CZ,Y,onshore,power_share_high_value,0.9839118156473646
3034,2028-ex-seven-suas,CZ,S,nuclear,power_share_high_value,0.9603398419245944
3035,2028-ex-seven-suas,CZ,S,solar,power_share_high_value,0.8644864718333534
3036,2028-ex-seven-suas,CZ,S,onshore,power_share_high_value,0.9634090958151562
3037,2028-ex-seven-suas,CZ,W,nuclear,power_share_high_value,0.9959392089176816
3038,2028-ex-seven-suas,CZ,W,solar,power_share_high_value,0.9635834661434338
3039,2028-ex-seven-suas,CZ,W,onshore,power_share_high_value,0.9952164851943364
3040,2028-ex-seven-suas,CZ,Y,nuclear,power_share_low_value,0.0211137313465819
3041,2028-ex-seven-suas,CZ,Y,solar,power_share_low_value,0.1051977841188965
3042,2028-ex-seven-suas,CZ,Y,onshore,power_share_low_value,0.0158261103118881
3043,2028-ex-seven-suas,CZ,S,nuclear,power_share_low_value,0.0391700323014904
3044,2028-ex-seven-suas,CZ,S,solar,power_share_low_value,0.1340733343010034
3045,2028-ex-seven-suas,CZ,S,onshore,power_share_low_value,0.0358535194231236
3046,2028-ex-seven-suas,CZ,W,nuclear,power_share_low_value,0.0040607910823182
3047,2028-ex-seven-suas,CZ,W,solar,power_share_low_value,0.036416533856566
3048,2028-ex-seven-suas,CZ,W,onshore,power_share_low_value,0.0047835148056638
3049,2028-ex-seven-suas,CZ,Y,nuclear,power_share_zero_value,0.0002380594183842
3050,2028-ex-seven-suas,CZ,Y,solar,power_share_zero_value,0.0010143516298736
3051,2028-ex-seven-suas,CZ,Y,onshore,power_share_zero_value,0.0002620740407471
3052,2028-ex-seven-suas,CZ,S,nuclear,power_share_zero_value,0.0004901257739149
3053,2028-ex-seven-suas,CZ,S,solar,power_share_zero_value,0.001440193865643
3054,2028-ex-seven-suas,CZ,S,onshore,power_share_zero_value,0.0007373847617202
3055,2028-ex-seven-suas,CZ,W,nuclear,power_share_zero_value,0.0
3056,2028-ex-seven-suas,CZ,W,solar,power_share_zero_value,0.0
3057,2028-ex-seven-suas,CZ,W,onshore,power_share_zero_value,0.0
3058,2028-stress,CZ,Y,nuclear,capacity_GW,4.099
3059,2028-stress,CZ,Y,solar,capacity_GW,7.0
3060,2028-stress,CZ,Y,onshore,capacity_GW,0.5
3061,2028-stress,CZ,Y,waste,capacity_GW,0.19575
3062,2028-stress,CZ,Y,gas_ccgt,capacity_GW,0.6174
3063,2028-stress,CZ,Y,gas_chp,capacity_GW,0.7644
3064,2028-stress,CZ,Y,biogas,capacity_GW,0.279
3065,2028-stress,CZ,Y,lig_sc,capacity_GW,0.4356
3066,2028-stress,CZ,Y,bio,capacity_GW,0.0
3067,2028-stress,CZ,Y,gas_eng_chp,capacity_GW,0.33131249999999995
3068,2028-stress,CZ,Y,lig,capacity_GW,0.8632799999999999
3069,2028-stress,CZ,Y,lig_ex,capacity_GW,1.15368
3070,2028-stress,CZ,Y,coal,capacity_GW,0.0
3071,2028-stress,CZ,Y,coal_ex,capacity_GW,0.11484
3072,2028-stress,CZ,Y,gas_peak,capacity_GW,0.096255
3073,2028-stress,CZ,Y,lig_old,capacity_GW,0.0
3074,2028-stress,CZ,Y,b_CHP,capacity_GW,0.20925
3075,2028-stress,CZ,Y,lig_bp,capacity_GW,0.34979999999999994
3076,2028-stress,CZ,Y,coal_bp,capacity_GW,0.0
3077,2028-stress,CZ,Y,dsr,capacity_GW,0.0
3078,2028-stress,CZ,Y,h_ror,capacity_GW,0.415
3079,2028-stress,CZ,Y,h_dams,capacity_GW,0.609
3080,2028-stress,CZ,Y,li,capacity_GW,0.1
3081,2028-stress,CZ,Y,pump_open,capacity_GW,0.47
3082,2028-stress,CZ,Y,pump,capacity_GW,0.678
3083,2028-stress,CZ,Y,TOTAL,capacity_GW,19.281567499999998
3084,2028-stress,CZ,Y,h_ror,capacity_charging_GW,0.0
3085,2028-stress,CZ,Y,h_dams,capacity_charging_GW,0.0
3086,2028-stress,CZ,Y,li,capacity_charging_GW,1.25599
3087,2028-stress,CZ,Y,pump_open,capacity_charging_GW,0.44
3088,2028-stress,CZ,Y,pump,capacity_charging_GW,0.664
3089,2028-stress,CZ,Y,nuclear,capacity_paid_off_GW,0.0
3090,2028-stress,CZ,Y,solar,capacity_paid_off_GW,0.0
3091,2028-stress,CZ,Y,onshore,capacity_paid_off_GW,0.0
3092,2028-stress,CZ,Y,waste,capacity_paid_off_GW,0.0
3093,2028-stress,CZ,Y,gas_ccgt,capacity_paid_off_GW,0.0
3094,2028-stress,CZ,Y,gas_chp,capacity_paid_off_GW,0.0
3095,2028-stress,CZ,Y,biogas,capacity_paid_off_GW,0.0
3096,2028-stress,CZ,Y,lig_sc,capacity_paid_off_GW,0.0
3097,2028-stress,CZ,Y,bio,capacity_paid_off_GW,0.0
3098,2028-stress,CZ,Y,gas_eng_chp,capacity_paid_off_GW,0.0
3099,2028-stress,CZ,Y,lig,capacity_paid_off_GW,0.0
3100,2028-stress,CZ,Y,lig_ex,capacity_paid_off_GW,0.0
3101,2028-stress,CZ,Y,coal,capacity_paid_off_GW,0.0
3102,2028-stress,CZ,Y,coal_ex,capacity_paid_off_GW,0.0
3103,2028-stress,CZ,Y,gas_peak,capacity_paid_off_GW,0.0
3104,2028-stress,CZ,Y,lig_old,capacity_paid_off_GW,0.0
3105,2028-stress,CZ,Y,b_CHP,capacity_paid_off_GW,0.0
3106,2028-stress,CZ,Y,lig_bp,capacity_paid_off_GW,0.0
3107,2028-stress,CZ,Y,coal_bp,capacity_paid_off_GW,0.0
3108,2028-stress,CZ,Y,dsr,capacity_paid_off_GW,0.0
3109,2028-stress,CZ,Y,h_ror,capacity_paid_off_GW,0.0
3110,2028-stress,CZ,Y,h_dams,capacity_paid_off_GW,0.0
3111,2028-stress,CZ,Y,li,capacity_paid_off_GW,0.0
3112,2028-stress,CZ,Y,pump_open,capacity_paid_off_GW,0.0
3113,2028-stress,CZ,Y,pump,capacity_paid_off_GW,0.0
3114,2028-stress,CZ,Y,h_ror,capacity_charging_paid_off_GW,0.0
3115,2028-stress,CZ,Y,h_dams,capacity_charging_paid_off_GW,0.0
3116,2028-stress,CZ,Y,li,capacity_charging_paid_off_GW,0.0
3117,2028-stress,CZ,Y,pump_open,capacity_charging_paid_off_GW,0.0
3118,2028-stress,CZ,Y,pump,capacity_charging_paid_off_GW,0.0
3119,2028-stress,CZ,Y,TOTAL,load_TWh,66.534165713
3120,2028-stress,CZ,S,TOTAL,load_TWh,30.649466236000002
3121,2028-stress,CZ,W,TOTAL,load_TWh,35.884699477
3122,2028-stress,CZ,Y,TOTAL,import_TWh,19.091967769607173
3123,2028-stress,CZ,S,TOTAL,import_TWh,8.93455009618718
3124,2028-stress,CZ,W,TOTAL,import_TWh,10.157417673419998
3125,2028-stress,CZ,Y,TOTAL,export_TWh,3.3692050475184967
3126,2028-stress,CZ,S,TOTAL,export_TWh,1.7473954538810506
3127,2028-stress,CZ,W,TOTAL,export_TWh,1.6218095936374464
3128,2028-stress,CZ,Y,TOTAL,net_import_TWh,15.722762722088676
3129,2028-stress,CZ,S,TOTAL,net_import_TWh,7.18715464230613
3130,2028-stress,CZ,W,TOTAL,net_import_TWh,8.535608079782552
3131,2028-stress,CZ,Y,TOTAL,curtailment_TWh,0.00025852523531023143
3132,2028-stress,CZ,S,TOTAL,curtailment_TWh,0.0002585252353082815
3133,2028-stress,CZ,W,TOTAL,curtailment_TWh,1.9499566406011582e-15
3134,2028-stress,CZ,Y,nuclear,production_TWh,24.13186136693848
3135,2028-stress,CZ,Y,solar,production_TWh,7.4123206528881065
3136,2028-stress,CZ,Y,onshore,production_TWh,1.1438183681505116
3137,2028-stress,CZ,Y,waste,production_TWh,1.1431799999998546
3138,2028-stress,CZ,Y,gas_ccgt,production_TWh,4.766059839605514
3139,2028-stress,CZ,Y,gas_chp,production_TWh,2.3277362427059343
3140,2028-stress,CZ,Y,biogas,production_TWh,1.223007552436471
3141,2028-stress,CZ,Y,lig_sc,production_TWh,0.8920442639220774
3142,2028-stress,CZ,Y,bio,production_TWh,0.0
3143,2028-stress,CZ,Y,gas_eng_chp,production_TWh,1.5478920000001002
3144,2028-stress,CZ,Y,lig,production_TWh,0.739227484290603
3145,2028-stress,CZ,Y,lig_ex,production_TWh,2.1832915976895766
3146,2028-stress,CZ,Y,coal,production_TWh,0.0
3147,2028-stress,CZ,Y,coal_ex,production_TWh,0.21698243787788302
3148,2028-stress,CZ,Y,gas_peak,production_TWh,0.06959609784941034
3149,2028-stress,CZ,Y,lig_old,production_TWh,0.0
3150,2028-stress,CZ,Y,b_CHP,production_TWh,0.01788621177777778
3151,2028-stress,CZ,Y,lig_bp,production_TWh,1.6342656000000317
3152,2028-stress,CZ,Y,coal_bp,production_TWh,0.0
3153,2028-stress,CZ,Y,dsr,production_TWh,0.0
3154,2028-stress,CZ,Y,eens,production_TWh,2.185016688062954e-19
3155,2028-stress,CZ,Y,h_ror,production_TWh,1.0772358111916622
3156,2028-stress,CZ,Y,h_dams,production_TWh,0.6639277142857143
3157,2028-stress,CZ,Y,li,production_TWh,0.09398286212420645
3158,2028-stress,CZ,Y,pump_open,production_TWh,0.4640600220284249
3159,2028-stress,CZ,Y,pump,production_TWh,0.6008328496924867
3160,2028-stress,CZ,Y,TOTAL,production_TWh,52.34920897545482
3161,2028-stress,CZ,S,nuclear,production_TWh,11.663389397825554
3162,2028-stress,CZ,S,solar,production_TWh,5.220616275883509
3163,2028-stress,CZ,S,onshore,production_TWh,0.4065246763747783
3164,2028-stress,CZ,S,waste,production_TWh,0.46053160432281165
3165,2028-stress,CZ,S,gas_ccgt,production_TWh,2.1336331435538205
3166,2028-stress,CZ,S,gas_chp,production_TWh,0.5263735191829356
3167,2028-stress,CZ,S,biogas,production_TWh,0.45154708745510097
3168,2028-stress,CZ,S,lig_sc,production_TWh,0.0019581055329361847
3169,2028-stress,CZ,S,bio,production_TWh,0.0
3170,2028-stress,CZ,S,gas_eng_chp,production_TWh,0.5746651535190628
3171,2028-stress,CZ,S,lig,production_TWh,0.0
3172,2028-stress,CZ,S,lig_ex,production_TWh,0.9843134103153155
3173,2028-stress,CZ,S,coal,production_TWh,0.0
3174,2028-stress,CZ,S,coal_ex,production_TWh,0.07119977516523814
3175,2028-stress,CZ,S,gas_peak,production_TWh,0.000481275
3176,2028-stress,CZ,S,lig_old,production_TWh,0.0
3177,2028-stress,CZ,S,b_CHP,production_TWh,6.381936626793872e-19
3178,2028-stress,CZ,S,lig_bp,production_TWh,0.36433055877249154
3179,2028-stress,CZ,S,coal_bp,production_TWh,0.0
3180,2028-stress,CZ,S,dsr,production_TWh,0.0
3181,2028-stress,CZ,S,eens,production_TWh,2.185016688062952e-19
3182,2028-stress,CZ,S,h_ror,production_TWh,0.5228018111916624
3183,2028-stress,CZ,S,h_dams,production_TWh,0.3416882669689175
3184,2028-stress,CZ,S,li,production_TWh,0.040322680396707646
3185,2028-stress,CZ,S,pump_open,production_TWh,0.2998049656577727
3186,2028-stress,CZ,S,pump,production_TWh,0.41282897724108525
3187,2028-stress,CZ,S,TOTAL,production_TWh,104.69841795090964
3188,2028-stress,CZ,W,nuclear,production_TWh,12.468471969112926
3189,2028-stress,CZ,W,solar,production_TWh,2.1917043770045965
3190,2028-stress,CZ,W,onshore,production_TWh,0.7372936917757331
3191,2028-stress,CZ,W,waste,production_TWh,0.6826483956770429
3192,2028-stress,CZ,W,gas_ccgt,production_TWh,2.632426696051693
3193,2028-stress,CZ,W,gas_chp,production_TWh,1.8013627235229988
3194,2028-stress,CZ,W,biogas,production_TWh,0.7714604649813701
3195,2028-stress,CZ,W,lig_sc,production_TWh,0.8900861583891413
3196,2028-stress,CZ,W,bio,production_TWh,0.0
3197,2028-stress,CZ,W,gas_eng_chp,production_TWh,0.9732268464810373
3198,2028-stress,CZ,W,lig,production_TWh,0.739227484290603
3199,2028-stress,CZ,W,lig_ex,production_TWh,1.1989781873742607
3200,2028-stress,CZ,W,coal,production_TWh,0.0
3201,2028-stress,CZ,W,coal_ex,production_TWh,0.1457826627126449
3202,2028-stress,CZ,W,gas_peak,production_TWh,0.06911482284941034
3203,2028-stress,CZ,W,lig_old,production_TWh,0.0
3204,2028-stress,CZ,W,b_CHP,production_TWh,0.01788621177777778
3205,2028-stress,CZ,W,lig_bp,production_TWh,1.2699350412275405
3206,2028-stress,CZ,W,coal_bp,production_TWh,0.0
3207,2028-stress,CZ,W,dsr,production_TWh,0.0
3208,2028-stress,CZ,W,eens,production_TWh,0.0
3209,2028-stress,CZ,W,h_ror,production_TWh,0.554434
3210,2028-stress,CZ,W,h_dams,production_TWh,0.3222394473167969
3211,2028-stress,CZ,W,li,production_TWh,0.053660181727498805
3212,2028-stress,CZ,W,pump_open,production_TWh,0.16425505637065216
3213,2028-stress,CZ,W,pump,production_TWh,0.18800387245140146
3214,2028-stress,CZ,W,TOTAL,production_TWh,104.69841795090964
3215,2028-stress,CZ,Y,gas_chp,production_el_eq_TWh,3.571276799999947
3216,2028-stress,CZ,Y,gas_eng_chp,production_el_eq_TWh,1.5478920000001002
3217,2028-stress,CZ,Y,lig_ex,production_el_eq_TWh,5.389992960000206
3218,2028-stress,CZ,Y,coal_ex,production_el_eq_TWh,0.5365324800000312
3219,2028-stress,CZ,Y,b_CHP,production_el_eq_TWh,0.044715529444444437
3220,2028-stress,CZ,Y,lig_bp,production_el_eq_TWh,1.6342656000000317
3221,2028-stress,CZ,Y,coal_bp,production_el_eq_TWh,0.0
3222,2028-stress,CZ,Y,eens,production_el_eq_TWh,0.0
3223,2028-stress,CZ,S,gas_chp,production_el_eq_TWh,0.8895611718089038
3224,2028-stress,CZ,S,gas_eng_chp,production_el_eq_TWh,0.5746651535190628
3225,2028-stress,CZ,S,lig_ex,production_el_eq_TWh,2.4600776913748876
3226,2028-stress,CZ,S,coal_ex,production_el_eq_TWh,0.17782616014549715
3227,2028-stress,CZ,S,b_CHP,production_el_eq_TWh,1.5954841566984676e-18
3228,2028-stress,CZ,S,lig_bp,production_el_eq_TWh,0.36433055877249154
3229,2028-stress,CZ,S,coal_bp,production_el_eq_TWh,0.0
3230,2028-stress,CZ,S,eens,production_el_eq_TWh,0.0
3231,2028-stress,CZ,W,gas_chp,production_el_eq_TWh,2.6817156281910433
3232,2028-stress,CZ,W,gas_eng_chp,production_el_eq_TWh,0.9732268464810373
3233,2028-stress,CZ,W,lig_ex,production_el_eq_TWh,2.929915268625319
3234,2028-stress,CZ,W,coal_ex,production_el_eq_TWh,0.3587063198545341
3235,2028-stress,CZ,W,b_CHP,production_el_eq_TWh,0.044715529444444437
3236,2028-stress,CZ,W,lig_bp,production_el_eq_TWh,1.2699350412275405
3237,2028-stress,CZ,W,coal_bp,production_el_eq_TWh,0.0
3238,2028-stress,CZ,W,eens,production_el_eq_TWh,0.0
3239,2028-stress,CZ,Y,solar,production_used_TWh,7.4123206528881065
3240,2028-stress,CZ,Y,onshore,production_used_TWh,1.1438183681505116
3241,2028-stress,CZ,S,solar,production_used_TWh,5.220616275883509
3242,2028-stress,CZ,S,onshore,production_used_TWh,0.4065246763747783
3243,2028-stress,CZ,W,solar,production_used_TWh,2.1917043770045965
3244,2028-stress,CZ,W,onshore,production_used_TWh,0.7372936917757331
3245,2028-stress,CZ,Y,solar,production_excess_TWh,0.0
3246,2028-stress,CZ,Y,onshore,production_excess_TWh,0.0
3247,2028-stress,CZ,S,solar,production_excess_TWh,0.0
3248,2028-stress,CZ,S,onshore,production_excess_TWh,0.0
3249,2028-stress,CZ,W,solar,production_excess_TWh,0.0
3250,2028-stress,CZ,W,onshore,production_excess_TWh,0.0
3251,2028-stress,CZ,Y,h_ror,discharged_TWh,1.0772358111916622
3252,2028-stress,CZ,Y,h_dams,discharged_TWh,0.6639277142857143
3253,2028-stress,CZ,Y,li,discharged_TWh,0.09398286212420645
3254,2028-stress,CZ,Y,pump_open,discharged_TWh,0.4640600220284249
3255,2028-stress,CZ,Y,pump,discharged_TWh,0.6008328496924867
3256,2028-stress,CZ,Y,TOTAL,discharged_TWh,2.9000392593224946
3257,2028-stress,CZ,S,h_ror,discharged_TWh,0.5228018111916624
3258,2028-stress,CZ,S,h_dams,discharged_TWh,0.3416882669689175
3259,2028-stress,CZ,S,li,discharged_TWh,0.040322680396707646
3260,2028-stress,CZ,S,pump_open,discharged_TWh,0.2998049656577727
3261,2028-stress,CZ,S,pump,discharged_TWh,0.41282897724108525
3262,2028-stress,CZ,S,TOTAL,discharged_TWh,5.800078518644989
3263,2028-stress,CZ,W,h_ror,discharged_TWh,0.554434
3264,2028-stress,CZ,W,h_dams,discharged_TWh,0.3222394473167969
3265,2028-stress,CZ,W,li,discharged_TWh,0.053660181727498805
3266,2028-stress,CZ,W,pump_open,discharged_TWh,0.16425505637065216
3267,2028-stress,CZ,W,pump,discharged_TWh,0.18800387245140146
3268,2028-stress,CZ,W,TOTAL,discharged_TWh,5.800078518644989
3269,2028-stress,CZ,Y,h_ror,charged_TWh,0.0
3270,2028-stress,CZ,Y,h_dams,charged_TWh,0.0
3271,2028-stress,CZ,Y,li,charged_TWh,0.10413116921962612
3272,2028-stress,CZ,Y,pump_open,charged_TWh,0.5989262210712252
3273,2028-stress,CZ,Y,pump,charged_TWh,0.8344900690173428
3274,2028-stress,CZ,Y,TOTAL,charged_TWh,1.5375474593081941
3275,2028-stress,CZ,S,h_ror,charged_TWh,0.0
3276,2028-stress,CZ,S,h_dams,charged_TWh,0.0
3277,2028-stress,CZ,S,li,charged_TWh,0.04467390414760527
3278,2028-stress,CZ,S,pump_open,charged_TWh,0.3975020720114568
3279,2028-stress,CZ,S,pump,charged_TWh,0.5722645892714573
3280,2028-stress,CZ,S,TOTAL,charged_TWh,3.0750949186163883
3281,2028-stress,CZ,W,h_ror,charged_TWh,0.0
3282,2028-stress,CZ,W,h_dams,charged_TWh,0.0
3283,2028-stress,CZ,W,li,charged_TWh,0.05945726507202084
3284,2028-stress,CZ,W,pump_open,charged_TWh,0.20142414905976824
3285,2028-stress,CZ,W,pump,charged_TWh,0.26222547974588545
3286,2028-stress,CZ,W,TOTAL,charged_TWh,3.0750949186163883
3287,2028-stress,CZ,Y,h_ror,inflow_TWh,1.077883
3288,2028-stress,CZ,Y,h_dams,inflow_TWh,0.6639277142857143
3289,2028-stress,CZ,Y,pump_open,inflow_TWh,0.03283314285714285
3290,2028-stress,CZ,S,h_ror,inflow_TWh,0.523449
3291,2028-stress,CZ,S,h_dams,inflow_TWh,0.340147
3292,2028-stress,CZ,S,pump_open,inflow_TWh,0.013224
3293,2028-stress,CZ,W,h_ror,inflow_TWh,0.554434
3294,2028-stress,CZ,W,h_dams,inflow_TWh,0.3237807142857143
3295,2028-stress,CZ,W,pump_open,inflow_TWh,0.019609142857142856
3296,2028-stress,CZ,Y,gas_chp,heat_production_PJ,8.953492012516893
3297,2028-stress,CZ,Y,gas_eng_chp,heat_production_PJ,5.572411200000361
3298,2028-stress,CZ,Y,lig_ex,heat_production_PJ,32.32354973209115
3299,2028-stress,CZ,Y,coal_ex,heat_production_PJ,3.221064424591254
3300,2028-stress,CZ,Y,b_CHP,heat_production_PJ,0.2897566307999999
3301,2028-stress,CZ,Y,lig_bp,heat_production_PJ,17.650068480000346
3302,2028-stress,CZ,Y,coal_bp,heat_production_PJ,0.0
3303,2028-stress,CZ,Y,eens,heat_production_PJ,-7.866060077026635e-19
3304,2028-stress,CZ,S,gas_chp,heat_production_PJ,2.614951098906971
3305,2028-stress,CZ,S,gas_eng_chp,heat_production_PJ,2.068794552668626
3306,2028-stress,CZ,S,lig_ex,heat_production_PJ,14.875703953080485
3307,2028-stress,CZ,S,coal_ex,heat_production_PJ,1.0747939606010108
3308,2028-stress,CZ,S,b_CHP,heat_production_PJ,1.033873733540607e-17
3309,2028-stress,CZ,S,lig_bp,heat_production_PJ,3.9347700347429084
3310,2028-stress,CZ,S,coal_bp,heat_production_PJ,0.0
3311,2028-stress,CZ,S,eens,heat_production_PJ,-7.866060077026628e-19
3312,2028-stress,CZ,W,gas_chp,heat_production_PJ,6.33854091360992
3313,2028-stress,CZ,W,gas_eng_chp,heat_production_PJ,3.5036166473317345
3314,2028-stress,CZ,W,lig_ex,heat_production_PJ,17.447845779010663
3315,2028-stress,CZ,W,coal_ex,heat_production_PJ,2.146270463990243
3316,2028-stress,CZ,W,b_CHP,heat_production_PJ,0.2897566308
3317,2028-stress,CZ,W,lig_bp,heat_production_PJ,13.715298445257435
3318,2028-stress,CZ,W,coal_bp,heat_production_PJ,0.0
3319,2028-stress,CZ,W,eens,heat_production_PJ,0.0
3320,2028-stress,CZ,Y,waste,production_hours,6688.0
3321,2028-stress,CZ,Y,gas_ccgt,production_hours,7947.0
3322,2028-stress,CZ,Y,gas_chp,production_hours,7693.0
3323,2028-stress,CZ,Y,biogas,production_hours,4781.0
3324,2028-stress,CZ,Y,lig_sc,production_hours,2508.0
3325,2028-stress,CZ,Y,bio,production_hours,0.0
3326,2028-stress,CZ,Y,gas_eng_chp,production_hours,5602.0
3327,2028-stress,CZ,Y,lig,production_hours,1234.0
3328,2028-stress,CZ,Y,lig_ex,production_hours,8434.0
3329,2028-stress,CZ,Y,coal,production_hours,0.0
3330,2028-stress,CZ,Y,coal_ex,production_hours,8396.0
3331,2028-stress,CZ,Y,gas_peak,production_hours,818.0
3332,2028-stress,CZ,Y,lig_old,production_hours,0.0
3333,2028-stress,CZ,Y,b_CHP,production_hours,338.0
3334,2028-stress,CZ,Y,lig_bp,production_hours,7138.0
3335,2028-stress,CZ,Y,coal_bp,production_hours,0.0
3336,2028-stress,CZ,Y,dsr,production_hours,0.0
3337,2028-stress,CZ,Y,eens,production_hours,0.0
3338,2028-stress,CZ,Y,h_ror,production_hours,8760.0
3339,2028-stress,CZ,Y,h_dams,production_hours,8760.0
3340,2028-stress,CZ,Y,li,production_hours,1078.0
3341,2028-stress,CZ,Y,pump_open,production_hours,1534.0
3342,2028-stress,CZ,Y,pump,production_hours,1258.0
3343,2028-stress,CZ,S,waste,production_hours,2903.0
3344,2028-stress,CZ,S,gas_ccgt,production_hours,3635.0
3345,2028-stress,CZ,S,gas_chp,production_hours,3312.0
3346,2028-stress,CZ,S,biogas,production_hours,1803.0
3347,2028-stress,CZ,S,lig_sc,production_hours,42.0
3348,2028-stress,CZ,S,bio,production_hours,0.0
3349,2028-stress,CZ,S,gas_eng_chp,production_hours,2094.0
3350,2028-stress,CZ,S,lig,production_hours,0.0
3351,2028-stress,CZ,S,lig_ex,production_hours,4042.0
3352,2028-stress,CZ,S,coal,production_hours,0.0
3353,2028-stress,CZ,S,coal_ex,production_hours,4004.0
3354,2028-stress,CZ,S,gas_peak,production_hours,6.0
3355,2028-stress,CZ,S,lig_old,production_hours,0.0
3356,2028-stress,CZ,S,b_CHP,production_hours,0.0
3357,2028-stress,CZ,S,lig_bp,production_hours,2779.0
3358,2028-stress,CZ,S,coal_bp,production_hours,0.0
3359,2028-stress,CZ,S,dsr,production_hours,0.0
3360,2028-stress,CZ,S,eens,production_hours,0.0
3361,2028-stress,CZ,S,h_ror,production_hours,4368.0
3362,2028-stress,CZ,S,h_dams,production_hours,4368.0
3363,2028-stress,CZ,S,li,production_hours,459.0
3364,2028-stress,CZ,S,pump_open,production_hours,954.0
3365,2028-stress,CZ,S,pump,production_hours,841.0
3366,2028-stress,CZ,W,waste,production_hours,3785.0
3367,2028-stress,CZ,W,gas_ccgt,production_hours,4312.0
3368,2028-stress,CZ,W,gas_chp,production_hours,4381.0
3369,2028-stress,CZ,W,biogas,production_hours,2978.0
3370,2028-stress,CZ,W,lig_sc,production_hours,2466.0
3371,2028-stress,CZ,W,bio,production_hours,0.0
3372,2028-stress,CZ,W,gas_eng_chp,production_hours,3508.0
3373,2028-stress,CZ,W,lig,production_hours,1234.0
3374,2028-stress,CZ,W,lig_ex,production_hours,4392.0
3375,2028-stress,CZ,W,coal,production_hours,0.0
3376,2028-stress,CZ,W,coal_ex,production_hours,4392.0
3377,2028-stress,CZ,W,gas_peak,production_hours,812.0
3378,2028-stress,CZ,W,lig_old,production_hours,0.0
3379,2028-stress,CZ,W,b_CHP,production_hours,338.0
3380,2028-stress,CZ,W,lig_bp,production_hours,4359.0
3381,2028-stress,CZ,W,coal_bp,production_hours,0.0
3382,2028-stress,CZ,W,dsr,production_hours,0.0
3383,2028-stress,CZ,W,eens,production_hours,0.0
3384,2028-stress,CZ,W,h_ror,production_hours,4392.0
3385,2028-stress,CZ,W,h_dams,production_hours,4392.0
3386,2028-stress,CZ,W,li,production_hours,619.0
3387,2028-stress,CZ,W,pump_open,production_hours,580.0
3388,2028-stress,CZ,W,pump,production_hours,417.0
3389,2028-stress,CZ,Y,nuclear,capex_mn_EUR_per_yr,2738.4690791124917
3390,2028-stress,CZ,Y,solar,capex_mn_EUR_per_yr,362.97951645653444
3391,2028-stress,CZ,Y,onshore,capex_mn_EUR_per_yr,68.82996852045387
3392,2028-stress,CZ,Y,waste,capex_mn_EUR_per_yr,228.2938717209026
3393,2028-stress,CZ,Y,gas_ccgt,capex_mn_EUR_per_yr,76.18061222457844
3394,2028-stress,CZ,Y,gas_chp,capex_mn_EUR_per_yr,138.841538451773
3395,2028-stress,CZ,Y,biogas,capex_mn_EUR_per_yr,16.217086196531145
3396,2028-stress,CZ,Y,lig_sc,capex_mn_EUR_per_yr,144.15255774515765
3397,2028-stress,CZ,Y,bio,capex_mn_EUR_per_yr,0.0
3398,2028-stress,CZ,Y,gas_eng_chp,capex_mn_EUR_per_yr,22.59441391073202
3399,2028-stress,CZ,Y,lig,capex_mn_EUR_per_yr,285.68415989494883
3400,2028-stress,CZ,Y,lig_ex,capex_mn_EUR_per_yr,381.78586505838734
3401,2028-stress,CZ,Y,coal,capex_mn_EUR_per_yr,0.0
3402,2028-stress,CZ,Y,coal_ex,capex_mn_EUR_per_yr,26.048184884115727
3403,2028-stress,CZ,Y,gas_peak,capex_mn_EUR_per_yr,7.893982066856129
3404,2028-stress,CZ,Y,lig_old,capex_mn_EUR_per_yr,0.0
3405,2028-stress,CZ,Y,b_CHP,capex_mn_EUR_per_yr,109.81713302115291
3406,2028-stress,CZ,Y,lig_bp,capex_mn_EUR_per_yr,115.75887212868723
3407,2028-stress,CZ,Y,coal_bp,capex_mn_EUR_per_yr,0.0
3408,2028-stress,CZ,Y,dsr,capex_mn_EUR_per_yr,0.0
3409,2028-stress,CZ,Y,h_ror,capex_mn_EUR_per_yr,84.30517292657983
3410,2028-stress,CZ,Y,h_dams,capex_mn_EUR_per_yr,123.71530195731836
3411,2028-stress,CZ,Y,li,capex_mn_EUR_per_yr,4.011568788183623
3412,2028-stress,CZ,Y,pump_open,capex_mn_EUR_per_yr,95.47814765178921
3413,2028-stress,CZ,Y,pump,capex_mn_EUR_per_yr,137.73230661258106
3414,2028-stress,CZ,S,nuclear,capex_mn_EUR_per_yr,2738.4690791124917
3415,2028-stress,CZ,S,solar,capex_mn_EUR_per_yr,362.97951645653444
3416,2028-stress,CZ,S,onshore,capex_mn_EUR_per_yr,68.82996852045387
3417,2028-stress,CZ,S,waste,capex_mn_EUR_per_yr,228.2938717209026
3418,2028-stress,CZ,S,gas_ccgt,capex_mn_EUR_per_yr,76.18061222457844
3419,2028-stress,CZ,S,gas_chp,capex_mn_EUR_per_yr,138.841538451773
3420,2028-stress,CZ,S,biogas,capex_mn_EUR_per_yr,16.217086196531145
3421,2028-stress,CZ,S,lig_sc,capex_mn_EUR_per_yr,144.15255774515765
3422,2028-stress,CZ,S,bio,capex_mn_EUR_per_yr,0.0
3423,2028-stress,CZ,S,gas_eng_chp,capex_mn_EUR_per_yr,22.59441391073202
3424,2028-stress,CZ,S,lig,capex_mn_EUR_per_yr,285.68415989494883
3425,2028-stress,CZ,S,lig_ex,capex_mn_EUR_per_yr,381.78586505838734
3426,2028-stress,CZ,S,coal,capex_mn_EUR_per_yr,0.0
3427,2028-stress,CZ,S,coal_ex,capex_mn_EUR_per_yr,26.048184884115727
3428,2028-stress,CZ,S,gas_peak,capex_mn_EUR_per_yr,7.893982066856129
3429,2028-stress,CZ,S,lig_old,capex_mn_EUR_per_yr,0.0
3430,2028-stress,CZ,S,b_CHP,capex_mn_EUR_per_yr,109.81713302115291
3431,2028-stress,CZ,S,lig_bp,capex_mn_EUR_per_yr,115.75887212868723
3432,2028-stress,CZ,S,coal_bp,capex_mn_EUR_per_yr,0.0
3433,2028-stress,CZ,S,dsr,capex_mn_EUR_per_yr,0.0
3434,2028-stress,CZ,S,h_ror,capex_mn_EUR_per_yr,84.30517292657983
3435,2028-stress,CZ,S,h_dams,capex_mn_EUR_per_yr,123.71530195731836
3436,2028-stress,CZ,S,li,capex_mn_EUR_per_yr,4.011568788183623
3437,2028-stress,CZ,S,pump_open,capex_mn_EUR_per_yr,95.47814765178921
3438,2028-stress,CZ,S,pump,capex_mn_EUR_per_yr,137.73230661258106
3439,2028-stress,CZ,W,nuclear,capex_mn_EUR_per_yr,2738.4690791124917
3440,2028-stress,CZ,W,solar,capex_mn_EUR_per_yr,362.97951645653444
3441,2028-stress,CZ,W,onshore,capex_mn_EUR_per_yr,68.82996852045387
3442,2028-stress,CZ,W,waste,capex_mn_EUR_per_yr,228.2938717209026
3443,2028-stress,CZ,W,gas_ccgt,capex_mn_EUR_per_yr,76.18061222457844
3444,2028-stress,CZ,W,gas_chp,capex_mn_EUR_per_yr,138.841538451773
3445,2028-stress,CZ,W,biogas,capex_mn_EUR_per_yr,16.217086196531145
3446,2028-stress,CZ,W,lig_sc,capex_mn_EUR_per_yr,144.15255774515765
3447,2028-stress,CZ,W,bio,capex_mn_EUR_per_yr,0.0
3448,2028-stress,CZ,W,gas_eng_chp,capex_mn_EUR_per_yr,22.59441391073202
3449,2028-stress,CZ,W,lig,capex_mn_EUR_per_yr,285.68415989494883
3450,2028-stress,CZ,W,lig_ex,capex_mn_EUR_per_yr,381.78586505838734
3451,2028-stress,CZ,W,coal,capex_mn_EUR_per_yr,0.0
3452,2028-stress,CZ,W,coal_ex,capex_mn_EUR_per_yr,26.048184884115727
3453,2028-stress,CZ,W,gas_peak,capex_mn_EUR_per_yr,7.893982066856129
3454,2028-stress,CZ,W,lig_old,capex_mn_EUR_per_yr,0.0
3455,2028-stress,CZ,W,b_CHP,capex_mn_EUR_per_yr,109.81713302115291
3456,2028-stress,CZ,W,lig_bp,capex_mn_EUR_per_yr,115.75887212868723
3457,2028-stress,CZ,W,coal_bp,capex_mn_EUR_per_yr,0.0
3458,2028-stress,CZ,W,dsr,capex_mn_EUR_per_yr,0.0
3459,2028-stress,CZ,W,h_ror,capex_mn_EUR_per_yr,84.30517292657983
3460,2028-stress,CZ,W,h_dams,capex_mn_EUR_per_yr,123.71530195731836
3461,2028-stress,CZ,W,li,capex_mn_EUR_per_yr,4.011568788183623
3462,2028-stress,CZ,W,pump_open,capex_mn_EUR_per_yr,95.47814765178921
3463,2028-stress,CZ,W,pump,capex_mn_EUR_per_yr,137.73230661258106
3464,2028-stress,CZ,Y,nuclear,opex_mn_EUR,494.9444766359082
3465,2028-stress,CZ,Y,solar,opex_mn_EUR,0.0
3466,2028-stress,CZ,Y,onshore,opex_mn_EUR,0.0
3467,2028-stress,CZ,Y,waste,opex_mn_EUR,45.82842405360805
3468,2028-stress,CZ,Y,gas_ccgt,opex_mn_EUR,405.9536831503558
3469,2028-stress,CZ,Y,gas_chp,opex_mn_EUR,202.10094855922267
3470,2028-stress,CZ,Y,biogas,opex_mn_EUR,120.92155513983425
3471,2028-stress,CZ,Y,lig_sc,opex_mn_EUR,93.80200068124992
3472,2028-stress,CZ,Y,bio,opex_mn_EUR,0.0
3473,2028-stress,CZ,Y,gas_eng_chp,opex_mn_EUR,167.56790840001082
3474,2028-stress,CZ,Y,lig,opex_mn_EUR,83.79468642026606
3475,2028-stress,CZ,Y,lig_ex,opex_mn_EUR,243.8251776635152
3476,2028-stress,CZ,Y,coal,opex_mn_EUR,0.0
3477,2028-stress,CZ,Y,coal_ex,opex_mn_EUR,24.482865073727687
3478,2028-stress,CZ,Y,gas_peak,opex_mn_EUR,8.412994541876277
3479,2028-stress,CZ,Y,lig_old,opex_mn_EUR,0.0
3480,2028-stress,CZ,Y,b_CHP,opex_mn_EUR,2.8972914669514407
3481,2028-stress,CZ,Y,lig_bp,opex_mn_EUR,359.0671247902757
3482,2028-stress,CZ,Y,coal_bp,opex_mn_EUR,0.0
3483,2028-stress,CZ,Y,dsr,opex_mn_EUR,0.0
3484,2028-stress,CZ,Y,h_ror,opex_mn_EUR,2.1544716223833245
3485,2028-stress,CZ,Y,h_dams,opex_mn_EUR,1.9917831428571429
3486,2028-stress,CZ,Y,li,opex_mn_EUR,0.4699143106210323
3487,2028-stress,CZ,Y,pump_open,opex_mn_EUR,1.8562400881136996
3488,2028-stress,CZ,Y,pump,opex_mn_EUR,2.403331398769947
3489,2028-stress,CZ,S,nuclear,opex_mn_EUR,239.2161165494021
3490,2028-stress,CZ,S,solar,opex_mn_EUR,0.0
3491,2028-stress,CZ,S,onshore,opex_mn_EUR,0.0
3492,2028-stress,CZ,S,waste,opex_mn_EUR,19.05313324000449
3493,2028-stress,CZ,S,gas_ccgt,opex_mn_EUR,184.01378737610375
3494,2028-stress,CZ,S,gas_chp,opex_mn_EUR,45.91665256807618
3495,2028-stress,CZ,S,biogas,opex_mn_EUR,44.78108138809487
3496,2028-stress,CZ,S,lig_sc,opex_mn_EUR,0.21455409641443107
3497,2028-stress,CZ,S,bio,opex_mn_EUR,0.0
3498,2028-stress,CZ,S,gas_eng_chp,opex_mn_EUR,62.21069545262476
3499,2028-stress,CZ,S,lig,opex_mn_EUR,0.0
3500,2028-stress,CZ,S,lig_ex,opex_mn_EUR,109.82905292894068
3501,2028-stress,CZ,S,coal,opex_mn_EUR,0.0
3502,2028-stress,CZ,S,coal_ex,opex_mn_EUR,8.026170912218824
3503,2028-stress,CZ,S,gas_peak,opex_mn_EUR,0.05943639299999999
3504,2028-stress,CZ,S,lig_old,opex_mn_EUR,0.0
3505,2028-stress,CZ,S,b_CHP,opex_mn_EUR,1.1162868437132553e-16
3506,2028-stress,CZ,S,lig_bp,opex_mn_EUR,81.03617888724152
3507,2028-stress,CZ,S,coal_bp,opex_mn_EUR,0.0
3508,2028-stress,CZ,S,dsr,opex_mn_EUR,0.0
3509,2028-stress,CZ,S,h_ror,opex_mn_EUR,
3510,2028-stress,CZ,S,h_dams,opex_mn_EUR,1.0250648009067524
3511,2028-stress,CZ,S,li,opex_mn_EUR,0.20161340198353825
3512,2028-stress,CZ,S,pump_open,opex_mn_EUR,1.1992198626310908
3513,2028-stress,CZ,S,pump,opex_mn_EUR,1.651315908964341
3514,2028-stress,CZ,W,nuclear,opex_mn_EUR,255.72836008650606
3515,2028-stress,CZ,W,solar,opex_mn_EUR,0.0
3516,2028-stress,CZ,W,onshore,opex_mn_EUR,0.0
3517,2028-stress,CZ,W,waste,opex_mn_EUR,26.775290813603554
3518,2028-stress,CZ,W,gas_ccgt,opex_mn_EUR,221.93989577425205
3519,2028-stress,CZ,W,gas_chp,opex_mn_EUR,156.18429599114648
3520,2028-stress,CZ,W,biogas,opex_mn_EUR,76.14047375173939
3521,2028-stress,CZ,W,lig_sc,opex_mn_EUR,93.5874465848355
3522,2028-stress,CZ,W,bio,opex_mn_EUR,0.0
3523,2028-stress,CZ,W,gas_eng_chp,opex_mn_EUR,105.35721294738607
3524,2028-stress,CZ,W,lig,opex_mn_EUR,83.79468642026606
3525,2028-stress,CZ,W,lig_ex,opex_mn_EUR,133.99612473457447
3526,2028-stress,CZ,W,coal,opex_mn_EUR,0.0
3527,2028-stress,CZ,W,coal_ex,opex_mn_EUR,16.456694161508867
3528,2028-stress,CZ,W,gas_peak,opex_mn_EUR,8.353558148876276
3529,2028-stress,CZ,W,lig_old,opex_mn_EUR,0.0
3530,2028-stress,CZ,W,b_CHP,opex_mn_EUR,2.8972914669514407
3531,2028-stress,CZ,W,lig_bp,opex_mn_EUR,278.03094590303425
3532,2028-stress,CZ,W,coal_bp,opex_mn_EUR,0.0
3533,2028-stress,CZ,W,dsr,opex_mn_EUR,0.0
3534,2028-stress,CZ,W,h_ror,opex_mn_EUR,1.108868
3535,2028-stress,CZ,W,h_dams,opex_mn_EUR,0.9667183419503906
3536,2028-stress,CZ,W,li,opex_mn_EUR,0.268300908637494
3537,2028-stress,CZ,W,pump_open,opex_mn_EUR,0.6570202254826086
3538,2028-stress,CZ,W,pump,opex_mn_EUR,0.7520154898056058
3539,2028-stress,CZ,Y,h_ror,wholesale_expenses_mn_EUR,0.0
3540,2028-stress,CZ,Y,h_dams,wholesale_expenses_mn_EUR,0.0
3541,2028-stress,CZ,Y,li,wholesale_expenses_mn_EUR,7.7466458555529805
3542,2028-stress,CZ,Y,pump_open,wholesale_expenses_mn_EUR,34.25956353943416
3543,2028-stress,CZ,Y,pump,wholesale_expenses_mn_EUR,46.648595817054115
3544,2028-stress,CZ,Y,IMPORT_EXPORT,wholesale_expenses_mn_EUR,1584.534972594513
3545,2028-stress,CZ,S,h_ror,wholesale_expenses_mn_EUR,0.0
3546,2028-stress,CZ,S,h_dams,wholesale_expenses_mn_EUR,0.0
3547,2028-stress,CZ,S,li,wholesale_expenses_mn_EUR,2.6132828587216586
3548,2028-stress,CZ,S,pump_open,wholesale_expenses_mn_EUR,19.700672291276824
3549,2028-stress,CZ,S,pump,wholesale_expenses_mn_EUR,28.200786476896532
3550,2028-stress,CZ,S,IMPORT_EXPORT,wholesale_expenses_mn_EUR,625.965858859633
3551,2028-stress,CZ,W,h_ror,wholesale_expenses_mn_EUR,0.0
3552,2028-stress,CZ,W,h_dams,wholesale_expenses_mn_EUR,0.0
3553,2028-stress,CZ,W,li,wholesale_expenses_mn_EUR,5.133362996831323
3554,2028-stress,CZ,W,pump_open,wholesale_expenses_mn_EUR,14.558891248157336
3555,2028-stress,CZ,W,pump,wholesale_expenses_mn_EUR,18.447809340157576
3556,2028-stress,CZ,W,IMPORT_EXPORT,wholesale_expenses_mn_EUR,958.56911373488
3557,2028-stress,CZ,Y,nuclear,wholesale_revenues_mn_EUR,2454.5968607340155
3558,2028-stress,CZ,Y,solar,wholesale_revenues_mn_EUR,532.6810121061784
3559,2028-stress,CZ,Y,onshore,wholesale_revenues_mn_EUR,112.31654533030353
3560,2028-stress,CZ,Y,waste,wholesale_revenues_mn_EUR,133.2969766165475
3561,2028-stress,CZ,Y,gas_ccgt,wholesale_revenues_mn_EUR,517.4819871344052
3562,2028-stress,CZ,Y,gas_chp,wholesale_revenues_mn_EUR,299.0242892384601
3563,2028-stress,CZ,Y,biogas,wholesale_revenues_mn_EUR,152.80183607436794
3564,2028-stress,CZ,Y,lig_sc,wholesale_revenues_mn_EUR,128.39400937144828
3565,2028-stress,CZ,Y,bio,wholesale_revenues_mn_EUR,0.0
3566,2028-stress,CZ,Y,gas_eng_chp,wholesale_revenues_mn_EUR,189.47597786069815
3567,2028-stress,CZ,Y,lig,wholesale_revenues_mn_EUR,142.55062736805496
3568,2028-stress,CZ,Y,lig_ex,wholesale_revenues_mn_EUR,248.44101947905523
3569,2028-stress,CZ,Y,coal,wholesale_revenues_mn_EUR,0.0
3570,2028-stress,CZ,Y,coal_ex,wholesale_revenues_mn_EUR,24.50228474811144
3571,2028-stress,CZ,Y,gas_peak,wholesale_revenues_mn_EUR,14.845650994711505
3572,2028-stress,CZ,Y,lig_old,wholesale_revenues_mn_EUR,0.0
3573,2028-stress,CZ,Y,b_CHP,wholesale_revenues_mn_EUR,7.295462654029243
3574,2028-stress,CZ,Y,lig_bp,wholesale_revenues_mn_EUR,190.46586949420364
3575,2028-stress,CZ,Y,coal_bp,wholesale_revenues_mn_EUR,0.0
3576,2028-stress,CZ,Y,dsr,wholesale_revenues_mn_EUR,0.0
3577,2028-stress,CZ,Y,h_ror,wholesale_revenues_mn_EUR,110.78753180147018
3578,2028-stress,CZ,Y,h_dams,wholesale_revenues_mn_EUR,91.5185201436417
3579,2028-stress,CZ,Y,li,wholesale_revenues_mn_EUR,11.390693797956578
3580,2028-stress,CZ,Y,pump_open,wholesale_revenues_mn_EUR,68.19555565836316
3581,2028-stress,CZ,Y,pump,wholesale_revenues_mn_EUR,82.28949581988478
3582,2028-stress,CZ,Y,IMPORT_EXPORT,wholesale_revenues_mn_EUR,14.985366424009058
3583,2028-stress,CZ,S,nuclear,wholesale_revenues_mn_EUR,1016.1258743332369
3584,2028-stress,CZ,S,solar,wholesale_revenues_mn_EUR,335.07253220740034
3585,2028-stress,CZ,S,onshore,wholesale_revenues_mn_EUR,33.56394205717234
3586,2028-stress,CZ,S,waste,wholesale_revenues_mn_EUR,46.92632497508197
3587,2028-stress,CZ,S,gas_ccgt,wholesale_revenues_mn_EUR,204.26089863215833
3588,2028-stress,CZ,S,gas_chp,wholesale_revenues_mn_EUR,52.22056772033985
3589,2028-stress,CZ,S,biogas,wholesale_revenues_mn_EUR,47.66313553963213
3590,2028-stress,CZ,S,lig_sc,wholesale_revenues_mn_EUR,0.2159756900771898
3591,2028-stress,CZ,S,bio,wholesale_revenues_mn_EUR,0.0
3592,2028-stress,CZ,S,gas_eng_chp,wholesale_revenues_mn_EUR,59.826000301625
3593,2028-stress,CZ,S,lig,wholesale_revenues_mn_EUR,0.0
3594,2028-stress,CZ,S,lig_ex,wholesale_revenues_mn_EUR,82.52809067720133
3595,2028-stress,CZ,S,coal,wholesale_revenues_mn_EUR,0.0
3596,2028-stress,CZ,S,coal_ex,wholesale_revenues_mn_EUR,6.141154634201923
3597,2028-stress,CZ,S,gas_peak,wholesale_revenues_mn_EUR,0.05971445382986103
3598,2028-stress,CZ,S,lig_old,wholesale_revenues_mn_EUR,0.0
3599,2028-stress,CZ,S,b_CHP,wholesale_revenues_mn_EUR,6.72926468283489e-17
3600,2028-stress,CZ,S,lig_bp,wholesale_revenues_mn_EUR,34.49431845052527
3601,2028-stress,CZ,S,coal_bp,wholesale_revenues_mn_EUR,0.0
3602,2028-stress,CZ,S,dsr,wholesale_revenues_mn_EUR,0.0
3603,2028-stress,CZ,S,h_ror,wholesale_revenues_mn_EUR,45.31174321820818
3604,2028-stress,CZ,S,h_dams,wholesale_revenues_mn_EUR,33.78502825224583
3605,2028-stress,CZ,S,li,wholesale_revenues_mn_EUR,4.272590460874914
3606,2028-stress,CZ,S,pump_open,wholesale_revenues_mn_EUR,31.859860533894434
3607,2028-stress,CZ,S,pump,wholesale_revenues_mn_EUR,43.57036890154658
3608,2028-stress,CZ,S,IMPORT_EXPORT,wholesale_revenues_mn_EUR,0.21220289357364994
3609,2028-stress,CZ,W,nuclear,wholesale_revenues_mn_EUR,1438.4709864007789
3610,2028-stress,CZ,W,solar,wholesale_revenues_mn_EUR,197.6084798987782
3611,2028-stress,CZ,W,onshore,wholesale_revenues_mn_EUR,78.75260327313119
3612,2028-stress,CZ,W,waste,wholesale_revenues_mn_EUR,86.37065164146557
3613,2028-stress,CZ,W,gas_ccgt,wholesale_revenues_mn_EUR,313.22108850224686
3614,2028-stress,CZ,W,gas_chp,wholesale_revenues_mn_EUR,246.80372151812023
3615,2028-stress,CZ,W,biogas,wholesale_revenues_mn_EUR,105.13870053473579
3616,2028-stress,CZ,W,lig_sc,wholesale_revenues_mn_EUR,128.17803368137106
3617,2028-stress,CZ,W,bio,wholesale_revenues_mn_EUR,0.0
3618,2028-stress,CZ,W,gas_eng_chp,wholesale_revenues_mn_EUR,129.6499775590732
3619,2028-stress,CZ,W,lig,wholesale_revenues_mn_EUR,142.55062736805496
3620,2028-stress,CZ,W,lig_ex,wholesale_revenues_mn_EUR,165.9129288018539
3621,2028-stress,CZ,W,coal,wholesale_revenues_mn_EUR,0.0
3622,2028-stress,CZ,W,coal_ex,wholesale_revenues_mn_EUR,18.361130113909514
3623,2028-stress,CZ,W,gas_peak,wholesale_revenues_mn_EUR,14.785936540881645
3624,2028-stress,CZ,W,lig_old,wholesale_revenues_mn_EUR,0.0
3625,2028-stress,CZ,W,b_CHP,wholesale_revenues_mn_EUR,7.295462654029243
3626,2028-stress,CZ,W,lig_bp,wholesale_revenues_mn_EUR,155.9715510436784
3627,2028-stress,CZ,W,coal_bp,wholesale_revenues_mn_EUR,0.0
3628,2028-stress,CZ,W,dsr,wholesale_revenues_mn_EUR,0.0
3629,2028-stress,CZ,W,h_ror,wholesale_revenues_mn_EUR,65.475788583262
3630,2028-stress,CZ,W,h_dams,wholesale_revenues_mn_EUR,57.733491891395865
3631,2028-stress,CZ,W,li,wholesale_revenues_mn_EUR,7.118103337081665
3632,2028-stress,CZ,W,pump_open,wholesale_revenues_mn_EUR,36.33569512446873
3633,2028-stress,CZ,W,pump,wholesale_revenues_mn_EUR,38.71912691833821
3634,2028-stress,CZ,W,IMPORT_EXPORT,wholesale_revenues_mn_EUR,14.773163530435411
3635,2028-stress,CZ,Y,TOTAL,avg_consumer_price_EUR_per_MWh,105.10393116995678
3636,2028-stress,CZ,S,TOTAL,avg_consumer_price_EUR_per_MWh,86.56367711259465
3637,2028-stress,CZ,W,TOTAL,avg_consumer_price_EUR_per_MWh,120.93934010523844
3638,2028-stress,CZ,Y,TOTAL,avg_producer_price_EUR_per_MWh,104.11035086651918
3639,2028-stress,CZ,S,TOTAL,avg_producer_price_EUR_per_MWh,83.95166815551502
3640,2028-stress,CZ,W,TOTAL,avg_producer_price_EUR_per_MWh,121.44113425107193
3641,2028-stress,CZ,Y,nuclear,capacity_factor,0.672061160003901
3642,2028-stress,CZ,Y,solar,capacity_factor,0.12087933223887976
3643,2028-stress,CZ,Y,onshore,capacity_factor,0.26114574615308483
3644,2028-stress,CZ,Y,waste,capacity_factor,0.6666666666665818
3645,2028-stress,CZ,Y,gas_ccgt,capacity_factor,0.8812289568283689
3646,2028-stress,CZ,Y,gas_chp,capacity_factor,0.5333333333333254
3647,2028-stress,CZ,Y,biogas,capacity_factor,0.5004040655784974
3648,2028-stress,CZ,Y,lig_sc,capacity_factor,0.2337730417295824
3649,2028-stress,CZ,Y,gas_eng_chp,capacity_factor,0.5333333333333679
3650,2028-stress,CZ,Y,lig,capacity_factor,0.09775125002308852
3651,2028-stress,CZ,Y,lig_ex,capacity_factor,0.5333333333333536
3652,2028-stress,CZ,Y,coal_ex,capacity_factor,0.5333333333333644
3653,2028-stress,CZ,Y,gas_peak,capacity_factor,0.08253867361146436
3654,2028-stress,CZ,Y,b_CHP,capacity_factor,0.02439432493982337
3655,2028-stress,CZ,Y,lig_bp,capacity_factor,0.5333333333333438
3656,2028-stress,CZ,Y,h_ror,capacity_factor,0.2963183724464054
3657,2028-stress,CZ,Y,h_dams,capacity_factor,0.12445128893944603
3658,2028-stress,CZ,Y,li,capacity_factor,0.10728637228790691
3659,2028-stress,CZ,Y,pump_open,capacity_factor,0.11271252842427497
3660,2028-stress,CZ,Y,pump,capacity_factor,0.10116257352616592
3661,2028-stress,CZ,Y,TOTAL,capacity_factor,0.3099300457628593
3662,2028-stress,CZ,S,nuclear,capacity_factor,0.6514247085763767
3663,2028-stress,CZ,S,solar,capacity_factor,0.17074229055087353
3664,2028-stress,CZ,S,onshore,capacity_factor,0.18613767233277392
3665,2028-stress,CZ,S,waste,capacity_factor,0.5386107769998124
3666,2028-stress,CZ,S,gas_ccgt,capacity_factor,0.7911712443658553
3667,2028-stress,CZ,S,gas_chp,capacity_factor,0.266423488258916
3668,2028-stress,CZ,S,biogas,capacity_factor,0.3705238878509566
3669,2028-stress,CZ,S,lig_sc,capacity_factor,0.0010291189938723864
3670,2028-stress,CZ,S,gas_eng_chp,capacity_factor,0.3970949938390661
3671,2028-stress,CZ,S,lig,capacity_factor,0.0
3672,2028-stress,CZ,S,lig_ex,capacity_factor,0.48818095110753246
3673,2028-stress,CZ,S,coal_ex,capacity_factor,0.354502936689542
3674,2028-stress,CZ,S,gas_peak,capacity_factor,0.0011446886446886447
3675,2028-stress,CZ,S,b_CHP,capacity_factor,1.7455986589757456e-18
3676,2028-stress,CZ,S,lig_bp,capacity_factor,0.23844771500282447
3677,2028-stress,CZ,S,h_ror,capacity_factor,0.2884073719006038
3678,2028-stress,CZ,S,h_dams,capacity_factor,0.12844882733092347
3679,2028-stress,CZ,S,li,capacity_factor,0.09231382874704132
3680,2028-stress,CZ,S,pump_open,capacity_factor,0.14603546374881765
3681,2028-stress,CZ,S,pump,capacity_factor,0.13939841960067761
3682,2028-stress,CZ,S,TOTAL,capacity_factor,1.24312600773015
3683,2028-stress,CZ,W,nuclear,capacity_factor,0.6925848439372861
3684,2028-stress,CZ,W,solar,capacity_factor,0.07128884910891871
3685,2028-stress,CZ,W,onshore,capacity_factor,0.3357439397885852
3686,2028-stress,CZ,W,waste,capacity_factor,0.7940227973734235
3687,2028-stress,CZ,W,gas_ccgt,capacity_factor,0.9707945506435461
3688,2028-stress,CZ,W,gas_chp,capacity_factor,0.7987846546641589
3689,2028-stress,CZ,W,biogas,capacity_factor,0.6295745155588933
3690,2028-stress,CZ,W,lig_sc,capacity_factor,0.46524513975088966
3691,2028-stress,CZ,W,gas_eng_chp,capacity_factor,0.6688272010271543
3692,2028-stress,CZ,W,lig,capacity_factor,0.1949683402099853
3693,2028-stress,CZ,W,lig_ex,capacity_factor,0.5782389812300723
3694,2028-stress,CZ,W,coal_ex,capacity_factor,0.7111865146949802
3695,2028-stress,CZ,W,gas_peak,capacity_factor,0.16348788270410466
3696,2028-stress,CZ,W,b_CHP,capacity_factor,0.048655347557571206
3697,2028-stress,CZ,W,lig_bp,capacity_factor,0.826607554842385
3698,2028-stress,CZ,W,h_ror,capacity_factor,0.30418614348102796
3699,2028-stress,CZ,W,h_dams,capacity_factor,0.12047559502005321
3700,2028-stress,CZ,W,li,capacity_factor,0.12217709865095354
3701,2028-stress,CZ,W,pump_open,capacity_factor,0.07957168564248934
3702,2028-stress,CZ,W,pump,capacity_factor,0.06313566650124168
3703,2028-stress,CZ,W,TOTAL,capacity_factor,1.2363329694365426
3704,2028-stress,CZ,Y,li,capacity_factor_charging,0.009464342688978354
3705,2028-stress,CZ,Y,pump_open,capacity_factor_charging,0.15538766632192436
3706,2028-stress,CZ,Y,pump,capacity_factor_charging,0.14346599910211785
3707,2028-stress,CZ,S,li,capacity_factor_charging,0.008143012411193194
3708,2028-stress,CZ,S,pump_open,capacity_factor_charging,0.2068255036689648
3709,2028-stress,CZ,S,pump,capacity_factor_charging,0.19730866780013503
3710,2028-stress,CZ,W,li,capacity_factor_charging,0.0107784525827319
3711,2028-stress,CZ,W,pump_open,capacity_factor_charging,0.10423091005328296
3712,2028-stress,CZ,W,pump,capacity_factor_charging,0.08991755263742313
3713,2028-stress,CZ,Y,nuclear,emissions_MtCO2,0.0
3714,2028-stress,CZ,Y,solar,emissions_MtCO2,0.0
3715,2028-stress,CZ,Y,onshore,emissions_MtCO2,0.0
3716,2028-stress,CZ,Y,waste,emissions_MtCO2,0.0
3717,2028-stress,CZ,Y,gas_ccgt,emissions_MtCO2,1.8723806512735948
3718,2028-stress,CZ,Y,gas_chp,emissions_MtCO2,1.4030015999999792
3719,2028-stress,CZ,Y,biogas,emissions_MtCO2,0.0
3720,2028-stress,CZ,Y,lig_sc,emissions_MtCO2,0.8298086176019325
3721,2028-stress,CZ,Y,bio,emissions_MtCO2,0.0
3722,2028-stress,CZ,Y,gas_eng_chp,emissions_MtCO2,0.7567472000000489
3723,2028-stress,CZ,Y,lig,emissions_MtCO2,0.739227484290603
3724,2028-stress,CZ,Y,lig_ex,emissions_MtCO2,5.389992960000206
3725,2028-stress,CZ,Y,coal,emissions_MtCO2,0.0
3726,2028-stress,CZ,Y,coal_ex,emissions_MtCO2,0.45390647808002643
3727,2028-stress,CZ,Y,gas_peak,emissions_MtCO2,0.03827785381717568
3728,2028-stress,CZ,Y,lig_old,emissions_MtCO2,0.0
3729,2028-stress,CZ,Y,b_CHP,emissions_MtCO2,0.0
3730,2028-stress,CZ,Y,lig_bp,emissions_MtCO2,3.2685312000000635
3731,2028-stress,CZ,Y,coal_bp,emissions_MtCO2,0.0
3732,2028-stress,CZ,Y,dsr,emissions_MtCO2,0.0
3733,2028-stress,CZ,Y,eens,emissions_MtCO2,0.0
3734,2028-stress,CZ,Y,h_ror,emissions_MtCO2,0.0
3735,2028-stress,CZ,Y,h_dams,emissions_MtCO2,0.0
3736,2028-stress,CZ,Y,li,emissions_MtCO2,0.0
3737,2028-stress,CZ,Y,pump_open,emissions_MtCO2,0.0
3738,2028-stress,CZ,Y,pump,emissions_MtCO2,0.0
3739,2028-stress,CZ,Y,TOTAL,emissions_MtCO2,14.751874045063632
3740,2028-stress,CZ,S,nuclear,emissions_MtCO2,0.0
3741,2028-stress,CZ,S,solar,emissions_MtCO2,0.0
3742,2028-stress,CZ,S,onshore,emissions_MtCO2,0.0
3743,2028-stress,CZ,S,waste,emissions_MtCO2,0.0
3744,2028-stress,CZ,S,gas_ccgt,emissions_MtCO2,0.838213020681858
3745,2028-stress,CZ,S,gas_chp,emissions_MtCO2,0.34947046035349794
3746,2028-stress,CZ,S,biogas,emissions_MtCO2,0.0
3747,2028-stress,CZ,S,lig_sc,emissions_MtCO2,0.0018214935190104045
3748,2028-stress,CZ,S,bio,emissions_MtCO2,0.0
3749,2028-stress,CZ,S,gas_eng_chp,emissions_MtCO2,0.28094740838709736
3750,2028-stress,CZ,S,lig,emissions_MtCO2,0.0
3751,2028-stress,CZ,S,lig_ex,emissions_MtCO2,2.4600776913748876
3752,2028-stress,CZ,S,coal,emissions_MtCO2,0.0
3753,2028-stress,CZ,S,coal_ex,emissions_MtCO2,0.1504409314830906
3754,2028-stress,CZ,S,gas_peak,emissions_MtCO2,0.00026470125
3755,2028-stress,CZ,S,lig_old,emissions_MtCO2,0.0
3756,2028-stress,CZ,S,b_CHP,emissions_MtCO2,0.0
3757,2028-stress,CZ,S,lig_bp,emissions_MtCO2,0.7286611175449831
3758,2028-stress,CZ,S,coal_bp,emissions_MtCO2,0.0
3759,2028-stress,CZ,S,dsr,emissions_MtCO2,0.0
3760,2028-stress,CZ,S,eens,emissions_MtCO2,0.0
3761,2028-stress,CZ,S,h_ror,emissions_MtCO2,0.0
3762,2028-stress,CZ,S,h_dams,emissions_MtCO2,0.0
3763,2028-stress,CZ,S,li,emissions_MtCO2,0.0
3764,2028-stress,CZ,S,pump_open,emissions_MtCO2,0.0
3765,2028-stress,CZ,S,pump,emissions_MtCO2,0.0
3766,2028-stress,CZ,S,TOTAL,emissions_MtCO2,29.503748090127264
3767,2028-stress,CZ,W,nuclear,emissions_MtCO2,0.0
3768,2028-stress,CZ,W,solar,emissions_MtCO2,0.0
3769,2028-stress,CZ,W,onshore,emissions_MtCO2,0.0
3770,2028-stress,CZ,W,waste,emissions_MtCO2,0.0
3771,2028-stress,CZ,W,gas_ccgt,emissions_MtCO2,1.0341676305917364
3772,2028-stress,CZ,W,gas_chp,emissions_MtCO2,1.0535311396464813
3773,2028-stress,CZ,W,biogas,emissions_MtCO2,0.0
3774,2028-stress,CZ,W,lig_sc,emissions_MtCO2,0.8279871240829222
3775,2028-stress,CZ,W,bio,emissions_MtCO2,0.0
3776,2028-stress,CZ,W,gas_eng_chp,emissions_MtCO2,0.47579979161295155
3777,2028-stress,CZ,W,lig,emissions_MtCO2,0.739227484290603
3778,2028-stress,CZ,W,lig_ex,emissions_MtCO2,2.929915268625319
3779,2028-stress,CZ,W,coal,emissions_MtCO2,0.0
3780,2028-stress,CZ,W,coal_ex,emissions_MtCO2,0.30346554659693586
3781,2028-stress,CZ,W,gas_peak,emissions_MtCO2,0.03801315256717568
3782,2028-stress,CZ,W,lig_old,emissions_MtCO2,0.0
3783,2028-stress,CZ,W,b_CHP,emissions_MtCO2,0.0
3784,2028-stress,CZ,W,lig_bp,emissions_MtCO2,2.539870082455081
3785,2028-stress,CZ,W,coal_bp,emissions_MtCO2,0.0
3786,2028-stress,CZ,W,dsr,emissions_MtCO2,0.0
3787,2028-stress,CZ,W,eens,emissions_MtCO2,0.0
3788,2028-stress,CZ,W,h_ror,emissions_MtCO2,0.0
3789,2028-stress,CZ,W,h_dams,emissions_MtCO2,0.0
3790,2028-stress,CZ,W,li,emissions_MtCO2,0.0
3791,2028-stress,CZ,W,pump_open,emissions_MtCO2,0.0
3792,2028-stress,CZ,W,pump,emissions_MtCO2,0.0
3793,2028-stress,CZ,W,TOTAL,emissions_MtCO2,29.503748090127264
3794,2028-stress,CZ,Y,nuclear,power_share_high_value,0.9917680814012606
3795,2028-stress,CZ,Y,solar,power_share_high_value,0.9592515984294195
3796,2028-stress,CZ,Y,onshore,power_share_high_value,0.9949964438770739
3797,2028-stress,CZ,S,nuclear,power_share_high_value,0.9842762178501515
3798,2028-stress,CZ,S,solar,power_share_high_value,0.9462750211516701
3799,2028-stress,CZ,S,onshore,power_share_high_value,0.9876936503410396
3800,2028-stress,CZ,W,nuclear,power_share_high_value,0.9987761993268914
3801,2028-stress,CZ,W,solar,power_share_high_value,0.9901616660700512
3802,2028-stress,CZ,W,onshore,power_share_high_value,0.9990230153939386
3803,2028-stress,CZ,Y,nuclear,power_share_low_value,0.008111356895658053
3804,2028-stress,CZ,Y,solar,power_share_low_value,0.04013572808122401
3805,2028-stress,CZ,Y,onshore,power_share_low_value,0.004895403565905814
3806,2028-stress,CZ,S,nuclear,power_share_low_value,0.015474336795185183
3807,2028-stress,CZ,S,solar,power_share_low_value,0.05285509450543905
3808,2028-stress,CZ,S,onshore,power_share_low_value,0.012002046160374404
3809,2028-stress,CZ,W,nuclear,power_share_low_value,0.0012238006731085816
3810,2028-stress,CZ,W,solar,power_share_low_value,0.009838333929948864
3811,2028-stress,CZ,W,onshore,power_share_low_value,0.000976984606061615
3812,2028-stress,CZ,Y,nuclear,power_share_zero_value,0.00012056170308118779
3813,2028-stress,CZ,Y,solar,power_share_zero_value,0.0006126734893561453
3814,2028-stress,CZ,Y,onshore,power_share_zero_value,0.00010815255702034611
3815,2028-stress,CZ,S,nuclear,power_share_zero_value,0.00024944535466333906
3816,2028-stress,CZ,S,solar,power_share_zero_value,0.0008698843428907304
3817,2028-stress,CZ,S,onshore,power_share_zero_value,0.00030430349858583025
3818,2028-stress,CZ,W,nuclear,power_share_zero_value,0.0
3819,2028-stress,CZ,W,solar,power_share_zero_value,0.0
3820,2028-stress,CZ,W,onshore,power_share_zero_value,0.0
